,NC_021563.1|YP_008130362.1_69|61-ENDaa,NC_028695.2|YP_009191452.1_44|61-ENDaa,NC_069154.1|YP_010582687.1_36|61-ENDaa,NC_069155.1|YP_010582762.1_54|61-ENDaa,NC_073319.1|YP_010749254.1_49|61-ENDaa,NC_073320.1|YP_010749351.1_65|61-ENDaa,NC_073318.1|YP_010749190.1_57|61-ENDaa,NC_042084.1|YP_009620110.1_30|61-ENDaa,NC_073323.1|YP_010749531.1_31|61-ENDaa,NC_041897.1|YP_009597310.1_30|61-ENDaa,NC_041898.1|YP_009597361.1_30|61-ENDaa,NC_073325.1|NC_073325.1_rescuedCDS_001-rescued|61-ENDaa,NC_073315.1|YP_010748934.1_32|61-ENDaa,NC_073324.1|YP_010749628.1_48|61-ENDaa,NC_073322.1|YP_010749480.1_51|61-ENDaa,NC_048181.1|YP_009821865.1_29|61-ENDaa,NC_069156.1|NC_069156.1_rescuedCDS_001-rescued|61-ENDaa,NC_006940.2|YP_224071.2_49|61-ENDaa,NC_009232.2|YP_001110804.1_32|61-ENDaa,NC_019539.1|YP_007010485.1_32|61-ENDaa,NC_021775.1|YP_008239656.1_59|61-ENDaa,NC_021777.1|YP_008239742.1_33|61-ENDaa,NC_022752.1|YP_008767031.1_32|61-ENDaa,NC_022754.1|YP_008767202.1_31|61-ENDaa,NC_027993.1|YP_009168811.1_31|61-ENDaa,NC_027994.1|YP_009168860.1_28|61-ENDaa,NC_028698.1|YP_009191566.1_13|61-ENDaa,NC_041991.1|YP_009608586.1_31|61-ENDaa,NC_041992.1|YP_009608659.1_38|61-ENDaa,NC_069146.1|NC_069146.1_rescuedCDS_001-rescued|61-ENDaa,NC_069147.1|YP_010582173.1_4|61-ENDaa,NC_069148.1|YP_010582256.1_23|61-ENDaa,NC_069149.1|YP_010582355.1_57|61-ENDaa,NC_069150.1|YP_010582402.1_29|61-ENDaa,NC_069151.1|YP_010582462.1_30|61-ENDaa,NC_069152.1|YP_010582526.1_31|61-ENDaa,NC_069153.1|YP_010582609.1_31|61-ENDaa,NC_073169.1|YP_010745711.1_14|61-ENDaa,NC_073172.1|YP_010745936.1_50|61-ENDaa,NC_073173.1|YP_010745997.1_46|61-ENDaa,NC_073174.1|YP_010746058.1_46|61-ENDaa,NC_073175.1|YP_010746105.1_33|61-ENDaa,NC_073176.1|YP_010746163.1_32|61-ENDaa,NC_073178.1|YP_010746292.1_35|61-ENDaa,NC_073179.1|YP_010746353.1_34|61-ENDaa,NC_073181.1|YP_010746472.1_34|61-ENDaa,NC_073182.1|YP_010746529.1_33|61-ENDaa,NC_073183.1|YP_010746573.1_20|61-ENDaa,NC_073184.1|YP_010746638.1_28|61-ENDaa,NC_073185.1|YP_010746671.1_2|61-ENDaa,NC_073186.1|YP_010746740.1_28|61-ENDaa,NC_073187.1|YP_010746794.1_22|61-ENDaa,NC_073188.1|YP_010746878.1_52|61-ENDaa,NC_073189.1|YP_010746943.1_51|61-ENDaa,NC_073190.1|YP_010747008.1_54|61-ENDaa,NC_073191.1|YP_010747044.1_22|61-ENDaa,NC_073192.1|YP_010747091.1_2|61-ENDaa,NC_073193.1|YP_010747158.1_1|61-ENDaa,NC_073194.1|YP_010747278.1_59|61-ENDaa,NC_073195.1|YP_010747311.1_32|61-ENDaa,NC_073196.1|YP_010747348.1_1|61-ENDaa,NC_073197.1|YP_010747414.1_2|61-ENDaa,NC_073198.1|YP_010747527.1_55|61-ENDaa,NC_073199.1|YP_010747565.1_33|61-ENDaa,NC_073200.1|YP_010747631.1_35|61-ENDaa,NC_073201.1|YP_010747707.1_45|61-ENDaa,NC_073202.1|YP_010747776.1_51|61-ENDaa,NC_073203.1|YP_010747827.1_35|61-ENDaa,NC_073207.1|YP_010748060.1_14|61-ENDaa,NC_073208.1|YP_010748121.1_22|61-ENDaa,NC_073209.1|YP_010748158.1_2|61-ENDaa,NC_073211.1|YP_010748302.1_41|61-ENDaa,NC_073212.1|YP_010748347.1_32|61-ENDaa,NC_073213.1|YP_010748410.1_30|61-ENDaa,NC_073214.1|YP_010748485.1_42|61-ENDaa,NC_073215.1|YP_010748570.1_62|61-ENDaa,NC_073216.1|YP_010748571.1_1|61-ENDaa,NC_073217.1|YP_010748692.1_52|61-ENDaa,NC_073218.1|YP_010748753.1_42|61-ENDaa,NC_073219.1|YP_010748811.1_44|61-ENDaa,NC_073314.1|YP_010748878.1_52|61-ENDaa,NC_073316.1|YP_010749013.1_34|61-ENDaa,NC_073317.1|YP_010749088.1_32|61-ENDaa,NC_073321.1|YP_010749398.1_41|61-ENDaa,NC_093712.1|YP_011217254.1_66|61-ENDaa,NC_093713.1|YP_011217259.1_4|61-ENDaa,NC_016763.1|YP_005098157.1_61|61-ENDaa,NC_021317.1|YP_008058250.1_4|61-ENDaa,NC_023608.1|YP_009009956.1_32|61-ENDaa,NC_024204.1|YP_009035169.1_32|61-ENDaa,NC_026017.1|YP_009113179.1_32|61-ENDaa,NC_031021.1|YP_009280164.1_36|61-ENDaa,NC_031925.1|YP_009322852.1_45|61-ENDaa,NC_042065.1|YP_009617948.1_29|61-ENDaa,NC_073170.1|YP_010745798.1_34|61-ENDaa,NC_073204.1|YP_010747922.1_54|61-ENDaa,NC_073205.1|YP_010747962.1_35|61-ENDaa,NC_073206.1|YP_010748029.1_45|61-ENDaa,NC_073210.1|YP_010748234.1_19|61-ENDaa,NC_025466.1|YP_009103930.1_44|61-ENDaa,NC_025471.1|YP_009104269.1_32|61-ENDaa,NC_031918.1|YP_009322253.1_56|61-ENDaa,NC_031924.1|YP_009322784.1_71|61-ENDaa,NC_054639.1|YP_010053351.1_68|61-ENDaa,NC_054637.1|YP_010053157.1_33|61-ENDaa,NC_054640.1|YP_010053424.1_51|61-ENDaa,NC_054642.1|YP_010053568.1_35|61-ENDaa,NC_054644.1|YP_010053744.1_61|61-ENDaa,NC_054645.1|YP_010053774.1_9|61-ENDaa,NC_054646.1|YP_010053895.1_43|61-ENDaa,NC_054647.1|YP_010053947.1_12|61-ENDaa,NC_054648.1|YP_010054086.1_66|61-ENDaa,NC_054649.1|YP_010054109.1_1|61-ENDaa,NC_054650.1|YP_010054216.1_20|61-ENDaa,NC_054651.1|YP_010054278.1_3|61-ENDaa,NC_070846.1|YP_010657373.1_6|61-ENDaa,NC_071144.1|NC_071144.1_rescuedCDS_001-rescued|61-ENDaa,NC_071145.1|YP_010685201.1_21|61-ENDaa,NC_010495.1|YP_001742077.1_40|61-ENDaa,NC_021534.1|YP_008126228.1_64|61-ENDaa,NC_042037.1|YP_009614662.1_66|61-ENDaa,NC_054638.1|YP_010053264.1_54|61-ENDaa,NC_054641.1|YP_010053506.1_58|61-ENDaa,NC_054643.1|NC_054643.1_rescuedCDS_001-rescued|61-ENDaa,NC_054652.1|YP_010054359.1_8|61-ENDaa,NC_054653.1|YP_010054425.1_10|61-ENDaa,NC_054654.1|YP_010054546.1_53|61-ENDaa,NC_071142.1|YP_010684979.1_56|61-ENDaa,NC_071143.1|YP_010685010.1_7|61-ENDaa,NC_071146.1|YP_010685299.1_41|61-ENDaa,NC_071147.1|YP_010685343.1_5|61-ENDaa,NC_071148.1|YP_010685463.1_47|61-ENDaa,NC_071149.1|YP_010685565.1_71|61-ENDaa,NC_071150.1|YP_010685651.1_73|61-ENDaa,NC_071151.1|YP_010685723.1_61|61-ENDaa,NC_071152.1|YP_010685767.1_34|61-ENDaa,NC_071153.1|YP_010685872.1_61|61-ENDaa,NC_071154.1|YP_010685913.1_19|61-ENDaa,NC_071155.1|YP_010686028.1_56|61-ENDaa,NC_071156.1|YP_010686111.1_60|61-ENDaa,NC_071157.1|YP_010686186.1_55|61-ENDaa,NC_054636.1|YP_010053057.1_13|61-ENDaa,NC_048198.1|YP_009824051.1_21|61-ENDaa,NC_019927.1|YP_007237576.1_2|61-ENDaa,NC_071003.1|YP_010675373.1_25|61-ENDaa,NC_070824.1|NC_070824.1_rescuedCDS_001-rescued|61-ENDaa,NC_028819.1|YP_009200196.1_10|61-ENDaa,NC_070822.1|YP_010655183.1_19|61-ENDaa,NC_002484.2|NP_061523.1_26|61-ENDaa,NC_016765.1|YP_005098229.1_26|61-ENDaa,NC_011373.1|YP_002284357.1_23|61-ENDaa,NC_029066.1|YP_009222847.1_77|61-ENDaa,NC_030929.1|YP_009275526.1_39|61-ENDaa,NC_016762.1|YP_005098088.1_61|61-ENDaa,NC_074663.1|YP_010773403.1_13|61-ENDaa,NC_074664.1|YP_010773486.1_18|61-ENDaa,NC_030909.1|YP_009273700.1_18|61-ENDaa,NC_041925.1|YP_009600629.1_47|61-ENDaa,NC_025443.1|YP_009101225.1_55|61-ENDaa,NC_042062.1|YP_009617884.1_55|61-ENDaa,NC_047786.1|YP_009787825.1_51|61-ENDaa,NC_071011.1|YP_010676313.1_56|61-ENDaa,NC_070772.1|YP_010649714.1_27|61-ENDaa,NC_031098.1|YP_009289769.1_30|61-ENDaa,NC_073031.1|YP_010738745.1_18|61-ENDaa
NC_021563.1|YP_008130362.1_69|61-ENDaa,100,36.761905,27.425373,36.727273,29.037801,30.782918,29.432014,30.925926,30.093458,32.179931,32.352941,29.022082,30.508475,29.906542,26.37931,26.955075,35.368043,29.173989,28.371278,30.560579,30.136986,29.856115,28.070175,29.349736,31.114551,31.825273,28.545781,30.357143,28.909091,32.869565,30.656934,31.777379,31.372549,31.777379,31.194296,30.922242,26.923077,30.481283,30.879713,29.590018,29.569892,29.390681,28.62254,30.659537,29.003559,29.173989,29.173989,31.071429,28.747795,31.521739,29.874776,29.609929,30.714286,29.528986,31.283906,30.797101,30.978261,30.32491,30.74141,30.195382,34.739454,29.876977,29.62298,28.672566,30.490018,29.525483,29.100529,28.877005,30.782918,28.318584,28.571429,30.427046,29.049296,30.481283,29.349736,29.837251,30.714286,29.874776,29.62963,29.100529,26.30719,27.317881,26.809211,26.438849,34.533552,32.339089,28.924162,31.521739,30.922242,30.560579,27.915194,31.521739,31.386861,29.557522,29.525483,29.159213,30.782918,31.393298,28.646749,26.883562,24.319066,28.725314,26.592357,30.885122,28.641571,28.597122,31.548757,28.810409,31.931166,30.783939,26.631393,27.321429,24.915254,26.05042,28.804348,25.806452,28.846154,26.218487,27.318718,26.537786,26.537786,26.98145,26.455026,32.122371,21.939587,23.786408,22.660099,29.623288,28.273245,25.818182,24.826389,24.826389,26.929392,26.929392,27.422003,29.658385,23.489933,22.964169,25.207297,26.929392,29.320988,25.911708,29.606625,27.225131,25.70922,30.89701,27.422003,25.138632,25.255973,25.29511,24.014337,24.070796,25.490196,25.042017,25.795053,29.067245,25.985663,25,24.137931,28.571429,29.026217,25.694444,24.617997,25.727069,30.930931
NC_028695.2|YP_009191452.1_44|61-ENDaa,36.761905,100,27.946768,34.132841,27.777778,31.135531,33.029197,29.422719,30.206379,34.357006,33.973129,30.795262,32.432432,30.018762,29.090909,30.381944,36.49635,28.888889,29.074074,28.723404,28.125,30.555556,28.648649,28.942486,33.500838,32.38255,28.519856,28.241563,27.787934,31.171171,29.347826,29.528986,29.528986,29.710145,29.347826,33.333333,28.599606,29.189189,29.189189,29.475588,29.061372,28.828829,29.078014,28.900709,28.546099,28.241563,28.241563,29.21147,29.347826,29.516995,28.877005,29.46593,28.649635,28.856624,28.33935,29.338104,29.516995,28.676471,29.516995,28.853047,34.005038,28.519856,28.673835,28.648649,29.061372,28.880866,28.288288,29.87013,29.166667,28.136201,29.323308,29.044118,28.288288,29.54955,29.009009,28.648649,28.33638,29.411765,28.241563,28.596803,30.99631,30.530165,31.471136,30.350195,33.389262,32.996633,29.595588,29.516995,28.900709,28.723404,27.289048,29.516995,29.061372,28.928571,28.108108,29.067642,29.166667,30.895795,28.390597,28.063943,27.650728,27.440147,27.444254,25.378788,25.396825,26.159555,25,24.538745,26.443203,25,27.651515,26.415094,34.375,29.272727,29.511278,29.142857,31.967213,28.181818,26.325088,24.548736,24.548736,24.911661,27.204503,26.285714,27.046263,26.408451,25.311943,25.694444,26.266417,24.067164,27.324478,27.324478,29.695886,29.695886,28.571429,30.420168,25.659051,25.483304,28.985507,28.571429,29.284526,29.979036,27.114967,26.032316,30.576923,29.530201,28.31216,26.771654,27.486438,27.818182,29.032258,28.785047,29.433962,28.233151,27.87194,28.358209,26.204239,25.846702,24.452555,30.604288,27.631579,25.729927,24.60177,27.868852,30.21148
NC_069154.1|YP_010582687.1_36|61-ENDaa,27.425373,27.946768,100,30.666667,27.169811,28.046422,27.205882,29.906542,30.018762,30.769231,31.081081,31.016043,28.888889,29.831144,31.132075,33.879781,32.677165,29.076621,27.938343,28.076923,30.081301,27.586207,27.586207,27.606178,32.417582,29.20354,27.011494,28.740157,27.111984,28.571429,27.099237,27.413127,27.413127,27.413127,27.724665,26.094891,31.124498,29.492188,26.768642,26.436782,27.659574,27.659574,29.069767,27.466151,27.466151,27.184466,27.184466,30.980392,28.185328,28.00789,28.880157,29.076621,29.377432,27.165354,29.514563,27.416174,26.601942,26.796117,27.745665,29.549902,30.886076,27.466151,29.296875,26.145038,27.852998,27.466151,28.740157,27.290076,28.076923,28.796844,28.853755,28.880157,29.249012,30.980392,26.959847,27.466151,29.076621,29.320388,26.717557,27.184466,32.156134,31.97026,30.868762,31.349206,30.535714,30.70018,29.076621,28.00789,28.40691,28.076923,26.499033,28.00789,27.079304,28.737864,28.046422,24.761905,27.342256,28,29.191321,28.464419,25.150905,26.666667,29.520295,29.896907,28.856624,25.825243,28.542094,28.336756,28.425358,27.935223,28.11245,28.063241,26.226415,26.235741,25.52381,24.521073,31.179775,24.640288,23.913043,26.32613,26.32613,24.814815,27.710843,28.893443,25.402504,23.297491,23.185841,26.741996,28.149606,28.793774,30.737705,30.737705,31.040892,31.040892,31.412639,32.570423,28.813559,23.741007,29.906542,30.855019,33.450704,27.68595,25.518672,28.571429,26.893939,31.023102,28.358209,26.27451,26.375712,25.996205,28.709056,25.464684,30.425963,25.37037,32.44898,27.096774,29.239766,26.454034,25.153374,25.148515,30.443548,27.203065,27.165354,23.423423,27.743902
NC_069155.1|YP_010582762.1_54|61-ENDaa,36.727273,34.132841,30.666667,100,29.831144,32.156134,31.777379,31.086142,30.393996,28.130672,28.130672,28.888889,27.476636,30.669145,31.071429,30.560272,44.663383,32.085561,31.956912,31.654676,34.607219,33.272395,29.946524,31.654676,32.601351,31.578947,31.578947,30.879713,30.601093,32.638889,30.990991,30.198915,30.198915,30.74141,30.45045,31.891892,36.521739,28.873239,32.653061,31.098696,31.597846,31.777379,30.434783,33.395176,33.395176,31.418312,31.238779,30.341113,30.46595,30.535714,31.956912,31.238779,31.294964,32.956685,31.238779,32.777778,31.418312,30.330882,31.238779,30.341113,36.22449,31.294964,31.971581,30.40293,31.654676,31.654676,31.059246,29.541284,30.685921,31.777379,32.437276,31.597846,31.597846,31.059246,31.777379,31.238779,31.47482,31.597846,31.397459,31.777379,30.141844,29.964539,30.935252,27.695167,32.323232,31.418919,31.597846,30.535714,31.654676,31.654676,30.109489,30.535714,31.238779,30.645161,31.956912,32.69962,30.797101,30.685921,31.13879,24.14966,27.593361,27.205882,28.816467,25.800377,27.692308,28.571429,27.067669,27.222222,27.358491,27.52809,26.325411,27.071823,28.33935,29.323308,27.238095,30.434783,30.110497,27.256637,26.666667,24.911661,24.911661,26.943942,25.966851,27.631579,26.428571,26.666667,26.820604,26.094276,25.650558,27.756654,24.113475,24.113475,27.288732,27.288732,27.288732,28.618968,27.158273,26.010545,28.291815,27.288732,30.756303,27.108434,28.450106,24.37276,26.752768,30.033003,30.107527,25.146199,28.209765,28.028933,27.809524,26.909091,30.44316,30.912477,28.875969,26.778243,25.800377,26.964286,29.571984,32.793522,27.767695,23.853211,26.12782,27.713626,26.946108
NC_073319.1|YP_010749254.1_49|61-ENDaa,29.037801,27.777778,27.169811,29.831144,100,29.601518,30.604982,26.401447,28.492647,27.487352,25.833333,27.769111,26.607143,29.664179,28.495575,27.317073,31.578947,27.708703,27.865961,28.063943,31.440162,26.760563,27.886323,27.464789,29.746835,30.794702,27.433628,25.531915,27.5,28.793103,28.028933,26.315789,26.315789,25.396825,26.449275,28.807339,28.137652,25.978648,27.787611,27.422303,27.640845,26.748252,27.256637,28.141593,27.964602,26.77305,27.12766,27.949183,27.208481,26.816609,25.263158,28.774423,27.385159,27.45098,28.723404,27.036395,27.256944,25.735294,29.026549,25.800712,28.358209,27.079646,25.886525,26.545455,26.80776,27.079646,26.855124,26.508227,26.88172,24.956672,26.950355,29.21147,27.513228,26.315789,27.402135,27.54386,26.631393,27.256944,26.725664,27.12766,25.969646,29.545455,27.086882,26.530612,29.133858,29.890454,28.774423,26.816609,27.610619,28.063943,26.086957,26.816609,27.689594,27.240773,27.689594,26.306306,25.905797,26.88172,27.807487,28.156997,22.718808,26.086957,28.938907,31.931166,30.615641,26.725664,29.775281,29.294756,29.113924,28.028933,27.827648,26.110124,27.857143,27.003484,28.280961,26.642336,31.818182,25,28.213689,23.570191,23.570191,26.530612,27.827648,30.018762,24.630542,25.816993,26.315789,28.336079,24.028269,29.345794,26.383764,26.383764,25.040388,24.878837,25.570033,29.641186,25.542571,28.737542,26.711185,25.490196,29.329173,32.317073,29.218107,27.55102,28.390597,32.890365,29.794521,26.062847,26.279863,25.85034,27.370304,28.520499,28.214286,25.214408,28.23741,29.72973,27.272727,25.513699,25.818182,27.272727,24.823944,23.684211,25.811966,26.174497,28.134557
NC_073320.1|YP_010749351.1_65|61-ENDaa,30.782918,31.135531,28.046422,32.156134,29.601518,100,29.411765,27.655678,28.67784,30,30.185185,32.574431,27.889908,28.67784,32.402235,29.928315,29.528986,28.54512,28.703704,28.176796,25.433526,27.321429,27.757353,29.46593,30.915371,32.871972,28.518519,28.492647,27.272727,29.380531,29.511278,28.971963,28.971963,29.345794,29.323308,25.493716,31.884058,27.868852,28.125,29.962547,28.360958,28.54512,29.067642,28.153565,27.97075,28.492647,28.492647,28.308824,28.518519,29.62963,28.703704,29.259259,27.536232,27.272727,28.153565,27.787934,27.624309,28.816794,28.125,28.308824,31.719128,28.057554,29.499072,29.477612,29.444444,27.697842,28.33638,30.263158,27.827648,27.737226,27.636364,28.990826,27.717391,27.868852,27.090909,29.067642,28,26.702509,28.125,28.860294,27.943761,28.035714,29.520295,28.756957,31.903945,34.205934,28.33638,29.62963,27.573529,28.176796,29.357798,29.62963,27.808471,28.233151,28.438662,29.906542,29.323308,28.028933,29.390018,25.846702,27.824268,25.325885,29.809359,28.060264,29.379562,25.703565,27.756654,27.255639,26.93032,27.169811,26.335175,25.703565,28.776978,23.963964,28.598131,27.552987,31.652661,26.902655,24.910394,27.819549,27.819549,25.858951,26.151013,27.54717,23.05026,24.035088,22.984563,25.524476,25.482625,25.910931,25.884544,25.884544,27.240773,26.842105,27.017544,30.89983,27.106227,24.035088,28.264758,27.240773,29.74359,29.411765,28.008299,25.316456,28.871893,33.887043,26.795096,28.513238,27.106227,28.492647,27.389706,25.364964,26.916221,26.365348,27.592593,30.10989,29.239766,27.509294,26.806084,29.824561,30.501931,27.027027,25.912409,27.578475,31.024096
NC_073318.1|YP_010749190.1_57|61-ENDaa,29.432014,33.029197,27.205882,31.777379,30.604982,29.411765,100,30.586081,30.952381,28.888889,28.449744,27.44186,31.25,30.656934,27.304348,28.780488,32.85968,33.577982,32.051282,33.639706,24.098672,33.211009,33.090909,31.792976,28.769231,28.861154,31.215971,33.826248,30.570902,32.521739,29.6875,29.790941,29.965157,30.313589,29.340278,31.130435,30.501931,32.467532,32.541133,29.136691,31.941924,31.760436,32.246377,31.992687,31.992687,34.011091,33.826248,31.25,33.699634,32.058288,32.123412,33.395176,32.240437,30.939227,31.261426,31.397459,30.490018,28.798587,31.51184,31.25,37.121212,31.675875,32.293578,29.151943,32.058288,32.044199,33.150183,27.886323,33.888889,31.809872,33.148148,33.701657,33.888889,32.83859,31.868132,31.876138,32.422587,31.941924,33.641405,34.259259,27.914614,28.032787,27.361564,26.76311,28.527132,28.769231,33.148148,32.058288,33.333333,33.639706,28.825623,32.058288,31.034483,33.456562,34.195933,32.200358,29.442509,32.481752,32.780847,24.496644,24.712644,26.654741,29.570747,26.889279,29.579832,30.38674,28.218695,27.288732,26.923077,28.042328,26.211849,30.018762,29.636049,25.124792,28.597786,29.487179,32.212885,24.615385,27.427598,25.228519,25.228519,27.478261,26.211849,27.256637,28.83959,25.93801,26.633987,26.415094,22.641509,23.633157,27.476636,27.476636,24.83871,24.83871,24.677419,28.330781,26.554622,26.101142,27.334465,25.121556,28.790199,30.339321,29.184549,28.62069,25.65445,34.333333,26.916803,25.359712,29.809359,29.636049,29.143898,26.169844,26.701571,29.681979,26.713533,27.329193,24.647887,22.651007,27.787934,29.844961,28.085868,23.809524,24.032258,26.923077,31.17284
NC_042084.1|YP_009620110.1_30|61-ENDaa,30.925926,29.422719,29.906542,31.086142,26.401447,27.655678,30.586081,100,95.673877,28.063943,27.886323,36.700337,69.449082,96.006656,34.845735,31.914894,29.135338,31.836735,29.239766,32.121212,32.046332,31.034483,31.771894,31.075697,29.461279,29.362416,31.376518,30.664063,30.165289,29.569892,28.813559,28.358209,29.056604,28.731343,27.746741,25.650558,32.064128,30.859375,30.46875,27.54717,31.568228,31.568228,29.961089,30.291262,30.291262,30.664063,30.664063,30.859375,31.376518,31.97556,31.771894,31.160896,31.632653,31.469979,30.753564,31.97556,30.95723,27.724665,31.568228,31.25,30.102041,31.137725,30.604288,27.651515,30.938124,31.536926,30.664063,27.54717,29.320388,30.919765,32.206759,29.094412,30.273438,32.206759,28.543689,31.771894,31.771894,31.771894,30.46875,30.679612,36.120996,36.071429,36.412078,33.270321,30.13468,29.679595,31.568228,31.97556,31.578947,32.121212,26.959847,31.97556,31.160896,31.809145,29.296875,28.737864,28.248588,29.320388,30.693069,28.181818,23.565574,26.386233,26.064736,27.184466,28.245614,27.254902,25.71977,25.478927,29.70297,24.427481,25.996205,29.330709,26.519337,24.729242,28.383459,25.046382,29.201102,26.344086,27.737226,24.954792,24.954792,27.272727,25.426945,25.818882,27.140255,24.542125,25.225225,28.62069,25.968992,23.431734,26.383764,26.383764,30,30,30.178571,33.333333,24.691358,24.908425,28.051002,29.821429,31.911263,28.719008,25.265393,27.340824,27.079304,27.516779,27.670753,24.334601,25.35461,24.866785,25.782689,28.186715,26.071429,24.551971,27.305606,30.263158,22.5,29.549902,25.140713,27.255278,23.090909,27.272727,28.073394,28.066038,30.33033
NC_073323.1|YP_010749531.1_31|61-ENDaa,30.093458,30.206379,30.018762,30.393996,28.492647,28.67784,30.952381,95.673877,100,28.063943,27.886323,35.314092,68.614357,99.001664,32.68206,32.50444,30.451128,32.741617,32.213439,33.530572,31.538462,32.99389,31.124498,31.445313,29.541596,29.222973,27.932961,31.558185,30.408163,29.768271,31.702544,30.754352,31.506849,31.141199,30.560928,25.420561,32.6,30.46875,32.66129,28.131021,31.790744,31.790744,29.865125,32.459677,32.459677,31.558185,31.558185,32.871287,31.25,31.526104,33.201581,31.38833,31.854839,31.069959,30.985915,32.193159,31.187123,30.616302,31.790744,32.34714,31.29771,30.79922,32.621359,27.884615,30.604288,31.189084,30.7393,28.51711,30.367505,33.003953,33.667335,33.935743,34.063745,33.531746,28.790787,31.991952,33.134921,31.991952,33.2,32.604374,35.357143,35,35.753176,32.580038,30.050934,29.881154,31.790744,31.526104,31.589537,33.530572,27.54717,31.526104,31.38833,31.944444,29.287091,27.680312,31.11546,29.961832,32.335329,28.856624,24.273859,28.968254,27.351916,27.131783,27.368421,28.910891,25.43021,25.71977,29.38856,24.571429,25.996205,31.653226,27.78828,24.548736,29.924242,25.471698,28.415301,26.702509,28.04428,26.111111,26.111111,27.387387,25.426945,25.335893,25.945946,24.587156,24.865832,26.62116,25.855513,26.375712,27.61194,27.61194,28.896673,28.896673,28.745645,32.931034,24.381625,25.411335,29.704797,28.849558,31.856899,28.659794,27.078891,25.836431,27.713178,31.208054,27.288428,22.574627,25.177305,24.691358,25,26.373626,27.322404,24.377224,27.486438,31.877729,23.476703,27.758007,24.521073,27.326733,23.431734,25.621415,27.522936,28.735632,33.13253
NC_041897.1|YP_009597310.1_30|61-ENDaa,32.179931,34.357006,30.769231,28.130672,27.487352,30,28.888889,28.063943,28.063943,100,99.092284,26.153846,27.629234,28.063943,29.928315,28.521739,32.363636,27.027027,28.136201,26.929982,29.958678,29.097606,26.47585,27.857143,27.78626,26.412214,28.108108,27.289048,26.846847,27.170418,25.932504,27.708703,27.708703,28.063943,28.23741,31.307551,29.126214,27.191413,27.109515,26.344086,26.998224,27.468582,28.62254,27.289048,27.240143,27.289048,27.109515,26.978417,28.366248,26.868327,28.214286,27.191413,27.949183,26.401447,26.833631,26.164875,26.071429,27.207207,26.344086,26.929982,31.707317,27.678571,26.690391,26.785714,27.433628,27.857143,26.523297,25.088339,25.352113,28.163993,27.321429,27.580071,26.391382,26.833631,28.33935,27.142857,27.240143,26.998224,28.007181,27.289048,30.24055,28.888889,29.74359,25.35461,27.300613,28.34891,27.060932,26.868327,26.642984,26.929982,25.618375,26.868327,26.595745,28.007181,27.468582,26.902655,27.353464,25.176056,27.531083,28.960818,28.513238,26.449275,24.437299,25.59415,26.80067,25.362319,26.306306,26.428571,25.932504,25.044723,24.464286,24.456522,27.209705,28.070175,27.504554,27.902622,29.255319,25.344828,23.580034,23.465704,23.465704,27.777778,25.090253,25.44484,25.04065,24.677419,25.281804,25.914149,23.875433,29.038113,23.076923,23.076923,25.328947,25.328947,25.328947,31.182796,24.42623,24.83871,26.306914,23.387097,30.627871,27.346939,31.779661,24.482759,25.724638,35.172414,24.473258,28.756957,27.938671,28.13036,25.668449,26.527051,27.97075,28.975265,27.787934,28.418803,25.68306,23.793677,24.309392,28.571429,27.838828,25.309735,24.744027,25.055432,30.513595
NC_041898.1|YP_009597361.1_30|61-ENDaa,32.352941,33.973129,31.081081,28.130672,25.833333,30.185185,28.449744,27.886323,27.886323,99.092284,100,26.365055,27.272727,27.886323,29.749104,28.695652,31.884058,27.767695,28.442029,27.617329,30.578512,28.702011,26.523297,27.857143,28.482972,27.244582,28.702011,27.338129,27.422303,27.580645,25.932504,28.085868,28.571429,28.443649,28.623188,31.97026,29.514563,27.598566,27.305606,26.173285,27.567568,28.051002,28.494624,27.486438,27.617329,27.338129,27.158273,27.289048,28.725314,27.797834,28.442029,28.545455,26.795096,26.134301,27.697842,26.296959,26.642984,28.073394,27.207207,27.240143,31.407035,28.035714,27.109515,27.256318,27.433628,27.857143,26.702509,25.088339,25.176056,27.629234,27.370304,27.935943,26.438849,26.88172,28.33935,27.158273,27.124774,27.567568,28.057554,27.338129,30.068729,28.717949,29.57265,28.051002,29.166667,28.75,27.949183,27.797834,26.523297,27.617329,25.971731,27.797834,26.607143,28.057554,27.827648,27.370304,27.728086,25.176056,27.531083,26.837607,28.600406,26.449275,24.276527,24.424779,27.124183,25.408348,26.126126,26.25,25.754885,24.865832,25,24.500907,27.586207,27.719298,27.140255,27.605119,29.971989,26.929674,23.29932,23.809524,23.809524,27.592593,25.631769,25.266904,25.04065,24.798712,25.281804,27.652733,23.875433,28.856624,22.735043,22.735043,25.864909,25.822368,25.822368,30.721966,24.42623,25.040388,26.475548,23.909532,30.168453,27.142857,31.779661,24.652778,25.543478,33.445946,24.635332,29.477612,28.547009,28.743546,25.311943,26.93662,27.404719,27.835052,28,27.991453,25.500911,24.132231,24.493554,28.435115,26.618705,26.411658,24.744027,25.055432,30.03003
NC_073325.1|NC_073325.1_rescuedCDS_001-rescued|61-ENDaa,29.022082,30.795262,31.016043,28.888889,27.769111,32.574431,27.44186,36.700337,35.314092,26.153846,26.365055,100,34.338358,36.195286,34.85342,31.034483,31.543624,31.735537,30.541872,30.541872,34.686347,31.177446,31.735537,30.016313,94.015234,93.253536,31.07438,30.884808,29.848229,29.446936,28.289474,28.289474,28.453947,28.289474,28.099174,30.514096,32.075472,32.197615,30.541872,27.104377,31.25,31.034483,30.653266,30.114566,30.114566,31.103679,31.103679,30.508475,31.353135,30.578512,31.301483,31.291391,31.848185,30.354132,31.456954,31.490787,31.764706,27.666667,31.788079,29.765886,34.739454,30.213465,32.1489,29.07563,30.541872,30.541872,30.833333,27.777778,29.111842,31.735537,31.570248,31.456954,31.466227,32.98791,31.343284,31.136738,31.622517,31.125828,31.772575,30.936455,36.443149,36.666667,36.950147,30.463576,93.36235,94.015234,31.788079,30.578512,31.518152,30.541872,28.691275,30.578512,31.578947,30.449251,31.795717,27.5,28.289474,30.369128,30.477759,27.538462,28.51711,30.050083,51.008969,28.026534,25.546448,32.491582,28.691275,27.54591,29.026846,28.355705,29.91453,32.367973,25.856698,30.745342,28.475712,24.705882,32.8125,22.976879,29.312977,26.77686,26.77686,29.366306,29.74359,28.52349,23.955432,24.859551,23.876404,26.933702,25.46875,23.895254,29.497569,29.497569,27.092199,26.760563,26.760563,27.536232,25.679758,25.96291,25.181951,27.092199,27.616927,30,33.932136,29.948365,28.209459,34.313725,26.216216,30.981067,26,26.226994,28.040541,26.025237,28.548124,26.339969,25.077882,32.622601,27.813505,23.485968,27.054795,30.054645,28.855721,24.960998,26.756353,31.07221,34.52381
NC_073315.1|YP_010748934.1_32|61-ENDaa,30.508475,32.432432,28.888889,27.476636,26.607143,27.889908,31.25,69.449082,68.614357,27.629234,27.272727,34.338358,100,68.447412,33.641405,32.007233,27.090909,28.409091,26.443203,28.301887,31.081081,28.273245,27.28972,26.208178,26.929674,28.644068,27.158273,29.580153,27.394636,26.654741,28.922495,29.111531,29.111531,29.111531,28.922495,27.715356,30.255403,27.683616,29.562044,29.924242,28.490566,28.301887,27.340824,28.383459,28.383459,28.462998,29.389313,29.19708,27.39212,27.924528,27.599244,28.113208,28.544423,28.16092,28.113208,28.490566,27.322404,28.598848,28.867925,29.272727,30.102041,27.306968,27.683616,29.222011,27.683616,27.683616,29.580153,29.678639,29.222011,28.301887,28.787879,27.188082,28.909091,28.060264,27.238095,28.490566,28.625235,28.301887,29.056604,28.787879,33.449477,35.427574,34.205934,32.824427,29.812606,29.27242,31.299213,27.924528,28.301887,28.301887,29.063098,27.924528,27.504554,28.383459,27.495292,30.01912,29.111531,28.952381,26.530612,25.357143,24.279835,26.679463,27.66323,27.428571,24.869565,25.381679,26.499033,27.724665,26.112186,26.499033,27.447217,23.684211,25.454545,27.32342,26.628352,28.219697,31.830986,27.422303,28.037383,28.846154,28.846154,25.325885,27.447217,27.047619,25.724638,25.396825,25.394046,26.395939,25.32833,25.37037,24.358974,24.358974,28.113879,28.113879,28.647687,32.53833,27.737226,25.217391,29.050279,28.113879,32.879046,27.90224,27.586207,27.443609,27.151052,30.272109,27.964602,29.713115,22.36136,23.255814,23.06338,25.504587,26.654064,25.27881,25.37594,27.489177,24.858757,26.432532,26.553672,29.051383,24.080882,26.335878,23.758865,24.115044,29.003021
NC_073324.1|YP_010749628.1_48|61-ENDaa,29.906542,30.018762,29.831144,30.669145,29.664179,28.67784,30.656934,96.006656,99.001664,28.063943,27.886323,36.195286,68.447412,100,32.740214,31.468531,28.651685,32.056452,29.479769,33.136095,31.923077,32.790224,31.589537,31.054688,29.79798,29.648241,28.119181,31.702544,30.408163,29.946524,31.506849,30.560928,31.311155,30.947776,30.367505,25.233645,32.4,30.620155,32.862903,27.639155,31.790744,31.790744,30.11583,32.66129,32.66129,31.702544,31.702544,30.426357,31.790744,31.790744,33.061224,31.38833,31.854839,31.697342,30.985915,32.193159,27.188082,30.417495,31.790744,30.813953,30.126582,31.11546,30.813953,27.186312,30.919765,31.506849,30.888031,27.809524,30.174081,32.608696,33.466934,30.291262,31.322957,30.620155,28.957529,31.991952,31.991952,31.991952,29.887218,32.741617,35.535714,34.519573,35.106383,32.015066,30.47138,29.510961,31.790744,31.790744,31.790744,33.136095,26.425856,31.790744,31.38833,32.086614,29.53668,26.226415,30.919765,29.770992,31.936128,28.804348,24.223602,28.769841,25.680272,26.937984,27.368421,27.431907,25.43021,25.71977,29.083665,24.571429,25.237192,29.076621,27.410208,25.68306,29.827916,24.90566,28.415301,26.344086,28.228782,27.61194,27.61194,27.747748,24.667932,25.335893,26.714801,25.321101,25.68306,27.226027,24.807692,26.275992,27.238806,27.238806,28.54641,28.54641,28.721541,32.590051,24.028269,26.007326,28.051002,29.821429,32.075472,28.305785,25.751073,23.339318,29.2,27.181208,24.697755,22.836096,25.35461,24.867725,25.830258,26.937269,28.705441,24.55516,28.49162,30.853392,22.898032,27.648115,24.662813,28.313253,23.333333,26.305609,26.325411,28.275862,30.33033
NC_073322.1|YP_010749480.1_51|61-ENDaa,26.37931,29.090909,31.132075,31.071429,28.495575,32.402235,27.304348,34.845735,32.68206,29.928315,29.749104,34.85342,33.641405,32.740214,100,32.399299,28.804348,26.055046,24.204947,25.497288,31.021195,25,25.504587,26.238532,27.552674,26.256078,25.137615,25.688073,24.767225,27.017544,27.472527,27.289377,27.106227,27.472527,27.289377,26.902655,32.604374,29.657795,27.663551,29.511278,25.87156,23.674912,24.144144,26.055046,26.055046,26.383764,26.383764,26.055046,27.663551,23.571429,23.561151,23.321555,26.055046,25.842697,25.091575,26.568266,25.321101,26.579926,25.87156,26.055046,29.382716,25.321101,27.239488,28.598131,28.10219,25.688073,25.688073,29.867675,26.029963,24.236984,26.220615,23.633157,26.788991,30.228137,24.028269,26.055046,25.405405,23.85159,26.383764,26.568266,29.934211,30.333333,29.401993,31.284916,26.829268,29.064039,25.274725,23.571429,26.915888,25.497288,28.007519,23.571429,25.504587,27.52809,26.752768,27.932961,26.666667,26.029963,23.076923,27.574171,28.131417,24.719101,26.442308,27.134725,25.084746,24.859813,25.988701,24.531835,26.177024,26.177024,25.884544,22.568807,26.815642,27.807487,25.137615,26.908397,32.681564,26.850258,23.102867,23.130435,23.130435,28.051002,26.070764,25.287356,27.777778,27.508651,27.586207,29.598662,26.142596,26.545455,26.186292,26.186292,28.52292,28.52292,28.305085,31.129032,25.388601,27.288428,26.909722,28.474576,32.263242,29.471545,26.611227,28.756957,26.181818,33.673469,29.865772,27.5,24.701874,24.486301,27.787934,26.017699,28.867925,24.745763,29.356061,30.537634,22.992701,27.854671,27.220077,26.730769,28.893058,24.041812,24.061433,29.166667,31.927711
NC_048181.1|YP_009821865.1_29|61-ENDaa,26.955075,30.381944,33.879781,30.560272,27.317073,29.928315,28.780488,31.914894,32.50444,28.521739,28.695652,31.034483,32.007233,31.468531,32.399299,100,28.881469,28.774423,30.683919,29.032258,32.580038,27.886323,28.085868,31.501832,29.339478,27.365357,27.387387,28.241563,27.22323,28.956229,30.28169,29.525483,29.525483,29.876977,28.998243,31.992687,33.076923,28.085868,29.475588,27.586207,28.085868,28.673835,30.286738,29.21147,29.390681,28.063943,27.886323,28.801431,29.359431,27.164686,28.494624,28.673835,26.767677,26.333907,28.520499,26.994907,26.994907,28.342246,27.164686,28.801431,33.333333,29.768271,27.531083,27.777778,30.16158,30.124777,29.129663,27.787307,30.24911,27.370304,27.12766,28.545781,28.241563,28.443649,28.264758,29.927007,29.084381,28.673835,28.241563,28.241563,29.073482,29.179811,27.272727,34.302326,29.242424,29.090909,29.055258,27.164686,27.210884,29.032258,26.116838,27.164686,27.906977,29.129663,28.419183,26.909722,28.998243,30.24911,27.336861,26.923077,25.680934,27.288732,25.145349,24.744027,28.08642,25.531915,25.834798,26.287744,25.614035,25.622776,25.899281,26.181818,29.124579,24.05892,25.913043,24.17962,27.648579,26.09375,24,25.254237,25.254237,25.401929,25,25.659051,25.039872,24.960506,23.712949,24.082232,26.833631,26.855124,27.478261,27.478261,26.475279,26.315789,26.1563,29.603399,24.798712,24.802528,26.09375,28.314239,30.681818,29.341317,27.720739,23.778502,28.521739,35.197368,25.477707,29.764065,26.557377,26.557377,26.870748,27.902946,27.303183,27.166667,25,30.848861,23.657718,25.278219,24.054983,27.592593,27.894737,25.520833,24.566929,28.665208,32.424242
NC_069156.1|NC_069156.1_rescuedCDS_001-rescued|61-ENDaa,35.368043,36.49635,32.677165,44.663383,31.578947,29.528986,32.85968,29.135338,30.451128,32.363636,31.884058,31.543624,27.090909,28.651685,28.804348,28.881469,100,31.843575,29.946524,29.487179,32.796781,30.57554,33.081285,30.178571,33.833333,34.47099,31.180812,30.586081,31.568998,30.360206,27.16263,31.098696,31.098696,31.657356,31.401869,34.432234,29.681275,30.825688,31.00189,30.983302,31.792976,32.162662,32.169118,31.64794,31.460674,30.769231,30.586081,31.123389,30.481283,31.549815,30.909091,31.734317,32.103321,31.00189,31.784387,31.471136,30.570902,25.892857,31.549815,32.827324,34.924623,30.597015,31.123389,31.226766,29.837251,30.970149,31.657356,33.396584,27.097902,30.275229,30.656934,29.285714,31.238447,31.090909,29.595588,31.792976,30.434783,31.977819,30.671506,31.307551,32.021467,29.493892,30.155979,27.238095,34.673367,34.459459,31.97026,31.549815,30.642202,29.487179,31.598513,31.549815,31.471136,32.897196,31.657356,34.030418,26.760563,27.097902,28.495575,25.985663,25.708061,28.871893,30.769231,26.666667,27.645051,24.909747,26.568266,29.44664,28.517824,28.517824,26.519337,25.99278,27.115717,28.977273,30.174081,28.790787,25.675676,26.00349,30.178571,26.519337,26.519337,28.446771,26.519337,30.058939,24.914089,24.617997,25.257732,28.819444,21.65493,27.495292,26.25,26.25,26.00349,26.00349,26.352531,29.853181,27.454545,25.299145,25.569177,26.527051,30.932897,28.571429,27.835052,27.549195,29.779412,33.663366,31.13879,23.452158,27.777778,27.598566,27.533461,29.055258,27.305606,25.99278,26.111111,34.157303,26.432532,26.534296,27.410208,30.859375,29.927007,22.54025,26.00349,25.925926,32.415902
NC_006940.2|YP_224071.2_49|61-ENDaa,29.173989,28.888889,29.076621,32.085561,27.708703,28.54512,33.577982,31.836735,32.741617,27.027027,27.767695,31.735537,28.409091,32.056452,26.055046,28.774423,31.843575,100,95.192308,95.673077,29.718876,92.147436,96.955128,95.512821,33.825944,33.442623,95.032051,95.192308,96.590909,91.185897,72.75641,72.596154,72.596154,72.75641,72.435897,38.076923,30.188679,93.910256,96.314103,47.463175,96.955128,97.75641,95.352564,96.474359,96.314103,95.192308,94.871795,94.070513,95.673077,95.99359,95.833333,97.115385,97.275641,96.915584,97.275641,96.634615,96.314103,72.077922,96.794872,93.910256,93.719807,96.794872,93.429487,48.202614,96.634615,97.115385,97.596154,48.366013,72.435897,93.108974,95.512821,93.910256,96.794872,93.910256,95.192308,97.115385,96.794872,97.115385,94.871795,94.711538,29.100529,28.021016,27.652174,26.838235,35.016835,32.952692,98.076923,95.99359,96.153846,95.673077,47.524752,95.99359,96.474359,93.910256,98.397436,47.463175,72.275641,72.75641,93.269231,27.192982,29.613734,64.390244,28.52349,59.02439,24.916944,85.691057,63.414634,63.089431,63.414634,63.089431,60.556465,85.04065,25.129983,26.739927,25.636364,37.166667,26.302083,27.050611,27.444254,23.381295,23.381295,27.368421,60.883797,63.252033,25.840708,25.347222,26.876091,27.487352,22.021661,26.879699,24.014337,24.014337,25.252525,25.252525,25.589226,30.032468,25.13465,27.046263,23.890785,25.125628,30.357143,24.8,28.15735,27.889908,26.916221,33.333333,28.842832,25.675676,27.306273,25.678119,24.309392,27.016886,26.690391,24.460432,27.305606,25.420168,24.100719,26.548673,36.694215,28.651685,25.089606,22.878229,24.420677,27.702703,28.828829
NC_009232.2|YP_001110804.1_32|61-ENDaa,28.371278,29.074074,27.938343,31.956912,27.865961,28.703704,32.051282,29.239766,32.213439,28.136201,28.442029,30.541872,26.443203,29.479769,24.204947,30.683919,29.946524,95.192308,100,94.070513,29.101563,93.108974,93.429487,97.916667,32.78956,32.410423,93.429487,92.788462,94.642857,91.025641,72.275641,72.275641,72.275641,72.435897,72.275641,38.269231,26.522593,92.788462,93.269231,47.299509,94.551282,94.871795,93.108974,94.070513,93.75,93.589744,93.269231,91.987179,92.948718,94.871795,94.551282,95.032051,94.070513,93.993506,95.032051,94.070513,94.070513,71.590909,94.551282,91.987179,92.753623,96.474359,93.75,46.982055,96.314103,96.634615,93.75,47.54902,72.115385,93.429487,94.230769,94.711538,93.910256,92.628205,95.512821,93.910256,93.75,94.551282,92.467949,93.108974,28.397213,30.373002,30.357143,28.375734,32.463295,33.006536,94.871795,94.871795,93.429487,94.070513,46.622735,94.871795,93.910256,93.269231,95.192308,46.808511,71.794872,72.435897,94.230769,26.203209,25.506073,64.227642,28.595318,59.02439,24.958124,84.878049,63.902439,63.577236,63.902439,63.577236,59.574468,83.739837,26.186292,26.190476,24.538745,36.439268,26.133333,26.315789,25.762712,23.272727,23.272727,25.557461,59.9018,63.577236,25.561313,25.59727,25.900515,24.752475,22.323049,27.307692,25.276753,25.276753,26.825127,26.825127,26.994907,30.032468,25.800712,27.848101,24.534687,26.510067,30.213465,25.609756,29.621849,27.889908,26.371681,30.666667,28.448276,25.478927,26.119403,25.602968,25.414365,27.954972,26.654741,25.457875,25.44484,27.990971,27.831094,27.729636,37.251656,28.680688,27.509294,23.277467,23.037543,27.828054,30.239521
NC_019539.1|YP_007010485.1_32|61-ENDaa,30.560579,28.723404,28.076923,31.654676,28.063943,28.176796,33.639706,32.121212,33.530572,26.929982,27.617329,30.541872,28.301887,33.136095,25.497288,29.032258,29.487179,95.673077,94.070513,100,29.527559,92.467949,96.153846,93.589744,32.113145,30.971993,95.352564,94.230769,96.428571,90.705128,73.717949,74.437299,73.717949,74.437299,74.276527,38.446602,27.892562,93.108974,95.032051,47.868852,96.955128,96.955128,93.589744,94.551282,94.230769,94.391026,94.230769,92.788462,95.833333,96.474359,95.032051,96.314103,96.794872,96.266234,96.153846,95.99359,96.153846,73.214286,96.794872,92.628205,92.512077,95.192308,92.948718,48.93617,95.032051,95.512821,95.512821,49.669967,74.115756,92.147436,93.75,93.108974,95.512821,93.429487,94.230769,96.314103,96.474359,96.955128,93.589744,94.230769,27.145359,27.304348,27.147766,29.17505,32.833333,33.006536,96.314103,96.474359,97.115385,100,47.775947,96.474359,96.314103,94.230769,95.352564,47.790507,74.276527,74.437299,91.826923,28.085868,26.272912,65.365854,27.591973,59.02439,24.709784,84.715447,63.739837,63.414634,63.739837,63.414634,60.065466,85.04065,25.520833,26.972477,25.276753,36.981758,27.083333,25.65445,25.337838,23.529412,23.529412,25.303293,60.392799,63.577236,24.957841,26.485569,23.344371,26.87813,22.382671,26.365348,25.735294,25.735294,26.13828,26.13828,26.306914,29.918699,25.090909,24.373957,24.190801,25.838926,29.593496,24.8,31.533477,28,25.65445,34.013605,29.381443,25.793651,26.556777,25.858951,24.677716,26.371681,26.992754,24.777184,27.706422,29.612756,26.893939,25.817556,37.748344,28.380952,27.522936,24.90566,25.899281,25.700935,31.722054
NC_021775.1|YP_008239656.1_59|61-ENDaa,30.136986,28.125,30.081301,34.607219,31.440162,25.433526,24.098672,32.046332,31.538462,29.958678,30.578512,34.686347,31.081081,31.923077,31.021195,32.580038,32.796781,29.718876,29.101563,29.527559,100,28.937008,28.937008,29.273084,32.604736,31.977819,28.994083,29.330709,28.4,29.961089,24.208566,24.022346,25.233645,24.208566,24.394786,31.048387,32.086614,28.988327,28.880157,26.254826,29.133858,29.076621,29.158513,28.571429,28.767123,29.330709,29.330709,28.849903,28.515625,30.4,30.139721,29.527559,30.120482,29.918033,29.133858,30.923695,29.644269,23.908918,29.841897,29.044834,29.336735,28.767123,29.38856,28.685259,28.571429,28.571429,29.527559,30.95723,24.022346,29.718876,27.984344,27.952756,28.710938,28.15534,29.38856,30.2,29.133858,28.937008,29.718876,28.962818,31.123389,32.228361,31.868132,32.024793,33.151184,31.926606,29.330709,30.4,28.767123,29.527559,26.538462,30.4,29.6,28.627451,28.880157,26.819923,24.299065,24.394786,28.205128,27.16763,22.244489,23.496241,27.911275,26.035503,28.224299,24.80315,27.822581,25.992063,27.822581,25.697211,26.104418,26.181102,25.048924,25.736739,24.271845,25.048924,29.131653,31.124498,24.675325,27.362205,27.362205,25.794393,26.104418,28.225806,27.290076,26.717557,25.855513,27.071823,25.246548,26.209677,28.8,28.8,29.827916,29.827916,30.057803,33.636364,24.157303,26.908397,26.386233,29.865125,33.515483,23.417722,23.931624,25.875486,25.875486,27.81457,30.632411,28.056112,27.579365,27.380952,24.356436,24.05303,31.762295,26.719057,31.557377,21.894737,26.88391,28.269231,24.497992,26.694045,25.387597,27.345309,24.849699,22.146119,27.355623
NC_021777.1|YP_008239742.1_33|61-ENDaa,29.856115,30.555556,27.586207,33.272395,26.760563,27.321429,33.211009,31.034483,32.99389,29.097606,28.702011,31.177446,28.273245,32.790224,25,27.886323,30.57554,92.147436,93.108974,92.467949,28.937008,100,92.307692,92.948718,32.508251,32.236842,91.826923,91.185897,93.019481,89.903846,71.955128,72.66881,71.955128,72.829582,72.508039,39.08046,29.568789,90.544872,90.705128,47.299509,93.429487,93.429487,90.544872,90.865385,91.025641,91.666667,91.346154,89.102564,91.826923,93.429487,94.391026,93.75,92.467949,92.37013,93.108974,92.788462,92.948718,71.266234,93.429487,88.942308,93.236715,93.429487,92.628205,48.366013,93.108974,93.429487,91.025641,48.039216,72.347267,91.50641,92.467949,93.108974,91.50641,90.544872,93.108974,92.788462,92.467949,93.429487,90.865385,91.185897,26.619965,28.042328,29.173989,26.908397,31.907895,32.786885,93.108974,93.429487,92.628205,92.467949,47.524752,93.429487,92.788462,90.544872,92.467949,48.032787,72.347267,72.66881,92.147436,25.531915,27.330508,64.065041,27.787022,58.536585,25.126476,83.902439,63.252033,62.926829,63.252033,62.926829,60.065466,83.414634,27.610619,28.871893,24.637681,37.942664,29.133858,24.868651,24.914089,24.057451,24.057451,24.956971,60.065466,62.926829,24.283305,25.337838,23.115578,28.156997,23.679417,28.113208,24.464286,24.464286,24.659864,24.659864,26.315789,31.960461,26.775956,23.529412,24.701874,25.671141,31.136738,26.272912,28.813559,26.570916,27.090909,28.333333,26.279863,26.407767,25.824176,25.641026,29.135338,25.824176,24.912281,24.725275,25.396825,28.440367,28.269231,27.992958,36.694215,30.097087,28.037383,24.725275,26.173285,26.179245,32.218845
NC_022752.1|YP_008767031.1_32|61-ENDaa,28.070175,28.648649,27.586207,29.946524,27.886323,27.757353,33.090909,31.771894,31.124498,26.47585,26.523297,31.735537,27.28972,31.589537,25.504587,28.085868,33.081285,96.955128,93.429487,96.153846,28.937008,92.307692,100,93.429487,32.773109,32.289951,96.474359,93.429487,97.402597,90.064103,71.955128,72.508039,71.794872,72.66881,72.347267,38.505747,27.710843,92.147436,94.871795,48.190789,97.75641,97.916667,94.070513,95.032051,94.871795,93.429487,93.108974,92.628205,94.551282,97.115385,95.99359,96.955128,97.435897,96.428571,96.474359,96.474359,96.153846,71.266234,96.634615,92.467949,92.995169,94.551282,91.987179,48.932677,94.391026,94.871795,95.833333,48.529412,72.347267,91.025641,93.108974,92.147436,95.032051,92.467949,94.551282,97.596154,96.634615,97.916667,93.429487,92.948718,28.646749,27.447552,26.837607,29.580153,32.387312,32.676519,96.955128,97.115385,97.916667,96.153846,47.689769,97.115385,97.275641,91.987179,95.99359,47.377049,72.347267,72.66881,91.50641,27.433628,28.969957,63.577236,27.684564,58.536585,25.041459,83.577236,62.276423,61.95122,62.276423,61.95122,59.738134,85.528455,25.783972,27.255985,26.070764,37.729549,26.302083,25.778547,24.493243,23.767606,23.767606,27.383016,60.065466,62.113821,25.834798,25.880282,25.880282,26.289517,23.021583,27.443609,24.642857,24.642857,26.190476,26.190476,26.013514,30.114566,25.67325,25.528169,24.701874,25.460637,30.114566,25.851703,27.950311,27.121771,24.826389,31.418919,25.894378,24.561404,25.636364,25.636364,25.746269,25,26.19469,26.142596,26.978417,26.190476,26.641651,26.548673,36.859504,28.680688,27.356747,21.755027,24.820144,26.635514,27.844311
NC_022754.1|YP_008767202.1_31|61-ENDaa,29.349736,28.942486,27.606178,31.654676,27.464789,29.46593,31.792976,31.075697,31.445313,27.857143,27.857143,30.016313,26.208178,31.054688,26.238532,31.501832,30.178571,95.512821,97.916667,93.589744,29.273084,92.948718,93.429487,100,32.090762,31.71521,93.269231,92.467949,94.480519,90.705128,72.115385,72.115385,72.115385,72.275641,72.115385,38.521401,27.559055,92.147436,93.75,47.299509,94.391026,94.391026,93.108974,94.711538,94.230769,92.788462,92.467949,92.307692,93.75,94.551282,94.070513,94.871795,94.070513,93.993506,94.871795,94.070513,93.910256,71.428571,94.391026,92.147436,92.753623,97.275641,92.948718,47.385621,96.955128,97.435897,94.070513,47.54902,71.955128,92.467949,93.75,93.910256,93.75,92.147436,95.673077,94.230769,94.070513,94.391026,92.147436,92.467949,28.919861,29.065744,28.743546,28.375734,31.766613,32.142857,94.711538,94.551282,93.429487,93.589744,46.69967,94.551282,93.910256,92.948718,95.673077,46.808511,71.634615,72.275641,93.589744,25.806452,24.896266,64.227642,29.431438,59.02439,23.548922,84.878049,63.902439,63.577236,63.902439,63.577236,58.919804,83.902439,25.744308,25.865209,25.842697,36.272879,27.345845,24.468085,26.386555,22.686025,22.686025,26.30662,59.247136,63.577236,25.573192,26.041667,25.47993,25.412541,22.504537,27.394636,25.464684,25.464684,27.457627,27.457627,27.627119,30.278232,25.668449,26.512456,25.553663,27.135678,29.459902,25.86558,29.809725,28.256881,26.110124,31.803279,25.553663,25.531915,26.553672,26.365348,26.247689,27.121771,26.654741,25.824176,25.44484,28.018223,27.255278,26.079447,37.417219,27.083333,27.306273,24.385633,25.394046,28.375286,33.841463
NC_027993.1|YP_009168811.1_31|61-ENDaa,31.114551,33.500838,32.417582,32.601351,29.746835,30.915371,28.769231,29.461279,29.541596,27.78626,28.482972,94.015234,26.929674,29.79798,27.552674,29.339478,33.833333,33.825944,32.78956,32.113145,32.604736,32.508251,32.773109,32.090762,100,97.186147,32.183908,32.333333,30.847458,29.710145,33.055092,32.160804,32.328308,32.495812,32.663317,32.939189,33.462282,32.554257,31.803279,28.666667,31.570248,32.107023,31.639344,32.019704,32.183908,31.219512,31.219512,32.994924,33.165829,32.392027,32.119205,32.724252,33.333333,31.879195,33.333333,32.392027,32.608696,31.918506,32.55814,32.994924,35.92233,32.626427,30.2589,28.903654,33.500838,32.463295,31.691297,30.629139,33.333333,32.459016,32.95082,32.95082,32.733224,33.389831,33.552632,32.242226,33.333333,32.10084,32.289951,31.382114,32.680723,32.653061,32.262774,28.499157,99.025974,98.160173,33.333333,32.392027,33.165829,32.113145,30.47138,32.392027,32.679739,30.081301,33.333333,28.476821,32.160804,32.830821,32.189542,28.571429,28.51711,30.909091,51.959686,26.942149,27.310924,30.948419,27.787022,28.333333,28.475712,28.235294,30.664395,30.588235,25.972006,31.22102,27.557756,26.386555,33.759591,23.731343,29.465649,26.01626,26.01626,28.725038,30.494037,28.239203,25.251076,28.405797,22.978723,26.842837,25.913621,24.703892,30.718954,30.718954,27.601156,27.601156,27.116212,27.546296,23.688156,24.749642,24.408284,27.116212,28.125,30.7393,33.943089,29.251701,28.524046,35.548173,25.432756,29.310345,28.031496,27.160494,26.746167,29.084967,24.345146,26.959248,25.356577,32.20339,27.914614,25.038402,27.288428,30.363636,28.903654,26.025237,26.533742,29.934924,35.416667
NC_027994.1|YP_009168860.1_28|61-ENDaa,31.825273,32.38255,29.20354,31.578947,30.794702,32.871972,28.861154,29.362416,29.222973,26.412214,27.244582,93.253536,28.644068,29.648241,26.256078,27.365357,34.47099,33.442623,32.410423,30.971993,31.977819,32.236842,32.289951,31.71521,97.186147,100,32.131148,31.456954,31.155779,29.411765,31.040268,30.769231,31.040268,31.103679,31.103679,32.605042,33.778626,33.390119,31.544715,29.62963,31.900826,32.231405,31.518152,31.118314,31.118314,31.674959,31.674959,33.161512,31.893688,32.006633,32.504146,33.001658,32.843137,31.658291,33.606557,32.006633,31.946755,30.102041,32.835821,33.161512,34.951456,32.247557,30.971993,29.949239,31.921824,32.084691,31.735537,28.833333,30.936455,32.459016,32.843137,33.114754,32.51634,33.907057,32.679739,32.405892,32.786885,32.338308,32.072368,31.840796,32.745962,32.258065,31.718062,27.8157,96.861472,96.320346,32.835821,32.006633,31.735537,30.971993,31.155779,32.006633,32.843137,31.788079,32.95082,29.679595,30.602007,30.769231,32.247557,27.34255,29.400387,29.180328,51.847704,27.287854,26.825843,31.5,28.475712,28.166667,28.666667,27.973199,29.815745,31.516184,26.332288,30.697674,28.951747,26.923077,31.770833,24.441133,29.652042,25.93801,25.93801,29.096478,29.648241,28.595318,23.371105,23.428571,23.022599,27.146814,25.490196,25.589226,30.456026,30.456026,28.193833,28.193833,28.193833,27.784156,25.186289,24.783862,25.364431,27.859238,27.995392,30.314961,32.926829,28.243021,27.649007,35.430464,26.177285,29.319372,28.322785,27.689873,27.568493,29.058442,23.913043,27.102804,24.068323,30.105263,26.436782,24.441133,27.979275,31.891892,28.903654,25.431711,26.605505,29.7593,34.821429
NC_028698.1|YP_009191566.1_13|61-ENDaa,28.545781,28.519856,27.011494,31.578947,27.433628,28.518519,31.215971,31.376518,27.932961,28.108108,28.702011,31.07438,27.158273,28.119181,25.137615,27.387387,31.180812,95.032051,93.429487,95.352564,28.994083,91.826923,96.474359,93.269231,32.183908,32.131148,100,93.589744,96.590909,89.583333,71.314103,72.990354,72.275641,72.186495,72.347267,37.218045,27.49004,91.826923,94.711538,46.481178,96.955128,96.634615,93.269231,94.551282,94.230769,93.75,94.070513,92.147436,93.589744,96.794872,95.192308,96.634615,96.794872,97.077922,95.833333,97.596154,97.115385,71.428571,97.275641,91.987179,92.995169,93.910256,92.467949,47.712418,93.75,94.230769,94.230769,47.385621,71.70418,91.346154,91.987179,92.307692,94.871795,91.987179,94.230769,96.634615,95.99359,96.955128,93.269231,92.948718,28.695652,28.471002,29.173989,29.714286,32.07856,32.137031,95.99359,96.794872,96.314103,95.352564,46.69967,96.794872,96.794872,92.147436,94.551282,46.557377,72.66881,72.025723,91.025641,26.408451,28.850325,63.414634,28.380634,59.02439,25.126476,82.926829,63.089431,62.764228,63.089431,62.764228,58.919804,84.227642,25.65445,27.071823,24.677716,36.5,25.721785,26.860254,27.652174,24.00722,24.00722,27.700348,59.247136,62.926829,25.59727,26.825127,24.40678,28.055077,21.981982,24.725275,23.928571,23.928571,25.976231,25.976231,27.350427,30.441899,26,25.982906,23.938879,26.98145,30.213465,25.661914,30.453564,28.073394,25.925926,31.208054,28.877005,25.992063,27.090909,27.090909,25.046041,26.079137,25.70922,24.452555,26.750449,26.39485,27.032136,27.079646,36.694215,26.553672,27.306273,24.349442,23.29932,26.697892,29.041916
NC_041991.1|YP_009608586.1_31|61-ENDaa,30.357143,28.241563,28.740157,30.879713,25.531915,28.492647,33.826248,30.664063,31.558185,27.289048,27.338129,30.884808,29.580153,31.702544,25.688073,28.241563,30.586081,95.192308,92.788462,94.230769,29.330709,91.185897,93.429487,92.467949,32.333333,31.456954,93.589744,100,93.831169,92.948718,73.397436,74.198718,74.038462,73.397436,73.717949,37.924528,29.006085,96.153846,95.512821,47.463175,94.230769,94.391026,94.230769,95.99359,96.314103,98.397436,98.717949,95.99359,93.429487,93.589744,95.032051,94.391026,94.391026,94.805195,94.230769,94.711538,94.551282,73.538961,94.871795,95.833333,95.89372,93.910256,94.871795,48.608838,94.391026,94.230769,97.596154,49.093904,73.076923,92.948718,93.269231,93.269231,96.955128,95.99359,93.108974,93.910256,94.391026,94.230769,97.75641,97.596154,27.036395,26.702509,26.548673,26.923077,32.885906,32.5,94.711538,93.589744,93.75,94.230769,47.281713,93.589744,93.75,94.711538,94.871795,47.135843,73.878205,73.397436,91.987179,27.097902,27.070707,65.04065,28.052805,59.512195,25.083056,85.04065,64.390244,64.065041,64.390244,64.065041,60.392799,84.552846,27.175844,26.047359,24.593128,38.831615,26.595745,27.140255,25.337838,23.550088,23.550088,26.19863,60.720131,63.902439,24.398625,24.283305,24.744027,25.907591,23.765996,27.099237,25.135624,25.135624,25.801012,25.801012,25.969646,30.632091,24.074074,25.513699,25.173611,25.503356,30.307942,26.464646,30.655391,25.899281,26.80776,29.830508,28.34507,26.078431,25.414365,25.230203,24.72119,24.865832,27.97075,24.363636,28.519196,28.791209,25.274725,26.14841,37.355372,29.268293,25.179856,24.953445,26.851852,26.067416,31.722054
NC_041992.1|YP_009608659.1_38|61-ENDaa,28.909091,27.787934,27.111984,30.601093,27.5,27.272727,30.570902,30.165289,30.408163,26.846847,27.422303,29.848229,27.394636,30.408163,24.767225,27.22323,31.568998,96.590909,94.642857,96.428571,28.4,93.019481,97.402597,94.480519,30.847458,31.155779,96.590909,93.831169,100,90.746753,72.077922,72.801303,72.077922,72.801303,72.801303,37.159533,27.731092,92.857143,95.616883,46.932007,99.350649,98.863636,93.831169,96.428571,96.103896,93.831169,93.506494,93.506494,94.967532,97.727273,96.590909,98.376623,97.88961,97.24026,98.538961,97.402597,97.564935,71.753247,97.88961,93.344156,92.364532,95.616883,92.532468,46.61157,95.292208,95.779221,95.779221,47.18543,72.638436,91.883117,93.668831,93.506494,95.779221,92.694805,95.779221,98.701299,96.915584,99.188312,93.019481,93.181818,28.163993,27.659574,27.192982,30.332681,33.275862,31.932773,98.214286,97.727273,97.077922,96.428571,46.24374,97.727273,98.701299,92.532468,96.590909,46.179402,72.638436,72.964169,92.532468,27.12766,28.969957,64.754098,28.595601,58.660131,25.168919,85.409836,64.098361,63.770492,64.098361,63.770492,60.231023,84.918033,25.087108,24.050633,26.704545,37.310924,27.540107,23.333333,27.097902,25.729927,25.729927,27.719298,60.561056,63.934426,27.060932,26.88172,26.702509,28.721541,23.572744,27.047619,24.862888,24.862888,26.153846,26.064736,27.444254,29.519071,25.497288,26.523297,26.760563,27.054795,29.276316,25.55332,30.237581,26.992754,25.978648,31.756757,27.729636,26.679842,27.071823,25.451264,26.704545,26.220615,24.956063,25.905797,25.178571,26.5625,27.099237,27.906977,36.772047,27.447217,28.383459,22.693727,24.866785,26.428571,31.722054
NC_069146.1|NC_069146.1_rescuedCDS_001-rescued|61-ENDaa,32.869565,31.171171,28.571429,32.638889,28.793103,29.380531,32.521739,29.569892,29.768271,27.170418,27.580645,29.446936,26.654741,29.946524,27.017544,28.956229,30.360206,91.185897,91.025641,90.705128,29.961089,89.903846,90.064103,90.705128,29.710145,29.411765,89.583333,92.948718,90.746753,100,74.519231,73.397436,73.237179,74.198718,73.717949,37.410072,30.097087,93.429487,91.666667,48.039216,91.185897,91.185897,91.987179,92.467949,92.628205,92.948718,92.628205,91.826923,90.224359,90.705128,91.666667,91.025641,90.705128,90.422078,90.705128,90.384615,90.544872,73.376623,90.705128,91.666667,94.927536,92.467949,94.230769,49.509804,92.628205,92.788462,92.948718,49.019608,73.557692,90.384615,91.666667,91.185897,92.307692,93.429487,91.666667,90.544872,90.865385,91.185897,92.467949,92.788462,27.948304,26.475279,27.170418,29.650092,29.710145,31.314623,91.025641,90.705128,90.705128,90.705128,47.222222,90.705128,90.705128,92.307692,91.826923,48.608838,73.397436,73.878205,89.74359,29.026846,22.840691,65.853659,28.043143,61.300813,24.960754,84.390244,65.203252,64.878049,65.203252,64.878049,61.211129,82.764228,25.779967,28.125,24.738676,39.101498,29.6875,24.796085,22.376543,22.899506,22.899506,23.197492,61.538462,64.715447,24.76489,23.899371,24.722662,28.481013,22.542373,24.338624,24.172185,24.172185,28.594249,28.548644,29.402262,31.054978,26.575809,24.213836,28.032787,28.64,29.896907,26.078431,29.303279,26.19863,26.094571,29.836066,25.776398,25.274725,25.662252,25.950413,25.605536,26.455026,26.064736,25.925926,27.017544,27.139875,23.450586,25.378151,38.181818,29.205176,29.67033,24.40678,22.847682,26.516854,35.97561
NC_069147.1|YP_010582173.1_4|61-ENDaa,30.656934,29.347826,27.099237,30.990991,28.028933,29.511278,29.6875,28.813559,31.702544,25.932504,25.932504,28.289474,28.922495,31.506849,27.472527,30.28169,27.16263,72.75641,72.275641,73.717949,24.208566,71.955128,71.955128,72.115385,33.055092,31.040268,71.314103,73.397436,72.077922,74.519231,100,98.237179,98.237179,99.038462,98.717949,34.489051,27.967807,75.641026,72.435897,47.429519,72.916667,72.75641,72.596154,72.916667,72.75641,73.237179,72.916667,74.839744,72.115385,72.435897,72.115385,72.596154,72.596154,72.077922,72.75641,72.115385,72.275641,98.701299,72.75641,74.679487,75.362319,73.237179,73.717949,48.196721,73.717949,73.557692,73.717949,48.590381,98.076923,71.314103,73.397436,72.435897,73.557692,75.961538,73.237179,72.435897,73.076923,72.916667,72.75641,73.557692,28.070175,27.652174,28.34507,26.959847,31.218698,30.948419,73.076923,72.435897,72.435897,73.717949,46.864686,72.435897,72.435897,74.038462,73.237179,47.868852,98.397436,98.076923,70.99359,25.441696,27.272727,90.081301,28.067227,73.98374,24.459235,65.691057,78.373984,77.723577,78.04878,78.536585,56.95581,66.01626,25.561313,26.725664,27.703985,37.313433,28.571429,23.05026,24.957555,20.790378,20.790378,25.042589,57.119476,78.04878,25.391304,27.012522,26.37931,25.542571,23.679417,23.561151,24.954792,24.954792,26.37931,26.37931,26.37931,31.442464,27.289377,26.666667,28.347826,26.37931,32.137031,29.124236,27.5154,26.459854,26.618705,29.251701,28.547009,24.612403,26.987061,26.802218,26.951673,26.556777,28.653846,26.865672,27.767355,25.917927,26.819923,22.354949,38.833333,29.108911,26.860254,26.086957,26.362039,27.336449,30
NC_069148.1|YP_010582256.1_23|61-ENDaa,31.777379,29.528986,27.413127,30.198915,26.315789,28.971963,29.790941,28.358209,30.754352,27.708703,28.085868,28.289474,29.111531,30.560928,27.289377,29.525483,31.098696,72.596154,72.275641,74.437299,24.022346,72.66881,72.508039,72.115385,32.160804,30.769231,72.990354,74.198718,72.801303,73.397436,98.237179,100,99.679487,99.198718,98.878205,34.489051,27.565392,75.641026,72.435897,46.932007,73.472669,73.311897,72.435897,72.435897,72.275641,73.557692,73.878205,74.358974,72.990354,73.151125,72.829582,73.311897,73.151125,73.615635,73.311897,73.794212,73.794212,98.701299,74.115756,74.198718,75.120773,73.076923,73.717949,48.032787,73.557692,73.397436,73.557692,48.258706,97.916667,72.115385,73.237179,72.435897,74.358974,75.801282,73.076923,72.990354,73.633441,73.472669,72.75641,73.237179,27.399651,28.04878,28.218695,27.16763,31.063123,30.666667,73.633441,73.151125,72.990354,74.437299,46.369637,73.151125,72.990354,73.878205,73.076923,47.704918,98.878205,97.916667,70.99359,25.13089,27.754237,90.243902,28.067227,74.146341,24.792013,65.365854,78.861789,78.373984,78.699187,78.699187,56.95581,66.721044,24.828767,26.548673,27.083333,37.147595,28.311688,22.813036,25,22.324723,22.324723,24.870466,57.119476,78.373984,23.706177,25.513699,24.328859,25.801012,23.853211,22.953737,23.75,23.75,26.034483,26.034483,26.034483,32.845528,26.039783,24.033613,28.546713,26.034483,31.869919,29.124236,27.926078,26.411658,26.978417,29.251701,26.812816,25.925926,26.802218,26.802218,26.951673,26.047359,29.150579,27.204503,28.517824,29.122056,25.806452,21.97615,38.833333,28.796844,26.630435,26.425856,25.342466,26.401869,30.606061
NC_069149.1|YP_010582355.1_57|61-ENDaa,31.372549,29.528986,27.413127,30.198915,26.315789,28.971963,29.965157,29.056604,31.506849,27.708703,28.571429,28.453947,29.111531,31.311155,27.106227,29.525483,31.098696,72.596154,72.275641,73.717949,25.233645,71.955128,71.794872,72.115385,32.328308,31.040268,72.275641,74.038462,72.077922,73.237179,98.237179,99.679487,100,98.878205,98.557692,34.489051,27.565392,75.480769,72.435897,46.932007,72.75641,72.596154,72.435897,72.435897,72.275641,73.557692,73.878205,74.198718,72.275641,72.435897,72.115385,72.596154,72.435897,72.88961,72.596154,73.076923,73.076923,98.701299,73.397436,74.038462,74.637681,73.076923,73.717949,48.032787,73.397436,73.397436,73.557692,48.258706,97.596154,72.115385,73.237179,72.435897,74.358974,75.641026,73.076923,72.275641,72.916667,72.75641,72.75641,73.237179,27.225131,27.874564,28.042328,27.16763,31.333333,30.833333,72.916667,72.435897,72.275641,73.717949,46.369637,72.435897,72.275641,73.878205,73.076923,47.704918,98.557692,97.596154,70.99359,25.13089,28.237792,90.243902,28.067227,73.821138,24.625624,65.203252,78.699187,78.04878,78.373984,78.536585,56.792144,65.853659,24.268503,26.548673,27.083333,37.147595,28.311688,22.813036,24.657534,19.587629,19.587629,25.212947,56.95581,78.373984,24.831081,25.684932,25.466893,25.506757,23.853211,23.741007,23.75,23.75,26.034483,26.034483,26.034483,33.00813,26.642336,25.170068,28.719723,26.034483,32.03252,29.124236,27.926078,26.545455,26.978417,29.251701,26.644182,25.730994,25.754885,25.945946,26.951673,26.047359,28.957529,25.782689,28.517824,25.269978,25.616698,21.97615,38.833333,28.796844,26.486486,26.61597,25.476603,26.635514,30.606061
NC_069150.1|YP_010582402.1_29|61-ENDaa,31.777379,29.710145,27.413127,30.74141,25.396825,29.345794,30.313589,28.731343,31.141199,28.063943,28.443649,28.289474,29.111531,30.947776,27.472527,29.876977,31.657356,72.75641,72.435897,74.437299,24.208566,72.829582,72.66881,72.275641,32.495812,31.103679,72.186495,73.397436,72.801303,74.198718,99.038462,99.198718,98.878205,100,98.397436,35.036496,27.7666,75.641026,72.596154,47.429519,73.633441,73.472669,72.596154,72.916667,72.75641,73.397436,73.076923,74.839744,72.829582,73.311897,72.990354,73.472669,73.311897,72.964169,73.472669,72.990354,73.151125,98.051948,73.633441,74.679487,75.845411,73.237179,73.878205,48.196721,73.717949,73.557692,73.717949,48.424544,98.076923,71.314103,73.397436,72.596154,73.557692,75.961538,73.237179,73.151125,73.794212,73.633441,72.916667,73.717949,27.748691,28.397213,28.571429,27.671756,31.395349,30.833333,73.794212,73.311897,73.151125,74.437299,46.864686,73.311897,73.151125,74.198718,73.237179,47.868852,98.076923,98.076923,71.153846,25.91944,27.966102,89.918699,28.235294,74.308943,24.625624,65.365854,78.536585,78.04878,78.373984,78.373984,56.628478,66.39478,25.171233,26.725664,27.272727,36.981758,28.571429,22.222222,25,22.509225,22.509225,24.870466,56.792144,78.04878,23.217247,25.925926,25.340136,26.13828,24.036697,23.309609,23.928571,23.928571,26.206897,26.206897,26.206897,32.682927,27.798507,25.73913,28.892734,26.206897,33.387889,28.92057,28.305785,26.229508,26.798561,30.333333,26.949153,26.984127,26.987061,26.802218,26.765799,26.556777,29.174664,25.782689,27.954972,29.122056,25.996205,21.97615,38.666667,28.796844,26.678766,26.086957,25.513699,26.869159,30
NC_069151.1|YP_010582462.1_30|61-ENDaa,31.194296,29.347826,27.724665,30.45045,26.449275,29.323308,29.340278,27.746741,30.560928,28.23741,28.623188,28.099174,28.922495,30.367505,27.289377,28.998243,31.401869,72.435897,72.275641,74.276527,24.394786,72.508039,72.347267,72.115385,32.663317,31.103679,72.347267,73.717949,72.801303,73.717949,98.717949,98.878205,98.557692,98.397436,100,34.124088,28.169014,75.320513,72.115385,47.097844,73.311897,73.151125,72.275641,72.596154,72.435897,72.916667,73.237179,74.519231,72.508039,72.990354,72.508039,73.151125,72.990354,73.127036,73.472669,73.151125,73.151125,99.025974,73.794212,74.358974,74.879227,73.076923,73.397436,47.868852,73.397436,73.237179,73.397436,48.258706,98.237179,71.634615,73.076923,72.275641,73.878205,75.641026,73.237179,72.829582,73.472669,73.311897,72.115385,72.916667,27.574171,27.700348,28.395062,26.959847,30.948419,31,73.472669,72.990354,72.829582,74.276527,46.369637,72.990354,72.829582,73.557692,72.916667,47.704918,99.038462,98.237179,70.99359,25.47993,26.582278,90.406504,27.89916,74.146341,24.792013,65.691057,78.861789,78.373984,78.699187,79.02439,57.283142,67.047308,25.645439,26.548673,26.857143,37.47927,29.6,22.945205,25.217391,20.274914,20.274914,25.520833,57.446809,78.373984,24.742268,26.186292,26.297578,25.208681,23.497268,22.419929,23.75,23.75,26.206897,26.206897,26.206897,31.604538,25.090253,25.996534,28.222997,26.206897,30.794165,29.327902,27.310062,26.459854,26.798561,29.251701,26.644182,24.612403,26.617375,26.617375,26.432532,25.959781,28.764479,27.016886,28.142589,29.122056,26.589595,22.146508,39,29.108911,26.630435,26.806084,25.996534,25.874126,31.515152
NC_069152.1|YP_010582526.1_31|61-ENDaa,30.922242,33.333333,26.094891,31.891892,28.807339,25.493716,31.130435,25.650558,25.420561,31.307551,31.97026,30.514096,27.715356,25.233645,26.902655,31.992687,34.432234,38.076923,38.269231,38.446602,31.048387,39.08046,38.505747,38.521401,32.939189,32.605042,37.218045,37.924528,37.159533,37.410072,34.489051,34.489051,34.489051,35.036496,34.124088,100,27.165354,37.335835,39.651838,34.12844,38.867188,38.867188,37.5,39.26499,39.26499,37.898687,37.523452,38.301887,38.167939,37.858509,40.275049,38.314176,38.697318,38.722555,36.261682,37.931034,37.142857,33.333333,37.333333,38.301887,44.117647,39.147287,37.827715,34.086629,39.147287,39.341085,37.924528,33.395176,35.347985,37.8119,38.387716,37.21374,37.40458,37.523452,38.252427,39.566929,38.867188,37.714286,38.490566,37.898687,25.862069,27.370304,28.469751,28.785047,32.939189,32.436975,36.9606,37.858509,39.334638,37.571157,36,37.858509,39.0625,37.54717,38.803089,35.227273,33.941606,35.164835,38.846154,29.981718,22.574257,28.037383,29.525483,27.472527,31.903945,31.702544,26.459854,26.654412,27.022059,26.277372,27.514231,31.952663,30.367505,25.899281,28.3859,27.410208,28.074866,25.59727,23.050847,23.776224,23.776224,25.129983,27.91587,27.022059,25.971731,22.84264,25.261324,27.430556,25.858951,26.893939,26.168224,26.168224,27.951389,27.902946,27.729636,31.375839,26.701571,25.573192,27.826087,27.951389,31.764706,26.626016,25.858586,28.649635,26.958106,32.013201,27.46114,26.27451,28.421053,28.421053,27.859779,29.516995,28.832117,27.777778,28.571429,32.415254,25.13465,25.91944,27.153558,32.539683,31.127013,25.311943,26.895307,24.604966,26.204819
NC_069153.1|YP_010582609.1_31|61-ENDaa,26.923077,28.599606,31.124498,36.521739,28.137652,31.884058,30.501931,32.064128,32.6,29.126214,29.514563,32.075472,30.255403,32.4,32.604374,33.076923,29.681275,30.188679,26.522593,27.892562,32.086614,29.568789,27.710843,27.559055,33.462282,33.778626,27.49004,29.006085,27.731092,30.097087,27.967807,27.565392,27.565392,27.7666,28.169014,27.165354,100,29.166667,31.078224,30.566802,28.099174,28.099174,28.194726,30.866808,30.443975,29.674797,29.674797,26.862745,30.252101,28.92562,28.282828,28.719008,28.305785,26.4,28.512397,26.771654,26.771654,27.607362,28.305785,26.862745,30.788804,28.92562,30.184805,27.474747,28.247423,28.719008,29.166667,29.637097,28.169014,30.532787,29.591837,29.387755,29.018789,28.541667,29.227557,29.227557,29.227557,28.512397,29.327902,29.674797,32.495164,34.042553,32.755299,29.492188,31.238095,33.462282,28.512397,28.92562,27.111984,27.892562,29.471545,28.92562,29.227557,29.387755,30.252101,27.667984,27.967807,28.169014,31.198347,28.656126,23.908524,27.253669,30.097087,23.943662,32.317073,27.139875,23.847695,24.089069,24.074074,24.242424,27.5,25.720165,28.888889,27.557411,25.303644,27.087576,26.246719,27.911647,25.192308,29.674797,29.674797,25.576923,27.5,23.446894,26.32613,24.474187,26.953125,25.954198,27.755102,25.447316,26.862745,26.862745,28.857715,28.857715,28.857715,31.144465,25.948104,25.918762,25.52381,28.857715,30.623819,27.272727,25.925926,26.242545,28.282828,34.343434,29.166667,25.714286,28.571429,28.714859,29.613734,30.334728,32.738095,27.091633,32.34127,26.136364,27.54491,26.719057,25.35497,27.536232,26.829268,25.193798,28.118812,26.450116,26.006192
NC_073169.1|YP_010745711.1_14|61-ENDaa,30.481283,29.189189,29.492188,28.873239,25.978648,27.868852,32.467532,30.859375,30.46875,27.191413,27.598566,32.197615,27.683616,30.620155,29.657795,28.085868,30.825688,93.910256,92.788462,93.108974,28.988327,90.544872,92.147436,92.147436,32.554257,33.390119,91.826923,96.153846,92.857143,93.429487,75.641026,75.641026,75.480769,75.641026,75.320513,37.335835,29.166667,100,94.391026,47.299509,93.269231,93.429487,94.070513,94.711538,94.551282,95.99359,95.673077,97.115385,93.108974,92.948718,92.948718,93.75,93.269231,93.019481,93.269231,92.788462,92.948718,75.162338,93.269231,97.115385,93.478261,94.230769,94.230769,48.608838,94.391026,94.230769,96.314103,48.92916,75.641026,91.185897,93.108974,92.788462,95.833333,99.038462,93.429487,92.628205,93.108974,93.269231,95.032051,95.352564,28.245614,27.45098,28.085868,25.189394,33.109244,32.721202,93.75,92.948718,92.467949,93.108974,47.446458,92.948718,92.788462,95.512821,94.230769,47.626841,75.320513,75.961538,91.025641,26.798561,30.042918,66.99187,29.900332,60.97561,25.125628,85.04065,65.04065,64.715447,65.04065,64.715447,60.392799,84.227642,27.689594,27.239488,25.952813,39.175258,27.595628,26.17801,25.252525,22.982456,22.982456,26.506024,60.720131,64.552846,24.828767,24.617997,25.085324,25.653595,22.661871,28.239845,25.985663,25.985663,26.837607,26.837607,27.179487,30.632091,24.729242,25.749559,25.773196,26.351351,30.794165,25.702811,28.278689,25.585586,27.370304,28.865979,27.964602,26.546906,25.092251,23.280423,24.817518,27.016886,27.140255,24.862888,27.592593,28.761062,25.274725,26.584507,37.355372,29.678639,25.316456,24.181818,25.531915,27.107062,30.120482
NC_073172.1|YP_010745936.1_50|61-ENDaa,30.879713,29.189189,26.768642,32.653061,27.787611,28.125,32.541133,30.46875,32.66129,27.109515,27.305606,30.541872,29.562044,32.862903,27.663551,29.475588,31.00189,96.314103,93.269231,95.032051,28.880157,90.705128,94.871795,93.75,31.803279,31.544715,94.711538,95.512821,95.616883,91.666667,72.435897,72.435897,72.435897,72.596154,72.115385,39.651838,31.078224,94.391026,100,47.954173,96.153846,95.99359,94.711538,97.916667,97.435897,95.833333,95.512821,95.352564,95.032051,94.871795,94.711538,95.99359,95.833333,95.779221,95.512821,95.512821,95.512821,71.753247,95.512821,95.192308,93.478261,94.551282,93.910256,48.287113,94.391026,94.871795,97.435897,49.019608,72.115385,90.705128,92.948718,92.628205,95.99359,94.711538,94.070513,95.673077,95.192308,95.833333,95.192308,95.352564,28.795812,28.965517,28.896673,30.443548,32.183908,31.973899,95.99359,94.871795,95.192308,95.032051,47.611203,94.871795,95.99359,95.192308,95.833333,47.377049,71.955128,72.435897,91.185897,27.12766,30.042918,64.227642,28.951747,59.02439,25.757576,83.739837,63.902439,63.577236,63.902439,63.577236,59.738134,82.764228,26.352531,26.007326,25.228519,36.877076,27.864583,26.232394,25.33557,24.00722,24.00722,27.16263,60.065466,63.414634,25.734024,25.347222,25.73913,28.719723,24.12523,27.394636,24.193548,24.193548,25.925926,25.925926,26.094276,30.681818,26.972477,25.778547,24.786325,25.628141,30.032468,26.938776,28.482328,28.073394,26.820604,31.543624,29.768271,24.21875,27.140255,27.140255,24.504505,25.945946,27.554745,25.408348,28.3859,28.824834,24.094203,25.82897,37.748344,26.741996,27.022059,22.710623,24.479167,28.341014,31.231231
NC_073173.1|YP_010745997.1_46|61-ENDaa,29.590018,29.475588,26.436782,31.098696,27.422303,29.962547,29.136691,27.54717,28.131021,26.344086,26.173285,27.104377,29.924242,27.639155,29.511278,27.586207,30.983302,47.463175,47.299509,47.868852,26.254826,47.299509,48.190789,47.299509,28.666667,29.62963,46.481178,47.463175,46.932007,48.039216,47.429519,46.932007,46.932007,47.429519,47.097844,34.12844,30.566802,47.299509,47.954173,100,47.463175,47.463175,47.954173,48.445172,48.608838,47.463175,47.135843,47.790507,47.626841,47.299509,47.222222,46.808511,48.190789,45.936982,47.626841,46.481178,46.481178,46.218487,46.644845,47.790507,58.476658,47.299509,47.135843,93.668831,47.135843,47.463175,48.281506,96.915584,47.429519,47.377049,47.704918,47.377049,47.463175,47.626841,47.940692,47.454844,47.463175,47.299509,48.032787,47.626841,30.442478,27.98574,28.163993,25.660377,29.322034,28.476821,47.135843,47.299509,48.349835,47.868852,93.344156,47.299509,47.783251,47.626841,47.135843,90.422078,46.766169,47.263682,48.105437,29.142857,24,39.159664,26.994907,38.358459,25.894378,38.20598,39.19598,37.896494,39.363484,39.19598,39.833333,39.101498,25.978648,26.570916,28.461538,79.07743,29.649596,23.69338,28.125,24.55516,24.55516,25.812274,39.833333,39.698492,24.825175,23.901582,22.393162,27.931034,23.090909,25.585938,22.968198,22.968198,27.130435,27.130435,26.491228,32.881356,23.369565,23.652174,23.979592,26.269702,33.504274,24.593496,29.835391,25.37037,26.548673,32.542373,28.965517,24.714829,26.838235,26.923077,26.587302,26.666667,26.481481,27.425373,25.830258,29.147982,25.688073,26.164875,77.011494,27.220077,29.492188,24.672897,23.292469,28.671329,28.484848
NC_073174.1|YP_010746058.1_46|61-ENDaa,29.569892,29.061372,27.659574,31.597846,27.640845,28.360958,31.941924,31.568228,31.790744,26.998224,27.567568,31.25,28.490566,31.790744,25.87156,28.085868,31.792976,96.955128,94.551282,96.955128,29.133858,93.429487,97.75641,94.391026,31.570248,31.900826,96.955128,94.230769,99.350649,91.185897,72.916667,73.472669,72.75641,73.633441,73.311897,38.867188,28.099174,93.269231,96.153846,47.463175,100,99.198718,94.230769,96.314103,95.99359,94.230769,93.910256,93.269231,95.352564,98.076923,97.115385,98.557692,98.397436,97.727273,98.237179,97.75641,97.916667,72.24026,98.397436,93.108974,93.236715,95.99359,93.108974,47.797716,95.833333,96.314103,96.153846,48.366013,73.311897,92.307692,94.230769,93.910256,95.99359,93.269231,95.673077,98.878205,97.275641,99.519231,93.429487,93.75,28.298611,29.020979,27.958834,31.153846,32.5,32.95082,98.557692,98.076923,97.596154,96.955128,47.281713,98.076923,99.038462,93.108974,96.955128,47.213115,73.311897,73.633441,92.307692,27.964602,28.969957,64.552846,28.619529,58.699187,25.041736,85.04065,63.902439,63.577236,63.902439,63.577236,60.065466,84.552846,25.261324,24.100719,26.078799,37.166667,26.822917,24.866785,26.551724,24.295775,24.295775,27.256944,60.392799,63.739837,26.855124,26.491228,26.902655,28.571429,23.23049,26.829268,24.193548,24.193548,25.969646,25.969646,27.334465,29.9509,26,26.140351,26.079447,26.858108,29.545455,25.4,30.620985,28.440367,26.19469,31.418919,27.768313,25.240848,26.972477,25.359712,24.861878,26.203209,25.087719,25.99278,25.668449,27.171492,26.93032,27.145359,36.92053,29.400387,28.096118,21.937843,24.777184,26.401869,31.231231
NC_073175.1|YP_010746105.1_33|61-ENDaa,29.390681,28.828829,27.659574,31.777379,26.748252,28.54512,31.760436,31.568228,31.790744,27.468582,28.051002,31.034483,28.301887,31.790744,23.674912,28.673835,32.162662,97.75641,94.871795,96.955128,29.076621,93.429487,97.916667,94.391026,32.107023,32.231405,96.634615,94.391026,98.863636,91.185897,72.75641,73.311897,72.596154,73.472669,73.151125,38.867188,28.099174,93.429487,95.99359,47.463175,99.198718,100,94.871795,96.153846,95.833333,94.711538,94.391026,93.108974,95.673077,97.916667,97.75641,98.717949,98.237179,97.564935,97.916667,97.596154,97.596154,72.077922,98.076923,92.948718,93.236715,96.153846,93.429487,47.797716,95.99359,96.474359,96.474359,48.366013,73.151125,92.467949,94.230769,93.589744,96.314103,93.429487,95.352564,98.397436,97.435897,99.038462,93.910256,94.230769,29.151943,27.951389,27.491409,30.961538,34.188034,32.733224,98.717949,97.916667,97.596154,96.955128,47.281713,97.916667,98.397436,93.429487,97.435897,47.540984,73.151125,73.472669,92.307692,27.964602,29.741379,64.390244,28.355705,58.861789,24.875622,84.715447,63.739837,63.414634,63.739837,63.414634,60.229133,85.04065,25.43554,24.280576,26.022305,37.333333,26.822917,25.951557,26.37931,23.591549,23.591549,27.083333,60.556465,63.577236,26.713533,25.958188,26.678445,28.399312,22.202166,26.641651,24.193548,24.193548,25.969646,25.969646,27.334465,29.738562,25.270758,25.609756,26.643599,26.858108,29.9509,25.8,29.336188,28.256881,26.19469,31.418919,28.109029,24.951644,26.972477,25.359712,24.309392,26.381462,25.263158,24.770642,25.846702,26.948775,27.306968,27.54386,36.92053,29.400387,28.280961,21.755027,24.821429,25.934579,31.231231
NC_073176.1|YP_010746163.1_32|61-ENDaa,28.62254,29.078014,29.069767,30.434783,27.256637,29.067642,32.246377,29.961089,29.865125,28.62254,28.494624,30.653266,27.340824,30.11583,24.144144,30.286738,32.169118,95.352564,93.108974,93.589744,29.158513,90.544872,94.070513,93.108974,31.639344,31.518152,93.269231,94.230769,93.831169,91.987179,72.596154,72.435897,72.435897,72.596154,72.275641,37.5,28.194726,94.070513,94.711538,47.954173,94.230769,94.871795,100,95.512821,95.192308,94.551282,94.230769,93.429487,95.032051,93.589744,93.108974,94.391026,94.230769,93.668831,93.75,93.75,93.589744,71.915584,93.75,93.269231,93.719807,94.391026,94.230769,48.856209,94.230769,94.711538,96.153846,48.856209,72.275641,91.50641,93.429487,92.147436,94.711538,94.391026,93.589744,93.910256,93.910256,94.391026,93.910256,94.391026,29.508197,28.597122,28.985507,26.217228,31.423895,31.301483,94.391026,93.589744,94.551282,93.589744,47.854785,93.589744,93.75,95.192308,95.192308,47.868852,72.115385,72.596154,91.025641,28.363636,29.284165,64.227642,29.243697,59.674797,24.333333,83.577236,63.414634,63.089431,63.414634,63.089431,60.065466,83.089431,27.54386,26.268116,23.255814,37.5,27.034121,23.924269,27.16263,24.077329,24.077329,26.079447,60.392799,62.926829,24.448217,24.190801,25.641026,28.496503,24.677716,25.321101,24.329159,24.329159,26.98145,26.98145,28.353141,30.655738,24.731183,25.129983,25.645439,27.871622,30.491803,25.2,27.439024,27.911275,27.046263,33.333333,27.66323,25.531915,24.548736,23.843416,26.247689,28.871893,28.051002,25.539568,29.128015,25.052192,27.52809,26.315789,36.859504,27.533461,27.419355,25.237192,25.67325,25.442478,31.927711
NC_073178.1|YP_010746292.1_35|61-ENDaa,30.659537,28.900709,27.466151,33.395176,28.141593,28.153565,31.992687,30.291262,32.459677,27.289048,27.486438,30.114566,28.383459,32.66129,26.055046,29.21147,31.64794,96.474359,94.070513,94.551282,28.571429,90.865385,95.032051,94.711538,32.019704,31.118314,94.551282,95.99359,96.428571,92.467949,72.916667,72.435897,72.435897,72.916667,72.596154,39.26499,30.866808,94.711538,97.916667,48.445172,96.314103,96.153846,95.512821,100,99.519231,95.673077,95.352564,96.634615,94.230769,95.192308,94.551282,96.314103,95.99359,95.941558,96.314103,95.673077,95.512821,71.915584,95.673077,96.474359,94.202899,95.192308,94.070513,47.960848,94.871795,95.352564,97.596154,48.366013,72.435897,91.50641,93.429487,93.269231,96.474359,95.032051,94.871795,96.153846,95.673077,95.99359,95.833333,96.153846,28.980322,29.642857,27.54386,27.586207,32.236842,31.907895,96.153846,95.192308,95.673077,94.551282,47.775947,95.192308,95.99359,94.871795,95.99359,47.213115,72.115385,72.75641,92.307692,27.288732,30.257511,64.390244,29.194631,59.349593,23.432343,84.715447,63.902439,63.577236,63.902439,63.577236,60.229133,83.414634,26.352531,26.519337,25.454545,36.833333,27.807487,27.797203,25.636672,24.452555,24.452555,25.254237,60.556465,63.414634,26.010545,25.347222,26.352531,26.178862,24.538745,28.239845,24.236984,24.236984,26.13828,26.779661,26.949153,29.821718,27.106227,26.156584,26.325088,25.838926,29.821718,26.104418,26.680244,27.706422,25.087108,31.972789,27.700348,25.968992,25.68306,25,25.276753,26.47585,26.371681,26.90167,26.978417,26.638478,24.727273,25.773196,37.251656,28.16092,27.205882,22.962963,25.490196,26.823529,31.231231
NC_073179.1|YP_010746353.1_34|61-ENDaa,29.003559,28.546099,27.466151,33.395176,27.964602,27.97075,31.992687,30.291262,32.459677,27.240143,27.617329,30.114566,28.383459,32.66129,26.055046,29.390681,31.460674,96.314103,93.75,94.230769,28.767123,91.025641,94.871795,94.230769,32.183908,31.118314,94.230769,96.314103,96.103896,92.628205,72.75641,72.275641,72.275641,72.75641,72.435897,39.26499,30.443975,94.551282,97.435897,48.608838,95.99359,95.833333,95.192308,99.519231,100,95.99359,95.673077,96.314103,93.910256,94.871795,94.871795,95.99359,95.673077,95.616883,95.99359,95.352564,95.192308,71.753247,95.352564,96.153846,94.68599,94.871795,94.391026,48.12398,94.551282,95.032051,97.435897,48.529412,72.275641,91.185897,93.108974,92.948718,96.153846,94.871795,94.551282,95.99359,95.352564,95.673077,96.314103,96.474359,29.159213,29.821429,27.719298,29.821074,32.401316,32.072368,95.833333,94.871795,95.352564,94.230769,48.105437,94.871795,95.833333,94.551282,95.673077,47.377049,71.955128,72.596154,92.147436,28.31216,30.257511,64.227642,29.243697,59.512195,24.292845,84.715447,64.065041,63.739837,64.065041,63.739837,60.229133,83.414634,26.655052,26.703499,24.909747,37,27.733333,26.010545,24.873096,24.452555,24.452555,23.80137,60.556465,63.577236,26.010545,25.347222,26.352531,29.827586,24.538745,28.239845,24.236984,24.236984,25.632378,26.271186,26.610169,29.983793,27.106227,26.33452,26.501767,25.503356,29.983793,26.104418,26.680244,27.706422,25.261324,31.632653,28.546099,25.968992,26.142596,25.451264,25.092251,29.807692,26.19469,27.087199,25.528169,27.061311,24.545455,26.724138,37.251656,28.16092,27.205882,23.148148,27.636364,26.292135,31.231231
NC_073181.1|YP_010746472.1_34|61-ENDaa,29.173989,28.241563,27.184466,31.418312,26.77305,28.492647,34.011091,30.664063,31.558185,27.289048,27.338129,31.103679,28.462998,31.702544,26.383764,28.063943,30.769231,95.192308,93.589744,94.391026,29.330709,91.666667,93.429487,92.788462,31.219512,31.674959,93.75,98.397436,93.831169,92.948718,73.237179,73.557692,73.557692,73.397436,72.916667,37.898687,29.674797,95.99359,95.833333,47.463175,94.230769,94.711538,94.551282,95.673077,95.99359,100,99.679487,95.512821,93.108974,94.391026,95.352564,94.711538,94.391026,94.480519,94.230769,94.391026,94.391026,72.727273,94.551282,95.352564,96.859903,93.910256,96.474359,48.772504,93.75,94.230769,97.275641,49.093904,72.916667,92.467949,93.269231,93.589744,96.314103,95.833333,93.108974,93.589744,94.391026,94.230769,98.557692,99.198718,28.521127,28.233151,28.057554,26.923077,31.751227,31.382114,94.711538,94.391026,93.75,94.391026,47.281713,94.391026,93.75,95.352564,94.871795,47.299509,73.076923,73.237179,92.307692,26.444834,27.474747,65.04065,28.052805,59.837398,25.249169,84.715447,64.390244,64.065041,64.390244,64.065041,59.9018,83.902439,27.48227,26.363636,24.500907,39.003436,27.659574,25.577265,27.194492,24.021352,24.021352,27.194492,60.229133,63.902439,25.085911,25.127334,25.426621,25.785124,23.948812,28.214971,24.77396,24.77396,25.969646,25.969646,26.13828,30.307942,24.074074,26.19863,25.913043,25.671141,30.470016,25.502008,30.021142,26.630435,26.80776,31.756757,28.268551,26.824458,25.046041,24.456522,24.814815,26.428571,27.868852,24.014337,28.153565,29.867257,25.045372,26.325088,37.024793,28.971963,25.045045,24.394786,26.164875,27.251732,29.819277
NC_073182.1|YP_010746529.1_33|61-ENDaa,29.173989,28.241563,27.184466,31.238779,27.12766,28.492647,33.826248,30.664063,31.558185,27.109515,27.158273,31.103679,29.389313,31.702544,26.383764,27.886323,30.586081,94.871795,93.269231,94.230769,29.330709,91.346154,93.108974,92.467949,31.219512,31.674959,94.070513,98.717949,93.506494,92.628205,72.916667,73.878205,73.878205,73.076923,73.237179,37.523452,29.674797,95.673077,95.512821,47.135843,93.910256,94.391026,94.230769,95.352564,95.673077,99.679487,100,95.192308,92.788462,94.070513,95.032051,94.391026,94.070513,94.805195,93.910256,94.711538,94.551282,73.051948,94.871795,95.032051,96.376812,93.589744,96.153846,48.445172,93.429487,93.910256,96.955128,48.764415,72.596154,92.788462,92.948718,93.269231,96.634615,95.512821,92.788462,93.269231,94.070513,93.910256,98.237179,98.878205,28.521127,28.233151,28.057554,26.937984,31.751227,31.382114,94.391026,94.070513,93.429487,94.230769,46.952224,94.070513,93.429487,95.032051,94.551282,46.972177,73.397436,72.916667,91.987179,25.82897,27.070707,65.04065,27.887789,59.674797,25.083056,84.390244,64.390244,64.065041,64.390244,64.065041,59.9018,83.902439,27.12766,26.181818,24.319419,38.831615,27.393617,26.363636,27.194492,23.843416,23.843416,27.194492,60.229133,63.902439,25.257732,25.297114,25.59727,25.454545,23.765996,27.831094,24.593128,24.593128,25.801012,25.801012,25.969646,30.307942,23.888889,26.369863,25.565217,25.503356,30.470016,25.301205,30.021142,26.630435,26.80776,31.756757,28.34507,26.534653,25.046041,24.637681,24.814815,26.071429,27.787934,26.111111,28.33638,29.646018,24.863884,26.14841,37.024793,28.971963,24.864865,23.941068,25.985663,27.713626,30.421687
NC_073183.1|YP_010746573.1_20|61-ENDaa,31.071429,29.21147,30.980392,30.341113,27.949183,28.308824,31.25,30.859375,32.871287,26.978417,27.289048,30.508475,29.19708,30.426357,26.055046,28.801431,31.123389,94.070513,91.987179,92.788462,28.849903,89.102564,92.628205,92.307692,32.994924,33.161512,92.147436,95.99359,93.506494,91.826923,74.839744,74.358974,74.198718,74.839744,74.519231,38.301887,26.862745,97.115385,95.352564,47.790507,93.269231,93.108974,93.429487,96.634615,96.314103,95.512821,95.192308,100,92.147436,92.467949,91.987179,93.589744,93.589744,93.344156,94.230769,92.948718,92.948718,74.025974,93.269231,99.839744,92.512077,92.788462,92.948718,47.954173,93.108974,92.948718,96.474359,48.434926,74.358974,89.74359,91.50641,91.50641,94.711538,97.75641,93.429487,93.108974,93.910256,93.269231,95.99359,95.673077,27.923211,27.927928,28.495575,25.81262,32.941176,33.055092,93.75,92.467949,92.628205,92.788462,47.116969,92.467949,93.108974,93.910256,93.589744,46.644845,74.038462,74.679487,90.865385,26.010545,28.333333,66.178862,28.476821,60.325203,24.584718,84.390244,64.878049,64.552846,64.878049,64.552846,59.574468,83.739837,27.160494,26.134301,24.863884,38.831615,27.762803,28.218695,26.14601,23.518851,23.518851,27.902946,59.9018,64.390244,25.13181,25.865209,25.30541,25.566343,22.743682,28.433269,25.090253,25.090253,26.791809,26.746167,26.916525,30.307942,25.359712,25.44484,26.725664,26.485569,30.307942,25.100402,26.252505,26.545455,25.609756,29.794521,28.141593,25.540275,26.352531,25.783972,24.590164,25.139665,27.272727,24.428822,28.096118,28.982301,24.954128,27.48227,37.190083,27.985075,25.966851,24.354244,24.777184,27.437642,28.828829
NC_073184.1|YP_010746638.1_28|61-ENDaa,28.747795,29.347826,28.185328,30.46595,27.208481,28.518519,33.699634,31.376518,31.25,28.366248,28.725314,31.353135,27.39212,31.790744,27.663551,29.359431,30.481283,95.673077,92.948718,95.833333,28.515625,91.826923,94.551282,93.75,33.165829,31.893688,93.589744,93.429487,94.967532,90.224359,72.115385,72.990354,72.275641,72.829582,72.508039,38.167939,30.252101,93.108974,95.032051,47.626841,95.352564,95.673077,95.032051,94.230769,93.910256,93.108974,92.788462,92.147436,100,94.391026,94.551282,95.352564,95.512821,94.642857,94.871795,94.551282,94.551282,71.590909,95.032051,91.987179,91.304348,94.871795,91.987179,48.529412,94.711538,95.192308,94.871795,48.69281,72.508039,91.666667,94.551282,92.467949,94.711538,93.269231,93.589744,94.711538,94.711538,95.352564,92.467949,92.628205,26.876091,28.44523,27.894737,24.953096,31.423895,32.721202,95.673077,94.391026,95.192308,95.833333,47.689769,94.391026,94.711538,95.352564,96.314103,47.790507,72.829582,72.829582,91.346154,28.440367,28.969957,63.902439,28.619529,58.699187,28.163993,84.390244,63.089431,62.764228,63.089431,62.764228,59.9018,83.252033,27.112676,26.545455,24.504505,36.877076,26.861702,24.054983,26.14601,24.677716,24.677716,25.473322,60.229133,62.926829,23.883162,26.26087,23.7691,27.824621,21.314387,24.545455,25.952813,25.952813,27.164686,27.164686,27.504244,30.441899,26.047359,26.26087,25.510204,26.858108,30.194805,25.502008,26.190476,28.465804,27.046263,33.108108,28.952043,24.184261,24.55516,24.511545,25.693161,26.203209,28.209765,24.035088,28.860294,25.708061,23.679417,26.551724,37.024793,28.113208,28.54512,25.708885,25.719424,30.382775,31.927711
NC_073185.1|YP_010746671.1_2|61-ENDaa,31.521739,29.516995,28.00789,30.535714,26.816609,29.62963,32.058288,31.97556,31.526104,26.868327,27.797834,30.578512,27.924528,31.790744,23.571429,27.164686,31.549815,95.99359,94.871795,96.474359,30.4,93.429487,97.115385,94.551282,32.392027,32.006633,96.794872,93.589744,97.727273,90.705128,72.435897,73.151125,72.435897,73.311897,72.990354,37.858509,28.92562,92.948718,94.871795,47.299509,98.076923,97.916667,93.589744,95.192308,94.871795,94.391026,94.070513,92.467949,94.391026,100,96.314103,98.397436,97.435897,97.077922,97.115385,97.435897,97.275641,71.753247,97.75641,92.307692,93.236715,95.99359,93.269231,48.52459,95.192308,95.673077,95.032051,48.196721,73.472669,91.987179,93.269231,93.910256,95.192308,92.628205,94.871795,97.435897,96.474359,98.076923,93.269231,93.910256,28.151986,28.970332,27.8157,27.203065,32.441472,32.463295,97.115385,100,96.794872,96.474359,48.178808,100,97.435897,93.108974,95.833333,48.190789,72.829582,73.633441,92.147436,27.256637,27.198364,64.227642,28.956229,58.861789,25.083612,84.065041,63.414634,63.089431,63.414634,63.089431,59.9018,84.065041,25.565217,28.360958,27.134725,37.166667,28.074866,25.880282,26.850258,23.885918,23.885918,27.556326,60.229133,63.252033,26.415094,26.870748,24.829932,28.253425,22.826087,29.01354,24.242424,24.242424,25.167785,25.167785,26.13828,29.787234,26.642336,26.369863,24.872232,26.858108,29.478827,26.219512,31.101512,27.422303,25.749559,32.312925,27.380952,24.855491,25.825243,25.825243,25.274725,26.438849,26.19469,25.740741,26.618705,28.442438,23.11828,26.573427,37.190083,29.501916,29.566855,23.333333,24.347826,26.340326,29.041916
NC_073186.1|YP_010746740.1_28|61-ENDaa,29.874776,28.877005,28.880157,31.956912,25.263158,28.703704,32.123412,31.771894,33.201581,28.214286,28.442029,31.301483,27.599244,33.061224,23.561151,28.494624,30.909091,95.833333,94.551282,95.032051,30.139721,94.391026,95.99359,94.070513,32.119205,32.504146,95.192308,95.032051,96.590909,91.666667,72.115385,72.829582,72.115385,72.990354,72.508039,40.275049,28.282828,92.948718,94.711538,47.222222,97.115385,97.75641,93.108974,94.551282,94.871795,95.352564,95.032051,91.987179,94.551282,96.314103,100,96.794872,96.474359,96.103896,95.99359,96.153846,95.99359,71.428571,96.474359,91.826923,96.135266,95.192308,94.551282,47.634584,95.032051,95.512821,94.551282,48.366013,72.508039,92.788462,93.910256,94.230769,94.070513,92.948718,94.391026,96.474359,95.833333,96.794872,94.711538,94.871795,28.076256,28.200692,27.739726,27.938343,32.721202,32.786885,96.474359,96.314103,95.99359,95.032051,47.281713,96.314103,96.474359,92.788462,95.192308,47.377049,72.508039,72.829582,92.948718,27.240143,27.5154,63.902439,28.026534,59.02439,24.916944,84.715447,63.902439,63.577236,63.902439,63.577236,59.9018,85.365854,26.998224,23.741007,25.641026,36.833333,27.012987,26.889279,24.662162,23.351159,23.351159,25.609756,60.229133,63.739837,26.444834,26.37931,25.528169,28.846154,20.959147,27.78828,24.642857,24.642857,27.303754,27.303754,28.522337,30.228758,24.59893,25.520833,25.641026,27.843803,29.738562,26.760563,30.620985,27.605119,27.224199,29.194631,28.546099,25.047801,25.13369,25.44484,25.323475,25.812274,24.738676,26.159555,25,27.272727,23.956443,25.913043,36.92053,30.291262,27.787934,23.518519,27.239488,27.816092,32.831325
NC_073187.1|YP_010746794.1_22|61-ENDaa,29.609929,29.46593,29.076621,31.238779,28.774423,29.259259,33.395176,31.160896,31.38833,27.191413,28.545455,31.291391,28.113208,31.38833,23.321555,28.673835,31.734317,97.115385,95.032051,96.314103,29.527559,93.75,96.955128,94.871795,32.724252,33.001658,96.634615,94.391026,98.376623,91.025641,72.596154,73.311897,72.596154,73.472669,73.151125,38.314176,28.719008,93.75,95.99359,46.808511,98.557692,98.717949,94.391026,96.314103,95.99359,94.711538,94.391026,93.589744,95.352564,98.397436,96.794872,100,97.75641,97.402597,97.75641,97.75641,97.916667,71.915584,98.397436,93.429487,93.236715,96.794872,93.269231,47.875817,95.99359,96.474359,96.153846,47.54902,73.633441,92.307692,93.910256,94.871795,96.314103,93.429487,95.673077,98.076923,97.115385,98.717949,93.910256,94.230769,28.298611,28.395062,28.998243,31.153846,32.5,32.843137,98.717949,98.397436,96.634615,96.314103,47.524752,98.397436,97.75641,93.75,97.115385,47.868852,72.990354,73.954984,92.788462,28.545455,29.956897,64.390244,28.81072,59.349593,24.916388,85.04065,64.227642,63.902439,64.227642,63.902439,60.065466,84.390244,25.609756,26.268116,26.454034,36.833333,28.074866,25.951557,24.620573,24.295775,24.295775,26.655052,60.392799,64.065041,25.30541,25,25.172414,25.827815,23.161765,28.957529,25,25,25.420875,25.420875,26.779661,29.901961,25.589837,24.655172,24.573379,26.306914,30.114566,25.2,28.15735,27.889908,26.654741,31.632653,27.210884,25.240848,24.100719,24.100719,24.677716,27.204503,25.795053,23.626374,26.211849,27.578475,23.869801,27.079646,36.528926,28.651685,28.096118,21.818182,23.867596,26.107226,29.041916
NC_073188.1|YP_010746878.1_52|61-ENDaa,30.714286,28.649635,29.377432,31.294964,27.385159,27.536232,32.240437,31.632653,31.854839,27.949183,26.795096,31.848185,28.544423,31.854839,26.055046,26.767677,32.103321,97.275641,94.070513,96.794872,30.120482,92.467949,97.435897,94.070513,33.333333,32.843137,96.794872,94.391026,97.88961,90.705128,72.596154,73.151125,72.435897,73.311897,72.990354,38.697318,28.305785,93.269231,95.833333,48.190789,98.397436,98.237179,94.230769,95.99359,95.673077,94.391026,94.070513,93.589744,95.512821,97.435897,96.474359,97.75641,100,98.214286,98.237179,97.916667,97.275641,71.915584,98.076923,93.429487,93.236715,95.512821,92.467949,49.09688,95.352564,95.833333,96.314103,48.529412,72.990354,91.987179,93.910256,93.269231,95.833333,93.269231,95.032051,97.75641,97.916667,98.397436,94.070513,93.910256,29.173989,27.902946,27.863248,25.140713,33.114754,32.843137,98.397436,97.435897,97.275641,96.794872,47.524752,97.435897,97.916667,93.108974,96.794872,47.135843,72.990354,73.311897,91.826923,27.336861,29.184549,64.552846,28.787879,58.861789,25.333333,84.715447,63.577236,63.252033,63.577236,63.252033,60.065466,85.203252,26.00349,26.238532,26.35514,37.688442,26.5625,26.086957,28.347826,24.064171,24.064171,27.33564,60.392799,63.414634,26.444834,27.256944,25.173611,28.183362,23.540146,27.204503,24.416517,24.416517,26.13828,26.13828,26.306914,30.032468,27.407407,25.964912,25.432526,25.838926,30.194805,24.8,32.236842,28.492647,26.269702,31.418919,26.883562,25.838264,27.985075,26.325411,25.046041,25.668449,26.371681,24.777184,26.978417,24.375,26.879699,26.30662,36.859504,29.310345,28.200371,21.978022,25.222025,26.530612,27.083333
NC_073189.1|YP_010746943.1_51|61-ENDaa,29.528986,28.856624,27.165354,32.956685,27.45098,27.272727,30.939227,31.469979,31.069959,26.401447,26.134301,30.354132,28.16092,31.697342,25.842697,26.333907,31.00189,96.915584,93.993506,96.266234,29.918033,92.37013,96.428571,93.993506,31.879195,31.658291,97.077922,94.805195,97.24026,90.422078,72.077922,73.615635,72.88961,72.964169,73.127036,38.722555,26.4,93.019481,95.779221,45.936982,97.727273,97.564935,93.668831,95.941558,95.616883,94.480519,94.805195,93.344156,94.642857,97.077922,96.103896,97.402597,98.214286,100,97.727273,99.512987,98.538961,72.727273,99.025974,93.181818,93.596059,95.12987,92.694805,46.61157,94.967532,95.454545,95.616883,46.854305,72.47557,93.019481,93.506494,93.181818,96.266234,92.857143,94.642857,97.402597,97.24026,97.402597,94.155844,93.831169,27.845884,27.447552,27.508651,26.459144,32.318105,32.10084,97.727273,97.077922,96.753247,96.266234,46.076795,97.077922,97.402597,93.019481,96.103896,45.364238,73.615635,72.801303,92.207792,26.713533,28.755365,64.918033,28.547297,59.508197,24.414716,85.245902,64.42623,64.098361,64.42623,64.098361,60.561056,85.901639,25.47993,24,25.776965,36.806723,26.470588,23.920863,27.943761,24.440299,24.440299,27.943761,60.891089,64.262295,25.347222,25.728988,23.965517,29.144852,23.260073,26.996198,24.680073,24.680073,26.020408,25.680272,25.85034,29.934211,26.470588,24.870466,26.241135,25.71912,30.13245,24.897959,27.234927,27.522936,26.465364,32.881356,27.054795,23.921569,26.530612,26.530612,25.794393,27.552987,25.088339,24.150268,26.079137,27.334852,26.538462,26.702509,38.151261,27.255278,28.195489,23.062731,25.223614,27.640449,30.33033
NC_073190.1|YP_010747008.1_54|61-ENDaa,31.283906,28.33935,29.514563,31.238779,28.723404,28.153565,31.261426,30.753564,30.985915,26.833631,27.697842,31.456954,28.113208,30.985915,25.091575,28.520499,31.784387,97.275641,95.032051,96.153846,29.133858,93.108974,96.474359,94.871795,33.333333,33.606557,95.833333,94.230769,98.538961,90.705128,72.75641,73.311897,72.596154,73.472669,73.472669,36.261682,28.512397,93.269231,95.512821,47.626841,98.237179,97.916667,93.75,96.314103,95.99359,94.230769,93.910256,94.230769,94.871795,97.115385,95.99359,97.75641,98.237179,97.727273,100,97.596154,97.75641,72.24026,98.237179,94.070513,92.995169,96.153846,92.948718,47.875817,95.833333,96.314103,95.99359,47.875817,73.311897,92.467949,94.391026,94.230769,95.833333,93.269231,96.153846,97.275641,97.275641,98.237179,93.429487,93.75,28.798587,27.700348,26.837607,28.627451,33.661741,33.006536,98.878205,97.115385,96.153846,96.153846,47.029703,97.115385,97.596154,93.108974,96.955128,46.808511,73.151125,73.633441,93.429487,26.93662,26.639344,64.878049,28.787879,59.349593,25.250836,85.691057,64.552846,64.227642,64.552846,64.227642,60.556465,85.365854,24.567474,27.962963,26.443203,37,27.272727,23.4375,28.298611,24.59893,24.59893,28.04878,60.883797,64.227642,26.970228,27.478261,25.565217,26.54424,21.480144,27.016886,24.236984,24.236984,25.844595,25.801012,25.969646,29.918699,26.593807,26.186292,25.259516,25.546218,29.918699,25.2,27.160494,27.372263,26.232394,34.020619,26.712329,25.918762,27.490775,25.858951,24.861878,26.118068,26.19469,25.493716,26.798561,26.726058,25.612053,26.690391,36.694215,29.310345,28.171642,22.303473,25,26.635514,27.844311
NC_073191.1|YP_010747044.1_22|61-ENDaa,30.797101,29.338104,27.416174,32.777778,27.036395,27.787934,31.397459,31.97556,32.193159,26.164875,26.296959,31.490787,28.490566,32.193159,26.568266,26.994907,31.471136,96.634615,94.070513,95.99359,30.923695,92.788462,96.474359,94.070513,32.392027,32.006633,97.596154,94.711538,97.402597,90.384615,72.115385,73.794212,73.076923,72.990354,73.151125,37.931034,26.771654,92.788462,95.512821,46.481178,97.75641,97.596154,93.75,95.673077,95.352564,94.391026,94.711538,92.948718,94.551282,97.435897,96.153846,97.75641,97.916667,99.512987,97.596154,100,99.038462,72.564935,99.038462,92.788462,93.478261,95.192308,93.108974,47.712418,95.032051,95.512821,95.352564,47.385621,72.508039,93.269231,93.269231,93.589744,96.153846,92.628205,94.711538,97.435897,96.794872,97.75641,94.070513,93.589744,28.497409,28.571429,29.173989,27.203065,32.387312,32.231405,97.75641,97.435897,96.474359,95.99359,46.69967,97.435897,97.275641,92.788462,95.833333,46.721311,73.794212,72.829582,92.147436,26.00349,28.540773,64.390244,28.475712,59.02439,24.750831,84.552846,64.227642,63.902439,64.227642,63.902439,60.229133,85.203252,24.655172,27.440147,25.68306,36.666667,26.302083,23.93617,27.633851,24.225865,24.225865,27.729636,60.556465,64.065041,25.085324,25.762712,23.728814,28.253425,22.563177,26.59176,23.885918,23.885918,25.506757,25.506757,26.870748,29.9509,27.54159,24.914676,25.259516,26.395939,29.153094,25.813008,27.104723,28.228782,25.925926,32.77027,25.976231,25,24.635036,24.635036,26.190476,26.829268,26.110124,24.955437,26.978417,27.802691,26.565465,26.325088,36.859504,28.927203,28.096118,22.120658,24.43281,26.401869,28.742515
NC_073192.1|YP_010747091.1_2|61-ENDaa,30.978261,29.516995,26.601942,31.418312,27.256944,27.624309,30.490018,30.95723,31.187123,26.071429,26.642984,31.764706,27.322404,27.188082,25.321101,26.994907,30.570902,96.314103,94.070513,96.153846,29.644269,92.948718,96.153846,93.910256,32.608696,31.946755,97.115385,94.551282,97.564935,90.544872,72.275641,73.794212,73.076923,73.151125,73.151125,37.142857,26.771654,92.948718,95.512821,46.481178,97.916667,97.596154,93.589744,95.512821,95.192308,94.391026,94.551282,92.948718,94.551282,97.275641,95.99359,97.916667,97.275641,98.538961,97.75641,99.038462,100,72.564935,99.038462,92.788462,93.236715,95.352564,93.108974,47.712418,95.192308,95.673077,95.192308,47.385621,72.66881,92.948718,93.429487,93.75,96.153846,92.948718,95.032051,97.275641,96.474359,97.916667,93.910256,93.589744,28.472222,28.521739,27.958834,27.220077,32,32.612313,97.916667,97.275641,96.153846,96.153846,46.69967,97.275641,97.596154,92.948718,95.99359,46.721311,73.794212,72.990354,92.147436,25.958188,27.755102,64.552846,28.308208,59.02439,25.297114,84.715447,64.390244,64.065041,64.390244,64.065041,60.229133,84.878049,24.869565,27.440147,26.256983,36.666667,25.78125,24.866785,27.46114,24.590164,24.590164,27.556326,60.556465,64.227642,25.767918,26.271186,24.40678,27.910959,21.841155,25.607477,23.707665,23.707665,25.29511,25.29511,25.463744,29.87013,27.592593,25.59727,24.612737,25,30.163934,25.813008,26.639344,26.750449,25.925926,33.220339,28.44523,25.896414,24.817518,24.817518,25.046041,26.079137,26.110124,23.540146,26.798561,26.797386,25.612053,26.573427,36.859504,29.118774,27.911275,23.005566,24.119718,25.934579,29.94012
NC_073193.1|YP_010747158.1_1|61-ENDaa,30.32491,28.676471,26.796117,30.330882,25.735294,28.816794,28.798587,27.724665,30.616302,27.207207,28.073394,27.666667,28.598848,30.417495,26.579926,28.342246,25.892857,72.077922,71.590909,73.214286,23.908918,71.266234,71.266234,71.428571,31.918506,30.102041,71.428571,73.538961,71.753247,73.376623,98.701299,98.701299,98.701299,98.051948,99.025974,33.333333,27.607362,75.162338,71.753247,46.218487,72.24026,72.077922,71.915584,71.915584,71.753247,72.727273,73.051948,74.025974,71.590909,71.753247,71.428571,71.915584,71.915584,72.727273,72.24026,72.564935,72.564935,100,73.051948,73.863636,73.891626,72.564935,73.051948,47.342193,73.051948,72.88961,73.051948,47.731092,98.051948,71.753247,72.727273,71.753247,73.701299,75.324675,72.564935,71.753247,72.564935,72.24026,71.915584,72.564935,26.950355,27.079646,27.777778,26.019417,31.516184,30.236486,72.402597,71.753247,71.753247,73.214286,45.652174,71.753247,71.915584,73.214286,72.564935,47.009967,99.837662,98.051948,70.454545,24.780316,25.465839,90.819672,27.843803,74.098361,24.496644,65.901639,79.016393,78.360656,78.688525,79.180328,57.425743,66.557377,25.13089,26.110124,26.704545,37.458194,25.675676,23.063683,25.569177,20.738137,20.738137,24.914089,57.590759,78.688525,25.520833,25.834798,26.132404,25.420875,23.756906,24.581006,24.043716,24.043716,26.079447,25.734024,25.734024,31.527094,26.401447,25.82897,28.952043,26.079447,30.706076,28.629857,27.329193,25.912409,27.090909,29.692833,26.405451,25.6917,27.703985,27.703985,26.981132,26.915888,27.134725,27.938343,27.977316,25,26.213592,22.279793,39.593909,28.857715,27.022059,27.255278,25.985663,26.966292,31.212121
NC_073194.1|YP_010747278.1_59|61-ENDaa,30.74141,29.516995,27.745665,31.238779,29.026549,28.125,31.51184,31.568228,31.790744,26.344086,27.207207,31.788079,28.867925,31.790744,25.87156,27.164686,31.549815,96.794872,94.551282,96.794872,29.841897,93.429487,96.634615,94.391026,32.55814,32.835821,97.275641,94.871795,97.88961,90.705128,72.75641,74.115756,73.397436,73.633441,73.794212,37.333333,28.305785,93.269231,95.512821,46.644845,98.397436,98.076923,93.75,95.673077,95.352564,94.551282,94.871795,93.269231,95.032051,97.75641,96.474359,98.397436,98.076923,99.025974,98.237179,99.038462,99.038462,73.051948,100,93.108974,93.478261,95.833333,93.269231,47.875817,95.673077,96.153846,95.673077,47.54902,73.151125,93.269231,93.910256,93.910256,96.474359,93.269231,95.352564,97.75641,97.275641,98.397436,93.75,94.070513,28.472222,29.122807,28.998243,26.045627,33.277592,32.843137,98.397436,97.75641,96.634615,96.794872,46.864686,97.75641,97.75641,93.429487,96.474359,46.808511,74.115756,73.472669,92.628205,25.91944,28.755365,64.878049,28.475712,59.349593,25.083612,85.04065,64.715447,64.390244,64.715447,64.390244,60.556465,85.203252,24.869565,27.54159,25.981308,36.666667,26.302083,24.866785,27.068966,24.242424,24.242424,27.604167,60.883797,64.552846,26.072041,27.368421,24.829932,25.827815,23.518519,25.981308,23.707665,23.707665,25.675676,25.671141,25.838926,29.707792,27.171904,25.856164,24.268503,25.378151,29.220779,25.203252,27.892562,27.189781,26.186292,30.536913,26.530612,24.329502,23.877917,23.877917,25.046041,25.899281,26.110124,23.315118,26.978417,27.802691,26.565465,26.325088,36.859504,29.310345,27.54159,22.303473,24.955752,26.401869,29.041916
NC_073195.1|YP_010747311.1_32|61-ENDaa,30.195382,28.853047,29.549902,30.341113,25.800712,28.308824,31.25,31.25,32.34714,26.929982,27.240143,29.765886,29.272727,30.813953,26.055046,28.801431,32.827324,93.910256,91.987179,92.628205,29.044834,88.942308,92.467949,92.147436,32.994924,33.161512,91.987179,95.833333,93.344156,91.666667,74.679487,74.198718,74.038462,74.679487,74.358974,38.301887,26.862745,97.115385,95.192308,47.790507,93.108974,92.948718,93.269231,96.474359,96.153846,95.352564,95.032051,99.839744,91.987179,92.307692,91.826923,93.429487,93.429487,93.181818,94.070513,92.788462,92.788462,73.863636,93.108974,100,92.270531,92.628205,92.788462,47.954173,92.948718,92.788462,96.314103,48.434926,74.198718,89.583333,91.346154,91.346154,94.551282,97.596154,93.269231,92.948718,93.75,93.108974,95.833333,95.512821,28.097731,28.108108,28.186715,25.81262,32.941176,33.055092,93.589744,92.307692,92.467949,92.628205,47.116969,92.307692,92.948718,93.75,93.429487,46.644845,73.878205,74.519231,90.705128,26.186292,27.104723,66.01626,28.476821,60.162602,24.584718,84.227642,64.715447,64.390244,64.715447,64.390244,59.574468,83.577236,27.160494,26.134301,24.593128,39.003436,27.762803,28.395062,25.378151,23.518851,23.518851,27.902946,59.9018,64.227642,25.13181,25.818182,25.30541,25.728155,22.743682,28.433269,25.090253,25.090253,26.962457,26.916525,27.086882,30.470016,25.405405,25.399645,26.725664,26.655348,30.470016,25.100402,26.252505,26.545455,25.609756,29.794521,28.141593,26.138614,26.666667,26.666667,24.590164,25.22686,27.454545,25.092251,28.280961,28.982301,24.954128,27.48227,37.355372,28.759398,25.966851,24.169742,24.777184,27.437642,29.129129
NC_073196.1|YP_010747348.1_1|61-ENDaa,34.739454,34.005038,30.886076,36.22449,28.358209,31.719128,37.121212,30.102041,31.29771,31.707317,31.407035,34.739454,30.102041,30.126582,29.382716,33.333333,34.924623,93.719807,92.753623,92.512077,29.336735,93.236715,92.995169,92.753623,35.92233,34.951456,92.995169,95.89372,92.364532,94.927536,75.362319,75.120773,74.637681,75.845411,74.879227,44.117647,30.788804,93.478261,93.478261,58.476658,93.236715,93.236715,93.719807,94.202899,94.68599,96.859903,96.376812,92.512077,91.304348,93.236715,96.135266,93.236715,93.236715,93.596059,92.995169,93.478261,93.236715,73.891626,93.478261,92.270531,100,93.719807,96.859903,59.459459,93.719807,94.202899,94.927536,58.722359,75.120773,93.719807,94.68599,94.68599,92.995169,93.719807,93.236715,92.995169,93.236715,93.236715,96.618357,96.618357,33.502538,33.084577,32.493703,30.867347,35.04902,34.549878,93.478261,93.236715,93.478261,92.512077,58.230958,93.236715,92.995169,93.719807,92.995169,58.230958,74.637681,75.362319,94.202899,30.279898,22.857143,62.469136,32.835821,61.481481,30.19802,81.234568,60.987654,60.740741,61.234568,61.234568,60.794045,80,29.792746,31.155779,30.808081,42.676768,23.20442,28.501229,27.182045,27.901235,27.901235,28.678304,60.794045,60.987654,30.769231,28.148148,29.722922,31.829574,24.257426,26.97201,26.633166,26.633166,29.353234,29.353234,29.353234,35.2657,27.735369,27.272727,31.513648,29.353234,34.299517,26.262626,30.102041,29.367089,29.620253,28.472222,32.994924,28.533333,26.932668,26.932668,30.749354,28.780488,31.688312,25.552826,31.070496,24.281984,27.819549,31.139241,43.640898,33.160622,28.465347,27.027027,31.670823,26.702997,29.411765
NC_073197.1|YP_010747414.1_2|61-ENDaa,29.876977,28.519856,27.466151,31.294964,27.079646,28.057554,31.675875,31.137725,30.79922,27.678571,28.035714,30.213465,27.306968,31.11546,25.321101,29.768271,30.597015,96.794872,96.474359,95.192308,28.767123,93.429487,94.551282,97.275641,32.626427,32.247557,93.910256,93.910256,95.616883,92.467949,73.237179,73.076923,73.076923,73.237179,73.076923,39.147287,28.92562,94.230769,94.551282,47.299509,95.99359,96.153846,94.391026,95.192308,94.871795,93.910256,93.589744,92.788462,94.871795,95.99359,95.192308,96.794872,95.512821,95.12987,96.153846,95.192308,95.352564,72.564935,95.833333,92.628205,93.719807,100,94.070513,48.366013,99.198718,99.679487,95.352564,48.039216,73.557692,93.108974,95.032051,94.711538,95.512821,93.910256,96.474359,95.352564,95.352564,95.99359,93.108974,93.429487,27.592267,28.621908,29.225352,28.571429,32.300163,32.843137,96.474359,95.99359,94.551282,95.192308,48.019802,95.99359,95.352564,93.75,97.435897,48.281506,72.75641,73.878205,93.269231,26.785714,27.93177,64.878049,30.016863,59.512195,24.58194,85.853659,64.065041,63.739837,64.065041,63.739837,60.392799,84.878049,26.048951,26.156584,26.365348,36.650083,26.273458,25.773196,25.083612,24.954463,24.954463,25.958188,60.720131,63.739837,24.612737,25.680272,25.299145,26.633166,20.577617,28.046422,24.468085,24.468085,25.628141,25.628141,25.795645,30.769231,26.727273,26.736111,24.573379,25.795645,29.9509,25,27.178423,27.256318,26.287744,31.683168,28.546713,25.531915,24.368231,22.968198,26.679104,25.645756,26.203209,26.530612,26.630435,27.789934,25.046729,27.433628,37.251656,28.326996,28.759398,23.518519,26.678766,28.375286,31.831832
NC_073198.1|YP_010747527.1_55|61-ENDaa,29.62298,28.673835,29.296875,31.971581,25.886525,29.499072,32.293578,30.604288,32.621359,26.690391,27.109515,32.1489,27.683616,30.813953,27.239488,27.531083,31.123389,93.429487,93.75,92.948718,29.38856,92.628205,91.987179,92.948718,30.2589,30.971993,92.467949,94.871795,92.532468,94.230769,73.717949,73.717949,73.717949,73.878205,73.397436,37.827715,30.184805,94.230769,93.910256,47.135843,93.108974,93.429487,94.230769,94.070513,94.391026,96.474359,96.153846,92.948718,91.987179,93.269231,94.551282,93.269231,92.467949,92.694805,92.948718,93.108974,93.108974,73.051948,93.269231,92.788462,96.859903,94.070513,100,48.366013,93.910256,94.391026,94.391026,48.039216,73.397436,91.346154,92.628205,93.108974,93.269231,94.551282,92.628205,92.467949,92.147436,93.108974,95.032051,96.314103,30.727273,27.670753,28.44523,26.990291,30.29316,32.284768,93.269231,93.269231,92.628205,92.948718,47.359736,93.269231,92.628205,94.070513,93.269231,47.377049,73.237179,73.717949,91.826923,27.865961,28.723404,65.365854,29.96633,60.813008,24.414716,83.739837,65.203252,64.878049,65.203252,64.878049,60.883797,83.252033,26.491228,26.508227,29.287091,38.67121,30.104712,26.42487,24.789207,23.66548,23.66548,26.551724,61.211129,64.715447,24.956971,25.510204,25.641026,30.755396,22.262118,27.480916,23.243243,23.243243,28.156997,28.156997,28.156997,30.769231,24.489796,25.385935,25.817556,26.644182,30.114566,26.2,27.755102,27.106227,26.737968,31.972789,28.769497,26.32613,25.045045,25.045045,26.503759,26.895307,26.678766,27.188082,26.958106,31.336406,24.817518,26.597582,37.47927,28.737864,27.592593,24.214418,25.043783,27.842227,31.626506
NC_073199.1|YP_010747565.1_33|61-ENDaa,28.672566,28.648649,26.145038,30.40293,26.545455,29.477612,29.151943,27.651515,27.884615,26.785714,27.256318,29.07563,29.222011,27.186312,28.598131,27.777778,31.226766,48.202614,46.982055,48.93617,28.685259,48.366013,48.932677,47.385621,28.903654,29.949239,47.712418,48.608838,46.61157,49.509804,48.196721,48.032787,48.032787,48.196721,47.868852,34.086629,27.474747,48.608838,48.287113,93.668831,47.797716,47.797716,48.856209,47.960848,48.12398,48.772504,48.445172,47.954173,48.529412,48.52459,47.634584,47.875817,49.09688,46.61157,47.875817,47.712418,47.712418,47.342193,47.875817,47.954173,59.459459,48.366013,48.366013,100,48.366013,48.69281,49.099836,93.831169,48.196721,47.947455,48.039216,47.54902,48.772504,48.93617,47.712418,48.11784,48.202614,48.202614,49.016393,48.608838,29.70123,28.933092,28.745645,26.217228,28.07309,28.921569,48.039216,48.52459,48.52459,48.93617,91.720779,48.52459,48.11784,48.608838,48.366013,95.292208,47.868852,48.196721,47.222222,26.220615,24.948454,39.666667,25.671141,37.913907,24.915825,39.368771,38.907285,38.576159,39.072848,38.907285,40.833333,38.971808,26.06383,27.829314,28.764479,81.713344,29.066667,23.684211,26.142596,25.044723,25.044723,26.873857,40.833333,39.238411,23.661485,22.089041,23.589744,27.101201,20.433996,23.255814,22.51773,22.51773,27.652174,27.652174,27.826087,34.237288,24.635036,22.508591,24.911661,27.478261,34.529915,26.131687,28.125,24.368231,24.955752,32.77027,28.965517,23.754789,24.777184,26.951673,28.853755,27.155963,27.358491,24.865832,26.893939,25.995807,25.519849,27.12766,77.996716,27.326733,26.268116,25.793651,27.140255,28.935185,25.149701
NC_073200.1|YP_010747631.1_35|61-ENDaa,30.490018,29.061372,27.852998,31.654676,26.80776,29.444444,32.058288,30.938124,30.604288,27.433628,27.433628,30.541872,27.683616,30.919765,28.10219,30.16158,29.837251,96.634615,96.314103,95.032051,28.571429,93.108974,94.391026,96.955128,33.500838,31.921824,93.75,94.391026,95.292208,92.628205,73.717949,73.557692,73.397436,73.717949,73.397436,39.147287,28.247423,94.391026,94.391026,47.135843,95.833333,95.99359,94.230769,94.871795,94.551282,93.75,93.429487,93.108974,94.711538,95.192308,95.032051,95.99359,95.352564,94.967532,95.833333,95.032051,95.192308,73.051948,95.673077,92.948718,93.719807,99.198718,93.910256,48.366013,100,99.519231,95.192308,48.039216,73.397436,92.948718,94.871795,93.910256,95.352564,94.391026,96.153846,95.192308,95.192308,95.833333,92.948718,93.269231,27.513228,29.307282,29.911504,25.475285,33.165829,33.892617,96.314103,95.192308,94.391026,95.032051,47.359736,95.192308,95.192308,93.589744,97.275641,47.626841,73.237179,73.717949,92.948718,26.964286,28.144989,64.878049,29.530201,59.512195,25,85.853659,64.390244,64.065041,64.390244,64.065041,60.392799,84.878049,25.91944,26.545455,26.8431,36.81592,26.963351,25.342466,25.084746,24.280576,24.280576,25.958188,60.720131,64.065041,24.061433,25.85034,25.470085,26.80067,19.680851,27.151052,24.29078,24.29078,25.628141,25.628141,25.795645,30.605565,25.812274,26.909722,24.576271,25.795645,29.787234,25.4,27.178423,27.075812,26.110124,31.47541,27.692308,24.324324,23.783784,21.989529,25.830258,25.830258,26.381462,26.345083,26.992754,28.72807,25.046729,27.256637,37.582781,28.651685,28.759398,24.208566,26.678766,28.604119,32.132132
NC_073201.1|YP_010747707.1_45|61-ENDaa,29.525483,28.880866,27.466151,31.654676,27.079646,27.697842,32.044199,31.536926,31.189084,27.857143,27.857143,30.541872,27.683616,31.506849,25.688073,30.124777,30.970149,97.115385,96.634615,95.512821,28.571429,93.429487,94.871795,97.435897,32.463295,32.084691,94.230769,94.230769,95.779221,92.788462,73.557692,73.397436,73.397436,73.557692,73.237179,39.341085,28.719008,94.230769,94.871795,47.463175,96.314103,96.474359,94.711538,95.352564,95.032051,94.230769,93.910256,92.948718,95.192308,95.673077,95.512821,96.474359,95.833333,95.454545,96.314103,95.512821,95.673077,72.88961,96.153846,92.788462,94.202899,99.679487,94.391026,48.69281,99.519231,100,95.673077,48.366013,73.237179,93.429487,95.352564,94.391026,95.833333,94.230769,96.634615,95.673077,95.673077,96.314103,93.429487,93.75,27.768014,28.798587,29.401408,28.375734,32.137031,32.679739,96.794872,95.673077,94.871795,95.512821,47.689769,95.673077,95.673077,94.070513,97.75641,47.954173,73.076923,73.557692,93.429487,26.785714,28.144989,65.04065,29.848229,59.349593,24.749164,86.01626,64.227642,63.902439,64.227642,63.902439,60.556465,85.04065,25.874126,25.978648,26.177024,36.81592,24.804178,25.601375,25.250836,24.954463,24.954463,26.132404,60.883797,63.902439,24.784854,25.85034,25.470085,26.767677,19.680851,26.515152,24.777184,24.777184,25.628141,25.628141,25.795645,30.769231,26.545455,26.909722,25.042882,25.795645,30.278232,25.2,27.178423,27.256318,26.465364,31.47541,28.892734,25.338491,24.548736,23.144876,26.865672,25.645756,26.381462,26.716141,26.992754,28.008753,25.233645,27.256637,37.417219,28.136882,28.759398,23.649907,26.678766,28.604119,31.831832
NC_073202.1|YP_010747776.1_51|61-ENDaa,29.100529,28.288288,28.740157,31.059246,26.855124,28.33638,33.150183,30.664063,30.7393,26.523297,26.702509,30.833333,29.580153,30.888031,25.688073,29.129663,31.657356,97.596154,93.75,95.512821,29.527559,91.025641,95.833333,94.070513,31.691297,31.735537,94.230769,97.596154,95.779221,92.948718,73.717949,73.557692,73.557692,73.717949,73.397436,37.924528,29.166667,96.314103,97.435897,48.281506,96.153846,96.474359,96.153846,97.596154,97.435897,97.275641,96.955128,96.474359,94.871795,95.032051,94.551282,96.153846,96.314103,95.616883,95.99359,95.352564,95.192308,73.051948,95.673077,96.314103,94.927536,95.352564,94.391026,49.099836,95.192308,95.673077,100,49.917628,73.397436,92.147436,94.391026,93.429487,97.75641,96.314103,94.551282,95.99359,95.99359,96.314103,96.955128,96.794872,28.421053,28.130672,27.956989,29.365079,33.500838,31.655844,96.794872,95.032051,95.352564,95.512821,47.940692,95.032051,95.833333,95.99359,96.955128,47.626841,73.237179,73.717949,92.467949,27.017544,30.257511,65.365854,29.480737,59.186992,25.124792,85.203252,63.902439,63.577236,63.902439,63.577236,60.229133,84.552846,26.30662,26.363636,25.090909,39.175258,26.4,26.876091,27.068966,24.253076,24.253076,27.068966,60.556465,63.414634,25.086505,25,25.30541,25.407166,24.131627,26.515152,25.135624,25.135624,25.632378,25.632378,25.969646,30.145867,24.236984,26.296959,25.868056,25.503356,30.307942,25.502008,27.926078,26.534296,27.728086,32.653061,28.952043,26.746507,27.222222,25.589837,24.538745,26.966292,28.860294,24.642857,29.53271,27.692308,25.316456,26.595745,37.355372,28.598131,25.585586,23.836127,26.238532,26.516854,30.513595
NC_073203.1|YP_010747827.1_35|61-ENDaa,28.877005,29.87013,27.290076,29.541284,26.508227,30.263158,27.886323,27.54717,28.51711,25.088339,25.088339,27.777778,29.678639,27.809524,29.867675,27.787307,33.396584,48.366013,47.54902,49.669967,30.95723,48.039216,48.529412,47.54902,30.629139,28.833333,47.385621,49.093904,47.18543,49.019608,48.590381,48.258706,48.258706,48.424544,48.258706,33.395176,29.637097,48.92916,49.019608,96.915584,48.366013,48.366013,48.856209,48.366013,48.529412,49.093904,48.764415,48.434926,48.69281,48.196721,48.366013,47.54902,48.529412,46.854305,47.875817,47.385621,47.385621,47.731092,47.54902,48.434926,58.722359,48.039216,48.039216,93.831169,48.039216,48.366013,49.917628,100,48.756219,48.604269,48.608838,48.599671,49.093904,49.258649,48.434926,48.52459,48.764415,48.202614,49.339934,48.92916,27.640845,27.738516,27.915194,26.768642,29.519071,29.363785,48.039216,48.196721,48.768473,49.669967,93.668831,48.196721,48.688525,49.258649,48.039216,90.422078,48.258706,48.590381,48.355263,27.54159,21.330724,39.434276,26.989619,39.297659,26.495726,39.137645,40.468227,39.166667,40.635452,40.468227,39.933444,40.368509,24.912281,25.490196,28.571429,79.07743,29.319372,23.519164,26.151013,24.416517,24.416517,24.381625,39.933444,40.9699,23.539823,22.970639,23.076923,26.174497,22.363636,24.854369,23.571429,23.571429,27.478261,27.478261,25,31.666667,22.28164,23.251748,23.760684,27.304348,31.925676,24.696356,30.14553,25.555556,26.19469,31.864407,28.546713,26.470588,26.654412,26.556777,28.712871,25.59415,25.757576,26.972477,25.189394,27.412281,24.861878,25.135624,77.011494,27.799228,29.902913,24.662813,24.295775,29.398148,28.313253
NC_073207.1|YP_010748060.1_14|61-ENDaa,30.782918,29.166667,28.076923,30.685921,26.88172,27.827648,33.888889,29.320388,30.367505,25.352113,25.176056,29.111842,29.222011,30.174081,26.029963,30.24911,27.097902,72.435897,72.115385,74.115756,24.022346,72.347267,72.347267,71.955128,33.333333,30.936455,71.70418,73.076923,72.638436,73.557692,98.076923,97.916667,97.596154,98.076923,98.237179,35.347985,28.169014,75.641026,72.115385,47.429519,73.311897,73.151125,72.275641,72.435897,72.275641,72.916667,72.596154,74.358974,72.508039,73.472669,72.508039,73.633441,72.990354,72.47557,73.311897,72.508039,72.66881,98.051948,73.151125,74.198718,75.120773,73.557692,73.397436,48.196721,73.397436,73.237179,73.397436,48.756219,100,71.314103,73.397436,72.75641,73.237179,75.641026,73.076923,72.829582,73.472669,73.311897,72.115385,72.916667,26.736111,26.506024,27.368421,27.466151,32.885906,31.825796,73.472669,73.472669,72.829582,74.115756,47.429519,73.472669,72.829582,73.557692,72.916667,48.688525,98.076923,99.679487,70.833333,26.094571,27.157895,89.918699,27.805695,74.634146,23.809524,65.691057,78.536585,78.211382,78.536585,78.373984,56.95581,66.557912,25,26.371681,27.032136,37.47927,27.567568,24.305556,24.826389,20.274914,20.274914,24.356775,57.119476,78.211382,23.026316,25.91944,26.034483,26.98145,24.675325,24.264706,23.445826,23.445826,25.938567,25.938567,25.938567,31.604538,25.806452,25.906736,27.050611,25.938567,32.626427,28.455285,27.720739,26.824818,26.798561,32.781457,25,27.18254,27.78828,27.78828,27.052239,26.411658,27.169811,26.641651,27.204503,29.336188,26.05364,22.278912,39,28.682171,27.173913,25.612053,27.003484,26.107226,30.30303
NC_073208.1|YP_010748121.1_22|61-ENDaa,28.318584,28.136201,28.796844,31.777379,24.956672,27.737226,31.809872,30.919765,33.003953,28.163993,27.629234,31.735537,28.301887,32.608696,24.236984,27.370304,30.275229,93.108974,93.429487,92.147436,29.718876,91.50641,91.025641,92.467949,32.459016,32.459016,91.346154,92.948718,91.883117,90.384615,71.314103,72.115385,72.115385,71.314103,71.634615,37.8119,30.532787,91.185897,90.705128,47.377049,92.307692,92.467949,91.50641,91.50641,91.185897,92.467949,92.788462,89.74359,91.666667,91.987179,92.788462,92.307692,91.987179,93.019481,92.467949,93.269231,92.948718,71.753247,93.269231,89.583333,93.719807,93.108974,91.346154,47.947455,92.948718,93.429487,92.147436,48.604269,71.314103,100,95.833333,96.314103,92.948718,91.346154,92.628205,91.666667,91.666667,92.307692,91.666667,91.987179,26.970228,26.632302,26.352531,29.724409,32.131148,32.622951,92.948718,91.987179,91.666667,92.147436,45.99018,91.987179,91.666667,91.346154,92.628205,46.808511,72.115385,71.634615,95.512821,26.465364,23.4,63.577236,28.983051,58.211382,26.923077,86.341463,62.764228,62.439024,62.764228,62.439024,58.756137,82.276423,27.158273,25.771325,25.830258,36.789298,25.260417,26.593807,24.273504,23.465704,23.465704,25.042301,59.08347,62.439024,24.612737,25.976231,25.636672,26.41196,20.248668,28.107075,25.414365,25.414365,28.424658,28.424658,28.205128,31.056911,25.59415,25.72402,22.44898,27.702703,31.20915,25.760649,25.806452,24.780316,26.102293,28.474576,26.455026,25.631068,26.519337,26.335175,27.881041,27.462121,27.554745,25,28.10219,29.279279,24.818841,26.868327,37.936772,28.947368,29.400749,24.452555,24.955752,28.738318,29.72973
NC_073209.1|YP_010748158.1_2|61-ENDaa,28.571429,29.323308,28.853755,32.437276,26.950355,27.636364,33.148148,32.206759,33.667335,27.321429,27.370304,31.570248,28.787879,33.466934,26.220615,27.12766,30.656934,95.512821,94.230769,93.75,27.984344,92.467949,93.108974,93.75,32.95082,32.843137,91.987179,93.269231,93.668831,91.666667,73.397436,73.237179,73.237179,73.397436,73.076923,38.387716,29.591837,93.108974,92.948718,47.704918,94.230769,94.230769,93.429487,93.429487,93.108974,93.269231,92.948718,91.50641,94.551282,93.269231,93.910256,93.910256,93.910256,93.506494,94.391026,93.269231,93.429487,72.727273,93.910256,91.346154,94.68599,95.032051,92.628205,48.039216,94.871795,95.352564,94.391026,48.608838,73.397436,95.833333,100,96.634615,94.230769,93.429487,94.230769,93.269231,93.108974,94.230769,92.467949,93.108974,26.666667,27.689594,27.826087,29.941292,32.622951,32.786885,94.871795,93.269231,93.429487,93.75,47.116969,93.269231,93.589744,93.589744,95.833333,47.135843,72.916667,73.717949,95.512821,26.868327,27.292111,65.203252,27.394958,59.674797,24.455611,87.642276,63.739837,63.414634,63.739837,63.414634,60.065466,83.089431,26.584507,24.689165,25,36.744966,26.302083,24.872232,24.319728,23.381295,23.381295,24.872232,60.392799,63.414634,25.176056,24.826389,25.47993,27.674024,21.288014,27.083333,25.362319,25.362319,28.424658,28.424658,28.767123,30.731707,26.887661,26.094571,23.450586,28.087986,30.894309,26.315789,26.8,27.436823,26.19469,32.653061,28.571429,25.968992,26.335175,24.504505,28.113208,27.840909,29.182156,25.089606,27.941176,26.004228,24.77396,26.017699,36.423841,29.44664,27.358491,23.131673,24.691358,29.816514,30.606061
NC_073211.1|YP_010748302.1_41|61-ENDaa,30.427046,29.044118,28.880157,31.597846,29.21147,28.990826,33.701657,29.094412,33.935743,27.580071,27.935943,31.456954,27.188082,30.291262,23.633157,28.545781,29.285714,93.910256,94.711538,93.108974,27.952756,93.108974,92.147436,93.910256,32.95082,33.114754,92.307692,93.269231,93.506494,91.185897,72.435897,72.435897,72.435897,72.596154,72.275641,37.21374,29.387755,92.788462,92.628205,47.377049,93.910256,93.589744,92.147436,93.269231,92.948718,93.589744,93.269231,91.50641,92.467949,93.910256,94.230769,94.871795,93.269231,93.181818,94.230769,93.589744,93.75,71.753247,93.910256,91.346154,94.68599,94.711538,93.108974,47.54902,93.910256,94.391026,93.429487,48.599671,72.75641,96.314103,96.634615,100,93.429487,92.788462,94.230769,93.269231,92.788462,93.910256,92.788462,93.429487,27.336861,27.610619,28.245614,30.11811,32.95082,33.16913,94.551282,93.910256,92.788462,93.108974,47.281713,93.910256,93.269231,93.108974,93.75,47.213115,71.955128,73.076923,96.955128,26.41844,24.297189,64.227642,29.07563,58.861789,26.298157,87.154472,63.577236,63.252033,63.577236,63.252033,59.247136,82.601626,27.433628,26.373626,25.364964,35.9401,28.266667,25.899281,25.042301,22.87234,22.87234,25,59.574468,63.252033,24.482759,23.809524,24.444444,25.53542,21.92029,29.92278,24.478178,24.478178,28.498294,28.498294,28.83959,30.731707,25.272727,24.615385,23.102867,28.161889,30.819672,26.706827,26.612903,26.391382,26.325088,30.952381,26.632302,26.550388,24.175824,23.992674,27.102804,28.219697,25.044092,28.277154,25.132743,29.638009,24.181818,27.353464,36.754967,27.809524,28.413284,24.137931,24.096386,29.370629,32.121212
NC_073212.1|YP_010748347.1_32|61-ENDaa,29.049296,28.288288,29.249012,31.597846,27.513228,27.717391,33.888889,30.273438,34.063745,26.391382,26.438849,31.466227,28.909091,31.322957,26.788991,28.241563,31.238447,96.794872,93.910256,95.512821,28.710938,91.50641,95.032051,93.75,32.733224,32.51634,94.871795,96.955128,95.779221,92.307692,73.557692,74.358974,74.358974,73.557692,73.878205,37.40458,29.018789,95.833333,95.99359,47.463175,95.99359,96.314103,94.711538,96.474359,96.153846,96.314103,96.634615,94.711538,94.711538,95.192308,94.070513,96.314103,95.833333,96.266234,95.833333,96.153846,96.153846,73.701299,96.474359,94.551282,92.995169,95.512821,93.269231,48.772504,95.352564,95.833333,97.75641,49.093904,73.237179,92.948718,94.230769,93.429487,100,95.673077,94.871795,95.512821,95.833333,96.153846,95.512821,95.512821,27.41652,28.623853,29.143898,28.094303,32.718121,31.168831,96.634615,95.192308,94.711538,95.512821,47.281713,95.192308,95.192308,95.352564,97.115385,47.463175,74.038462,73.557692,91.987179,26.829268,29.828326,65.528455,29.005059,59.02439,25.460637,85.04065,63.577236,63.252033,63.577236,63.252033,60.556465,84.390244,25.391304,26.181818,24.772313,39.175258,25.336927,25.765766,26.816609,23.06338,23.06338,25.429553,60.883797,63.252033,26.343154,24.448217,24.914676,27.627119,23.809524,25.185185,24.368231,24.368231,25.969646,25.969646,26.306914,30.194805,24.144144,26.501767,25.429553,25.671141,30.681818,25.502008,28.423237,26.534296,28.10219,31.081081,28.169014,25.192308,25.966851,25.966851,24.538745,26.779026,26.296959,25.186567,27.173913,26.797386,23.698384,26.41844,37.355372,28.224299,25.13465,23.518519,25.543478,26,28.443114
NC_073213.1|YP_010748410.1_30|61-ENDaa,30.481283,29.54955,30.980392,31.059246,26.315789,27.868852,32.83859,32.206759,33.531746,26.833631,26.88172,32.98791,28.060264,30.620155,30.228137,28.443649,31.090909,93.910256,92.628205,93.429487,28.15534,90.544872,92.467949,92.147436,33.389831,33.907057,91.987179,95.99359,92.694805,93.429487,75.961538,75.801282,75.641026,75.961538,75.641026,37.523452,28.541667,99.038462,94.711538,47.626841,93.269231,93.429487,94.391026,95.032051,94.871795,95.833333,95.512821,97.75641,93.269231,92.628205,92.948718,93.429487,93.269231,92.857143,93.269231,92.628205,92.948718,75.324675,93.269231,97.596154,93.719807,93.910256,94.551282,48.93617,94.391026,94.230769,96.314103,49.258649,75.641026,91.346154,93.429487,92.788462,95.673077,100,94.070513,92.628205,93.108974,93.269231,95.352564,95.673077,30.072464,27.98574,28.62254,25.189394,33.109244,33.222037,93.75,92.628205,92.788462,93.429487,47.446458,92.628205,92.948718,95.833333,94.230769,47.463175,75.480769,75.961538,91.346154,26.618705,29.247312,67.154472,29.401993,60.813008,24.749164,85.203252,65.203252,64.878049,65.203252,64.878049,60.229133,84.065041,27.336861,26.593807,25.641026,39.347079,26.509186,26.00349,25.252525,22.45614,22.45614,25.589226,60.556465,64.715447,24.956971,24.829932,25.299145,25.615764,21.492007,26.944972,25.314183,25.314183,26.666667,26.666667,27.008547,30.307942,24.324324,25.900515,26.252159,26.182432,30.470016,25.903614,26.653307,25.765766,26.760563,28.474576,28.191489,26.052104,26.727273,26.727273,24.954463,25.090909,26.958106,25.364964,27.777778,29.646018,25.183824,27.112676,37.520661,27.238806,25.091575,24.358974,26.079137,28.018223,28.528529
NC_073214.1|YP_010748485.1_42|61-ENDaa,29.349736,29.009009,26.959847,31.777379,27.402135,27.090909,31.868132,28.543689,28.790787,28.33935,28.33935,31.343284,27.238095,28.957529,24.028269,28.264758,29.595588,95.192308,95.512821,94.230769,29.38856,93.108974,94.551282,95.673077,33.552632,32.679739,94.230769,93.108974,95.779221,91.666667,73.237179,73.076923,73.076923,73.237179,73.237179,38.252427,29.227557,93.429487,94.070513,47.940692,95.673077,95.352564,93.589744,94.871795,94.551282,93.108974,92.788462,93.429487,93.589744,94.871795,94.391026,95.673077,95.032051,94.642857,96.153846,94.711538,95.032051,72.564935,95.352564,93.269231,93.236715,96.474359,92.628205,47.712418,96.153846,96.634615,94.551282,48.434926,73.076923,92.628205,94.230769,94.230769,94.871795,94.070513,100,95.032051,95.512821,95.673077,92.788462,92.628205,27.240773,30.215827,28.54641,28.489484,32.733224,33.278418,95.833333,94.871795,94.230769,94.230769,46.69967,94.871795,95.352564,93.589744,95.833333,47.135843,72.75641,73.397436,93.269231,27.586207,27.777778,65.04065,29.491525,59.349593,25.127334,86.178862,64.390244,64.065041,64.390244,64.065041,59.574468,84.552846,26.140351,26.887661,25.046729,38.14433,25.866667,25.432526,25.466893,23.132969,23.132969,28.218695,59.9018,64.065041,24.567474,24.273504,24.742268,27.645051,22.222222,26.315789,24.820144,24.820144,26.360544,26.360544,26.530612,31.301483,25.535714,24.013722,26.678141,27.25724,30.971993,26.653307,26.272912,26.353791,26.41844,33.443709,25.969646,26.470588,27.306273,27.97075,25.830258,25.892857,25.573192,27.121771,26.164875,27.394209,25.988701,27.935943,37.228715,27.222222,27.663551,24.074074,24.955752,27.088036,29.341317
NC_073215.1|YP_010748570.1_62|61-ENDaa,29.837251,28.648649,27.466151,31.238779,27.54386,29.067642,31.876138,31.771894,31.991952,27.142857,27.158273,31.136738,28.490566,31.991952,26.055046,29.927007,31.792976,97.115385,93.910256,96.314103,30.2,92.788462,97.596154,94.230769,32.242226,32.405892,96.634615,93.910256,98.701299,90.544872,72.435897,72.990354,72.275641,73.151125,72.829582,39.566929,29.227557,92.628205,95.673077,47.454844,98.878205,98.397436,93.910256,96.153846,95.99359,93.589744,93.269231,93.108974,94.711538,97.435897,96.474359,98.076923,97.75641,97.402597,97.275641,97.435897,97.275641,71.753247,97.75641,92.948718,92.995169,95.352564,92.467949,48.11784,95.192308,95.673077,95.99359,48.52459,72.829582,91.666667,93.269231,93.269231,95.512821,92.628205,95.032051,100,97.115385,98.717949,93.269231,93.108974,28.822496,27.806563,27.179487,29.323308,34.621849,32.840722,97.75641,97.435897,97.435897,96.314103,47.933884,97.435897,98.397436,92.467949,96.153846,47.532895,72.829582,73.151125,91.987179,27.112676,28.755365,63.902439,28.595601,58.04878,24.875622,84.227642,63.252033,62.926829,63.252033,62.926829,59.410802,84.227642,25.43554,24.100719,25.729927,37.333333,26.822917,22.530329,26.324786,23.239437,23.239437,26.491228,59.738134,63.252033,25.964912,24.020443,24.744027,28.915663,23.497268,26.454034,24.37276,24.37276,25.801012,25.801012,27.334465,30.114566,25.636364,25.263158,25.426621,26.858108,29.87013,26.252505,31.049251,28.807339,26.110124,32.432432,26.903553,27.18254,27.306273,26.654412,27.495292,25.846702,27.305606,26.492537,27.941176,26.652452,23.076923,27.433628,37.043189,27.756654,28.096118,22.651934,24.511545,26.401869,30.930931
NC_073216.1|YP_010748571.1_1|61-ENDaa,30.714286,28.33638,29.076621,31.47482,26.631393,28,32.422587,31.771894,33.134921,27.240143,27.124774,31.622517,28.625235,31.991952,25.405405,29.084381,30.434783,96.794872,93.75,96.474359,29.133858,92.467949,96.634615,94.070513,33.333333,32.786885,95.99359,94.391026,96.915584,90.865385,73.076923,73.633441,72.916667,73.794212,73.472669,38.867188,29.227557,93.108974,95.192308,47.463175,97.275641,97.435897,93.910256,95.673077,95.352564,94.391026,94.070513,93.910256,94.711538,96.474359,95.833333,97.115385,97.916667,97.24026,97.275641,96.794872,96.474359,72.564935,97.275641,93.75,93.236715,95.352564,92.147436,48.202614,95.192308,95.673077,95.99359,48.764415,73.472669,91.666667,93.108974,92.788462,95.833333,93.108974,95.512821,97.115385,100,97.275641,93.910256,93.910256,28.471002,27.115717,27.008547,29.032258,33.059211,32.786885,97.115385,96.474359,96.794872,96.474359,47.524752,96.474359,96.794872,92.948718,95.99359,47.626841,73.472669,73.794212,91.666667,26.584507,30.172414,64.715447,28.474576,59.02439,25.041459,85.203252,63.739837,63.414634,63.739837,63.414634,59.9018,86.666667,25.173611,26.238532,25.228519,39.003436,25.326371,25.432526,26.269702,23.707665,23.707665,26.795096,60.229133,63.414634,24.701874,25.337838,25,27.045075,21.942446,27.306968,24.864865,24.864865,26.013514,25.969646,26.13828,30.605565,25.824176,24.14966,26.689775,25.714286,30.655738,24.8,27.835052,28.308824,27.787934,31.418919,26.896552,24.855491,27.859779,26.220615,25.230203,26.315789,25.087719,23.956443,25.668449,26.948775,24.500907,26.678445,37.417219,27.462121,27.54159,21.937843,25.316456,27.464789,30.630631
NC_073217.1|YP_010748692.1_52|61-ENDaa,29.874776,29.411765,29.320388,31.597846,27.256944,26.702509,31.941924,31.771894,31.991952,26.998224,27.567568,31.125828,28.301887,31.991952,23.85159,28.673835,31.977819,97.115385,94.551282,96.955128,28.937008,93.429487,97.916667,94.391026,32.10084,32.338308,96.955128,94.230769,99.188312,91.185897,72.916667,73.472669,72.75641,73.633441,73.311897,37.714286,28.512397,93.269231,95.833333,47.299509,99.519231,99.038462,94.391026,95.99359,95.673077,94.230769,93.910256,93.269231,95.352564,98.076923,96.794872,98.717949,98.397436,97.402597,98.237179,97.75641,97.916667,72.24026,98.397436,93.108974,93.236715,95.99359,93.108974,48.202614,95.833333,96.314103,96.314103,48.202614,73.311897,92.307692,94.230769,93.910256,96.153846,93.269231,95.673077,98.717949,97.275641,100,93.429487,93.75,28.975265,27.738516,28.34507,30.961538,33.846154,32.679739,98.717949,98.076923,97.275641,96.955128,47.194719,98.076923,98.717949,93.108974,97.115385,47.213115,73.311897,73.633441,92.307692,27.787611,28.969957,64.552846,28.451178,58.699187,25.585284,85.04065,63.902439,63.577236,63.902439,63.577236,60.065466,84.552846,25.217391,23.920863,26.266417,37.166667,26.5625,25.044405,26.896552,24.471831,24.471831,27.604167,60.392799,63.739837,26.223776,25.834798,26.010545,28.571429,23.090909,26.879699,24.193548,24.193548,27.739726,27.739726,27.739726,29.9509,26,25.483304,26.124567,27.427598,30.163934,25.4,30.885529,28.073394,25.892857,31.418919,26.712329,25.240848,26.972477,25.359712,24.861878,26.25,26.19469,25.852783,26.798561,27.839644,26.893939,26.501767,36.528926,29.310345,28.096118,21.937843,24.59893,26.401869,29.341317
NC_073218.1|YP_010748753.1_42|61-ENDaa,29.62963,28.241563,26.717557,31.397459,26.725664,28.125,33.641405,30.46875,33.2,28.007181,28.057554,31.772575,29.056604,29.887218,26.383764,28.241563,30.671506,94.871795,92.467949,93.589744,29.718876,90.865385,93.429487,92.147436,32.289951,32.072368,93.269231,97.75641,93.019481,92.467949,72.75641,72.75641,72.75641,72.916667,72.115385,38.490566,29.327902,95.032051,95.192308,48.032787,93.429487,93.910256,93.910256,95.833333,96.314103,98.557692,98.237179,95.99359,92.467949,93.269231,94.711538,93.910256,94.070513,94.155844,93.429487,94.070513,93.910256,71.915584,93.75,95.833333,96.618357,93.108974,95.032051,49.016393,92.948718,93.429487,96.955128,49.339934,72.115385,91.666667,92.467949,92.788462,95.512821,95.352564,92.788462,93.269231,93.910256,93.429487,100,98.397436,28.347826,27.549195,27.385159,26.153846,32.026144,32.401316,93.910256,93.269231,93.269231,93.589744,47.611203,93.269231,93.589744,94.391026,94.070513,47.540984,72.275641,72.435897,91.826923,26.388889,26.639344,64.227642,28.217822,59.186992,23.880597,83.902439,63.414634,63.089431,63.414634,63.089431,59.247136,83.414634,27.708703,26.181818,24.280576,39.070568,26.873385,26.950355,27.854671,23.172906,23.172906,27.022375,59.410802,62.926829,25.483304,25.520833,24.744027,26.108374,22.563177,28.107075,24.144144,24.144144,25.420875,25.420875,25.589226,30.470016,24.860853,26.619965,25.520833,25.125628,30.307942,25.708502,30.851064,24.471831,26.631393,31.756757,28.44523,27.075099,27.567568,27.090909,24.768946,26.972477,26.582278,25.59415,26.497278,29.933481,24.545455,27.031802,37.086093,27.829314,26.739927,24.672897,25.925926,26.896552,27.927928
NC_073219.1|YP_010748811.1_44|61-ENDaa,29.100529,28.596803,27.184466,31.777379,27.12766,28.860294,34.259259,30.679612,32.604374,27.289048,27.338129,30.936455,28.787879,32.741617,26.568266,28.241563,31.307551,94.711538,93.108974,94.230769,28.962818,91.185897,92.948718,92.467949,31.382114,31.840796,92.948718,97.596154,93.181818,92.788462,73.557692,73.237179,73.237179,73.717949,72.916667,37.898687,29.674797,95.352564,95.352564,47.626841,93.75,94.230769,94.391026,96.153846,96.474359,99.198718,98.878205,95.673077,92.628205,93.910256,94.871795,94.230769,93.910256,93.831169,93.75,93.589744,93.589744,72.564935,94.070513,95.512821,96.618357,93.429487,96.314103,48.608838,93.269231,93.75,96.794872,48.92916,72.916667,91.987179,93.108974,93.429487,95.512821,95.673077,92.628205,93.108974,93.910256,93.75,98.397436,100,29.009009,28.415301,28.23741,27.307692,31.914894,31.544715,94.230769,93.910256,93.589744,94.230769,47.446458,93.910256,93.269231,95.352564,94.391026,47.135843,72.75641,73.237179,92.147436,26.269702,27.383367,64.878049,28.595041,59.837398,24.750831,84.390244,64.065041,63.739837,64.065041,63.739837,59.410802,83.252033,27.580071,26.363636,24.817518,38.659794,27.176781,26.363636,25.380711,24.021352,24.021352,26.678141,59.738134,63.577236,26.186292,26.215278,26.527051,25.986842,23.948812,28.214971,24.77396,24.77396,25.969646,25.969646,26.13828,29.821718,24.675325,27.32049,25.913043,25.671141,29.821718,25.201613,30.212766,26.449275,26.80776,32.653061,28.900709,27.272727,25.555556,25.37037,24.814815,26.951673,27.941176,24.908425,27.859779,29.867257,25.364964,26.325088,36.694215,30.076628,24.408015,25.794393,26.873857,27.713626,29.518072
NC_073314.1|YP_010748878.1_52|61-ENDaa,26.30719,30.99631,32.156134,30.141844,25.969646,27.943761,27.914614,36.120996,35.357143,30.24055,30.068729,36.443149,33.449477,35.535714,29.934211,29.073482,32.021467,29.100529,28.397213,27.145359,31.123389,26.619965,28.646749,28.919861,32.680723,32.745962,28.695652,27.036395,28.163993,27.948304,28.070175,27.399651,27.225131,27.748691,27.574171,25.862069,32.495164,28.245614,28.795812,30.442478,28.298611,29.151943,29.508197,28.980322,29.159213,28.521127,28.521127,27.923211,26.876091,28.151986,28.076256,28.298611,29.173989,27.845884,28.798587,28.497409,28.472222,26.950355,28.472222,28.097731,33.502538,27.592267,30.727273,29.70123,27.513228,27.768014,28.421053,27.640845,26.736111,26.970228,26.666667,27.336861,27.41652,30.072464,27.240773,28.822496,28.471002,28.975265,28.347826,29.009009,100,97.493036,97.910864,31.793961,31.48688,30.591631,29.151943,28.151986,26.829268,27.145359,30.866426,28.151986,28.846154,28.342246,29.026549,29.173989,27.622378,26.736111,26.26087,27.75974,23.917137,24.56446,30.884558,25.043478,25.585023,25.636364,25.73913,25.222025,24.65035,25.565217,29.104478,26.325088,25.328947,31.484502,25.618375,28.801431,31.266846,23.302469,29.073482,28.315412,28.315412,32.072368,29.104478,24.65035,23.930269,24.079755,27.697262,24.580153,23.652174,24.610052,23.361345,23.361345,22.955975,22.955975,23.48367,34.107402,26.393443,27.04,25.39185,24.761905,34.397678,26.388889,28.688525,25.704809,26.573427,32.55814,29.193548,24.125874,25.570033,25.2443,24.114671,25.546218,28.183362,22.778675,27.638191,28.874735,25.470085,25.603865,27.659574,25.771325,27.191413,25.042301,26.948052,25.223214,31.117825
NC_073316.1|YP_010749013.1_34|61-ENDaa,27.317881,30.530165,31.97026,29.964539,29.545455,28.035714,28.032787,36.071429,35,28.888889,28.717949,36.666667,35.427574,34.519573,30.333333,29.179811,29.493892,28.021016,30.373002,27.304348,32.228361,28.042328,27.447552,29.065744,32.653061,32.258065,28.471002,26.702509,27.659574,26.475279,27.652174,28.04878,27.874564,28.397213,27.700348,27.370304,34.042553,27.45098,28.965517,27.98574,29.020979,27.951389,28.597122,29.642857,29.821429,28.233151,28.233151,27.927928,28.44523,28.970332,28.200692,28.395062,27.902946,27.447552,27.700348,28.571429,28.521739,27.079646,29.122807,28.108108,33.084577,28.621908,27.670753,28.933092,29.307282,28.798587,28.130672,27.738516,26.506024,26.632302,27.689594,27.610619,28.623853,27.98574,30.215827,27.806563,27.115717,27.738516,27.549195,28.415301,97.493036,100,96.935933,31.560284,32.507289,30.591631,27.526132,28.919861,26.760563,27.209705,29.078014,28.919861,27.556326,28.191489,28.672566,28.54641,27.748691,26.506024,26.889279,28.827362,24.105461,24.521739,30.838323,25.215889,25.194401,25.493716,25.344828,26.501767,25.694444,24.652778,28.947368,25.520833,26.523888,31.309904,26.909091,28.264758,31.451613,23.255814,28.278041,27.598566,27.598566,32.07856,28.947368,25.172414,24.169184,25.077399,24.496124,24.349158,23.883162,23.71134,25.30541,25.30541,22.798742,22.798742,22.615385,33.625731,25.409836,26.624406,26.604069,23.28125,33.918129,27.091633,30.334728,25.041459,26.573427,33.222591,27.315542,23.776224,25,24.675325,25.569177,23.865546,26.812816,24.919094,26.812816,30.786026,26.297578,25.040388,26.964286,29.01354,26.444834,27.050611,26.75367,28.159645,31.024096
NC_073317.1|YP_010749088.1_32|61-ENDaa,26.809211,31.471136,30.868762,30.935252,27.086882,29.520295,27.361564,36.412078,35.753176,29.74359,29.57265,36.950147,34.205934,35.106383,29.401993,27.272727,30.155979,27.652174,30.357143,27.147766,31.868132,29.173989,26.837607,28.743546,32.262774,31.718062,29.173989,26.548673,27.192982,27.170418,28.34507,28.218695,28.042328,28.571429,28.395062,28.469751,32.755299,28.085868,28.896673,28.163993,27.958834,27.491409,28.985507,27.54386,27.719298,28.057554,28.057554,28.495575,27.894737,27.8157,27.739726,28.998243,27.863248,27.508651,26.837607,29.173989,27.958834,27.777778,28.998243,28.186715,32.493703,29.225352,28.44523,28.745645,29.911504,29.401408,27.956989,27.915194,27.368421,26.352531,27.826087,28.245614,29.143898,28.62254,28.54641,27.179487,27.008547,28.34507,27.385159,28.23741,97.910864,96.935933,100,31.316726,32.02329,31.718062,27.39726,27.8157,27.629234,27.147766,29.298246,27.8157,27.681661,28.825623,27.574171,28.063943,28.44523,27.368421,27.16263,28.052805,24.293785,25.132743,30.225564,26.010545,24.613003,25.905797,25.43554,26.344086,25.749559,25.958188,29.135338,26.00349,24.835526,31.647635,26.909091,27.304965,31.283422,23.266564,27.716535,28.673835,28.673835,31.751227,29.135338,25.749559,26.290323,22.995461,22.796353,25.038168,26.14841,23.842196,23.232323,23.232323,22.955975,22.955975,22.955975,34.687954,26.393443,25.9375,26.844584,22.955975,35.225619,25.84493,28.425358,26.094276,27.050611,34.551495,29.126214,25.500911,24.715447,24.390244,23.411371,25.671141,27.938671,25.080906,27.394958,31.659389,26.297578,24.959742,26.630435,28.190476,25.218914,25.675676,26.570048,27.802691,30.513595
NC_073321.1|YP_010749398.1_41|61-ENDaa,26.438849,30.350195,31.349206,27.695167,26.530612,28.756957,26.76311,33.270321,32.580038,25.35461,28.051002,30.463576,32.824427,32.015066,31.284916,34.302326,27.238095,26.838235,28.375734,29.17505,32.024793,26.908397,29.580153,28.375734,28.499157,27.8157,29.714286,26.923077,30.332681,29.650092,26.959847,27.16763,27.16763,27.671756,26.959847,28.785047,29.492188,25.189394,30.443548,25.660377,31.153846,30.961538,26.217228,27.586207,29.821074,26.923077,26.937984,25.81262,24.953096,27.203065,27.938343,31.153846,25.140713,26.459144,28.627451,27.203065,27.220077,26.019417,26.045627,25.81262,30.867347,28.571429,26.990291,26.217228,25.475285,28.375734,29.365079,26.768642,27.466151,29.724409,29.941292,30.11811,28.094303,25.189394,28.489484,29.323308,29.032258,30.961538,26.153846,27.307692,31.793961,31.560284,31.316726,100,29.131175,29.351536,29.215686,27.203065,27.324478,29.17505,25.475285,27.203065,27.203065,27.984344,28.383459,25.746269,26.375712,26.755218,28.937008,23.958333,24.897119,25.478927,27.368421,25.150905,25.259516,29.644269,28.54251,27.967807,28.024194,27.620968,28.486056,27.613412,24.734982,28.298279,37.913043,25.285171,28.888889,26.690391,21.993127,24.00722,24.00722,21.416235,28.685259,24.253731,25.405405,24.156306,26.190476,25.906736,23.826715,26.492537,22.644928,22.644928,26.760563,26.760563,27.689594,31.525424,31.809872,24.955437,23.22357,26.760563,32.033898,23.647295,24.576271,27.509294,26.335175,30.263158,27.689594,26.223092,28.75226,29.113924,24.344569,24.242424,26.062847,28.884826,23.561151,27.922078,24,25.405405,24.144487,25.992063,26.01476,22.06655,23.333333,26.651481,26.993865
NC_093712.1|YP_011217254.1_66|61-ENDaa,34.533552,33.389262,30.535714,32.323232,29.133858,31.903945,28.527132,30.13468,30.050934,27.300613,29.166667,93.36235,29.812606,30.47138,26.829268,29.242424,34.673367,35.016835,32.463295,32.833333,33.151184,31.907895,32.387312,31.766613,99.025974,96.861472,32.07856,32.885906,33.275862,29.710145,31.218698,31.063123,31.333333,31.395349,30.948419,32.939189,31.238095,33.109244,32.183908,29.322034,32.5,34.188034,31.423895,32.236842,32.401316,31.751227,31.751227,32.941176,31.423895,32.441472,32.721202,32.5,33.114754,32.318105,33.661741,32.387312,32,31.516184,33.277592,32.941176,35.04902,32.300163,30.29316,28.07309,33.165829,32.137031,33.500838,29.519071,32.885906,32.131148,32.622951,32.95082,32.718121,33.109244,32.733224,34.621849,33.059211,33.846154,32.026144,31.914894,31.48688,32.507289,32.02329,29.131175,100,97.619048,35.185185,32.441472,32.998325,32.833333,29.264214,32.441472,33.442623,30.456026,34.563758,28.547579,30.449251,32.387312,32.084691,28.48392,28.326996,30.14827,51.62374,27.076412,26.013986,30.232558,28.595318,28.618968,28.666667,28.428094,29.848229,32.989691,27.272727,31.472868,30.973451,25.714286,34.526854,23.922734,29.286798,26.510067,26.510067,29.032258,30.494037,28.85906,24.787535,27.104137,23.001403,26.229508,26.588629,24.537815,29.79066,29.79066,28.238719,28.238719,27.6411,28.687573,22.84041,25.107604,24.340176,27.6411,29.036005,31.683168,32.66129,26.570048,27.933884,36.423841,25.810811,28.965517,26.216641,26.780186,25.894378,29.641694,25,26.5625,25.076923,30.315789,27.332242,23.156342,26.551724,31.51184,29.401993,26.614173,25.421133,32.537961,36.607143
NC_093713.1|YP_011217259.1_4|61-ENDaa,32.339089,32.996633,30.70018,31.418919,29.890454,34.205934,28.769231,29.679595,29.881154,28.34891,28.75,94.015234,29.27242,29.510961,29.064039,29.090909,34.459459,32.952692,33.006536,33.006536,31.926606,32.786885,32.676519,32.142857,98.160173,96.320346,32.137031,32.5,31.932773,31.314623,30.948419,30.666667,30.833333,30.833333,31,32.436975,33.462282,32.721202,31.973899,28.476821,32.95082,32.733224,31.301483,31.907895,32.072368,31.382114,31.382114,33.055092,32.721202,32.463295,32.786885,32.843137,32.843137,32.10084,33.006536,32.231405,32.612313,30.236486,32.843137,33.055092,34.549878,32.843137,32.284768,28.921569,33.892617,32.679739,31.655844,29.363785,31.825796,32.622951,32.786885,33.16913,31.168831,33.222037,33.278418,32.840722,32.786885,32.679739,32.401316,31.544715,30.591631,30.591631,31.718062,29.351536,97.619048,100,33.115824,32.463295,33.114754,33.006536,29.756098,32.463295,33.278689,29.935275,32.626427,28.431373,30.5,31.333333,32.026144,27.538462,30.784314,29.605263,51.62374,27.317881,25.941423,31.666667,29.09699,28.714524,29.264214,28.452579,31.06961,31.53457,26.917058,30.757342,30.313589,25.882353,31.457801,23.303835,28.528073,28.040541,28.040541,28.725038,30.89983,28.618968,25.394548,25.036179,24.207493,27.209945,25.747508,25.254237,30.163934,30.163934,27.521614,27.521614,27.521614,28.941176,24.101796,25.470333,25.522388,27.521614,29.481132,27.220077,33.669355,27.184466,28.429752,35.081967,25.991792,29.565217,26.373626,26.604069,26.530612,27.642276,23.802164,25.897036,24.489796,30.315789,26.237624,25.538462,26.770294,30.107527,29.284526,25.592417,27.147239,28.976035,35.416667
NC_016763.1|YP_005098157.1_61|61-ENDaa,28.924162,29.595588,29.076621,31.597846,28.774423,28.33638,33.148148,31.568228,31.790744,27.060932,27.949183,31.788079,31.299213,31.790744,25.274725,29.055258,31.97026,98.076923,94.871795,96.314103,29.330709,93.108974,96.955128,94.711538,33.333333,32.835821,95.99359,94.711538,98.214286,91.025641,73.076923,73.633441,72.916667,73.794212,73.472669,36.9606,28.512397,93.75,95.99359,47.135843,98.557692,98.717949,94.391026,96.153846,95.833333,94.711538,94.391026,93.75,95.673077,97.115385,96.474359,98.717949,98.397436,97.727273,98.878205,97.75641,97.916667,72.402597,98.397436,93.589744,93.478261,96.474359,93.269231,48.039216,96.314103,96.794872,96.794872,48.039216,73.472669,92.948718,94.871795,94.551282,96.634615,93.75,95.833333,97.75641,97.115385,98.717949,93.910256,94.230769,29.151943,27.526132,27.39726,29.215686,35.185185,33.115824,100,97.115385,96.314103,96.314103,47.029703,97.115385,97.75641,93.75,97.75641,47.135843,73.472669,73.794212,92.948718,27.017544,30.172414,64.715447,28.787879,59.186992,25.250836,85.691057,64.390244,64.065041,64.390244,64.065041,60.392799,85.04065,25.043478,26.373626,26.728972,37,26.5625,24.866785,27.729636,24.647887,24.647887,26.956522,60.720131,64.227642,25.874126,25.217391,25.391304,25.790349,22.202166,27.016886,24.731183,24.731183,25.252525,25.252525,25.420875,29.821718,26,24.869565,25.214408,24.958124,29.983793,25,28.15735,27.007299,27.175844,34.013605,26.883562,25.531915,27.306273,25.678119,24.677716,27.016886,26.14841,25.359712,26.750449,25.630252,26.177024,26.902655,36.363636,28.838951,27.726433,22.120658,25.270758,27.828054,27.54491
NC_021317.1|YP_008058250.1_4|61-ENDaa,31.521739,29.516995,28.00789,30.535714,26.816609,29.62963,32.058288,31.97556,31.526104,26.868327,27.797834,30.578512,27.924528,31.790744,23.571429,27.164686,31.549815,95.99359,94.871795,96.474359,30.4,93.429487,97.115385,94.551282,32.392027,32.006633,96.794872,93.589744,97.727273,90.705128,72.435897,73.151125,72.435897,73.311897,72.990354,37.858509,28.92562,92.948718,94.871795,47.299509,98.076923,97.916667,93.589744,95.192308,94.871795,94.391026,94.070513,92.467949,94.391026,100,96.314103,98.397436,97.435897,97.077922,97.115385,97.435897,97.275641,71.753247,97.75641,92.307692,93.236715,95.99359,93.269231,48.52459,95.192308,95.673077,95.032051,48.196721,73.472669,91.987179,93.269231,93.910256,95.192308,92.628205,94.871795,97.435897,96.474359,98.076923,93.269231,93.910256,28.151986,28.919861,27.8157,27.203065,32.441472,32.463295,97.115385,100,96.794872,96.474359,48.178808,100,97.435897,93.108974,95.833333,48.190789,72.829582,73.633441,92.147436,27.256637,27.198364,64.227642,28.956229,58.861789,25.083612,84.065041,63.414634,63.089431,63.414634,63.089431,59.9018,84.065041,25.565217,28.360958,27.134725,37.166667,28.074866,25.880282,26.850258,23.885918,23.885918,27.556326,60.229133,63.252033,26.415094,26.870748,24.829932,28.253425,22.826087,29.01354,24.242424,24.242424,25.167785,25.167785,26.13828,29.787234,26.642336,26.369863,24.872232,26.858108,29.478827,26.219512,31.101512,27.422303,25.749559,32.312925,27.380952,24.855491,25.825243,25.825243,25.274725,26.438849,26.19469,25.740741,26.618705,28.442438,23.11828,26.573427,37.190083,29.501916,29.566855,23.333333,24.347826,26.340326,29.041916
NC_023608.1|YP_009009956.1_32|61-ENDaa,30.922242,28.900709,28.40691,31.654676,27.610619,27.573529,33.333333,31.578947,31.589537,26.642984,26.523297,31.518152,28.301887,31.790744,26.915888,27.210884,30.642202,96.153846,93.429487,97.115385,28.767123,92.628205,97.916667,93.429487,33.165829,31.735537,96.314103,93.75,97.077922,90.705128,72.435897,72.990354,72.275641,73.151125,72.829582,39.334638,27.111984,92.467949,95.192308,48.349835,97.596154,97.596154,94.551282,95.673077,95.352564,93.75,93.429487,92.628205,95.192308,96.794872,95.99359,96.634615,97.275641,96.753247,96.153846,96.474359,96.153846,71.753247,96.634615,92.467949,93.478261,94.551282,92.628205,48.52459,94.391026,94.871795,95.352564,48.768473,72.829582,91.666667,93.429487,92.788462,94.711538,92.788462,94.230769,97.435897,96.794872,97.275641,93.269231,93.589744,26.829268,26.760563,27.629234,27.324478,32.998325,33.114754,96.314103,96.794872,100,97.115385,47.611203,96.794872,97.115385,92.628205,95.352564,47.377049,72.829582,73.151125,91.987179,28.392857,29.782609,63.902439,28.187919,58.536585,24.503311,84.065041,62.601626,62.276423,62.601626,62.276423,59.9018,84.878049,26.666667,26.142596,25.87156,37.625418,27.864583,25.649913,24.617997,23.707665,23.707665,25.299145,60.229133,62.439024,25.429553,26.190476,24.108659,26.711185,23.411978,26.829268,23.885918,23.885918,26.746167,26.746167,26.575809,30.706076,25.411335,25.171233,26.597582,25.838926,30.213465,25.6,31.887202,28.073394,25.30541,34.013605,26.791809,23.282443,26.229508,25.539568,25.046041,25.222025,28.028933,25.448029,28.676471,27.311828,26.037736,26.619965,37.086093,28.35249,27.173913,24.150943,24.736842,28.605201,29.72973
NC_024204.1|YP_009035169.1_32|61-ENDaa,30.560579,28.723404,28.076923,31.654676,28.063943,28.176796,33.639706,32.121212,33.530572,26.929982,27.617329,30.541872,28.301887,33.136095,25.497288,29.032258,29.487179,95.673077,94.070513,100,29.527559,92.467949,96.153846,93.589744,32.113145,30.971993,95.352564,94.230769,96.428571,90.705128,73.717949,74.437299,73.717949,74.437299,74.276527,37.571157,27.892562,93.108974,95.032051,47.868852,96.955128,96.955128,93.589744,94.551282,94.230769,94.391026,94.230769,92.788462,95.833333,96.474359,95.032051,96.314103,96.794872,96.266234,96.153846,95.99359,96.153846,73.214286,96.794872,92.628205,92.512077,95.192308,92.948718,48.93617,95.032051,95.512821,95.512821,49.669967,74.115756,92.147436,93.75,93.108974,95.512821,93.429487,94.230769,96.314103,96.474359,96.955128,93.589744,94.230769,27.145359,27.209705,27.147766,29.17505,32.833333,33.006536,96.314103,96.474359,97.115385,100,47.775947,96.474359,96.314103,94.230769,95.352564,47.790507,74.276527,74.437299,91.826923,28.085868,26.272912,65.365854,27.591973,59.02439,24.709784,84.715447,63.739837,63.414634,63.739837,63.414634,60.065466,85.04065,25.520833,26.972477,25.276753,36.981758,27.083333,25.65445,25.337838,23.529412,23.529412,25.303293,60.392799,63.577236,24.957841,26.485569,23.344371,26.87813,22.382671,26.365348,25.735294,25.735294,26.13828,26.13828,26.306914,29.918699,25.090909,24.373957,24.190801,25.838926,29.593496,24.8,31.533477,28,25.65445,34.013605,29.381443,25.793651,26.556777,25.858951,24.677716,26.371681,26.992754,24.777184,27.706422,29.612756,26.893939,25.817556,37.748344,28.380952,27.522936,24.90566,25.899281,25.700935,31.722054
NC_026017.1|YP_009113179.1_32|61-ENDaa,27.915194,27.289048,26.499033,30.109489,26.086957,29.357798,28.825623,26.959847,27.54717,25.618375,25.971731,28.691275,29.063098,26.425856,28.007519,26.116838,31.598513,47.524752,46.622735,47.775947,26.538462,47.524752,47.689769,46.69967,30.47138,31.155779,46.69967,47.281713,46.24374,47.222222,46.864686,46.369637,46.369637,46.864686,46.369637,36,29.471545,47.446458,47.611203,93.344156,47.281713,47.281713,47.854785,47.775947,48.105437,47.281713,46.952224,47.116969,47.689769,48.178808,47.281713,47.524752,47.524752,46.076795,47.029703,46.69967,46.69967,45.652174,46.864686,47.116969,58.230958,48.019802,47.359736,91.720779,47.359736,47.689769,47.940692,93.668831,47.429519,45.99018,47.116969,47.281713,47.281713,47.446458,46.69967,47.933884,47.524752,47.194719,47.611203,47.446458,30.866426,29.078014,29.298246,25.475285,29.264214,29.756098,47.029703,48.178808,47.611203,47.775947,100,48.178808,47.446458,47.611203,47.359736,90.25974,46.268657,47.263682,47.019868,25.268817,23.552894,38.358459,26.351351,37.47927,23.986486,37.541528,37.645108,37.313433,37.645108,37.645108,39.166667,38.795987,24.731183,26.315789,26.037736,77.759473,29.427793,23.734729,22.982456,23.901582,23.901582,24.381625,39.166667,37.976783,22.773973,22.278912,22.513089,27.843803,21.206581,23.518519,21.366025,21.366025,24.697755,24.697755,25.259516,31.918506,22.654867,23.156089,22.750424,27.079646,32.367973,24.845996,29.237288,24.324324,26.702509,30.30303,27.133106,24.334601,26.238532,26.142596,27.722772,24.280576,26.086957,26.788991,25.660377,26.021505,23.655914,26.654741,76.026273,26.959847,26.703499,24.524715,23.4375,27.906977,27.409639
NC_031021.1|YP_009280164.1_36|61-ENDaa,31.521739,29.516995,28.00789,30.535714,26.816609,29.62963,32.058288,31.97556,31.526104,26.868327,27.797834,30.578512,27.924528,31.790744,23.571429,27.164686,31.549815,95.99359,94.871795,96.474359,30.4,93.429487,97.115385,94.551282,32.392027,32.006633,96.794872,93.589744,97.727273,90.705128,72.435897,73.151125,72.435897,73.311897,72.990354,37.858509,28.92562,92.948718,94.871795,47.299509,98.076923,97.916667,93.589744,95.192308,94.871795,94.391026,94.070513,92.467949,94.391026,100,96.314103,98.397436,97.435897,97.077922,97.115385,97.435897,97.275641,71.753247,97.75641,92.307692,93.236715,95.99359,93.269231,48.52459,95.192308,95.673077,95.032051,48.196721,73.472669,91.987179,93.269231,93.910256,95.192308,92.628205,94.871795,97.435897,96.474359,98.076923,93.269231,93.910256,28.151986,28.919861,27.8157,27.203065,32.441472,32.463295,97.115385,100,96.794872,96.474359,48.178808,100,97.435897,93.108974,95.833333,48.190789,72.829582,73.633441,92.147436,27.256637,27.198364,64.227642,28.956229,58.861789,25.083612,84.065041,63.414634,63.089431,63.414634,63.089431,59.9018,84.065041,25.565217,28.360958,27.134725,37.166667,28.074866,25.880282,26.850258,23.885918,23.885918,27.556326,60.229133,63.252033,26.415094,26.870748,24.829932,28.253425,22.826087,29.01354,24.242424,24.242424,25.167785,25.167785,26.13828,29.787234,26.642336,26.369863,24.872232,26.858108,29.478827,26.219512,31.101512,27.422303,25.749559,32.312925,27.380952,24.855491,25.825243,25.825243,25.274725,26.438849,26.19469,25.740741,26.618705,28.442438,23.11828,26.573427,37.190083,29.501916,29.566855,23.333333,24.347826,26.340326,29.041916
NC_031925.1|YP_009322852.1_45|61-ENDaa,31.386861,29.061372,27.079304,31.238779,27.689594,27.808471,31.034483,31.160896,31.38833,26.595745,26.607143,31.578947,27.504554,31.38833,25.504587,27.906977,31.471136,96.474359,93.910256,96.314103,29.6,92.788462,97.275641,93.910256,32.679739,32.843137,96.794872,93.75,98.701299,90.705128,72.435897,72.990354,72.275641,73.151125,72.829582,39.0625,29.227557,92.788462,95.99359,47.783251,99.038462,98.397436,93.75,95.99359,95.833333,93.75,93.429487,93.108974,94.711538,97.435897,96.474359,97.75641,97.916667,97.402597,97.596154,97.275641,97.596154,71.915584,97.75641,92.948718,92.995169,95.352564,92.628205,48.11784,95.192308,95.673077,95.833333,48.688525,72.829582,91.666667,93.589744,93.269231,95.192308,92.948718,95.352564,98.397436,96.794872,98.717949,93.589744,93.269231,28.846154,27.556326,27.681661,27.203065,33.442623,33.278689,97.75641,97.435897,97.115385,96.314103,47.446458,97.435897,100,92.628205,96.153846,47.532895,72.829582,73.151125,91.987179,27.816901,26.639344,64.065041,27.852349,58.373984,24.540902,84.390244,63.577236,63.252033,63.577236,63.252033,59.738134,84.227642,25.609756,24.057451,25.276753,37.29097,27.34375,27.816901,27.16263,23.707665,23.707665,27.256944,60.065466,63.414634,25.91944,26.516464,24.738676,26.968174,23.583181,26.542056,24.193548,24.193548,25.925926,25.925926,27.457627,30.114566,27.592593,25.218914,26.252159,26.812816,29.836066,25.450902,30.406852,27.338129,25.964912,31.756757,29.380531,27.236581,27.33945,25.719424,24.768946,26.203209,27.767695,25.448029,26.545455,26.948775,26.542056,27.017544,37.707641,26.741996,27.911275,23.191095,24.69352,26.516854,31.231231
NC_042065.1|YP_009617948.1_29|61-ENDaa,29.557522,28.928571,28.737864,30.645161,27.240773,28.233151,33.456562,31.809145,31.944444,28.007181,28.057554,30.449251,28.383459,32.086614,27.52809,29.129663,32.897196,93.910256,93.269231,94.230769,28.627451,90.544872,91.987179,92.948718,30.081301,31.788079,92.147436,94.711538,92.532468,92.307692,74.038462,73.878205,73.878205,74.198718,73.557692,37.54717,29.387755,95.512821,95.192308,47.626841,93.108974,93.429487,95.192308,94.871795,94.551282,95.352564,95.032051,93.910256,95.352564,93.108974,92.788462,93.75,93.108974,93.019481,93.108974,92.788462,92.948718,73.214286,93.429487,93.75,93.719807,93.75,94.070513,48.608838,93.589744,94.070513,95.99359,49.258649,73.557692,91.346154,93.589744,93.108974,95.352564,95.833333,93.589744,92.467949,92.948718,93.108974,94.391026,95.352564,28.342246,28.191489,28.825623,27.984344,30.456026,29.935275,93.75,93.108974,92.628205,94.230769,47.611203,93.108974,92.628205,100,94.230769,47.626841,73.397436,73.878205,91.666667,26.595745,28.75,65.365854,29.568106,60.325203,28.399312,84.227642,64.390244,64.065041,64.390244,64.065041,59.574468,82.439024,27.288732,26.497278,24.156306,38.356164,25.260417,24.525043,23.71476,23.843416,23.843416,25.553663,59.9018,63.902439,25.255973,26.16179,25.59727,29.876977,23.369565,26.095238,25.904762,25.904762,26.903553,26.903553,27.241963,30.29316,25,26.369863,26.586621,26.599327,30.29316,25,28.105906,26.173285,27.45098,30.743243,28.469751,25.338491,24.113475,24.070796,25.046041,28.846154,27.818182,25.364964,28.096118,28.506787,25.688073,25.989673,37.190083,28.16092,26.094891,24.677716,27.504554,29.262673,34.603175
NC_073170.1|YP_010745798.1_34|61-ENDaa,29.525483,28.108108,28.046422,31.956912,27.689594,28.438662,34.195933,29.296875,29.287091,27.468582,27.827648,31.795717,27.495292,29.53668,26.752768,28.419183,31.657356,98.397436,95.192308,95.352564,28.880157,92.467949,95.99359,95.673077,33.333333,32.95082,94.551282,94.871795,96.590909,91.826923,73.237179,73.076923,73.076923,73.237179,72.916667,38.803089,30.252101,94.230769,95.833333,47.135843,96.955128,97.435897,95.192308,95.99359,95.673077,94.871795,94.551282,93.589744,96.314103,95.833333,95.192308,97.115385,96.794872,96.103896,96.955128,95.833333,95.99359,72.564935,96.474359,93.429487,92.995169,97.435897,93.269231,48.366013,97.275641,97.75641,96.955128,48.039216,72.916667,92.628205,95.833333,93.75,97.115385,94.230769,95.833333,96.153846,95.99359,97.115385,94.070513,94.391026,29.026549,28.672566,27.574171,28.383459,34.563758,32.626427,97.75641,95.833333,95.352564,95.352564,47.359736,95.833333,96.153846,94.230769,100,47.626841,72.75641,73.237179,92.628205,26.876091,29.613734,64.878049,29.124579,59.186992,24.916388,85.365854,63.577236,63.252033,63.577236,63.252033,60.720131,83.902439,24.740484,26.047359,25.186567,37,27.083333,22.70364,26.360544,23.201439,23.201439,25.429553,61.047463,63.252033,25.978648,26.5625,25.82897,27.118644,21.299639,26.375712,24.150268,24.150268,26.610169,26.610169,26.949153,30.278232,24.551971,27.877698,25.127334,26.306914,30.441899,25.2,28.066528,27.706422,26.737968,32.653061,26.62116,24.951644,26.752768,25.135624,24.953789,25.714286,26.512456,24.865832,27.124774,26.503341,25.32833,26.595745,36.363636,27.651515,27.985075,22.018349,25.090253,27.149321,32.432432
NC_073204.1|YP_010747922.1_54|61-ENDaa,29.159213,29.067642,24.761905,32.69962,26.306306,29.906542,32.200358,28.737864,27.680312,26.902655,27.370304,27.5,30.01912,26.226415,27.932961,26.909722,34.030418,47.463175,46.808511,47.790507,26.819923,48.032787,47.377049,46.808511,28.476821,29.679595,46.557377,47.135843,46.179402,48.608838,47.868852,47.704918,47.704918,47.868852,47.704918,35.227273,27.667984,47.626841,47.377049,90.422078,47.213115,47.540984,47.868852,47.213115,47.377049,47.299509,46.972177,46.644845,47.790507,48.190789,47.377049,47.868852,47.135843,45.364238,46.808511,46.721311,46.721311,47.009967,46.808511,46.644845,58.230958,48.281506,47.377049,95.292208,47.626841,47.954173,47.626841,90.422078,48.688525,46.808511,47.135843,47.213115,47.463175,47.463175,47.135843,47.532895,47.626841,47.213115,47.540984,47.135843,29.173989,28.54641,28.063943,25.746269,28.547579,28.431373,47.135843,48.190789,47.377049,47.790507,90.25974,48.190789,47.532895,47.626841,47.626841,100,47.540984,48.52459,46.481178,28.066914,24.297189,39.101498,27.441077,38.14262,23.785595,38.372093,39.534884,38.308458,38.80597,38.640133,40.599002,38.704319,25.925926,25.622776,28.625954,82.537068,27.792916,24.733096,25.090909,25.760286,25.760286,26.190476,40.599002,38.971808,25.172414,22.813036,22.959184,28.275862,21.052632,24.953445,23.679417,23.679417,28.471002,28.471002,27.972028,33.559322,26.944972,22.773973,24.691358,27.272727,33.504274,26.54321,27.216495,26.111111,27.838828,34.948097,28.103448,25.478927,24.909747,26.481481,24.635036,26.951673,25.32833,25.457875,24.858757,26.579521,24.40367,25.261324,79.638752,28.461538,27.090909,25.338491,26.958106,28.935185,25.748503
NC_073205.1|YP_010747962.1_35|61-ENDaa,30.782918,29.166667,27.342256,30.797101,25.905797,29.323308,29.442509,28.248588,31.11546,27.353464,27.728086,28.289474,29.111531,30.919765,26.666667,28.998243,26.760563,72.275641,71.794872,74.276527,24.299065,72.347267,72.347267,71.634615,32.160804,30.602007,72.66881,73.878205,72.638436,73.397436,98.397436,98.878205,98.557692,98.076923,99.038462,33.941606,27.967807,75.320513,71.955128,46.766169,73.311897,73.151125,72.115385,72.115385,71.955128,73.076923,73.397436,74.038462,72.829582,72.829582,72.508039,72.990354,72.990354,73.615635,73.151125,73.794212,73.794212,99.837662,74.115756,73.878205,74.637681,72.75641,73.237179,47.868852,73.237179,73.076923,73.237179,48.258706,98.076923,72.115385,72.916667,71.955128,74.038462,75.480769,72.75641,72.829582,73.472669,73.311897,72.275641,72.75641,27.622378,27.748691,28.44523,26.375712,30.449251,30.5,73.472669,72.829582,72.829582,74.276527,46.268657,72.829582,72.829582,73.397436,72.75641,47.540984,100,98.076923,70.512821,24.95637,27.42616,90.081301,27.777778,73.821138,24.625624,65.528455,78.536585,78.04878,78.373984,78.699187,57.119476,67.047308,24.828767,25.129983,26.893939,37.313433,25.526316,23.168654,25.432526,20.274914,20.274914,25.958188,57.283142,78.04878,25.557461,25.868056,26.16179,25.249169,23.007246,23.411978,23.090586,23.090586,25.900515,25.900515,25.900515,31.442464,26.032316,25.862069,27.902946,25.900515,30.632091,29.124236,27.142857,26.277372,26.798561,29.591837,26.554622,25.925926,27.78828,27.78828,26.579926,26.047359,27.651515,28.214971,28.142589,29.399142,26.436782,21.97615,38.666667,29.108911,29.254302,26.425856,26.041667,26.635514,31.212121
NC_073206.1|YP_010748029.1_45|61-ENDaa,31.393298,30.895795,28,30.685921,26.88172,28.028933,32.481752,29.320388,29.961832,25.176056,25.176056,30.369128,28.952381,29.770992,26.029963,30.24911,27.097902,72.75641,72.435897,74.437299,24.394786,72.66881,72.66881,72.275641,32.830821,30.769231,72.025723,73.397436,72.964169,73.878205,98.076923,97.916667,97.596154,98.076923,98.237179,35.164835,28.169014,75.961538,72.435897,47.263682,73.633441,73.472669,72.596154,72.75641,72.596154,73.237179,72.916667,74.679487,72.829582,73.633441,72.829582,73.954984,73.311897,72.801303,73.633441,72.829582,72.990354,98.051948,73.472669,74.519231,75.362319,73.878205,73.717949,48.196721,73.717949,73.557692,73.717949,48.590381,99.679487,71.634615,73.717949,73.076923,73.557692,75.961538,73.397436,73.151125,73.794212,73.633441,72.435897,73.237179,26.736111,26.506024,27.368421,26.755218,32.387312,31.333333,73.794212,73.633441,73.151125,74.437299,47.263682,73.633441,73.151125,73.878205,73.237179,48.52459,98.076923,100,71.153846,26.094571,27.521008,89.918699,27.926421,74.796748,24.584718,66.01626,78.699187,78.373984,78.536585,78.536585,57.119476,66.884176,25,26.371681,27.78828,37.47927,27.837838,22.641509,24.525043,20.274914,20.274914,24.697755,57.283142,78.373984,23.026316,25.744308,25.862069,26.677852,24.675325,23.603604,28.543689,28.543689,26.109215,26.109215,26.109215,31.442464,25.806452,25.561313,26.829268,26.109215,30.794165,28.194726,27.720739,27.007299,26.618705,32.781457,25,27.18254,27.78828,27.78828,26.815642,26.047359,27.169811,27.639155,27.39212,29.336188,26.436782,23.327616,38.833333,28.488372,29.885057,26.086957,27.240773,25.874126,30.606061
NC_073210.1|YP_010748234.1_19|61-ENDaa,28.646749,28.390597,29.191321,31.13879,27.807487,29.390018,32.780847,30.693069,32.335329,27.531083,27.531083,30.477759,26.530612,31.936128,23.076923,27.336861,28.495575,93.269231,94.230769,91.826923,28.205128,92.147436,91.50641,93.589744,32.189542,32.247557,91.025641,91.987179,92.532468,89.74359,70.99359,70.99359,70.99359,71.153846,70.99359,38.846154,31.198347,91.025641,91.185897,48.105437,92.307692,92.307692,91.025641,92.307692,92.147436,92.307692,91.987179,90.865385,91.346154,92.147436,92.948718,92.788462,91.826923,92.207792,93.429487,92.147436,92.147436,70.454545,92.628205,90.705128,94.202899,93.269231,91.826923,47.222222,92.948718,93.429487,92.467949,48.355263,70.833333,95.512821,95.512821,96.955128,91.987179,91.346154,93.269231,91.987179,91.666667,92.307692,91.826923,92.147436,26.26087,26.889279,27.16263,28.937008,32.084691,32.026144,92.948718,92.147436,91.987179,91.826923,47.019868,92.147436,91.987179,91.666667,92.628205,46.481178,70.512821,71.153846,100,26.14841,23.34004,63.089431,28.714524,58.766234,26,85.853659,62.601626,62.276423,62.601626,62.276423,59.053834,82.113821,26.984127,23.674912,24.909091,36.454849,28.533333,26.173285,23.489933,22.939068,22.939068,23.898305,59.380098,62.276423,24.048443,23.559322,23.760684,27.104377,20.454545,28.060264,24.821429,24.821429,27.979275,27.931034,28.399312,30.95624,25.812274,23.418803,23.599321,27.55102,30.794165,25.0501,26.358149,26.118068,26.232394,31.399317,26.101695,26.744186,25.045045,24.864865,27.592593,27.410208,27.124774,25.454545,27.22323,30.114943,27.042802,27.598566,36.92053,27.410208,28.125,24.270073,24.43281,28.904429,31.692308
NC_025466.1|YP_009103930.1_44|61-ENDaa,26.883562,28.063943,28.464419,24.14966,28.156997,25.846702,24.496644,28.181818,28.856624,28.960818,26.837607,27.538462,25.357143,28.804348,27.574171,26.923077,25.985663,27.192982,26.203209,28.085868,27.16763,25.531915,27.433628,25.806452,28.571429,27.34255,26.408451,27.097902,27.12766,29.026846,25.441696,25.13089,25.13089,25.91944,25.47993,29.981718,28.656126,26.798561,27.12766,29.142857,27.964602,27.964602,28.363636,27.288732,28.31216,26.444834,25.82897,26.010545,28.440367,27.256637,27.240143,28.545455,27.336861,26.713533,26.93662,26.00349,25.958188,24.780316,25.91944,26.186292,30.279898,26.785714,27.865961,26.220615,26.964286,26.785714,27.017544,27.54159,26.094571,26.465364,26.868327,26.41844,26.829268,26.618705,27.586207,27.112676,26.584507,27.787611,26.388889,26.269702,27.75974,28.827362,28.052805,23.958333,28.48392,27.538462,27.017544,27.256637,28.392857,28.085868,25.268817,27.256637,27.816901,26.595745,26.876091,28.066914,24.95637,26.094571,26.14841,100,25.660377,25.609756,26.825397,25.561313,26.120556,27.272727,25.483304,25.82897,25.561313,25.30541,25,26.655052,27.54591,25.259516,25.913043,29.433962,24.935733,28.171334,26.210351,23.826087,23.826087,27.181208,25,25.432526,26.860841,27.04918,26.470588,25.920245,27.12766,24.657534,27.272727,27.272727,27.34375,27.444795,27.444795,31.445604,25.285481,28.983051,25.404531,27.613105,29.618768,27.091633,28.305785,28.571429,26.169844,38.12709,26.552795,26.362039,26.75367,26.885246,24.56446,26.324786,27.470687,26.01626,27.394958,25.473684,28.113879,25.342466,29.588015,28.571429,27.192982,23.011844,28.762542,28.506787,33.762058
NC_025471.1|YP_009104269.1_32|61-ENDaa,24.319066,27.650728,25.150905,27.593361,22.718808,27.824268,24.712644,23.565574,24.273859,28.513238,28.600406,28.51711,24.279835,24.223602,28.131417,25.680934,25.708061,29.613734,25.506073,26.272912,22.244489,27.330508,28.969957,24.896266,28.51711,29.400387,28.850325,27.070707,28.969957,22.840691,27.272727,27.754237,28.237792,27.966102,26.582278,22.574257,23.908524,30.042918,30.042918,24,28.969957,29.741379,29.284165,30.257511,30.257511,27.474747,27.070707,28.333333,28.969957,27.198364,27.5154,29.956897,29.184549,28.755365,26.639344,28.540773,27.755102,25.465839,28.755365,27.104723,22.857143,27.93177,28.723404,24.948454,28.144989,28.144989,30.257511,21.330724,27.157895,23.4,27.292111,24.297189,29.828326,29.247312,27.777778,28.755365,30.172414,28.969957,26.639344,27.383367,23.917137,24.105461,24.293785,24.897119,28.326996,30.784314,30.172414,27.198364,29.782609,26.272912,23.552894,27.198364,26.639344,28.75,29.613734,24.297189,27.42616,27.521008,23.34004,25.660377,100,28.085106,28.171642,27.5154,27.238095,26.326531,23.505155,24.06639,23.917526,23.251029,22.891566,25,26.824458,26.719057,24.364407,23.382046,22.955145,23.251418,25.349301,24.180328,24.180328,26.060606,23.092369,23.858921,25.616698,25.423729,27.151052,24.06015,21.77264,24.547284,23.32696,23.32696,25.333333,25.961538,25.572519,30.149813,26.095618,25.140713,24.253731,25.954198,30.337079,26.829268,22.621564,23.954373,22.440945,25,26.654412,25.86558,24.440299,24.339623,24.254473,25.250501,21.161049,23.87218,21.621622,25.799087,25.052192,25.482625,22.970297,21.730382,24.950495,25.294118,26.284585,24.429224,28.395062
NC_031918.1|YP_009322253.1_56|61-ENDaa,28.725314,27.440147,26.666667,27.205882,26.086957,25.325885,26.654741,26.386233,28.968254,26.449275,26.449275,30.050083,26.679463,28.769841,24.719101,27.288732,28.871893,64.390244,64.227642,65.365854,23.496241,64.065041,63.577236,64.227642,30.909091,29.180328,63.414634,65.04065,64.754098,65.853659,90.081301,90.243902,90.243902,89.918699,90.406504,28.037383,27.253669,66.99187,64.227642,39.159664,64.552846,64.390244,64.227642,64.390244,64.227642,65.04065,65.04065,66.178862,63.902439,64.227642,63.902439,64.390244,64.552846,64.918033,64.878049,64.390244,64.552846,90.819672,64.878049,66.01626,62.469136,64.878049,65.365854,39.666667,64.878049,65.04065,65.365854,39.434276,89.918699,63.577236,65.203252,64.227642,65.528455,67.154472,65.04065,63.902439,64.715447,64.552846,64.227642,64.878049,24.56446,24.521739,25.132743,25.478927,30.14827,29.605263,64.715447,64.227642,63.902439,65.365854,38.358459,64.227642,64.065041,65.365854,64.878049,39.101498,90.081301,89.918699,63.089431,25.609756,28.085106,100,34.251291,80.325203,29.850746,73.00813,86.341463,85.691057,86.01626,86.178862,65.302782,74.146341,31.707317,31.922399,33.333333,45.666667,30.05618,23.69338,24.521739,25.631769,25.631769,25.127334,65.466448,86.178862,24.201681,26.102293,26.215278,28.298611,26.415094,26.208178,22.438163,22.438163,28.218695,28.218695,28.218695,31.198686,29.704797,28.368794,29.484902,28.218695,32.669983,35.641548,28.131417,29.166667,31.842576,30.821918,27.272727,24.758221,25,24.542125,26.679104,26.425856,27.425373,26.654064,26.865672,23.717949,26.640927,23.195876,44.38861,27.435388,33.526012,24.022346,28.442029,24.711316,29.429429
NC_031924.1|YP_009322784.1_71|61-ENDaa,26.592357,27.444254,29.520295,28.816467,28.938907,29.809359,29.570747,26.064736,27.351916,24.437299,24.276527,51.008969,27.66323,25.680272,26.442308,25.145349,30.769231,28.52349,28.595318,27.591973,27.911275,27.787022,27.684564,29.431438,51.959686,51.847704,28.380634,28.052805,28.595601,28.043143,28.067227,28.067227,28.067227,28.235294,27.89916,29.525483,30.097087,29.900332,28.951747,26.994907,28.619529,28.355705,29.243697,29.194631,29.243697,28.052805,27.887789,28.476821,28.619529,28.956229,28.026534,28.81072,28.787879,28.547297,28.787879,28.475712,28.308208,27.843803,28.475712,28.476821,32.835821,30.016863,29.96633,25.671141,29.530201,29.848229,29.480737,26.989619,27.805695,28.983051,27.394958,29.07563,29.005059,29.401993,29.491525,28.595601,28.474576,28.451178,28.217822,28.595041,30.884558,30.838323,30.225564,27.368421,51.62374,51.62374,28.787879,28.956229,28.187919,27.591973,26.351351,28.956229,27.852349,29.568106,29.124579,27.441077,27.777778,27.926421,28.714524,26.825397,28.171642,34.251291,100,36.068376,30.041725,32.823129,32.482993,33.502538,34.129693,33.788396,33.959044,33.783784,33.124019,37.958533,34.576271,30.434783,33.977901,25.931446,32.180451,25.404531,25.404531,31.334333,34.767642,33.788396,24.441341,25.071225,24.714286,26.657645,28.547855,24.874791,29.915966,29.915966,27.606461,27.606461,28.088235,27.033219,26.625387,24.894515,26.292467,27.606461,26.765376,36.276392,34.215886,30.228758,33.169935,33.552632,25.13587,27.835052,26.614173,25.585023,27.457627,28.00659,25.19685,27.18601,25.03937,29.052632,24.217463,24.633431,31.972789,31.501832,32.828283,27.591973,26.502311,27.293065,32.628399
NC_054639.1|YP_010053351.1_68|61-ENDaa,30.885122,25.378788,29.896907,25.800377,31.931166,28.060264,26.889279,27.184466,27.131783,25.59415,24.424779,28.026534,27.428571,26.937984,27.134725,24.744027,26.666667,59.02439,59.02439,59.02439,26.035503,58.536585,58.536585,59.02439,26.942149,27.287854,59.02439,59.512195,58.660131,61.300813,73.98374,74.146341,73.821138,74.308943,74.146341,27.472527,23.943662,60.97561,59.02439,38.358459,58.699187,58.861789,59.674797,59.349593,59.512195,59.837398,59.674797,60.325203,58.699187,58.861789,59.02439,59.349593,58.861789,59.508197,59.349593,59.02439,59.02439,74.098361,59.349593,60.162602,61.481481,59.512195,60.813008,37.913907,59.512195,59.349593,59.186992,39.297659,74.634146,58.211382,59.674797,58.861789,59.02439,60.813008,59.349593,58.04878,59.02439,58.699187,59.186992,59.837398,25.043478,25.215889,26.010545,25.150905,27.076412,27.317881,59.186992,58.861789,58.536585,59.02439,37.47927,58.861789,58.373984,60.325203,59.186992,38.14262,73.821138,74.796748,58.766234,25.561313,27.5154,80.325203,36.068376,100,29.27242,66.01626,92.357724,91.869919,92.520325,92.03252,62.091503,67.317073,30.956522,34.229391,34.155598,44.518272,27.977839,26.032316,24.40273,25.724638,25.724638,25.557461,62.254902,91.869919,23.809524,25.573192,25.261324,27.444254,24.590164,27.735849,22.898032,22.898032,29.982363,29.982363,30.442478,29.898649,29.433962,25.173611,24.784854,29.982363,29.780034,33.333333,27.628866,28.10219,30.671506,30.272109,27.622378,25.426945,23.69338,24.43281,26.815642,26.256983,25.135624,25.834798,26.617375,28.051392,26.079137,26.017699,44.57429,29.862475,29.710145,25.475285,23.777403,25.943396,28.915663
NC_054637.1|YP_010053157.1_33|61-ENDaa,28.641571,25.396825,28.856624,27.692308,30.615641,29.379562,29.579832,28.245614,27.368421,26.80067,27.124183,25.546448,24.869565,27.368421,25.084746,28.08642,27.645051,24.916944,24.958124,24.709784,28.224299,25.126476,25.041459,23.548922,27.310924,26.825843,25.126476,25.083056,25.168919,24.960754,24.459235,24.792013,24.625624,24.625624,24.792013,31.903945,32.317073,25.125628,25.757576,25.894378,25.041736,24.875622,24.333333,23.432343,24.292845,25.249169,25.083056,24.584718,28.163993,25.083612,24.916944,24.916388,25.333333,24.414716,25.250836,24.750831,25.297114,24.496644,25.083612,24.584718,30.19802,24.58194,24.414716,24.915825,25,24.749164,25.124792,26.495726,23.809524,26.923077,24.455611,26.298157,25.460637,24.749164,25.127334,24.875622,25.041459,25.585284,23.880597,24.750831,25.585023,25.194401,24.613003,25.259516,26.013986,25.941423,25.250836,25.083612,24.503311,24.709784,23.986486,25.083612,24.540902,28.399312,24.916388,23.785595,24.625624,24.584718,26,26.120556,27.238095,29.850746,30.041725,29.27242,100,32.209106,32.286213,29.815745,30.169492,29.711375,31.345826,29.900332,29.793978,31.663974,31.729055,30.639731,37.150838,28.006329,24.737631,25.956739,25.956739,25.266362,31.016949,29.898649,27.286585,25.701625,26.74772,28.571429,25.752508,27.194492,24.398625,24.398625,25.218659,25.218659,25.145349,27.973856,25.421133,26.940639,26.840491,25.436047,28.344371,36.25731,32.264529,33.445378,31.260504,34.437086,25.26003,26.480836,25.826772,25.641026,27.181208,27.377049,24.375,26.978998,24.375,29.192547,26.5625,26.340694,30.650685,29.650092,30.782313,26.298157,25.263158,31.651376,29.253731
NC_054640.1|YP_010053424.1_51|61-ENDaa,28.597122,26.159555,25.825243,28.571429,26.725664,25.703565,30.38674,27.254902,28.910891,25.362319,25.408348,32.491582,25.381679,27.431907,24.859813,25.531915,24.909747,85.691057,84.878049,84.715447,24.80315,83.902439,83.577236,84.878049,30.948419,31.5,82.926829,85.04065,85.409836,84.390244,65.691057,65.365854,65.203252,65.365854,65.691057,31.702544,27.139875,85.04065,83.739837,38.20598,85.04065,84.715447,83.577236,84.715447,84.715447,84.715447,84.390244,84.390244,84.390244,84.065041,84.715447,85.04065,84.715447,85.245902,85.691057,84.552846,84.715447,65.901639,85.04065,84.227642,81.234568,85.853659,83.739837,39.368771,85.853659,86.01626,85.203252,39.137645,65.691057,86.341463,87.642276,87.154472,85.04065,85.203252,86.178862,84.227642,85.203252,85.04065,83.902439,84.390244,25.636364,25.493716,25.905797,29.644269,30.232558,31.666667,85.691057,84.065041,84.065041,84.715447,37.541528,84.065041,84.390244,84.227642,85.365854,38.372093,65.528455,66.01626,85.853659,27.272727,26.326531,73.00813,32.823129,66.01626,32.209106,100,71.869919,71.382114,71.707317,71.382114,69.067103,92.520325,32.566372,34.732824,31.549815,43.926789,30.30303,26.523297,24.79062,24.677716,24.677716,24.750831,69.394435,71.544715,25.30541,25.689655,23.181049,29.553265,23.583181,28.626692,24.675325,24.675325,29.895105,29.895105,30.06993,31.125828,29.097606,26.26087,27.256944,30.297723,30.588235,32.335329,27.236581,30.442804,30.728242,29.553265,25.932504,27.201566,28.280961,27.808471,25.688073,28.26087,26.958106,28.490566,27.859779,27.192982,25.41744,28.520499,42.429285,26.865672,33.709981,26.335878,27.767695,28.669725,31.402439
NC_054642.1|YP_010053568.1_35|61-ENDaa,31.548757,25,28.542094,27.067669,29.775281,27.756654,28.218695,25.71977,25.43021,26.306306,26.126126,28.691275,26.499033,25.43021,25.988701,25.834798,26.568266,63.414634,63.902439,63.739837,27.822581,63.252033,62.276423,63.902439,27.787022,28.475712,63.089431,64.390244,64.098361,65.203252,78.373984,78.861789,78.699187,78.536585,78.861789,26.459854,23.847695,65.04065,63.902439,39.19598,63.902439,63.739837,63.414634,63.902439,64.065041,64.390244,64.390244,64.878049,63.089431,63.414634,63.902439,64.227642,63.577236,64.42623,64.552846,64.227642,64.390244,79.016393,64.715447,64.715447,60.987654,64.065041,65.203252,38.907285,64.390244,64.227642,63.902439,40.468227,78.536585,62.764228,63.739837,63.577236,63.577236,65.203252,64.390244,63.252033,63.739837,63.902439,63.414634,64.065041,25.73913,25.344828,25.43554,28.54251,28.595318,29.09699,64.390244,63.414634,62.601626,63.739837,37.645108,63.414634,63.577236,64.390244,63.577236,39.534884,78.536585,78.699187,62.601626,25.483304,23.505155,86.341463,32.482993,92.357724,32.286213,71.869919,100,98.211382,98.861789,99.02439,64.97545,72.682927,30.46595,33.272395,34.050881,47.078464,27.823691,25.391304,26.26087,27.706422,27.706422,27.430556,65.139116,98.373984,24.789207,26.41844,26.619965,27.66323,25.794393,25.373134,21.541156,21.541156,30.15873,30.15873,30.15873,29.848229,28.411215,26.00349,25.43554,30.15873,29.510961,33.814433,28.453608,27.667269,31.818182,32.179931,26.5625,26.47619,23.642732,24.385965,24.954463,25.559701,24.862888,26.102293,24.680073,31.050228,25.899281,25.524476,44.925125,28.323699,30.363636,24.577861,24.521739,24.186047,29.819277
NC_054644.1|YP_010053744.1_61|61-ENDaa,28.810409,24.538745,28.336756,27.222222,29.294756,27.255639,27.288732,25.478927,25.71977,26.428571,26.25,27.54591,27.724665,25.71977,24.531835,26.287744,29.44664,63.089431,63.577236,63.414634,25.992063,62.926829,61.95122,63.577236,28.333333,28.166667,62.764228,64.065041,63.770492,64.878049,77.723577,78.373984,78.04878,78.04878,78.373984,26.654412,24.089069,64.715447,63.577236,37.896494,63.577236,63.414634,63.089431,63.577236,63.739837,64.065041,64.065041,64.552846,62.764228,63.089431,63.577236,63.902439,63.252033,64.098361,64.227642,63.902439,64.065041,78.360656,64.390244,64.390244,60.740741,63.739837,64.878049,38.576159,64.065041,63.902439,63.577236,39.166667,78.211382,62.439024,63.414634,63.252033,63.252033,64.878049,64.065041,62.926829,63.414634,63.577236,63.089431,63.739837,25.222025,26.501767,26.344086,27.967807,28.618968,28.714524,64.065041,63.089431,62.276423,63.414634,37.313433,63.089431,63.252033,64.065041,63.252033,38.308458,78.04878,78.373984,62.276423,25.82897,24.06639,85.691057,33.502538,91.869919,29.815745,71.382114,98.211382,100,98.373984,98.04878,65.139116,72.03252,30.836237,31.095406,32.758621,46.911519,27.900552,25.217391,25.128205,27.624309,27.624309,26.782609,65.302782,98.04878,25.71912,27.629234,26.795096,27.272727,25.794393,25.974026,23.090586,23.090586,30.742049,30.742049,30.742049,30.185497,29.213483,26.41844,25.605536,30.457746,29.848229,33.333333,29.399586,28.492647,32.363636,31.399317,26.956522,26.245211,23.143351,23.356401,25.68306,25.703565,23.783784,25.396825,23.603604,29.157667,25.13465,25.441696,44.425957,27.756654,30.852995,25.095057,25.357143,24.651163,31.231231
NC_054645.1|YP_010053774.1_9|61-ENDaa,31.931166,26.443203,28.425358,27.358491,29.113924,26.93032,26.923077,29.70297,29.38856,25.932504,25.754885,29.026846,26.112186,29.083665,26.177024,25.614035,28.517824,63.414634,63.902439,63.739837,27.822581,63.252033,62.276423,63.902439,28.475712,28.666667,63.089431,64.390244,64.098361,65.203252,78.04878,78.699187,78.373984,78.373984,78.699187,27.022059,24.074074,65.04065,63.902439,39.363484,63.902439,63.739837,63.414634,63.902439,64.065041,64.390244,64.390244,64.878049,63.089431,63.414634,63.902439,64.227642,63.577236,64.42623,64.552846,64.227642,64.390244,78.688525,64.715447,64.715447,61.234568,64.065041,65.203252,39.072848,64.390244,64.227642,63.902439,40.635452,78.536585,62.764228,63.739837,63.577236,63.577236,65.203252,64.390244,63.252033,63.739837,63.902439,63.414634,64.065041,24.65035,25.694444,25.749559,28.024194,28.666667,29.264214,64.390244,63.414634,62.601626,63.739837,37.645108,63.414634,63.577236,64.390244,63.577236,38.80597,78.373984,78.536585,62.601626,25.561313,23.917526,86.01626,34.129693,92.520325,30.169492,71.707317,98.861789,98.373984,100,98.861789,65.302782,72.682927,29.861111,31.238779,32.43762,47.245409,28.099174,24.869565,24.573379,25.824176,25.824176,25.773196,65.466448,98.373984,25.380711,26.595745,26.795096,27.891156,25.794393,26.605505,22.912966,22.912966,30.565371,30.565371,30.565371,30.016863,29.026217,26.17801,25.172414,30.565371,29.679595,33.950617,28.453608,28.308824,33.027523,31.83391,26.388889,26.768642,22.586207,23.316062,25.318761,25.849057,26.915888,26.06383,26.542056,29.004329,25.719424,25.30541,45.257903,28.516378,30.363636,25.32833,25.539568,24.418605,29.72973
NC_054646.1|YP_010053895.1_43|61-ENDaa,30.783939,25,27.935223,27.52809,28.028933,27.169811,28.042328,24.427481,24.571429,25.044723,24.865832,28.355705,26.499033,24.571429,26.177024,25.622776,28.517824,63.089431,63.577236,63.414634,25.697211,62.926829,61.95122,63.577236,28.235294,27.973199,62.764228,64.065041,63.770492,64.878049,78.536585,78.699187,78.536585,78.373984,79.02439,26.277372,24.242424,64.715447,63.577236,39.19598,63.577236,63.414634,63.089431,63.577236,63.739837,64.065041,64.065041,64.552846,62.764228,63.089431,63.577236,63.902439,63.252033,64.098361,64.227642,63.902439,64.065041,79.180328,64.390244,64.390244,61.234568,63.739837,64.878049,38.907285,64.065041,63.902439,63.577236,40.468227,78.373984,62.439024,63.414634,63.252033,63.252033,64.878049,64.065041,62.926829,63.414634,63.577236,63.089431,63.739837,25.565217,24.652778,25.958188,27.620968,28.428094,28.452579,64.065041,63.089431,62.276423,63.414634,37.645108,63.089431,63.252033,64.065041,63.252033,38.640133,78.699187,78.536585,62.276423,25.30541,23.251029,86.178862,33.788396,92.03252,29.711375,71.382114,99.02439,98.04878,98.861789,100,65.139116,72.357724,31.293706,32.720588,33.723197,47.078464,28.099174,24.738676,25.214408,27.97075,27.97075,25.524476,65.302782,98.211382,25.211506,26.889279,26.619965,29.432624,25.555556,25.842697,21.830986,21.830986,31.071429,31.071429,31.071429,29.848229,27.137546,26.00349,24.912892,31.071429,29.510961,33.814433,28.659794,27.848101,31.636364,32.179931,27.845884,26.974952,23.143351,23.875433,25.136612,25.612053,23.603604,25.43554,24.00722,31.207289,26.079137,26.048951,44.925125,28.901734,30.363636,25.237192,23.752151,24.186047,30.120482
NC_054647.1|YP_010053947.1_12|61-ENDaa,26.631393,27.651515,28.11245,26.325411,27.827648,26.335175,26.211849,25.996205,25.996205,24.464286,25,29.91453,27.447217,25.237192,25.884544,25.899281,26.519337,60.556465,59.574468,60.065466,26.104418,60.065466,59.738134,58.919804,30.664395,29.815745,58.919804,60.392799,60.231023,61.211129,56.95581,56.95581,56.792144,56.628478,57.283142,27.514231,27.5,60.392799,59.738134,39.833333,60.065466,60.229133,60.065466,60.229133,60.229133,59.9018,59.9018,59.574468,59.9018,59.9018,59.9018,60.065466,60.065466,60.561056,60.556465,60.229133,60.229133,57.425743,60.556465,59.574468,60.794045,60.392799,60.883797,40.833333,60.392799,60.556465,60.229133,39.933444,56.95581,58.756137,60.065466,59.247136,60.556465,60.229133,59.574468,59.410802,59.9018,60.065466,59.247136,59.410802,29.104478,28.947368,29.135338,28.486056,29.848229,31.06961,60.392799,59.9018,59.9018,60.065466,39.166667,59.9018,59.738134,59.574468,60.720131,40.599002,57.119476,57.119476,59.053834,25,22.891566,65.302782,33.959044,62.091503,31.345826,69.067103,64.97545,65.139116,65.302782,65.139116,100,69.230769,31.443299,31.681416,31.636364,47,32.112676,24.78185,25.255973,24.907063,24.907063,25.426621,99.673736,65.302782,26.455026,27.787611,27.865961,29.772329,25.091575,28.037383,23.722628,23.722628,27.194492,27.194492,29.298246,30.267559,28.051002,26.795096,25.906736,29.473684,27.860697,32.454361,26.907631,29.055258,29.307282,32.333333,27.179487,25.585938,23.774955,23.327306,23.66548,24.761905,25.952813,23.465704,25.589837,27.253219,28.657315,26.950355,45.226131,29.076621,32.723949,26.779026,26.19469,27.803738,30.513595
NC_054648.1|YP_010054086.1_66|61-ENDaa,27.321429,26.415094,28.063241,27.071823,26.110124,25.703565,30.018762,29.330709,31.653226,24.456522,24.500907,32.367973,23.684211,29.076621,22.568807,26.181818,25.99278,85.04065,83.739837,85.04065,26.181102,83.414634,85.528455,83.902439,30.588235,31.516184,84.227642,84.552846,84.918033,82.764228,66.01626,66.721044,65.853659,66.39478,67.047308,31.952663,25.720165,84.227642,82.764228,39.101498,84.552846,85.04065,83.089431,83.414634,83.414634,83.902439,83.902439,83.739837,83.252033,84.065041,85.365854,84.390244,85.203252,85.901639,85.365854,85.203252,84.878049,66.557377,85.203252,83.577236,80,84.878049,83.252033,38.971808,84.878049,85.04065,84.552846,40.368509,66.557912,82.276423,83.089431,82.601626,84.390244,84.065041,84.552846,84.227642,86.666667,84.552846,83.414634,83.252033,26.325088,25.520833,26.00349,27.613412,32.989691,31.53457,85.04065,84.065041,84.878049,85.04065,38.795987,84.065041,84.227642,82.439024,83.902439,38.704319,67.047308,66.884176,82.113821,26.655052,25,74.146341,33.783784,67.317073,29.900332,92.520325,72.682927,72.03252,72.682927,72.357724,69.230769,100,31.690141,31.663685,30.57554,44.776119,29.916898,26.010545,25.632378,26.503759,26.503759,25.470085,69.558101,72.357724,26.206897,27.48227,25.649913,27.319588,23.327306,28.871893,24.460432,24.460432,29.071804,29.071804,28.645833,31.051753,28.390597,26.608696,27.592267,27.979275,31.313131,29.880478,27.935223,28.315412,32.181818,28.668942,26.5625,26.305609,27.106227,26.642336,25.842697,28.26087,23.767606,25.641026,24.420677,24.946695,24.719101,27.797203,43.261231,25.714286,32.575758,25.87156,29.356061,27.816092,31.804281
NC_054649.1|YP_010054109.1_1|61-ENDaa,24.915254,34.375,26.226415,28.33935,27.857143,28.776978,29.636049,26.519337,27.78828,27.209705,27.586207,25.856698,25.454545,27.410208,26.815642,29.124579,27.115717,25.129983,26.186292,25.520833,25.048924,27.610619,25.783972,25.744308,25.972006,26.332288,25.65445,27.175844,25.087108,25.779967,25.561313,24.828767,24.268503,25.171233,25.645439,30.367505,28.888889,27.689594,26.352531,25.978648,25.261324,25.43554,27.54386,26.352531,26.655052,27.48227,27.12766,27.160494,27.112676,25.565217,26.998224,25.609756,26.00349,25.47993,24.567474,24.655172,24.869565,25.13089,24.869565,27.160494,29.792746,26.048951,26.491228,26.06383,25.91944,25.874126,26.30662,24.912281,25,27.158273,26.584507,27.433628,25.391304,27.336861,26.140351,25.43554,25.173611,25.217391,27.708703,27.580071,25.328947,26.523888,24.835526,24.734982,27.272727,26.917058,25.043478,25.565217,26.666667,25.520833,24.731183,25.565217,25.609756,27.288732,24.740484,25.925926,24.828767,25,26.984127,27.54591,26.824458,31.707317,33.124019,30.956522,29.793978,32.566372,30.46595,30.836237,29.861111,31.293706,31.443299,31.690141,100,30.360206,31.083481,32.275132,34,25.45156,26.644737,25.344828,25.344828,27.04918,31.443299,31.115108,26.75367,27.348993,25.755167,25.28363,23.867596,22.530329,27.845884,27.845884,28.907563,28.907563,28.739496,31.162791,26.942149,28.140704,26.590538,28.907563,28.831563,34.516765,28.973843,30.541012,32.078853,31.353135,24.918567,25,22.495895,22.660099,24.041812,24.705882,25.840708,25.503356,26.33452,29.039301,28.676471,28.222997,29.225352,26.775956,31.834532,27.083333,25.72402,23.348018,32.142857
NC_054650.1|YP_010054216.1_20|61-ENDaa,26.05042,29.272727,26.235741,29.323308,27.003484,23.963964,25.124792,24.729242,24.548736,28.070175,27.719298,30.745342,27.32342,25.68306,27.807487,24.05892,28.977273,26.739927,26.190476,26.972477,25.736739,28.871893,27.255985,25.865209,31.22102,30.697674,27.071823,26.047359,24.050633,28.125,26.725664,26.548673,26.548673,26.725664,26.548673,25.899281,27.557411,27.239488,26.007326,26.570916,24.100719,24.280576,26.268116,26.519337,26.703499,26.363636,26.181818,26.134301,26.545455,28.360958,23.741007,26.268116,26.238532,24,27.962963,27.440147,27.440147,26.110124,27.54159,26.134301,31.155779,26.156584,26.508227,27.829314,26.545455,25.978648,26.363636,25.490196,26.371681,25.771325,24.689165,26.373626,26.181818,26.593807,26.887661,24.100719,26.238532,23.920863,26.181818,26.363636,31.484502,31.309904,31.647635,28.298279,31.472868,30.757342,26.373626,28.360958,26.142596,26.972477,26.315789,28.360958,24.057451,26.497278,26.047359,25.622776,25.129983,26.371681,23.674912,25.259516,26.719057,31.922399,37.958533,34.229391,31.663974,34.732824,33.272395,31.095406,31.238779,32.720588,31.681416,31.663685,30.360206,100,35.181644,30,30.193906,26.218487,32.027257,26.516464,26.516464,29.362416,31.858407,32.200358,27.226027,26.565144,23.322148,24.516129,25.274725,27.902622,25.535714,25.535714,24.876442,24.876442,25.041186,29.953917,24.711697,25.496689,23.039216,25.082508,28.746177,32.086614,31.752577,27.495622,28.347826,34.859155,25.816993,25.800377,23.47973,22.934233,24.43281,21.366025,25.217391,23.539519,25.043478,26.427061,26.929982,25.614035,29.390681,26.345083,27.648115,23.90925,22.222222,26.280624,26.488095
NC_054651.1|YP_010054278.1_3|61-ENDaa,28.804348,29.511278,25.52381,27.238095,28.280961,28.598131,28.597786,28.383459,29.924242,27.504554,27.140255,28.475712,26.628352,29.827916,25.137615,25.913043,30.174081,25.636364,24.538745,25.276753,24.271845,24.637681,26.070764,25.842697,27.557756,28.951747,24.677716,24.593128,26.704545,24.738676,27.703985,27.083333,27.083333,27.272727,26.857143,28.3859,25.303644,25.952813,25.228519,28.461538,26.078799,26.022305,23.255814,25.454545,24.909747,24.500907,24.319419,24.863884,24.504505,27.134725,25.641026,26.454034,26.35514,25.776965,26.443203,25.68306,26.256983,26.704545,25.981308,24.593128,30.808081,26.365348,29.287091,28.764479,26.8431,26.177024,25.090909,28.571429,27.032136,25.830258,25,25.364964,24.772313,25.641026,25.046729,25.729927,25.228519,26.266417,24.280576,24.817518,25.618375,26.909091,26.909091,37.913043,30.973451,30.313589,26.728972,27.134725,25.87156,25.276753,26.037736,27.134725,25.276753,24.156306,25.186567,28.625954,26.893939,27.78828,24.909091,25.913043,24.364407,33.333333,34.576271,34.155598,31.729055,31.549815,34.050881,32.758621,32.43762,33.723197,31.636364,30.57554,31.083481,35.181644,100,32.518797,33.146067,26.086957,26.748252,27.324478,27.324478,26.748252,31.046931,34.637965,24.567474,23.115578,21.717172,26.551724,26.857143,30.566802,25.665399,25.665399,24.873096,24.873096,25.127334,28.947368,30.630631,23.063973,24.041812,25.297114,29.440789,30.522088,25.150905,25.173611,29.90991,32.013201,28.646749,24.105461,25,26.215278,26.679463,28.148148,26.865672,25.524476,24.264706,27.692308,24.725275,23.85159,30.871212,26.217228,32.960894,25.268817,23.85159,26.794258,30.153846
NC_070846.1|YP_010657373.1_6|61-ENDaa,25.806452,29.142857,24.521073,30.434783,26.642336,27.552987,29.487179,25.046382,25.471698,27.902622,27.605119,24.705882,28.219697,24.90566,26.908397,24.17962,28.790787,37.166667,36.439268,36.981758,25.048924,37.942664,37.729549,36.272879,26.386555,26.923077,36.5,38.831615,37.310924,39.101498,37.313433,37.147595,37.147595,36.981758,37.47927,27.410208,27.087576,39.175258,36.877076,79.07743,37.166667,37.333333,37.5,36.833333,37,39.003436,38.831615,38.831615,36.877076,37.166667,36.833333,36.833333,37.688442,36.806723,37,36.666667,36.666667,37.458194,36.666667,39.003436,42.676768,36.650083,38.67121,81.713344,36.81592,36.81592,39.175258,79.07743,37.47927,36.789298,36.744966,35.9401,39.175258,39.347079,38.14433,37.333333,39.003436,37.166667,39.070568,38.659794,28.801431,28.264758,27.304965,25.285171,25.714286,25.882353,37,37.166667,37.625418,36.981758,77.759473,37.166667,37.29097,38.356164,37,82.537068,37.313433,37.47927,36.454849,29.433962,23.382046,45.666667,30.434783,44.518272,30.639731,43.926789,47.078464,46.911519,47.245409,47.078464,47,44.776119,32.275132,30,32.518797,100,32.681564,29.135338,28.942486,30.250482,30.250482,27.22323,47.166667,47.412354,26.269702,27.083333,26.027397,30.918728,26.029963,24.448529,23.23049,23.23049,29.840142,29.840142,30.659537,31.802721,25.13369,27.209705,26.243568,29.432624,32.312925,30.985915,29.018789,31.688805,31.372549,36.082474,30.363636,25.139665,26.422018,25.858951,24.729242,26.386233,25.321101,26.335175,25,25.965665,25.650558,25.783972,84.158416,25.19084,31.775701,27.309237,24.56446,29.383886,25.449102
NC_071144.1|NC_071144.1_rescuedCDS_001-rescued|61-ENDaa,28.846154,31.967213,31.179775,30.110497,31.818182,31.652661,32.212885,29.201102,28.415301,29.255319,29.971989,32.8125,31.830986,28.415301,32.681564,27.648579,25.675676,26.302083,26.133333,27.083333,29.131653,29.133858,26.302083,27.345845,33.759591,31.770833,25.721785,26.595745,27.540107,29.6875,28.571429,28.311688,28.311688,28.571429,29.6,28.074866,26.246719,27.595628,27.864583,29.649596,26.822917,26.822917,27.034121,27.807487,27.733333,27.659574,27.393617,27.762803,26.861702,28.074866,27.012987,28.074866,26.5625,26.470588,27.272727,26.302083,25.78125,25.675676,26.302083,27.762803,23.20442,26.273458,30.104712,29.066667,26.963351,24.804178,26.4,29.319372,27.567568,25.260417,26.302083,28.266667,25.336927,26.509186,25.866667,26.822917,25.326371,26.5625,26.873385,27.176781,31.266846,31.451613,31.283422,28.888889,34.526854,31.457801,26.5625,28.074866,27.864583,27.083333,29.427793,28.074866,27.34375,25.260417,27.083333,27.792916,25.526316,27.837838,28.533333,24.935733,22.955145,30.05618,33.977901,27.977839,37.150838,30.30303,27.823691,27.900552,28.099174,28.099174,32.112676,29.916898,34,30.193906,33.146067,32.681564,100,38.888889,31.315789,42.746114,42.746114,28.688525,31.843575,26.170799,26.933333,28.266667,29.6,44.935065,40.419948,39.839572,35.492228,35.492228,42.077922,42.077922,41.709845,40.153453,35.170604,29.6,43.501326,41.709845,38.87468,35.190616,28.448276,33.240223,32.758621,25.886525,33.942559,28.650138,31.506849,32.402235,29.781421,33.156499,30.958904,32.960894,29.120879,29.014085,32.681564,32.520325,31.301939,26.165803,32.596685,36.061381,29.765013,22.702703,22.397476
NC_071145.1|YP_010685201.1_21|61-ENDaa,26.218487,28.181818,24.640288,27.256637,25,26.902655,24.615385,26.344086,26.702509,25.344828,26.929674,22.976879,27.422303,26.344086,26.850258,26.09375,26.00349,27.050611,26.315789,25.65445,31.124498,24.868651,25.778547,24.468085,23.731343,24.441133,26.860254,27.140255,23.333333,24.796085,23.05026,22.813036,22.813036,22.222222,22.945205,25.59727,27.911647,26.17801,26.232394,23.69338,24.866785,25.951557,23.924269,27.797203,26.010545,25.577265,26.363636,28.218695,24.054983,25.880282,26.889279,25.951557,26.086957,23.920863,23.4375,23.93617,24.866785,23.063683,24.866785,28.395062,28.501229,25.773196,26.42487,23.684211,25.342466,25.601375,26.876091,23.519164,24.305556,26.593807,24.872232,25.899281,25.765766,26.00349,25.432526,22.530329,25.432526,25.044405,26.950355,26.363636,23.302469,23.255814,23.266564,26.690391,23.922734,23.303835,24.866785,25.880282,25.649913,25.65445,23.734729,25.880282,27.816901,24.525043,22.70364,24.733096,23.168654,22.641509,26.173285,28.171334,23.251418,23.69338,25.931446,26.032316,28.006329,26.523297,25.391304,25.217391,24.869565,24.738676,24.78185,26.010545,25.45156,26.218487,26.086957,29.135338,38.888889,100,25.167785,30.887372,30.887372,23.69281,24.825175,25.34965,22.036474,22.272727,22.575758,29.985007,36.332767,25.864909,39.249147,39.249147,30.495356,30.340557,30.529595,31.84438,28.968903,22.054381,30.254777,30.340557,31.518625,28.513238,27.442827,25.042589,28.647687,30.065359,28.144654,30.136986,25.728155,25.60778,24.659864,29.340278,27.729636,23.909532,26.541096,30.620985,27.622378,26.537217,24.268503,24.242424,24.738676,36.678201,26.527331,29.705215,31.192661
NC_010495.1|YP_001742077.1_40|61-ENDaa,27.318718,26.325088,23.913043,26.666667,28.213689,24.910394,27.427598,27.737226,28.04428,23.580034,23.29932,29.312977,28.037383,28.228782,23.102867,24,30.178571,27.444254,25.762712,25.337838,24.675325,24.914089,24.493243,26.386555,29.465649,29.652042,27.652174,25.337838,27.097902,22.376543,24.957555,25,24.657534,25,25.217391,23.050847,25.192308,25.252525,25.33557,28.125,26.551724,26.37931,27.16263,25.636672,24.873096,27.194492,27.194492,26.14601,26.14601,26.850258,24.662162,24.620573,28.347826,27.943761,28.298611,27.633851,27.46114,25.569177,27.068966,25.378151,27.182045,25.083612,24.789207,26.142596,25.084746,25.250836,27.068966,26.151013,24.826389,24.273504,24.319728,25.042301,26.816609,25.252525,25.466893,26.324786,26.269702,26.896552,27.854671,25.380711,29.073482,28.278041,27.716535,21.993127,29.286798,28.528073,27.729636,26.850258,24.617997,25.337838,22.982456,26.850258,27.16263,23.71476,26.360544,25.090909,25.432526,24.525043,23.489933,26.210351,25.349301,24.521739,32.180451,24.40273,24.737631,24.79062,26.26087,25.128205,24.573379,25.214408,25.255973,25.632378,26.644737,32.027257,26.748252,28.942486,31.315789,25.167785,100,23.825503,23.825503,95.290859,25.085324,25.128205,26.765189,22.570533,24.056604,25.037258,25.888325,25.466893,22.988506,22.988506,26.194145,26.194145,25.885978,30.555556,26.123128,23.556231,24.49298,26.194145,30.434783,31.53527,29.718876,25.370675,24.398625,35.57047,27.329193,23.130435,23.404255,24.092409,26.391382,23.64532,27.241379,24.433657,23.252033,29.175476,25.178571,23.397436,25.087108,29.963235,28.295255,23.675497,23.501577,26.855895,30.838323
NC_021534.1|YP_008126228.1_64|61-ENDaa,26.537786,24.548736,26.32613,24.911661,23.570191,27.819549,25.228519,24.954792,26.111111,23.465704,23.809524,26.77686,28.846154,27.61194,23.130435,25.254237,26.519337,23.381295,23.272727,23.529412,27.362205,24.057451,23.767606,22.686025,26.01626,25.93801,24.00722,23.550088,25.729927,22.899506,20.790378,22.324723,19.587629,22.509225,20.274914,23.776224,29.674797,22.982456,24.00722,24.55516,24.295775,23.591549,24.077329,24.452555,24.452555,24.021352,23.843416,23.518851,24.677716,23.885918,23.351159,24.295775,24.064171,24.440299,24.59893,24.225865,24.590164,20.738137,24.242424,23.518851,27.901235,24.954463,23.66548,25.044723,24.280576,24.954463,24.253076,24.416517,20.274914,23.465704,23.381295,22.87234,23.06338,22.45614,23.132969,23.239437,23.707665,24.471831,23.172906,24.021352,28.315412,27.598566,28.673835,24.00722,26.510067,28.040541,24.647887,23.885918,23.707665,23.529412,23.901582,23.885918,23.707665,23.843416,23.201439,25.760286,20.274914,20.274914,22.939068,23.826087,24.180328,25.631769,25.404531,25.724638,25.956739,24.677716,27.706422,27.624309,25.824176,27.97075,24.907063,26.503759,25.344828,26.516464,27.324478,30.250482,42.746114,30.887372,23.825503,100,100,23.570191,24.399261,27.155963,23.709677,25.82897,25.13181,36.628849,32.525952,31.98594,31.707317,31.707317,35.081967,35.081967,34.094617,31.201248,29.391892,26.315789,34.410339,34.918033,31.530139,29.896907,23.935091,24.064171,24.199288,30.333333,24.635332,24.767225,26.26087,25.913043,27.189781,25.299145,24.420677,27.272727,23.243243,26.326964,23.920863,26.190476,27.686703,26.295585,24.285714,31.260794,26.495726,25.223214,32.208589
NC_042037.1|YP_009614662.1_66|61-ENDaa,26.537786,24.548736,26.32613,24.911661,23.570191,27.819549,25.228519,24.954792,26.111111,23.465704,23.809524,26.77686,28.846154,27.61194,23.130435,25.254237,26.519337,23.381295,23.272727,23.529412,27.362205,24.057451,23.767606,22.686025,26.01626,25.93801,24.00722,23.550088,25.729927,22.899506,20.790378,22.324723,19.587629,22.509225,20.274914,23.776224,29.674797,22.982456,24.00722,24.55516,24.295775,23.591549,24.077329,24.452555,24.452555,24.021352,23.843416,23.518851,24.677716,23.885918,23.351159,24.295775,24.064171,24.440299,24.59893,24.225865,24.590164,20.738137,24.242424,23.518851,27.901235,24.954463,23.66548,25.044723,24.280576,24.954463,24.253076,24.416517,20.274914,23.465704,23.381295,22.87234,23.06338,22.45614,23.132969,23.239437,23.707665,24.471831,23.172906,24.021352,28.315412,27.598566,28.673835,24.00722,26.510067,28.040541,24.647887,23.885918,23.707665,23.529412,23.901582,23.885918,23.707665,23.843416,23.201439,25.760286,20.274914,20.274914,22.939068,23.826087,24.180328,25.631769,25.404531,25.724638,25.956739,24.677716,27.706422,27.624309,25.824176,27.97075,24.907063,26.503759,25.344828,26.516464,27.324478,30.250482,42.746114,30.887372,23.825503,100,100,23.570191,24.399261,27.155963,23.709677,25.82897,25.13181,36.628849,32.525952,31.98594,31.707317,31.707317,35.081967,35.081967,34.094617,31.201248,29.391892,26.315789,34.410339,34.918033,31.530139,29.896907,23.935091,24.064171,24.199288,30.333333,24.635332,24.767225,26.26087,25.913043,27.189781,25.299145,24.420677,27.272727,23.243243,26.326964,23.920863,26.190476,27.686703,26.295585,24.285714,31.260794,26.495726,25.223214,32.208589
NC_054638.1|YP_010053264.1_54|61-ENDaa,26.98145,24.911661,24.814815,26.943942,26.530612,25.858951,27.478261,27.272727,27.387387,27.777778,27.592593,29.366306,25.325885,27.747748,28.051002,25.401929,28.446771,27.368421,25.557461,25.303293,25.794393,24.956971,27.383016,26.30662,28.725038,29.096478,27.700348,26.19863,27.719298,23.197492,25.042589,24.870466,25.212947,24.870466,25.520833,25.129983,25.576923,26.506024,27.16263,25.812274,27.256944,27.083333,26.079447,25.254237,23.80137,27.194492,27.194492,27.902946,25.473322,27.556326,25.609756,26.655052,27.33564,27.943761,28.04878,27.729636,27.556326,24.914089,27.604167,27.902946,28.678304,25.958188,26.551724,26.873857,25.958188,26.132404,27.068966,24.381625,24.356775,25.042301,24.872232,25,25.429553,25.589226,28.218695,26.491228,26.795096,27.604167,27.022375,26.678141,32.072368,32.07856,31.751227,21.416235,29.032258,28.725038,26.956522,27.556326,25.299145,25.303293,24.381625,27.556326,27.256944,25.553663,25.429553,26.190476,25.958188,24.697755,23.898305,27.181208,26.060606,25.127334,31.334333,25.557461,25.266362,24.750831,27.430556,26.782609,25.773196,25.524476,25.426621,25.470085,27.04918,29.362416,26.748252,27.22323,28.688525,23.69281,95.290859,23.570191,23.570191,100,25.466893,24.784854,24.358974,23.137876,26.634769,22.38806,24.826389,27.118644,24.027073,24.027073,25.677831,25.677831,25.358852,33.082707,25.976231,24.018127,22.380952,25.677831,30.267062,27.722772,28.041237,25.04065,25.65445,34.563758,25.151515,23.4375,23.824959,24.346405,26.223776,25.211506,24.579125,23.52,21.371611,30.084746,26.06383,22.368421,27.468582,28.990826,26.269702,25.524476,22.432859,26.431718,29.041916
NC_054641.1|YP_010053506.1_58|61-ENDaa,26.455026,27.204503,27.710843,25.966851,27.827648,26.151013,26.211849,25.426945,25.426945,25.090253,25.631769,29.74359,27.447217,24.667932,26.070764,25,26.519337,60.883797,59.9018,60.392799,26.104418,60.065466,60.065466,59.247136,30.494037,29.648241,59.247136,60.720131,60.561056,61.538462,57.119476,57.119476,56.95581,56.792144,57.446809,27.91587,27.5,60.720131,60.065466,39.833333,60.392799,60.556465,60.392799,60.556465,60.556465,60.229133,60.229133,59.9018,60.229133,60.229133,60.229133,60.392799,60.392799,60.891089,60.883797,60.556465,60.556465,57.590759,60.883797,59.9018,60.794045,60.720131,61.211129,40.833333,60.720131,60.883797,60.556465,39.933444,57.119476,59.08347,60.392799,59.574468,60.883797,60.556465,59.9018,59.738134,60.229133,60.392799,59.410802,59.738134,29.104478,28.947368,29.135338,28.685259,30.494037,30.89983,60.720131,60.229133,60.229133,60.392799,39.166667,60.229133,60.065466,59.9018,61.047463,40.599002,57.283142,57.283142,59.380098,25,23.092369,65.466448,34.767642,62.254902,31.016949,69.394435,65.139116,65.302782,65.466448,65.302782,99.673736,69.558101,31.443299,31.858407,31.046931,47.166667,31.843575,24.825175,25.085324,24.399261,24.399261,25.466893,100,65.466448,26.27866,27.610619,28.063943,29.947461,24.954128,27.850467,23.679417,23.679417,27.538726,27.538726,27.88296,29.635762,28.519196,26.619965,30.335097,27.538726,27.2578,32.657201,26.907631,29.569892,29.662522,32,27.350427,25.390625,23.593466,23.146474,23.487544,24.761905,26.678766,23.465704,26.315789,27.526882,28.456914,26.950355,45.226131,29.076621,33.150183,26.779026,26.371681,27.570093,30.513595
NC_054643.1|NC_054643.1_rescuedCDS_001-rescued|61-ENDaa,32.122371,26.285714,28.893443,27.631579,30.018762,27.54717,27.256637,25.818882,25.335893,25.44484,25.266904,28.52349,27.047619,25.335893,25.287356,25.659051,30.058939,63.252033,63.577236,63.577236,28.225806,62.926829,62.113821,63.577236,28.239203,28.595318,62.926829,63.902439,63.934426,64.715447,78.04878,78.373984,78.373984,78.04878,78.373984,27.022059,23.446894,64.552846,63.414634,39.698492,63.739837,63.577236,62.926829,63.414634,63.577236,63.902439,63.902439,64.390244,62.926829,63.252033,63.739837,64.065041,63.414634,64.262295,64.227642,64.065041,64.227642,78.688525,64.552846,64.227642,60.987654,63.739837,64.715447,39.238411,64.065041,63.902439,63.414634,40.9699,78.211382,62.439024,63.414634,63.252033,63.252033,64.715447,64.065041,63.252033,63.414634,63.739837,62.926829,63.577236,24.65035,25.172414,25.749559,24.253731,28.85906,28.618968,64.227642,63.252033,62.439024,63.577236,37.976783,63.252033,63.414634,63.902439,63.252033,38.971808,78.04878,78.373984,62.276423,25.432526,23.858921,86.178862,33.788396,91.869919,29.898649,71.544715,98.373984,98.04878,98.373984,98.211382,65.302782,72.357724,31.115108,32.200358,34.637965,47.412354,26.170799,25.34965,25.128205,27.155963,27.155963,24.784854,65.466448,100,25.126476,27.517986,26.970228,27.040816,25.794393,25.607477,22.912966,22.912966,31.016043,31.016043,31.016043,30.988275,29.775281,26.00349,25.172414,31.016043,30.653266,33.950617,28.865979,27.305606,31.34058,31.83391,26.388889,26.908397,23.817863,24.561404,25.912409,25.612053,24.452555,25.925926,24.270073,21.702128,25.314183,24.610052,45.424293,27.592955,31.009174,25.703565,24.655172,24.883721,30.03003
NC_054652.1|YP_010054359.1_8|61-ENDaa,21.939587,27.046263,25.402504,26.428571,24.630542,23.05026,28.83959,27.140255,25.945946,25.04065,25.04065,23.955432,25.724638,26.714801,27.777778,25.039872,24.914089,25.840708,25.561313,24.957841,27.290076,24.283305,25.834798,25.573192,25.251076,23.371105,25.59727,24.398625,27.060932,24.76489,25.391304,23.706177,24.831081,23.217247,24.742268,25.971731,26.32613,24.828767,25.734024,24.825175,26.855124,26.713533,24.448217,26.010545,26.010545,25.085911,25.257732,25.13181,23.883162,26.415094,26.444834,25.30541,26.444834,25.347222,26.970228,25.085324,25.767918,25.520833,26.072041,25.13181,30.769231,24.612737,24.956971,23.661485,24.061433,24.784854,25.086505,23.539823,23.026316,24.612737,25.176056,24.482759,26.343154,24.956971,24.567474,25.964912,24.701874,26.223776,25.483304,26.186292,23.930269,24.169184,26.290323,25.405405,24.787535,25.394548,25.874126,26.415094,25.429553,24.957841,22.773973,26.415094,25.91944,25.255973,25.978648,25.172414,25.557461,23.026316,24.048443,26.860841,25.616698,24.201681,24.441341,23.809524,27.286585,25.30541,24.789207,25.71912,25.380711,25.211506,26.455026,26.206897,26.75367,27.226027,24.567474,26.269702,26.933333,22.036474,26.765189,23.709677,23.709677,24.358974,26.27866,25.126476,100,95.640687,95.640687,22.957746,25.779967,24.749164,26.736111,26.736111,23.633678,23.177843,26,30.264993,27.895595,95.772787,24.169184,25.811437,30.277778,25.787402,27.310062,24.201681,23.953099,34.915254,24.777448,28.390597,26.359143,26.282051,24.576271,25.242718,28.020134,26.298701,27.89916,32.484076,27.556326,23.937008,25.823224,25.740741,25.086505,26.252159,25.842697,30.504587,33.731343
NC_054653.1|YP_010054425.1_10|61-ENDaa,23.786408,26.408451,23.297491,26.666667,25.816993,24.035088,25.93801,24.542125,24.587156,24.677419,24.798712,24.859551,25.396825,25.321101,27.508651,24.960506,24.617997,25.347222,25.59727,26.485569,26.717557,25.337838,25.880282,26.041667,28.405797,23.428571,26.825127,24.283305,26.88172,23.899371,27.012522,25.513699,25.684932,25.925926,26.186292,22.84264,24.474187,24.617997,25.347222,23.901582,26.491228,25.958188,24.190801,25.347222,25.347222,25.127334,25.297114,25.865209,26.26087,26.870748,26.37931,25,27.256944,25.728988,27.478261,25.762712,26.271186,25.834798,27.368421,25.818182,28.148148,25.680272,25.510204,22.089041,25.85034,25.85034,25,22.970639,25.91944,25.976231,24.826389,23.809524,24.448217,24.829932,24.273504,24.020443,25.337838,25.834798,25.520833,26.215278,24.079755,25.077399,22.995461,24.156306,27.104137,25.036179,25.217391,26.870748,26.190476,26.485569,22.278912,26.870748,26.516464,26.16179,26.5625,22.813036,25.868056,25.744308,23.559322,27.04918,25.423729,26.102293,25.071225,25.573192,25.701625,25.689655,26.41844,27.629234,26.595745,26.889279,27.787611,27.48227,27.348993,26.565144,23.115578,27.083333,28.266667,22.272727,22.570533,25.82897,25.82897,23.137876,27.610619,27.517986,95.640687,100,95.508587,22.143865,25.662252,24.916388,26.632302,26.632302,22.84041,22.398844,23.555556,30.524862,27.435065,98.414795,23.203593,24.024024,30.962343,28.884462,28.483607,25.811966,24.701874,33.220339,25.557207,31.376147,26.812816,23.474178,24.58194,25.806452,27.55102,26.853377,28.040541,33.192389,27.526132,25.041186,25.649913,26.739927,24.703892,25.609756,25.314465,30.821918,33.134328
NC_054654.1|YP_010054546.1_53|61-ENDaa,22.660099,25.311943,23.185841,26.820604,26.315789,22.984563,26.633987,25.225225,24.865832,25.281804,25.281804,23.876404,25.394046,25.68306,27.586207,23.712949,25.257732,26.876091,25.900515,23.344371,25.855513,23.115578,25.880282,25.47993,22.978723,23.022599,24.40678,24.744027,26.702509,24.722662,26.37931,24.328859,25.466893,25.340136,26.297578,25.261324,26.953125,25.085324,25.73913,22.393162,26.902655,26.678445,25.641026,26.352531,26.352531,25.426621,25.59727,25.30541,23.7691,24.829932,25.528169,25.172414,25.173611,23.965517,25.565217,23.728814,24.40678,26.132404,24.829932,25.30541,29.722922,25.299145,25.641026,23.589744,25.470085,25.470085,25.30541,23.076923,26.034483,25.636672,25.47993,24.444444,24.914676,25.299145,24.742268,24.744027,25,26.010545,24.744027,26.527051,27.697262,24.496124,22.796353,26.190476,23.001403,24.207493,25.391304,24.829932,24.108659,23.344371,22.513089,24.829932,24.738676,25.59727,25.82897,22.959184,26.16179,25.862069,23.760684,26.470588,27.151052,26.215278,24.714286,25.261324,26.74772,23.181049,26.619965,26.795096,26.795096,26.619965,27.865961,25.649913,25.755167,23.322148,21.717172,26.027397,29.6,22.575758,24.056604,25.13181,25.13181,26.634769,28.063943,26.970228,95.640687,95.508587,100,22.12766,25.331126,23.993289,25.254237,25.254237,22.907489,22.463768,25.341426,31.21547,28.525122,95.112285,23.956723,23.054332,30.939227,28.628231,26.639344,22.405272,23.47973,34.576271,25.110783,27.624309,27.133106,26.442308,24.58194,25.040388,26.722689,26.821192,27.150084,30.227743,28.422877,25.493421,24.869565,26.519337,25.344828,22.801303,24.33281,29.318182,35.522388
NC_071142.1|YP_010684979.1_56|61-ENDaa,29.623288,25.694444,26.741996,26.094276,28.336079,25.524476,26.415094,28.62069,26.62116,25.914149,27.652733,26.933702,26.395939,27.226027,29.598662,24.082232,28.819444,27.487352,24.752475,26.87813,27.071823,28.156997,26.289517,25.412541,26.842837,27.146814,28.055077,25.907591,28.721541,28.481013,25.542571,25.801012,25.506757,26.13828,25.208681,27.430556,25.954198,25.653595,28.719723,27.931034,28.571429,28.399312,28.496503,26.178862,29.827586,25.785124,25.454545,25.566343,27.824621,28.253425,28.846154,25.827815,28.183362,29.144852,26.54424,28.253425,27.910959,25.420875,25.827815,25.728155,31.829574,26.633166,30.755396,27.101201,26.80067,26.767677,25.407166,26.174497,26.98145,26.41196,27.674024,25.53542,27.627119,25.615764,27.645051,28.915663,27.045075,28.571429,26.108374,25.986842,24.580153,24.349158,25.038168,25.906736,26.229508,27.209945,25.790349,28.253425,26.711185,26.87813,27.843803,28.253425,26.968174,29.876977,27.118644,28.275862,25.249169,26.677852,27.104377,25.920245,24.06015,28.298611,26.657645,27.444254,28.571429,29.553265,27.66323,27.272727,27.891156,29.432624,29.772329,27.319588,25.28363,24.516129,26.551724,30.918728,44.935065,29.985007,25.037258,36.628849,36.628849,22.38806,29.947461,27.040816,22.957746,22.143865,22.12766,100,33.171521,33.223684,31.723027,31.723027,32.198582,32.198582,32.340426,31.386861,29.770992,22.676056,35.866261,33.043478,31.105711,28.683694,27.345309,29.371817,26.495726,33.660131,24.615385,25.985663,28.130081,27.876823,27.121464,31.788079,28.478964,28.225806,28.640777,29.166667,28.407225,26.340694,31.34058,28.26087,32.042254,30.082645,26.635514,26.247289,31.845238
NC_071143.1|YP_010685010.1_7|61-ENDaa,28.273245,26.266417,28.149606,25.650558,24.028269,25.482625,22.641509,25.968992,25.855513,23.875433,23.875433,25.46875,25.32833,24.807692,26.142596,26.833631,21.65493,22.021661,22.323049,22.382671,25.246548,23.679417,23.021583,22.504537,25.913621,25.490196,21.981982,23.765996,23.572744,22.542373,23.679417,23.853211,23.853211,24.036697,23.497268,25.858951,27.755102,22.661871,24.12523,23.090909,23.23049,22.202166,24.677716,24.538745,24.538745,23.948812,23.765996,22.743682,21.314387,22.826087,20.959147,23.161765,23.540146,23.260073,21.480144,22.563177,21.841155,23.756906,23.518519,22.743682,24.257426,20.577617,22.262118,20.433996,19.680851,19.680851,24.131627,22.363636,24.675325,20.248668,21.288014,21.92029,23.809524,21.492007,22.222222,23.497268,21.942446,23.090909,22.563177,23.948812,23.652174,23.883162,26.14841,23.826715,26.588629,25.747508,22.202166,22.826087,23.411978,22.382671,21.206581,22.826087,23.583181,23.369565,21.299639,21.052632,23.007246,24.675325,20.454545,27.12766,21.77264,26.415094,28.547855,24.590164,25.752508,23.583181,25.794393,25.794393,25.794393,25.555556,25.091575,23.327306,23.867596,25.274725,26.857143,26.029963,40.419948,36.332767,25.888325,32.525952,32.525952,24.826389,24.954128,25.794393,25.779967,25.662252,25.331126,33.171521,100,36.745887,30.120482,30.120482,40.746753,40.746753,40.226171,33.650794,30.381944,25.859247,31.229773,40.226171,33.865815,25,26.012793,27.767355,27.372263,32.565789,26.101695,24.952741,27.949183,27.767695,21.465969,30.253623,25.47993,26.678445,25.43554,29.475983,27.97075,30.091743,24.675325,29.637097,25.357143,31.345826,25.549915,27.31377,30.722892
NC_071146.1|YP_010685299.1_41|61-ENDaa,25.818182,24.067164,28.793774,27.756654,29.345794,25.910931,23.633157,23.431734,26.375712,29.038113,28.856624,23.895254,25.37037,26.275992,26.545455,26.855124,27.495292,26.879699,27.307692,26.365348,26.209677,28.113208,27.443609,27.394636,24.703892,25.589226,24.725275,27.099237,27.047619,24.338624,23.561151,22.953737,23.741007,23.309609,22.419929,26.893939,25.447316,28.239845,27.394636,25.585938,26.829268,26.641651,25.321101,28.239845,28.239845,28.214971,27.831094,28.433269,24.545455,29.01354,27.78828,28.957529,27.204503,26.996198,27.016886,26.59176,25.607477,24.581006,25.981308,28.433269,26.97201,28.046422,27.480916,23.255814,27.151052,26.515152,26.515152,24.854369,24.264706,28.107075,27.083333,29.92278,25.185185,26.944972,26.315789,26.454034,27.306968,26.879699,28.107075,28.214971,24.610052,23.71134,23.842196,26.492537,24.537815,25.254237,27.016886,29.01354,26.829268,26.365348,23.518519,29.01354,26.542056,26.095238,26.375712,24.953445,23.411978,23.603604,28.060264,24.657534,24.547284,26.208178,24.874791,27.735849,27.194492,28.626692,25.373134,25.974026,26.605505,25.842697,28.037383,28.871893,22.530329,27.902622,30.566802,24.448529,39.839572,25.864909,25.466893,31.98594,31.98594,27.118644,27.850467,25.607477,24.749164,24.916388,23.993289,33.223684,36.745887,100,30.141844,30.141844,38.90785,38.90785,38.737201,32.58427,30.42735,25.752508,34.752981,38.500852,31.904762,28.389831,28.510638,26.779026,27.075812,29.824561,24.333333,25.433526,26.972477,27.356747,27.624309,27.468582,23.431734,24.137931,23.431734,26.595745,27.61194,26.619965,25.461255,26.336634,27.875244,29.861111,26.408451,26.681614,31.325301
NC_071147.1|YP_010685343.1_5|61-ENDaa,24.826389,27.324478,30.737705,24.113475,26.383764,25.884544,27.476636,26.383764,27.61194,23.076923,22.735043,29.497569,24.358974,27.238806,26.186292,27.478261,26.25,24.014337,25.276753,25.735294,28.8,24.464286,24.642857,25.464684,30.718954,30.456026,23.928571,25.135624,24.862888,24.172185,24.954792,23.75,23.75,23.928571,23.75,26.168224,26.862745,25.985663,24.193548,22.968198,24.193548,24.193548,24.329159,24.236984,24.236984,24.77396,24.593128,25.090253,25.952813,24.242424,24.642857,25,24.416517,24.680073,24.236984,23.885918,23.707665,24.043716,23.707665,25.090253,26.633166,24.468085,23.243243,22.51773,24.29078,24.777184,25.135624,23.571429,23.445826,25.414365,25.362319,24.478178,24.368231,25.314183,24.820144,24.37276,24.864865,24.193548,24.144144,24.77396,23.361345,25.30541,23.232323,22.644928,29.79066,30.163934,24.731183,24.242424,23.885918,25.735294,21.366025,24.242424,24.193548,25.904762,24.150268,23.679417,23.090586,28.543689,24.821429,27.272727,23.32696,22.438163,29.915966,22.898032,24.398625,24.675325,21.541156,23.090586,22.912966,21.830986,23.722628,24.460432,27.845884,25.535714,25.665399,23.23049,35.492228,39.249147,22.988506,31.707317,31.707317,24.027073,23.679417,22.912966,26.736111,26.632302,25.254237,31.723027,30.120482,30.141844,100,100,33.170732,33.170732,33.00813,34.11215,28.621908,24.455611,31.596091,32.733224,34.059098,29.746835,28.661088,24.036697,26.501767,28.052805,23.809524,24.770642,24.390244,24.56446,27.186312,30.053667,29.840142,26.056338,29.662522,29.059829,26.630435,27.387387,27.032136,27.655311,23.93617,36,23.038397,24.944321,31.437126
NC_071148.1|YP_010685463.1_47|61-ENDaa,24.826389,27.324478,30.737705,24.113475,26.383764,25.884544,27.476636,26.383764,27.61194,23.076923,22.735043,29.497569,24.358974,27.238806,26.186292,27.478261,26.25,24.014337,25.276753,25.735294,28.8,24.464286,24.642857,25.464684,30.718954,30.456026,23.928571,25.135624,24.862888,24.172185,24.954792,23.75,23.75,23.928571,23.75,26.168224,26.862745,25.985663,24.193548,22.968198,24.193548,24.193548,24.329159,24.236984,24.236984,24.77396,24.593128,25.090253,25.952813,24.242424,24.642857,25,24.416517,24.680073,24.236984,23.885918,23.707665,24.043716,23.707665,25.090253,26.633166,24.468085,23.243243,22.51773,24.29078,24.777184,25.135624,23.571429,23.445826,25.414365,25.362319,24.478178,24.368231,25.314183,24.820144,24.37276,24.864865,24.193548,24.144144,24.77396,23.361345,25.30541,23.232323,22.644928,29.79066,30.163934,24.731183,24.242424,23.885918,25.735294,21.366025,24.242424,24.193548,25.904762,24.150268,23.679417,23.090586,28.543689,24.821429,27.272727,23.32696,22.438163,29.915966,22.898032,24.398625,24.675325,21.541156,23.090586,22.912966,21.830986,23.722628,24.460432,27.845884,25.535714,25.665399,23.23049,35.492228,39.249147,22.988506,31.707317,31.707317,24.027073,23.679417,22.912966,26.736111,26.632302,25.254237,31.723027,30.120482,30.141844,100,100,33.170732,33.170732,33.00813,34.11215,28.621908,24.455611,31.596091,32.733224,34.059098,29.746835,28.661088,24.036697,26.501767,28.052805,23.809524,24.770642,24.390244,24.56446,27.186312,30.053667,29.840142,26.056338,29.662522,29.059829,26.630435,27.387387,27.032136,27.655311,23.93617,36,23.038397,24.944321,31.437126
NC_071149.1|YP_010685565.1_71|61-ENDaa,26.929392,29.695886,31.040892,27.288732,25.040388,27.240773,24.83871,30,28.896673,25.328947,25.864909,27.092199,28.113879,28.54641,28.52292,26.475279,26.00349,25.252525,26.825127,26.13828,29.827916,24.659864,26.190476,27.457627,27.601156,28.193833,25.976231,25.801012,26.153846,28.594249,26.37931,26.034483,26.034483,26.206897,26.206897,27.951389,28.857715,26.837607,25.925926,27.130435,25.969646,25.969646,26.98145,26.13828,25.632378,25.969646,25.801012,26.791809,27.164686,25.167785,27.303754,25.420875,26.13828,26.020408,25.844595,25.506757,25.29511,26.079447,25.675676,26.962457,29.353234,25.628141,28.156997,27.652174,25.628141,25.628141,25.632378,27.478261,25.938567,28.424658,28.424658,28.498294,25.969646,26.666667,26.360544,25.801012,26.013514,27.739726,25.420875,25.969646,22.955975,22.798742,22.955975,26.760563,28.238719,27.521614,25.252525,25.167785,26.746167,26.13828,24.697755,25.167785,25.925926,26.903553,26.610169,28.471002,25.900515,26.109215,27.979275,27.34375,25.333333,28.218695,27.606461,29.982363,25.218659,29.895105,30.15873,30.742049,30.565371,31.071429,27.194492,29.071804,28.907563,24.876442,24.873096,29.840142,42.077922,30.495356,26.194145,35.081967,35.081967,25.677831,27.538726,31.016043,23.633678,22.84041,22.907489,32.198582,40.746753,38.90785,33.170732,33.170732,100,100,99.217731,31.50134,30.407524,22.693997,28.301887,99.608866,31.726908,29.365079,28.888889,25.581395,29.610829,34.768212,25.622255,26.573427,24.959481,24.959481,22.975207,28.264463,27.228525,27.332242,27.552674,30.769231,28.350515,29.26045,29.233512,28.867925,27.609428,30.477759,25.981873,28.03532,35.522388
NC_071150.1|YP_010685651.1_73|61-ENDaa,26.929392,29.695886,31.040892,27.288732,24.878837,26.842105,24.83871,30,28.896673,25.328947,25.822368,26.760563,28.113879,28.54641,28.52292,26.315789,26.00349,25.252525,26.825127,26.13828,29.827916,24.659864,26.190476,27.457627,27.601156,28.193833,25.976231,25.801012,26.064736,28.548644,26.37931,26.034483,26.034483,26.206897,26.206897,27.902946,28.857715,26.837607,25.925926,27.130435,25.969646,25.969646,26.98145,26.779661,26.271186,25.969646,25.801012,26.746167,27.164686,25.167785,27.303754,25.420875,26.13828,25.680272,25.801012,25.506757,25.29511,25.734024,25.671141,26.916525,29.353234,25.628141,28.156997,27.652174,25.628141,25.628141,25.632378,27.478261,25.938567,28.424658,28.424658,28.498294,25.969646,26.666667,26.360544,25.801012,25.969646,27.739726,25.420875,25.969646,22.955975,22.798742,22.955975,26.760563,28.238719,27.521614,25.252525,25.167785,26.746167,26.13828,24.697755,25.167785,25.925926,26.903553,26.610169,28.471002,25.900515,26.109215,27.931034,27.444795,25.961538,28.218695,27.606461,29.982363,25.218659,29.895105,30.15873,30.742049,30.565371,31.071429,27.194492,29.071804,28.907563,24.876442,24.873096,29.840142,42.077922,30.340557,26.194145,35.081967,35.081967,25.677831,27.538726,31.016043,23.177843,22.398844,22.463768,32.198582,40.746753,38.90785,33.170732,33.170732,100,100,99.220779,31.375167,30.407524,22.254335,28.301887,99.608866,31.6,29.365079,28.888889,25.581395,29.610829,34.768212,25.622255,28.176796,24.959481,24.959481,22.975207,28.618968,27.228525,27.332242,27.552674,30.769231,28.350515,29.26045,29.055258,28.867925,27.860697,30.327869,25.981873,28.03532,35.522388
NC_071151.1|YP_010685723.1_61|61-ENDaa,27.422003,28.571429,31.412639,27.288732,25.570033,27.017544,24.677419,30.178571,28.745645,25.328947,25.822368,26.760563,28.647687,28.721541,28.305085,26.1563,26.352531,25.589226,26.994907,26.306914,30.057803,26.315789,26.013514,27.627119,27.116212,28.193833,27.350427,25.969646,27.444254,29.402262,26.37931,26.034483,26.034483,26.206897,26.206897,27.729636,28.857715,27.179487,26.094276,26.491228,27.334465,27.334465,28.353141,26.949153,26.610169,26.13828,25.969646,26.916525,27.504244,26.13828,28.522337,26.779661,26.306914,25.85034,25.969646,26.870748,25.463744,25.734024,25.838926,27.086882,29.353234,25.795645,28.156997,27.826087,25.795645,25.795645,25.969646,25,25.938567,28.205128,28.767123,28.83959,26.306914,27.008547,26.530612,27.334465,26.13828,27.739726,25.589226,26.13828,23.48367,22.615385,22.955975,27.689594,27.6411,27.521614,25.420875,26.13828,26.575809,26.306914,25.259516,26.13828,27.457627,27.241963,26.949153,27.972028,25.900515,26.109215,28.399312,27.444795,25.572519,28.218695,28.088235,30.442478,25.145349,30.06993,30.15873,30.742049,30.565371,31.071429,29.298246,28.645833,28.739496,25.041186,25.127334,30.659537,41.709845,30.529595,25.885978,34.094617,34.094617,25.358852,27.88296,31.016043,26,23.555556,25.341426,32.340426,40.226171,38.737201,33.00813,33.00813,99.217731,99.220779,100,31.64219,30.407524,23.407407,28.717201,99.217731,32,28.769841,28.484848,29.032258,29.222973,34.653465,25.40146,28.176796,25.121556,28.130081,22.809917,29.118136,27.3906,26.30719,27.552674,30.10989,27.61578,29.26045,28.877005,28.91791,28.213689,30.756579,26.636225,26.872247,34.925373
NC_071152.1|YP_010685767.1_34|61-ENDaa,29.658385,30.420168,32.570423,28.618968,29.641186,30.89983,28.330781,33.333333,32.931034,31.182796,30.721966,27.536232,32.53833,32.590051,31.129032,29.603399,29.853181,30.032468,30.032468,29.918699,33.636364,31.960461,30.114566,30.278232,27.546296,27.784156,30.441899,30.632091,29.519071,31.054978,31.442464,32.845528,33.00813,32.682927,31.604538,31.375839,31.144465,30.632091,30.681818,32.881356,29.9509,29.738562,30.655738,29.821718,29.983793,30.307942,30.307942,30.307942,30.441899,29.787234,30.228758,29.901961,30.032468,29.934211,29.918699,29.9509,29.87013,31.527094,29.707792,30.470016,35.2657,30.769231,30.769231,34.237288,30.605565,30.769231,30.145867,31.666667,31.604538,31.056911,30.731707,30.731707,30.194805,30.307942,31.301483,30.114566,30.605565,29.9509,30.470016,29.821718,34.107402,33.625731,34.687954,31.525424,28.687573,28.941176,29.821718,29.787234,30.706076,29.918699,31.918506,29.787234,30.114566,30.29316,30.278232,33.559322,31.442464,31.442464,30.95624,31.445604,30.149813,31.198686,27.033219,29.898649,27.973856,31.125828,29.848229,30.185497,30.016863,29.848229,30.267559,31.051753,31.162791,29.953917,28.947368,31.802721,40.153453,31.84438,30.555556,31.201248,31.201248,33.082707,29.635762,30.988275,30.264993,30.524862,31.21547,31.386861,33.650794,32.58427,34.11215,34.11215,31.50134,31.375167,31.64219,100,29.215116,29.659864,32.819074,31.325301,97.711864,34.291188,29.585799,31.55416,31.414474,38.666667,29.281046,31.588133,27.218935,28.849028,32.295082,32.075472,29.952456,28.338279,30.612245,32.723577,33.986928,29.673591,31.871838,31.578947,32.73906,31.71875,27.903683,33.333333,39.221557
NC_071153.1|YP_010685872.1_61|61-ENDaa,23.489933,25.659051,28.813559,27.158273,25.542571,27.106227,26.554622,24.691358,24.381625,24.42623,24.42623,25.679758,27.737226,24.028269,25.388601,24.798712,27.454545,25.13465,25.800712,25.090909,24.157303,26.775956,25.67325,25.668449,23.688156,25.186289,26,24.074074,25.497288,26.575809,27.289377,26.039783,26.642336,27.798507,25.090253,26.701571,25.948104,24.729242,26.972477,23.369565,26,25.270758,24.731183,27.106227,27.106227,24.074074,23.888889,25.359712,26.047359,26.642336,24.59893,25.589837,27.407407,26.470588,26.593807,27.54159,27.592593,26.401447,27.171904,25.405405,27.735369,26.727273,24.489796,24.635036,25.812274,26.545455,24.236984,22.28164,25.806452,25.59415,26.887661,25.272727,24.144144,24.324324,25.535714,25.636364,25.824176,26,24.860853,24.675325,26.393443,25.409836,26.393443,31.809872,22.84041,24.101796,26,26.642336,25.411335,25.090909,22.654867,26.642336,27.592593,25,24.551971,26.944972,26.032316,25.806452,25.812274,25.285481,26.095618,29.704797,26.625387,29.433962,25.421133,29.097606,28.411215,29.213483,29.026217,27.137546,28.051002,28.390597,26.942149,24.711697,30.630631,25.13369,35.170604,28.968903,26.123128,29.391892,29.391892,25.976231,28.519196,29.775281,27.895595,27.435065,28.525122,29.770992,30.381944,30.42735,28.621908,28.621908,30.407524,30.407524,30.407524,29.215116,100,26.324238,30.254777,31.00159,30.364964,25.825243,29.201681,25.628141,28.816794,33,27.652733,25.952813,27.933884,28.264463,26.495726,29.065744,29.043478,26.5,28.347826,27.291667,27.838828,24.077047,27.683616,25.045372,28.990826,28.5,25.158228,28.384279,30.930931
NC_071154.1|YP_010685913.1_19|61-ENDaa,22.964169,25.483304,23.741007,26.010545,28.737542,24.035088,26.101142,24.908425,25.411335,24.83871,25.040388,25.96291,25.217391,26.007326,27.288428,24.802528,25.299145,27.046263,27.848101,24.373957,26.908397,23.529412,25.528169,26.512456,24.749642,24.783862,25.982906,25.513699,26.523297,24.213836,26.666667,24.033613,25.170068,25.73913,25.996534,25.573192,25.918762,25.749559,25.778547,23.652174,26.140351,25.609756,25.129983,26.156584,26.33452,26.19863,26.369863,25.44484,26.26087,26.369863,25.520833,24.655172,25.964912,24.870466,26.186292,24.914676,25.59727,25.82897,25.856164,25.399645,27.272727,26.736111,25.385935,22.508591,26.909722,26.909722,26.296959,23.251748,25.906736,25.72402,26.094571,24.615385,26.501767,25.900515,24.013722,25.263158,24.14966,25.483304,26.619965,27.32049,27.04,26.624406,25.9375,24.955437,25.107604,25.470333,24.869565,26.369863,25.171233,24.373957,23.156089,26.369863,25.218914,26.369863,27.877698,22.773973,25.862069,25.561313,23.418803,28.983051,25.140713,28.368794,24.894515,25.173611,26.940639,26.26087,26.00349,26.41844,26.17801,26.00349,26.795096,26.608696,28.140704,25.496689,23.063973,27.209705,29.6,22.054381,23.556231,26.315789,26.315789,24.018127,26.619965,26.00349,95.772787,98.414795,95.112285,22.676056,25.859247,25.752508,24.455611,24.455611,22.693997,22.254335,23.407407,29.659864,26.324238,100,23.353293,23.873874,30.555556,28.8,27.04918,22.786885,26.333907,33.898305,25.333333,29.684601,26.218487,25,24.623116,25.16129,27.891156,26.809211,27.768313,32.773109,27.351916,25.205931,25.561313,27.121771,24.617997,23.538961,23.868955,30.821918,33.731343
NC_071155.1|YP_010686028.1_56|61-ENDaa,25.207297,28.985507,29.906542,28.291815,26.711185,28.264758,27.334465,28.051002,29.704797,26.306914,26.475548,25.181951,29.050279,28.051002,26.909722,26.09375,25.569177,23.890785,24.534687,24.190801,26.386233,24.701874,24.701874,25.553663,24.408284,25.364431,23.938879,25.173611,26.760563,28.032787,28.347826,28.546713,28.719723,28.892734,28.222997,27.826087,25.52381,25.773196,24.786325,23.979592,26.079447,26.643599,25.645439,26.325088,26.501767,25.913043,25.565217,26.725664,25.510204,24.872232,25.641026,24.573379,25.432526,26.241135,25.259516,25.259516,24.612737,28.952043,24.268503,26.725664,31.513648,24.573379,25.817556,24.911661,24.576271,25.042882,25.868056,23.760684,27.050611,22.44898,23.450586,23.102867,25.429553,26.252159,26.678141,25.426621,26.689775,26.124567,25.520833,25.913043,25.39185,26.604069,26.844584,23.22357,24.340176,25.522388,25.214408,24.872232,26.597582,24.190801,22.750424,24.872232,26.252159,26.586621,25.127334,24.691358,27.902946,26.829268,23.599321,25.404531,24.253731,29.484902,26.292467,24.784854,26.840491,27.256944,25.43554,25.605536,25.172414,24.912892,25.906736,27.592267,26.590538,23.039216,24.041812,26.243568,43.501326,30.254777,24.49298,34.410339,34.410339,22.380952,30.335097,25.172414,24.169184,23.203593,23.956723,35.866261,31.229773,34.752981,31.596091,31.596091,28.301887,28.301887,28.717201,32.819074,30.254777,23.353293,100,28.717201,30.929265,29.880478,27.329193,26.218487,26.268116,29.372937,25.193199,25.539568,26.163724,24.247227,26.324786,26.75367,27.902946,22.981366,27.556326,27.234927,24.957555,26.599327,27.956989,24.354244,28.804348,34.013605,21.981424,26.710817,35.240964
NC_071156.1|YP_010686111.1_60|61-ENDaa,26.929392,28.571429,30.855019,27.288732,25.490196,27.240773,25.121556,29.821429,28.849558,23.387097,23.909532,27.092199,28.113879,29.821429,28.474576,28.314239,26.527051,25.125628,26.510067,25.838926,29.865125,25.671141,25.460637,27.135678,27.116212,27.859238,26.98145,25.503356,27.054795,28.64,26.37931,26.034483,26.034483,26.206897,26.206897,27.951389,28.857715,26.351351,25.628141,26.269702,26.858108,26.858108,27.871622,25.838926,25.503356,25.671141,25.503356,26.485569,26.858108,26.858108,27.843803,26.306914,25.838926,25.71912,25.546218,26.395939,25,26.079447,25.378151,26.655348,29.353234,25.795645,26.644182,27.478261,25.795645,25.795645,25.503356,27.304348,25.938567,27.702703,28.087986,28.161889,25.671141,26.182432,27.25724,26.858108,25.714286,27.427598,25.125628,25.671141,24.761905,23.28125,22.955975,26.760563,27.6411,27.521614,24.958124,26.858108,25.838926,25.838926,27.079646,26.858108,26.812816,26.599327,26.306914,27.272727,25.900515,26.109215,27.55102,27.613105,25.954198,28.218695,27.606461,29.982363,25.436047,30.297723,30.15873,30.457746,30.565371,31.071429,29.473684,27.979275,28.907563,25.082508,25.297114,29.432624,41.709845,30.340557,26.194145,34.918033,34.918033,25.677831,27.538726,31.016043,25.811437,24.024024,23.054332,33.043478,40.226171,38.500852,32.733224,32.733224,99.608866,99.608866,99.217731,31.325301,31.00159,23.873874,28.717201,100,31.726908,29.166667,28.686869,27.045075,29.222973,34.653465,25,26.795096,25.445705,25.445705,24.190801,28.92562,27.066451,26.797386,27.3906,28.478261,26.116838,29.421222,29.475588,28.571429,27.609428,31.063123,26.412214,28.03532,35.223881
NC_071157.1|YP_010686186.1_55|61-ENDaa,29.320988,29.284526,33.450704,30.756303,29.329173,29.74359,28.790199,31.911263,31.856899,30.627871,30.168453,27.616927,32.879046,32.075472,32.263242,30.681818,30.932897,30.357143,30.213465,29.593496,33.515483,31.136738,30.114566,29.459902,28.125,27.995392,30.213465,30.307942,29.276316,29.896907,32.137031,31.869919,32.03252,33.387889,30.794165,31.764706,30.623819,30.794165,30.032468,33.504274,29.545455,29.9509,30.491803,29.821718,29.983793,30.470016,30.470016,30.307942,30.194805,29.478827,29.738562,30.114566,30.194805,30.13245,29.918699,29.153094,30.163934,30.706076,29.220779,30.470016,34.299517,29.9509,30.114566,34.529915,29.787234,30.278232,30.307942,31.925676,32.626427,31.20915,30.894309,30.819672,30.681818,30.470016,30.971993,29.87013,30.655738,30.163934,30.307942,29.821718,34.397678,33.918129,35.225619,32.033898,29.036005,29.481132,29.983793,29.478827,30.213465,29.593496,32.367973,29.478827,29.836066,30.29316,30.441899,33.504274,30.632091,30.794165,30.794165,29.618768,30.337079,32.669983,26.765376,29.780034,28.344371,30.588235,29.510961,29.848229,29.679595,29.510961,27.860697,31.313131,28.831563,28.746177,29.440789,32.312925,38.87468,31.518625,30.434783,31.530139,31.530139,30.267062,27.2578,30.653266,30.277778,30.962343,30.939227,31.105711,33.865815,31.904762,34.059098,34.059098,31.726908,31.6,32,97.711864,30.364964,30.555556,30.929265,31.726908,100,33.908046,30.571992,30.015552,30.413223,38.666667,29.907773,31.818182,27.514793,27.366864,33.550489,31.279621,29.08805,27.24595,30,33.333333,34.313725,29.569094,32.37774,32.105263,32.414911,30.733945,27.698864,33.406114,38.622754
NC_054636.1|YP_010053057.1_13|61-ENDaa,25.911708,29.979036,27.68595,27.108434,32.317073,29.411765,30.339321,28.719008,28.659794,27.346939,27.142857,30,27.90224,28.305785,29.471545,29.341317,28.571429,24.8,25.609756,24.8,23.417722,26.272912,25.851703,25.86558,30.7393,30.314961,25.661914,26.464646,25.55332,26.078431,29.124236,29.124236,29.124236,28.92057,29.327902,26.626016,27.272727,25.702811,26.938776,24.593496,25.4,25.8,25.2,26.104418,26.104418,25.502008,25.301205,25.100402,25.502008,26.219512,26.760563,25.2,24.8,24.897959,25.2,25.813008,25.813008,28.629857,25.203252,25.100402,26.262626,25,26.2,26.131687,25.4,25.2,25.502008,24.696356,28.455285,25.760649,26.315789,26.706827,25.502008,25.903614,26.653307,26.252505,24.8,25.4,25.708502,25.201613,26.388889,27.091633,25.84493,23.647295,31.683168,27.220077,25,26.219512,25.6,24.8,24.845996,26.219512,25.450902,25,25.2,26.54321,29.124236,28.194726,25.0501,27.091633,26.829268,35.641548,36.276392,33.333333,36.25731,32.335329,33.814433,33.333333,33.950617,33.814433,32.454361,29.880478,34.516765,32.086614,30.522088,30.985915,35.190616,28.513238,31.53527,29.896907,29.896907,27.722772,32.657201,33.950617,25.787402,28.884462,28.628231,28.683694,25,28.389831,29.746835,29.746835,29.365079,29.365079,28.769841,34.291188,25.825243,28.8,29.880478,29.166667,33.908046,100,33.258427,32.142857,35.62753,29.054054,31.622177,25.858586,28.958333,28.958333,27.435388,26.369168,26.572008,26.11336,26.844262,26.497696,30.212766,32.657201,30.97166,28.220859,30.8,27.180527,26.923077,23.004695,31.515152
NC_048198.1|YP_009824051.1_21|61-ENDaa,29.606625,27.114967,25.518672,28.450106,29.218107,28.008299,29.184549,25.265393,27.078891,31.779661,31.779661,33.932136,27.586207,25.751073,26.611227,27.720739,27.835052,28.15735,29.621849,31.533477,23.931624,28.813559,27.950311,29.809725,33.943089,32.926829,30.453564,30.655391,30.237581,29.303279,27.5154,27.926078,27.926078,28.305785,27.310062,25.858586,25.925926,28.278689,28.482328,29.835391,30.620985,29.336188,27.439024,26.680244,26.680244,30.021142,30.021142,26.252505,26.190476,31.101512,30.620985,28.15735,32.236842,27.234927,27.160494,27.104723,26.639344,27.329193,27.892562,26.252505,30.102041,27.178423,27.755102,28.125,27.178423,27.178423,27.926078,30.14553,27.720739,25.806452,26.8,26.612903,28.423237,26.653307,26.272912,31.049251,27.835052,30.885529,30.851064,30.212766,28.688525,30.334728,28.425358,24.576271,32.66129,33.669355,28.15735,31.101512,31.887202,31.533477,29.237288,31.101512,30.406852,28.105906,28.066528,27.216495,27.142857,27.720739,26.358149,28.305785,22.621564,28.131417,34.215886,27.628866,32.264529,27.236581,28.453608,29.399586,28.453608,28.659794,26.907631,27.935223,28.973843,31.752577,25.150905,29.018789,28.448276,27.442827,29.718876,23.935091,23.935091,28.041237,26.907631,28.865979,27.310062,28.483607,26.639344,27.345309,26.012793,28.510638,28.661088,28.661088,28.888889,28.888889,28.484848,29.585799,29.201681,27.04918,27.329193,28.686869,30.571992,33.258427,100,28.282828,29.327902,27.272727,28.973843,28.009259,26.609442,27.777778,29.525862,29.336188,27.066116,27.743271,27.272727,26.107226,24.631579,26.611227,28.601253,30.172414,27.162978,25.792812,29.098361,25.522042,28.267477
NC_019927.1|YP_007237576.1_2|61-ENDaa,27.225131,26.032316,28.571429,24.37276,27.55102,25.316456,28.62069,27.340824,25.836431,24.482759,24.652778,29.948365,27.443609,23.339318,28.756957,23.778502,27.549195,27.889908,27.889908,28,25.875486,26.570916,27.121771,28.256881,29.251701,28.243021,28.073394,25.899281,26.992754,26.19863,26.459854,26.411658,26.545455,26.229508,26.459854,28.649635,26.242545,25.585586,28.073394,25.37037,28.440367,28.256881,27.911275,27.706422,27.706422,26.630435,26.630435,26.545455,28.465804,27.422303,27.605119,27.889908,28.492647,27.522936,27.372263,28.228782,26.750449,25.912409,27.189781,26.545455,29.367089,27.256318,27.106227,24.368231,27.075812,27.256318,26.534296,25.555556,26.824818,24.780316,27.436823,26.391382,26.534296,25.765766,26.353791,28.807339,28.308824,28.073394,24.471831,26.449275,25.704809,25.041459,26.094276,27.509294,26.570048,27.184466,27.007299,27.422303,28.073394,28,24.324324,27.422303,27.338129,26.173285,27.706422,26.111111,26.277372,27.007299,26.118068,28.571429,23.954373,29.166667,30.228758,28.10219,33.445378,30.442804,27.667269,28.492647,28.308824,27.848101,29.055258,28.315412,30.541012,27.495622,25.173611,31.688805,33.240223,25.042589,25.370675,24.064171,24.064171,25.04065,29.569892,27.305606,24.201681,25.811966,22.405272,29.371817,27.767355,26.779026,24.036697,24.036697,25.581395,25.581395,29.032258,31.55416,25.628141,22.786885,26.218487,27.045075,30.015552,32.142857,28.282828,100,33.210332,31.125828,27.483444,23.75,22.428331,22.596965,24.955117,26.371681,26.725664,23.857868,26.325088,26.569038,24.319419,26.333907,28.438662,28.733459,32.085561,22.8471,21.869783,25,29.179331
NC_071003.1|YP_010675373.1_25|61-ENDaa,25.70922,30.576923,26.893939,26.752768,28.390597,28.871893,25.65445,27.079304,27.713178,25.724638,25.543478,28.209459,27.151052,29.2,26.181818,28.521739,29.779412,26.916221,26.371681,25.65445,25.875486,27.090909,24.826389,26.110124,28.524046,27.649007,25.925926,26.80776,25.978648,26.094571,26.618705,26.978417,26.978417,26.798561,26.798561,26.958106,28.282828,27.370304,26.820604,26.548673,26.19469,26.19469,27.046263,25.087108,25.261324,26.80776,26.80776,25.609756,27.046263,25.749559,27.224199,26.654741,26.269702,26.465364,26.232394,25.925926,25.925926,27.090909,26.186292,25.609756,29.620253,26.287744,26.737968,24.955752,26.110124,26.465364,27.728086,26.19469,26.798561,26.102293,26.19469,26.325088,28.10219,26.760563,26.41844,26.110124,27.787934,25.892857,26.631393,26.80776,26.573427,26.573427,27.050611,26.335175,27.933884,28.429752,27.175844,25.749559,25.30541,25.65445,26.702509,25.749559,25.964912,27.45098,26.737968,27.838828,26.798561,26.618705,26.232394,26.169844,22.440945,31.842576,33.169935,30.671506,31.260504,30.728242,31.818182,32.363636,33.027523,31.636364,29.307282,32.181818,32.078853,28.347826,29.90991,31.372549,32.758621,28.647687,24.398625,24.199288,24.199288,25.65445,29.662522,31.34058,23.953099,24.701874,23.47973,26.495726,27.372263,27.075812,26.501767,26.501767,29.610829,29.610829,29.222973,31.414474,28.816794,26.333907,26.268116,29.222973,30.413223,35.62753,29.327902,33.210332,100,32.550336,28.842832,26.159555,27.289048,27.289048,24.956063,26.094891,28.494624,25.939177,28.494624,30,25.818182,28.169014,32.169118,31.153846,32.103321,26.666667,25.179856,24.943311,30.909091
NC_070824.1|NC_070824.1_rescuedCDS_001-rescued|61-ENDaa,30.89701,29.530201,31.023102,30.033003,32.890365,33.887043,34.333333,27.516779,31.208054,35.172414,33.445946,34.313725,30.272109,27.181208,33.673469,35.197368,33.663366,33.333333,30.666667,34.013605,27.81457,28.333333,31.418919,31.803279,35.548173,35.430464,31.208054,29.830508,31.756757,29.836066,29.251701,29.251701,29.251701,30.333333,29.251701,32.013201,34.343434,28.865979,31.543624,32.542373,31.418919,31.418919,33.333333,31.972789,31.632653,31.756757,31.756757,29.794521,33.108108,32.312925,29.194631,31.632653,31.418919,32.881356,34.020619,32.77027,33.220339,29.692833,30.536913,29.794521,28.472222,31.683168,31.972789,32.77027,31.47541,31.47541,32.653061,31.864407,32.781457,28.474576,32.653061,30.952381,31.081081,28.474576,33.443709,32.432432,31.418919,31.418919,31.756757,32.653061,32.55814,33.222591,34.551495,30.263158,36.423841,35.081967,34.013605,32.312925,34.013605,34.013605,30.30303,32.312925,31.756757,30.743243,32.653061,34.948097,29.591837,32.781457,31.399317,38.12709,25,30.821918,33.552632,30.272109,34.437086,29.553265,32.179931,31.399317,31.83391,32.179931,32.333333,28.668942,31.353135,34.859155,32.013201,36.082474,25.886525,30.065359,35.57047,30.333333,30.333333,34.563758,32,31.83391,34.915254,33.220339,34.576271,33.660131,32.565789,29.824561,28.052805,28.052805,34.768212,34.768212,34.653465,38.666667,33,33.898305,29.372937,34.653465,38.666667,29.054054,27.272727,31.125828,32.550336,100,38.12709,38.327526,31.683168,31.353135,29.372937,33.774834,33.108108,30.033003,32.323232,27.852349,33.898305,33.006536,33.333333,31.649832,32.236842,33.223684,30.434783,30.035336,26.739927
NC_028819.1|YP_009200196.1_10|61-ENDaa,27.422003,28.31216,28.358209,30.107527,29.794521,26.795096,26.916803,27.670753,27.288428,24.473258,24.635332,26.216216,27.964602,24.697755,29.865772,25.477707,31.13879,28.842832,28.448276,29.381443,30.632411,26.279863,25.894378,25.553663,25.432756,26.177285,28.877005,28.34507,27.729636,25.776398,28.547009,26.812816,26.644182,26.949153,26.644182,27.46114,29.166667,27.964602,29.768271,28.965517,27.768313,28.109029,27.66323,27.700348,28.546099,28.268551,28.34507,28.141593,28.952043,27.380952,28.546099,27.210884,26.883562,27.054795,26.712329,25.976231,28.44523,26.405451,26.530612,28.141593,32.994924,28.546713,28.769497,28.965517,27.692308,28.892734,28.952043,28.546713,25,26.455026,28.571429,26.632302,28.169014,28.191489,25.969646,26.903553,26.896552,26.712329,28.44523,28.900709,29.193548,27.315542,29.126214,27.689594,25.810811,25.991792,26.883562,27.380952,26.791809,29.381443,27.133106,27.380952,29.380531,28.469751,26.62116,28.103448,26.554622,25,26.101695,26.552795,26.654412,27.272727,25.13587,27.622378,25.26003,25.932504,26.5625,26.956522,26.388889,27.845884,27.179487,26.5625,24.918567,25.816993,28.646749,30.363636,33.942559,28.144654,27.329193,24.635332,24.635332,25.151515,27.350427,26.388889,24.777448,25.557207,25.110783,24.615385,26.101695,24.333333,23.809524,23.809524,25.622255,25.622255,25.40146,29.281046,27.652733,25.333333,25.193199,25,29.907773,31.622177,28.973843,27.483444,28.842832,38.12709,100,31.588448,27.75264,26.818182,30.968858,27.198697,28.353141,27.03125,28.692699,29.140461,29.144852,25.9375,30.426716,28.171642,27.195946,25.082508,26.429675,26.956522,34.138973
NC_070822.1|YP_010655183.1_19|61-ENDaa,25.138632,26.771654,26.27451,25.146199,26.062847,28.513238,25.359712,24.334601,22.574627,28.756957,29.477612,30.981067,29.713115,22.836096,27.5,29.764065,23.452158,25.675676,25.478927,25.793651,28.056112,26.407767,24.561404,25.531915,29.310345,29.319372,25.992063,26.078431,26.679842,25.274725,24.612403,25.925926,25.730994,26.984127,24.612403,26.27451,25.714286,26.546906,24.21875,24.714829,25.240848,24.951644,25.531915,25.968992,25.968992,26.824458,26.534653,25.540275,24.184261,24.855491,25.047801,25.240848,25.838264,23.921569,25.918762,25,25.896414,25.6917,24.329502,26.138614,28.533333,25.531915,26.32613,23.754789,24.324324,25.338491,26.746507,26.470588,27.18254,25.631068,25.968992,26.550388,25.192308,26.052104,26.470588,27.18254,24.855491,25.240848,27.075099,27.272727,24.125874,23.776224,25.500911,26.223092,28.965517,29.565217,25.531915,24.855491,23.282443,25.793651,24.334601,24.855491,27.236581,25.338491,24.951644,25.478927,25.925926,27.18254,26.744186,26.362039,25.86558,24.758221,27.835052,25.426945,26.480836,27.201566,26.47619,26.245211,26.768642,26.974952,25.585938,26.305609,25,25.800377,24.105461,25.139665,28.650138,30.136986,23.130435,24.767225,24.767225,23.4375,25.390625,26.908397,28.390597,31.376147,27.624309,25.985663,24.952741,25.433526,24.770642,24.770642,26.573427,28.176796,28.176796,31.588133,25.952813,29.684601,25.539568,26.795096,31.818182,25.858586,28.009259,23.75,26.159555,38.327526,31.588448,100,27.052239,26.815642,25.37037,25.94697,28.710938,28.298279,23.818182,29.268293,25.390625,27.61194,23.962264,26.264591,28.248588,22.222222,25.631769,26.976744,29.141104
NC_002484.2|NP_061523.1_26|61-ENDaa,25.255973,27.486438,26.375712,28.209765,26.279863,27.106227,29.809359,25.35461,25.177305,27.938671,28.547009,26,22.36136,25.35461,24.701874,26.557377,27.777778,27.306273,26.119403,26.556777,27.579365,25.824176,25.636364,26.553672,28.031496,28.322785,27.090909,25.414365,27.071823,25.662252,26.987061,26.802218,25.754885,26.987061,26.617375,28.421053,28.571429,25.092251,27.140255,26.838235,26.972477,26.972477,24.548736,25.68306,26.142596,25.046041,25.046041,26.352531,24.55516,25.825243,25.13369,24.100719,27.985075,26.530612,27.490775,24.635036,24.817518,27.703985,23.877917,26.666667,26.932668,24.368231,25.045045,24.777184,23.783784,24.548736,27.222222,26.654412,27.78828,26.519337,26.335175,24.175824,25.966851,26.727273,27.306273,27.306273,27.859779,26.972477,27.567568,25.555556,25.570033,25,24.715447,28.75226,26.216641,26.373626,27.306273,25.825243,26.229508,26.556777,26.238532,25.825243,27.33945,24.113475,26.752768,24.909747,27.78828,27.78828,25.045045,26.75367,24.440299,25,26.614173,23.69338,25.826772,28.280961,23.642732,23.143351,22.586207,23.143351,23.774955,27.106227,22.495895,23.47973,25,26.422018,31.506849,25.728155,23.404255,26.26087,26.26087,23.824959,23.593466,23.817863,26.359143,26.812816,27.133106,28.130081,27.949183,26.972477,24.390244,24.390244,24.959481,24.959481,25.121556,27.218935,27.933884,26.218487,26.163724,25.445705,27.514793,28.958333,26.609442,22.428331,27.289048,31.683168,27.75264,27.052239,100,99.272198,30.973451,27.958834,32.445923,86.131387,33.165829,38.135593,30.944056,27.787307,24.358974,25.612053,28.315412,25.938567,24.758842,27.209302,33.333333
NC_016765.1|YP_005098229.1_26|61-ENDaa,25.29511,27.818182,25.996205,28.028933,25.85034,28.492647,29.636049,24.866785,24.691358,28.13036,28.743546,26.226994,23.255814,24.867725,24.486301,26.557377,27.598566,25.678119,25.602968,25.858951,27.380952,25.641026,25.636364,26.365348,27.160494,27.689873,27.090909,25.230203,25.451264,25.950413,26.802218,26.802218,25.945946,26.802218,26.617375,28.421053,28.714859,23.280423,27.140255,26.923077,25.359712,25.359712,23.843416,25,25.451264,24.456522,24.637681,25.783972,24.511545,25.825243,25.44484,24.100719,26.325411,26.530612,25.858951,24.635036,24.817518,27.703985,23.877917,26.666667,26.932668,22.968198,25.045045,26.951673,21.989529,23.144876,25.589837,26.556777,27.78828,26.335175,24.504505,23.992674,25.966851,26.727273,27.97075,26.654412,26.220615,25.359712,27.090909,25.37037,25.2443,24.675325,24.390244,29.113924,26.780186,26.604069,25.678119,25.825243,25.539568,25.858951,26.142596,25.825243,25.719424,24.070796,25.135624,26.481481,27.78828,27.78828,24.864865,26.885246,24.339623,24.542125,25.585023,24.43281,25.641026,27.808471,24.385965,23.356401,23.316062,23.875433,23.327306,26.642336,22.660099,22.934233,26.215278,25.858951,32.402235,25.60778,24.092409,25.913043,25.913043,24.346405,23.146474,24.561404,26.282051,23.474178,26.442308,27.876823,27.767695,27.356747,24.56446,24.56446,24.959481,24.959481,28.130081,28.849028,28.264463,25,24.247227,25.445705,27.366864,28.958333,27.777778,22.596965,27.289048,31.353135,26.818182,26.815642,99.272198,100,29.805996,27.787307,31.570248,86.861314,32.279534,37.632135,30.594406,27.645051,24.542125,25.612053,28.108108,26.153846,24.444444,26.976744,33.13253
NC_011373.1|YP_002284357.1_23|61-ENDaa,24.014337,29.032258,28.709056,27.809524,27.370304,27.389706,29.143898,25.782689,25,25.668449,25.311943,28.040541,23.06338,25.830258,27.787934,26.870748,27.533461,24.309392,25.414365,24.677716,24.356436,29.135338,25.746269,26.247689,26.746167,27.568493,25.046041,24.72119,26.704545,25.605536,26.951673,26.951673,26.951673,26.765799,26.432532,27.859779,29.613734,24.817518,24.504505,26.587302,24.861878,24.309392,26.247689,25.276753,25.092251,24.814815,24.814815,24.590164,25.693161,25.274725,25.323475,24.677716,25.046041,25.794393,24.861878,26.190476,25.046041,26.981132,25.046041,24.590164,30.749354,26.679104,26.503759,28.853755,25.830258,26.865672,24.538745,28.712871,27.052239,27.881041,28.113208,27.102804,24.538745,24.954463,25.830258,27.495292,25.230203,24.861878,24.768946,24.814815,24.114671,25.569177,23.411371,24.344569,25.894378,26.530612,24.677716,25.274725,25.046041,24.677716,27.722772,25.274725,24.768946,25.046041,24.953789,24.635036,26.579926,26.815642,27.592593,24.56446,24.254473,26.679104,27.457627,26.815642,27.181208,25.688073,24.954463,25.68306,25.318761,25.136612,23.66548,25.842697,24.041812,24.43281,26.679463,24.729242,29.781421,24.659864,26.391382,27.189781,27.189781,26.223776,23.487544,25.912409,24.576271,24.58194,24.58194,27.121464,21.465969,27.624309,27.186312,27.186312,22.975207,22.975207,22.809917,32.295082,26.495726,24.623116,26.324786,24.190801,33.550489,27.435388,29.525862,24.955117,24.956063,29.372937,30.968858,25.37037,30.973451,29.805996,100,27.919708,30.195382,29.401709,28.347826,32.848233,33.64486,27.256637,27.165354,26.565465,27.222222,24.37276,22.469983,25.333333,27.492447
NC_029066.1|YP_009222847.1_77|61-ENDaa,24.070796,28.785047,25.464684,26.909091,28.520499,25.364964,26.169844,28.186715,26.373626,26.527051,26.93662,26.025237,25.504587,26.937269,26.017699,27.902946,29.055258,27.016886,27.954972,26.371681,24.05303,25.824176,25,27.121771,29.084967,29.058442,26.079137,24.865832,26.220615,26.455026,26.556777,26.047359,26.047359,26.556777,25.959781,29.516995,30.334728,27.016886,25.945946,26.666667,26.203209,26.381462,28.871893,26.47585,29.807692,26.428571,26.071429,25.139665,26.203209,26.438849,25.812274,27.204503,25.668449,27.552987,26.118068,26.829268,26.079137,26.915888,25.899281,25.22686,28.780488,25.645756,26.895307,27.155963,25.830258,25.645756,26.966292,25.59415,26.411658,27.462121,27.840909,28.219697,26.779026,25.090909,25.892857,25.846702,26.315789,26.25,26.972477,26.951673,25.546218,23.865546,25.671141,24.242424,29.641694,27.642276,27.016886,26.438849,25.222025,26.371681,24.280576,26.438849,26.203209,28.846154,25.714286,26.951673,26.047359,26.047359,27.410208,26.324786,25.250501,26.425856,28.00659,26.256983,27.377049,28.26087,25.559701,25.703565,25.849057,25.612053,24.761905,28.26087,24.705882,21.366025,28.148148,26.386233,33.156499,29.340278,23.64532,25.299145,25.299145,25.211506,24.761905,25.612053,25.242718,25.806452,25.040388,31.788079,30.253623,27.468582,30.053667,30.053667,28.264463,28.618968,29.118136,32.075472,29.065744,25.16129,26.75367,28.92562,31.279621,26.369168,29.336188,26.371681,26.094891,33.774834,27.198697,25.94697,27.958834,27.787307,27.919708,100,27.549195,26.428571,27.468582,32.188841,24.131944,26.855124,25.265018,24.196597,23.076923,26.551724,25.822368,27.334852,33.43465
NC_030929.1|YP_009275526.1_39|61-ENDaa,25.490196,29.433962,30.425963,30.44316,28.214286,26.916221,26.701571,26.071429,27.322404,27.97075,27.404719,28.548124,26.654064,28.705441,28.867925,27.303183,27.305606,26.690391,26.654741,26.992754,31.762295,24.912281,26.19469,26.654741,24.345146,23.913043,25.70922,27.97075,24.956063,26.064736,28.653846,29.150579,28.957529,29.174664,28.764479,28.832117,32.738095,27.140255,27.554745,26.481481,25.087719,25.263158,28.051002,26.371681,26.19469,27.868852,27.787934,27.272727,28.209765,26.19469,24.738676,25.795053,26.371681,25.088339,26.19469,26.110124,26.110124,27.134725,26.110124,27.454545,31.688312,26.203209,26.678766,27.358491,26.381462,26.381462,28.860294,25.757576,27.169811,27.554745,29.182156,25.044092,26.296959,26.958106,25.573192,27.305606,25.087719,26.19469,26.582278,27.941176,28.183362,26.812816,27.938671,26.062847,25,23.802164,26.14841,26.19469,28.028933,26.992754,26.086957,26.19469,27.767695,27.818182,26.512456,25.32833,27.651515,27.169811,27.124774,27.470687,21.161049,27.425373,25.19685,25.135624,24.375,26.958106,24.862888,23.783784,26.915888,23.603604,25.952813,23.767606,25.840708,25.217391,26.865672,25.321101,30.958904,27.729636,27.241379,24.420677,24.420677,24.579125,26.678766,24.452555,28.020134,27.55102,26.722689,28.478964,25.47993,23.431734,29.840142,29.840142,27.228525,27.228525,27.3906,29.952456,29.043478,27.891156,27.902946,27.066451,29.08805,26.572008,27.066116,26.725664,28.494624,33.108108,28.353141,28.710938,32.445923,31.570248,30.195382,27.549195,100,31.063123,98.787879,38.901099,31.046931,28.042328,26.705653,29.636711,29.300567,26.186292,29.195804,24.604966,30.06135
NC_016762.1|YP_005098088.1_61|61-ENDaa,25.042017,28.233151,25.37037,30.912477,25.214408,26.365348,29.681979,24.551971,24.377224,28.975265,27.835052,26.339969,25.27881,24.55516,24.745763,27.166667,25.99278,24.460432,25.457875,24.777184,26.719057,24.725275,26.142596,25.824176,26.959248,27.102804,24.452555,24.363636,25.905797,25.925926,26.865672,27.204503,25.782689,25.782689,27.016886,27.777778,27.091633,24.862888,25.408348,27.425373,25.99278,24.770642,25.539568,26.90167,27.087199,24.014337,26.111111,24.428822,24.035088,25.740741,26.159555,23.626374,24.777184,24.150268,25.493716,24.955437,23.540146,27.938343,23.315118,25.092251,25.552826,26.530612,27.188082,24.865832,26.345083,26.716141,24.642857,26.972477,26.641651,25,25.089606,28.277154,25.186567,25.364964,27.121771,26.492537,23.956443,25.852783,25.59415,24.908425,22.778675,24.919094,25.080906,28.884826,26.5625,25.897036,25.359712,25.740741,25.448029,24.777184,26.788991,25.740741,25.448029,25.364964,24.865832,25.457875,28.214971,27.639155,25.454545,26.01626,23.87218,26.654064,27.18601,25.834798,26.978998,28.490566,26.102293,25.396825,26.06383,25.43554,23.465704,25.641026,25.503356,23.539519,25.524476,26.335175,32.960894,23.909532,24.433657,27.272727,27.272727,23.52,23.465704,25.925926,26.298701,26.853377,26.821192,28.225806,26.678445,24.137931,26.056338,26.056338,27.332242,27.332242,26.30719,28.338279,26.5,26.809211,22.981366,26.797386,27.24595,26.11336,27.743271,23.857868,25.939177,30.033003,27.03125,28.298279,86.131387,86.861314,29.401709,26.428571,31.063123,100,31.229236,37.124464,31.746032,27.408638,25.181159,28.932039,27.239488,27.304348,24.797407,28.571429,32.628399
NC_074663.1|YP_010773403.1_13|61-ENDaa,25.795053,27.87194,32.44898,28.875969,28.23741,27.592593,26.713533,27.305606,27.486438,27.787934,28,25.077882,25.37594,28.49162,29.356061,25,26.111111,27.305606,25.44484,27.706422,31.557377,25.396825,26.978417,25.44484,25.356577,24.068323,26.750449,28.519196,25.178571,27.017544,27.767355,28.517824,28.517824,27.954972,28.142589,28.571429,32.34127,27.592593,28.3859,25.830258,25.668449,25.846702,29.128015,26.978417,25.528169,28.153565,28.33638,28.096118,28.860294,26.618705,25,26.211849,26.978417,26.079137,26.798561,26.978417,26.798561,27.977316,26.978417,28.280961,31.070496,26.630435,26.958106,26.893939,26.992754,26.992754,29.53271,25.189394,27.204503,28.10219,27.941176,25.132743,27.173913,27.777778,26.164875,27.941176,25.668449,26.798561,26.497278,27.859779,27.638191,26.812816,27.394958,23.561151,25.076923,24.489796,26.750449,26.618705,28.676471,27.706422,25.660377,26.618705,26.545455,28.096118,27.124774,24.858757,28.142589,27.39212,27.22323,27.394958,21.621622,26.865672,25.03937,26.617375,24.375,27.859779,24.680073,23.603604,26.542056,24.00722,25.589837,24.420677,26.33452,25.043478,24.264706,25,29.120879,26.541096,23.252033,23.243243,23.243243,21.371611,26.315789,24.270073,27.89916,28.040541,27.150084,28.640777,25.43554,23.431734,29.662522,29.662522,27.552674,27.552674,27.552674,30.612245,28.347826,27.768313,27.556326,27.3906,30,26.844262,27.272727,26.325088,28.494624,32.323232,28.692699,23.818182,33.165829,32.279534,28.347826,27.468582,98.787879,31.229236,100,37.419355,31.083481,26.235094,24.816176,28.793774,28.517824,25.880282,28.399312,25.342466,28.220859
NC_074664.1|YP_010773486.1_18|61-ENDaa,29.067245,28.358209,27.096774,26.778243,29.72973,30.10989,27.329193,30.263158,31.877729,28.418803,27.991453,32.622601,27.489177,30.853392,30.537634,30.848861,34.157303,25.420168,27.990971,29.612756,21.894737,28.440367,26.190476,28.018223,32.20339,30.105263,26.39485,28.791209,26.5625,27.139875,25.917927,29.122056,25.269978,29.122056,29.122056,32.415254,26.136364,28.761062,28.824834,29.147982,27.171492,26.948775,25.052192,26.638478,27.061311,29.867257,29.646018,28.982301,25.708061,28.442438,27.272727,27.578475,24.375,27.334852,26.726058,27.802691,26.797386,25,27.802691,28.982301,24.281984,27.789934,31.336406,25.995807,28.72807,28.008753,27.692308,27.412281,29.336188,29.279279,26.004228,29.638009,26.797386,29.646018,27.394209,26.652452,26.948775,27.839644,29.933481,29.867257,28.874735,30.786026,31.659389,27.922078,30.315789,30.315789,25.630252,28.442438,27.311828,29.612756,26.021505,28.442438,26.948775,28.506787,26.503341,26.579521,29.399142,29.336188,30.114943,25.473684,25.799087,23.717949,29.052632,28.051392,29.192547,27.192982,31.050228,29.157667,29.004329,31.207289,27.253219,24.946695,29.039301,26.427061,27.692308,25.965665,29.014085,30.620985,29.175476,26.326964,26.326964,30.084746,27.526882,21.702128,32.484076,33.192389,30.227743,29.166667,29.475983,26.595745,29.059829,29.059829,30.769231,30.769231,30.10989,32.723577,27.291667,32.773109,27.234927,28.478261,33.333333,26.497696,26.107226,26.569038,30,27.852349,29.140461,29.268293,38.135593,37.632135,32.848233,32.188841,38.901099,37.124464,37.419355,100,31.288344,29.273504,23.678647,27.352298,27.078891,24.688797,25.630252,24.438903,33.753943
NC_030909.1|YP_009273700.1_18|61-ENDaa,25.985663,26.204239,29.239766,25.800377,27.272727,29.239766,24.647887,22.5,23.476703,25.68306,25.500911,27.813505,24.858757,22.898032,22.992701,23.657718,26.432532,24.100719,27.831094,26.893939,26.88391,28.269231,26.641651,27.255278,27.914614,26.436782,27.032136,25.274725,27.099237,23.450586,26.819923,25.806452,25.616698,25.996205,26.589595,25.13465,27.54491,25.274725,24.094203,25.688073,26.93032,27.306968,27.52809,24.727273,24.545455,25.045372,24.863884,24.954128,23.679417,23.11828,23.956443,23.869801,26.879699,26.538462,25.612053,26.565465,25.612053,26.213592,26.565465,24.954128,27.819549,25.046729,24.817518,25.519849,25.046729,25.233645,25.316456,24.861878,26.05364,24.818841,24.77396,24.181818,23.698384,25.183824,25.988701,23.076923,24.500907,26.893939,24.545455,25.364964,25.470085,26.297578,26.297578,24,27.332242,26.237624,26.177024,23.11828,26.037736,26.893939,23.655914,23.11828,26.542056,25.688073,25.32833,24.40367,26.436782,26.436782,27.042802,28.113879,25.052192,26.640927,24.217463,26.079137,26.5625,25.41744,25.899281,25.13465,25.719424,26.079137,28.657315,24.719101,28.676471,26.929982,24.725275,25.650558,32.681564,27.622378,25.178571,23.920863,23.920863,26.06383,28.456914,25.314183,27.556326,27.526132,28.422877,28.407225,27.97075,27.61194,26.630435,26.630435,28.350515,28.350515,27.61578,33.986928,27.838828,27.351916,24.957555,26.116838,34.313725,30.212766,24.631579,24.319419,25.818182,33.898305,29.144852,25.390625,30.944056,30.594406,33.64486,24.131944,31.046931,31.746032,31.083481,31.288344,100,27.728086,24.725275,27.49004,27.34375,24.354244,26.223776,28.850856,31.641791
NC_041925.1|YP_009600629.1_47|61-ENDaa,25,25.846702,26.454034,26.964286,25.513699,27.509294,22.651007,29.549902,27.758007,23.793677,24.132231,23.485968,26.432532,27.648115,27.854671,25.278219,26.534296,26.548673,27.729636,25.817556,28.269231,27.992958,26.548673,26.079447,25.038402,24.441133,27.079646,26.14841,27.906977,25.378151,22.354949,21.97615,21.97615,21.97615,22.146508,25.91944,26.719057,26.584507,25.82897,26.164875,27.145359,27.54386,26.315789,25.773196,26.724138,26.325088,26.14841,27.48227,26.551724,26.573427,25.913043,27.079646,26.30662,26.702509,26.690391,26.325088,26.573427,22.279793,26.325088,27.48227,31.139241,27.433628,26.597582,27.12766,27.256637,27.256637,26.595745,25.135624,22.278912,26.868327,26.017699,27.353464,26.41844,27.112676,27.935943,27.433628,26.678445,26.501767,27.031802,26.325088,25.603865,25.040388,24.959742,25.405405,23.156342,25.538462,26.902655,26.573427,26.619965,25.817556,26.654741,26.573427,27.017544,25.989673,26.595745,25.261324,21.97615,23.327616,27.598566,25.342466,25.482625,23.195876,24.633431,26.017699,26.340694,28.520499,25.524476,25.441696,25.30541,26.048951,26.950355,27.797203,28.222997,25.614035,23.85159,25.783972,32.520325,26.537217,23.397436,26.190476,26.190476,22.368421,26.950355,24.610052,23.937008,25.041186,25.493421,26.340694,30.091743,26.619965,27.387387,27.387387,29.26045,29.26045,29.26045,29.673591,24.077047,25.205931,26.599327,29.421222,29.569094,32.657201,26.611227,26.333907,28.169014,33.006536,25.9375,27.61194,27.787307,27.645051,27.256637,26.855124,28.042328,27.408638,26.235094,29.273504,27.728086,100,25.307557,28.838951,26.678141,27.288732,25.57377,25.934066,32.317073
NC_025443.1|YP_009101225.1_55|61-ENDaa,24.137931,24.452555,25.153374,29.571984,25.818182,26.806084,27.787934,25.140713,24.521073,24.309392,24.493554,27.054795,26.553672,24.662813,27.220077,24.054983,27.410208,36.694215,37.251656,37.748344,24.497992,36.694215,36.859504,37.417219,27.288428,27.979275,36.694215,37.355372,36.772047,38.181818,38.833333,38.833333,38.833333,38.666667,39,27.153558,25.35497,37.355372,37.748344,77.011494,36.92053,36.92053,36.859504,37.251656,37.251656,37.024793,37.024793,37.190083,37.024793,37.190083,36.92053,36.528926,36.859504,38.151261,36.694215,36.859504,36.859504,39.593909,36.859504,37.355372,43.640898,37.251656,37.47927,77.996716,37.582781,37.417219,37.355372,77.011494,39,37.936772,36.423841,36.754967,37.355372,37.520661,37.228715,37.043189,37.417219,36.528926,37.086093,36.694215,27.659574,26.964286,26.630435,24.144487,26.551724,26.770294,36.363636,37.190083,37.086093,37.748344,76.026273,37.190083,37.707641,37.190083,36.363636,79.638752,38.666667,38.833333,36.92053,29.588015,22.970297,44.38861,31.972789,44.57429,30.650685,42.429285,44.925125,44.425957,45.257903,44.925125,45.226131,43.261231,29.225352,29.390681,30.871212,84.158416,31.301939,24.268503,25.087108,27.686703,27.686703,27.468582,45.226131,45.424293,25.823224,25.649913,24.869565,31.34058,24.675325,25.461255,27.032136,27.032136,29.233512,29.055258,28.877005,31.871838,27.683616,25.561313,27.956989,29.475588,32.37774,30.97166,28.601253,28.438662,32.169118,33.333333,30.426716,23.962264,24.358974,24.542125,27.165354,25.265018,26.705653,25.181159,24.816176,23.678647,24.725275,25.307557,100,30.019881,31.227437,24.725275,24.162257,28.045977,30.407524
NC_042062.1|YP_009617884.1_55|61-ENDaa,28.571429,30.604288,25.148515,32.793522,27.272727,29.824561,29.844961,27.255278,27.326733,28.571429,28.435115,30.054645,29.051383,28.313253,26.730769,27.592593,30.859375,28.651685,28.680688,28.380952,26.694045,30.097087,28.680688,27.083333,30.363636,31.891892,26.553672,29.268293,27.447217,29.205176,29.108911,28.796844,28.796844,28.796844,29.108911,32.539683,27.536232,29.678639,26.741996,27.220077,29.400387,29.400387,27.533461,28.16092,28.16092,28.971963,28.971963,27.985075,28.113208,29.501916,30.291262,28.651685,29.310345,27.255278,29.310345,28.927203,29.118774,28.857715,29.310345,28.759398,33.160622,28.326996,28.737864,27.326733,28.651685,28.136882,28.598131,27.799228,28.682171,28.947368,29.44664,27.809524,28.224299,27.238806,27.222222,27.756654,27.462121,29.310345,27.829314,30.076628,25.771325,29.01354,28.190476,25.992063,31.51184,30.107527,28.838951,29.501916,28.35249,28.380952,26.959847,29.501916,26.741996,28.16092,27.651515,28.461538,29.108911,28.488372,27.410208,28.571429,21.730382,27.435388,31.501832,29.862475,29.650092,26.865672,28.323699,27.756654,28.516378,28.901734,29.076621,25.714286,26.775956,26.345083,26.217228,25.19084,26.165803,24.242424,29.963235,26.295585,26.295585,28.990826,29.076621,27.592955,25.740741,26.739927,26.519337,28.26087,29.637097,26.336634,27.655311,27.655311,28.867925,28.867925,28.91791,31.578947,25.045372,27.121771,24.354244,28.571429,32.105263,28.220859,30.172414,28.733459,31.153846,31.649832,28.171642,26.264591,25.612053,25.612053,26.565465,24.196597,29.636711,28.932039,28.793774,27.352298,27.49004,28.838951,30.019881,100,28.094303,26.627219,26.519337,28.801843,27.586207
NC_047786.1|YP_009787825.1_51|61-ENDaa,29.026217,27.631579,30.443548,27.767695,24.823944,30.501931,28.085868,23.090909,23.431734,27.838828,26.618705,28.855721,24.080882,23.333333,28.893058,27.894737,29.927007,25.089606,27.509294,27.522936,25.387597,28.037383,27.356747,27.306273,28.903654,28.903654,27.306273,25.179856,28.383459,29.67033,26.860254,26.630435,26.486486,26.678766,26.630435,31.127013,26.829268,25.316456,27.022059,29.492188,28.096118,28.280961,27.419355,27.205882,27.205882,25.045045,24.864865,25.966851,28.54512,29.566855,27.787934,28.096118,28.200371,28.195489,28.171642,28.096118,27.911275,27.022059,27.54159,25.966851,28.465347,28.759398,27.592593,26.268116,28.759398,28.759398,25.585586,29.902913,27.173913,29.400749,27.358491,28.413284,25.13465,25.091575,27.663551,28.096118,27.54159,28.096118,26.739927,24.408015,27.191413,26.444834,25.218914,26.01476,29.401993,29.284526,27.726433,29.566855,27.173913,27.522936,26.703499,29.566855,27.911275,26.094891,27.985075,27.090909,29.254302,29.885057,28.125,27.192982,24.950495,33.526012,32.828283,29.710145,30.782313,33.709981,30.363636,30.852995,30.363636,30.363636,32.723949,32.575758,31.834532,27.648115,32.960894,31.775701,32.596685,24.738676,28.295255,24.285714,24.285714,26.269702,33.150183,31.009174,25.086505,24.703892,25.344828,32.042254,25.357143,27.875244,23.93617,23.93617,27.609428,27.860697,28.213689,32.73906,28.990826,24.617997,28.804348,27.609428,32.414911,30.8,27.162978,32.085561,32.103321,32.236842,27.195946,28.248588,28.315412,28.108108,27.222222,23.076923,29.300567,27.239488,28.517824,27.078891,27.34375,26.678141,31.227437,28.094303,100,27.624309,28.571429,25.284738,26.946108
NC_071011.1|YP_010676313.1_56|61-ENDaa,25.694444,25.729927,27.203065,23.853211,23.684211,27.027027,23.809524,27.272727,25.621415,25.309735,26.411658,24.960998,26.335878,26.305609,24.041812,25.520833,22.54025,22.878229,23.277467,24.90566,27.345309,24.725275,21.755027,24.385633,26.025237,25.431711,24.349442,24.953445,22.693727,24.40678,26.086957,26.425856,26.61597,26.086957,26.806084,25.311943,25.193798,24.181818,22.710623,24.672897,21.937843,21.755027,25.237192,22.962963,23.148148,24.394786,23.941068,24.354244,25.708885,23.333333,23.518519,21.818182,21.978022,23.062731,22.303473,22.120658,23.005566,27.255278,22.303473,24.169742,27.027027,23.518519,24.214418,25.793651,24.208566,23.649907,23.836127,24.662813,25.612053,24.452555,23.131673,24.137931,23.518519,24.358974,24.074074,22.651934,21.937843,21.937843,24.672897,25.794393,25.042301,27.050611,25.675676,22.06655,26.614173,25.592417,22.120658,23.333333,24.150943,24.90566,24.524715,23.333333,23.191095,24.677716,22.018349,25.338491,26.425856,26.086957,24.270073,23.011844,25.294118,24.022346,27.591973,25.475285,26.298157,26.335878,24.577861,25.095057,25.32833,25.237192,26.779026,25.87156,27.083333,23.90925,25.268817,27.309237,36.061381,36.678201,23.675497,31.260794,31.260794,25.524476,26.779026,25.703565,26.252159,25.609756,22.801303,30.082645,31.345826,29.861111,36,36,30.477759,30.327869,30.756579,31.71875,28.5,23.538961,34.013605,31.063123,30.733945,27.180527,25.792812,22.8471,26.666667,33.223684,25.082508,22.222222,25.938567,26.153846,24.37276,26.551724,26.186292,27.304348,25.880282,24.688797,24.354244,27.288732,24.725275,26.627219,27.624309,100,23.247863,27.625571,30.091185
NC_070772.1|YP_010649714.1_27|61-ENDaa,24.617997,24.60177,27.165354,26.12782,25.811966,25.912409,24.032258,28.073394,27.522936,24.744027,24.744027,26.756353,23.758865,26.325411,24.061433,24.566929,26.00349,24.420677,23.037543,25.899281,24.849699,26.173285,24.820144,25.394046,26.533742,26.605505,23.29932,26.851852,24.866785,22.847682,26.362039,25.342466,25.476603,25.513699,25.996534,26.895307,28.118812,25.531915,24.479167,23.292469,24.777184,24.821429,25.67325,25.490196,27.636364,26.164875,25.985663,24.777184,25.719424,24.347826,27.239488,23.867596,25.222025,25.223614,25,24.43281,24.119718,25.985663,24.955752,24.777184,31.670823,26.678766,25.043783,27.140255,26.678766,26.678766,26.238532,24.295775,27.003484,24.955752,24.691358,24.096386,25.543478,26.079137,24.955752,24.511545,25.316456,24.59893,25.925926,26.873857,26.948052,26.75367,26.570048,23.333333,25.421133,27.147239,25.270758,24.347826,24.736842,25.899281,23.4375,24.347826,24.69352,27.504554,25.090253,26.958106,26.041667,27.240773,24.43281,28.762542,26.284585,28.442029,26.502311,23.777403,25.263158,27.767695,24.521739,25.357143,25.539568,23.752151,26.19469,29.356061,25.72402,22.222222,23.85159,24.56446,29.765013,26.527331,23.501577,26.495726,26.495726,22.432859,26.371681,24.655172,25.842697,25.314465,24.33281,26.635514,25.549915,26.408451,23.038397,23.038397,25.981873,25.981873,26.636225,27.903683,25.158228,23.868955,21.981424,26.412214,27.698864,26.923077,29.098361,21.869783,25.179856,30.434783,26.429675,25.631769,24.758842,24.444444,22.469983,25.822368,29.195804,24.797407,28.399312,25.630252,26.223776,25.57377,24.162257,26.519337,28.571429,23.247863,100,29.605263,30.120482
NC_031098.1|YP_009289769.1_30|61-ENDaa,25.727069,27.868852,23.423423,27.713626,26.174497,27.578475,26.923077,28.066038,28.735632,25.055432,25.055432,31.07221,24.115044,28.275862,29.166667,28.665208,25.925926,27.702703,27.828054,25.700935,22.146119,26.179245,26.635514,28.375286,29.934924,29.7593,26.697892,26.067416,26.428571,26.516854,27.336449,26.401869,26.635514,26.869159,25.874126,24.604966,26.450116,27.107062,28.341014,28.671329,26.401869,25.934579,25.442478,26.823529,26.292135,27.251732,27.713626,27.437642,30.382775,26.340326,27.816092,26.107226,26.530612,27.640449,26.635514,26.401869,25.934579,26.966292,26.401869,27.437642,26.702997,28.375286,27.842227,28.935185,28.604119,28.604119,26.516854,29.398148,26.107226,28.738318,29.816514,29.370629,26,28.018223,27.088036,26.401869,27.464789,26.401869,26.896552,27.713626,25.223214,28.159645,27.802691,26.651481,32.537961,28.976035,27.828054,26.340326,28.605201,25.700935,27.906977,26.340326,26.516854,29.262673,27.149321,28.935185,26.635514,25.874126,28.904429,28.506787,24.429224,24.711316,27.293065,25.943396,31.651376,28.669725,24.186047,24.651163,24.418605,24.186047,27.803738,27.816092,23.348018,26.280624,26.794258,29.383886,22.702703,29.705215,26.855895,25.223214,25.223214,26.431718,27.570093,24.883721,30.504587,30.821918,29.318182,26.247289,27.31377,26.681614,24.944321,24.944321,28.03532,28.03532,26.872247,33.333333,28.384279,30.821918,26.710817,28.03532,33.406114,23.004695,25.522042,25,24.943311,30.035336,26.956522,26.976744,27.209302,26.976744,25.333333,27.334852,24.604966,28.571429,25.342466,24.438903,28.850856,25.934066,28.045977,28.801843,25.284738,27.625571,29.605263,100,24.233129
NC_073031.1|YP_010738745.1_18|61-ENDaa,30.930931,30.21148,27.743902,26.946108,28.134557,31.024096,31.17284,30.33033,33.13253,30.513595,30.03003,34.52381,29.003021,30.33033,31.927711,32.424242,32.415902,28.828829,30.239521,31.722054,27.355623,32.218845,27.844311,33.841463,35.416667,34.821429,29.041916,31.722054,31.722054,35.97561,30,30.606061,30.606061,30,31.515152,26.204819,26.006192,30.120482,31.231231,28.484848,31.231231,31.231231,31.927711,31.231231,31.231231,29.819277,30.421687,28.828829,31.927711,29.041916,32.831325,29.041916,27.083333,30.33033,27.844311,28.742515,29.94012,31.212121,29.041916,29.129129,29.411765,31.831832,31.626506,25.149701,32.132132,31.831832,30.513595,28.313253,30.30303,29.72973,30.606061,32.121212,28.443114,28.528529,29.341317,30.930931,30.630631,29.341317,27.927928,29.518072,31.117825,31.024096,30.513595,26.993865,36.607143,35.416667,27.54491,29.041916,29.72973,31.722054,27.409639,29.041916,31.231231,34.603175,32.432432,25.748503,31.212121,30.606061,31.692308,33.762058,28.395062,29.429429,32.628399,28.915663,29.253731,31.402439,29.819277,31.231231,29.72973,30.120482,30.513595,31.804281,32.142857,26.488095,30.153846,25.449102,22.397476,31.192661,30.838323,32.208589,32.208589,29.041916,30.513595,30.03003,33.731343,33.134328,35.522388,31.845238,30.722892,31.325301,31.437126,31.437126,35.522388,35.522388,34.925373,39.221557,30.930931,33.731343,35.240964,35.223881,38.622754,31.515152,28.267477,29.179331,30.909091,26.739927,34.138973,29.141104,33.333333,33.13253,27.492447,33.43465,30.06135,32.628399,28.220859,33.753943,31.641791,32.317073,30.407524,27.586207,26.946108,30.091185,30.120482,24.233129,100