,NC_021563.1|YP_008130357.1_64|[Serratia_phage_Eta]hypothetical_protein|36442..36936|164 aa,NC_028695.2|YP_009191448.1_40|[Enterobacter_phage_phiEap-2]hypothetical_protein|21610..22104|164 aa,NC_069154.1|YP_010582691.1_40|[Klebsiella_phage_VLCpiS11a]virion_structural_protein|complement(25256..25750)|164 aa,NC_069155.1|YP_010582758.1_50|[Serratia_phage_Tsm2]hypothetical_protein|30094..30588|164 aa,NC_073319.1|YP_010749258.1_53|[Escherichia_phage_SZH-1]hypothetical_protein|complement(25719..26192)|157 aa,NC_073320.1|YP_010749347.1_61|[Escherichia_phage_26]hypothetical_protein|32941..33414|157 aa,NC_073318.1|YP_010749194.1_61|[Escherichia_phage_NTEC3]hypothetical_protein|complement(34314..35714)|466 aa,NC_042084.1|YP_009620106.1_26|[Escherichia_phage_VB_EcoS-Golestan]hypothetical_protein|17370..18788|472 aa,NC_073323.1|YP_010749527.1_27|[Escherichia_phage_vB_EcoS-phiEc3]minor_tail_protein|17198..18616|472 aa,NC_041897.1|YP_009597306.1_26|[Escherichia_phage_K1ind1]hypothetical_protein|16991..18391|466 aa,NC_041898.1|YP_009597357.1_26|[Escherichia_phage_K1ind2]hypothetical_protein|16992..18392|466 aa,NC_073325.1|YP_010749670.1_4|[Escherichia_phage_vB_EcoS_XY1]minor_tail_protein|complement(3811..5211)|466 aa,NC_073315.1|YP_010748930.1_28|[Escherichia_phage_vB_EcoS_fFiEco03]hypothetical_protein|17935..19305|456 aa,NC_073324.1|YP_010749624.1_44|[Escherichia_phage_vB_EcoS-22664BS2]hypothetical_protein|22068..23465|465 aa,NC_073322.1|YP_010749475.1_46|[Escherichia_phage_vB_EcoS-Ro145c2YLVW]hypothetical_protein|23553..24026|157 aa,NC_048181.1|YP_009821861.1_25|[Raoultella_phage_RP180]hypothetical_protein|19172..19666|164 aa,NC_069156.1|YP_010582773.1_5|[Serratia_phage_vB_SmaM-Otaku]hypothetical_protein|complement(4881..5375)|164 aa,NC_006940.2|YP_308655.1_54|[Salmonella_phage_SS3e]hypothetical_protein|complement(36137..36637)|166 aa,NC_009232.2|YP_001110816.2_27|[Salmonella_phage_SETP3]hypothetical_protein|18460..18960|166 aa,NC_019539.1|YP_007010481.1_28|[Salmonella_phage_vB_SenS-Ent1]hypothetical_protein|18977..19477|166 aa,NC_021775.1|YP_008239652.1_55|[Salmonella_phage_FSL_SP-031]hypothetical_protein|36428..36928|166 aa,NC_021777.1|YP_008239738.1_29|[Salmonella_phage_Jersey]hypothetical_protein|20172..20672|166 aa,NC_022752.1|YP_008767027.1_28|[Salmonella_phage_SETP13]hypothetical_protein|18112..18612|166 aa,NC_022754.1|YP_008767198.1_27|[Salmonella_phage_SETP7]hypothetical_protein|17572..18072|166 aa,NC_027993.1|YP_009168807.1_27|[Escherichia_phage_K1G]hypothetical_protein|17937..18437|166 aa,NC_027994.1|YP_009168856.1_24|[Escherichia_phage_K1H]hypothetical_protein|16248..16748|166 aa,NC_028698.1|YP_009191569.1_16|[Salmonella_phage_f18SE]hypothetical_protein|complement(15923..16423)|166 aa,NC_041991.1|YP_009608582.1_27|[Salmonella_phage_vB_SenS_AG11]hypothetical_protein|17728..18228|166 aa,NC_041992.1|YP_009608663.1_42|[Salmonella_phage_wksl3]hypothetical_protein|complement(27064..27564)|166 aa,NC_069146.1|YP_010582164.1_57|[Salmonella_phage_St162]hypothetical_protein|36455..36955|166 aa,NC_069147.1|YP_010582233.1_64|[Salmonella_phage_GRNsp27]hypothetical_protein|40507..41007|166 aa,NC_069148.1|YP_010582260.1_27|[Salmonella_phage_TS6]hypothetical_protein|complement(19322..19822)|166 aa,NC_069149.1|YP_010582359.1_61|[Salmonella_phage_vB_SenTO17]hypothetical_protein|complement(31844..32344)|166 aa,NC_069150.1|YP_010582406.1_33|[Salmonella_phage_vB_STM-ZS]hypothetical_protein|complement(22605..23105)|166 aa,NC_069151.1|YP_010582466.1_34|[Salmonella_phage_vB_SenS_SE1]hypothetical_protein|complement(21758..22258)|166 aa,NC_069152.1|YP_010582522.1_27|[Salmonella_phage_Shemara]hypothetical_protein|18129..18629|166 aa,NC_069153.1|YP_010582605.1_27|[Salmonella_virus_VSiP]hypothetical_protein|18017..18517|166 aa,NC_073169.1|YP_010745715.1_18|[Salmonella_phage_SS5]hypothetical_protein|complement(15759..16259)|166 aa,NC_073172.1|YP_010745932.1_46|[Salmonella_phage_skrot]hypothetical_protein|24902..25402|166 aa,NC_073173.1|YP_010745993.1_42|[Salmonella_phage_blauehaus]hypothetical_protein|23963..24463|166 aa,NC_073174.1|YP_010746054.1_42|[Salmonella_phage_wast]hypothetical_protein|23773..24273|166 aa,NC_073175.1|YP_010746101.1_29|[Salmonella_virus_VSt10]hypothetical_protein|19072..19572|166 aa,NC_073176.1|YP_010746159.1_28|[Salmonella_virus_VSe101]hypothetical_protein|19414..19914|166 aa,NC_073178.1|YP_010746288.1_31|[Salmonella_phage_vB_SenS_TUMS_E19]hypothetical_protein|20086..20586|166 aa,NC_073179.1|YP_010746349.1_30|[Salmonella_phage_vB_SenS_TUMS_E4]hypothetical_protein|20065..20565|166 aa,NC_073181.1|YP_010746468.1_30|[Salmonella_phage_5sent1]minor_tail_protein|19967..20467|166 aa,NC_073182.1|YP_010746525.1_29|[Salmonella_virus_VSe103]hypothetical_protein|19773..20273|166 aa,NC_073183.1|YP_010746577.1_24|[Salmonella_phage_NBSal007]hypothetical_protein|complement(21183..21683)|166 aa,NC_073184.1|YP_010746642.1_32|[Salmonella_phage_F12013]tail_protein|complement(23758..24258)|166 aa,NC_073185.1|YP_010746711.1_42|[Salmonella_phage_PBSE191]hypothetical_protein|39461..39961|166 aa,NC_073186.1|YP_010746744.1_32|[Salmonella_phage_vB_SenS_PVP-SE2]hypothetical_protein|complement(23538..24038)|166 aa,NC_073187.1|YP_010746797.1_25|[Salmonella_phage_vB_SenS-EnJE1]hypothetical_protein|complement(22305..22805)|166 aa,NC_073188.1|YP_010746874.1_48|[Salmonella_phage_vB_SenS_S532]hypothetical_protein|24316..24816|166 aa,NC_073189.1|YP_010746947.1_55|[Salmonella_phage_JD01]hypothetical_protein|complement(38045..38545)|166 aa,NC_073190.1|YP_010747004.1_50|[Salmonella_phage_vB_SenS_S528]hypothetical_protein|24404..24904|166 aa,NC_073191.1|YP_010747048.1_26|[Salmonella_phage_vB_SenS-EnJE6]hypothetical_protein|complement(19818..20318)|166 aa,NC_073192.1|YP_010747095.1_6|[Salmonella_phage_F118P13]hypothetical_protein|complement(5673..6173)|166 aa,NC_073193.1|YP_010747216.1_59|[Salmonella_phage_vB_SalS-S10]hypothetical_protein|39171..39671|166 aa,NC_073194.1|YP_010747222.1_3|[Salmonella_phage_vB_SalP_LDW16]hypothetical_protein|complement(1350..1850)|166 aa,NC_073195.1|YP_010747307.1_28|[Salmonella_phage_Shelanagig]hypothetical_protein|18443..18943|166 aa,NC_073196.1|YP_010747352.1_5|[Salmonella_phage_NBSal006]hypothetical_protein|complement(3960..4460)|166 aa,NC_073197.1|YP_010747470.1_58|[Salmonella_phage_vB_SenS_ER23]hypothetical_protein|40103..40603|166 aa,NC_073198.1|YP_010747531.1_59|[Salmonella_phage_vB_SenS_ER21]hypothetical_protein|complement(40052..40552)|166 aa,NC_073199.1|YP_010747561.1_29|[Salmonella_phage_S102]hypothetical_protein|19783..20283|166 aa,NC_073200.1|YP_010747627.1_31|[Salmonella_phage_S100]hypothetical_protein|20810..21310|166 aa,NC_073201.1|YP_010747703.1_41|[Salmonella_phage_dunkel]hypothetical_protein|25780..26280|166 aa,NC_073202.1|YP_010747772.1_47|[Salmonella_phage_celemicas]hypothetical_protein|25526..26026|166 aa,NC_073203.1|YP_010747823.1_31|[Salmonella_phage_MET_P1_001_43]hypothetical_protein|19249..19749|166 aa,NC_073207.1|YP_010748064.1_18|[Salmonella_phage_SHWT1]hypothetical_protein|complement(17411..17911)|166 aa,NC_073208.1|YP_010748125.1_26|[Salmonella_phage_SLMP1]hypothetical_protein|complement(20699..21199)|166 aa,NC_073209.1|YP_010748162.1_6|[Salmonella_phage_GRNsp50]hypothetical_protein|complement(5544..6044)|166 aa,NC_073211.1|YP_010748298.1_37|[Salmonella_phage_T102]hypothetical_protein|22571..23071|166 aa,NC_073212.1|YP_010748343.1_28|[Salmonella_phage_ZCSE9]hypothetical_protein|19068..19568|166 aa,NC_073213.1|YP_010748406.1_26|[Salmonella_phage_vB_SenS_SB3]hypothetical_protein|17765..18265|166 aa,NC_073214.1|YP_010748481.1_38|[Salmonella_phage_vB_SenS_ER1]hypothetical_protein|21670..22170|166 aa,NC_073215.1|YP_010748512.1_4|[Salmonella_phage_SGPC]tail_protein|complement(1472..1972)|166 aa,NC_073216.1|YP_010748575.1_5|[Salmonella_phage_STP03]hypothetical_protein|complement(5491..5991)|166 aa,NC_073217.1|YP_010748688.1_48|[Salmonella_phage_pink]hypothetical_protein|25082..25582|166 aa,NC_073218.1|YP_010748749.1_38|[Salmonella_phage_demigod]hypothetical_protein|24667..25167|166 aa,NC_073219.1|YP_010748806.1_39|[Salmonella_phage_sidste]hypothetical_protein|23863..24363|166 aa,NC_073314.1|YP_010748874.1_48|[Escherichia_virus_fEg-Eco19]hypothetical_protein|24956..25456|166 aa,NC_073316.1|YP_010749009.1_30|[Escherichia_phage_vB_EcoS_fFiEco02]hypothetical_protein|19687..20187|166 aa,NC_073317.1|YP_010749084.1_28|[Escherichia_phage_vB_EcoS_fPoEco01]hypothetical_protein|18289..18789|166 aa,NC_073321.1|YP_010749394.1_37|[Escherichia_phage_ZCEC5]hypothetical_protein|20117..20617|166 aa,NC_093712.1|YP_011217191.1_3|[Escherichia_phage_L_AB-2017]hypothetical_protein|complement(1052..1552)|166 aa,NC_093713.1|YP_011217263.1_8|[Escherichia_phage_P_AB-2017]hypothetical_protein|complement(8713..9213)|166 aa,NC_016763.1|YP_005098153.1_57|[Salmonella_phage_SE2]hypothetical_protein|37051..37494|147 aa,NC_021317.1|YP_008058254.1_8|[Salmonella_phage_L13]hypothetical_protein|complement(7496..7939)|147 aa,NC_023608.1|YP_009009952.1_28|[Salmonella_phage_vB_SenS-Ent2]hypothetical_protein|19095..19538|147 aa,NC_024204.1|YP_009035165.1_28|[Salmonella_phage_vB_SenS-Ent3]hypothetical_protein|19099..19542|147 aa,NC_026017.1|YP_009113175.1_28|[Salmonella_phage_LSPA1]hypothetical_protein|19764..20207|147 aa,NC_031021.1|YP_009280168.1_40|[Salmonella_phage_MA12]hypothetical_protein|complement(28634..29077)|147 aa,NC_031925.1|YP_009322856.1_49|[Salmonella_phage_BPS11Q3]hypothetical_protein|complement(33054..33497)|147 aa,NC_042065.1|YP_009617944.1_25|[Salmonella_phage_FSL_SP-101]hypothetical_protein|17112..17555|147 aa,NC_073170.1|YP_010745802.1_38|[Salmonella_phage_SE-W109]hypothetical_protein|complement(24001..24444)|147 aa,NC_073204.1|YP_010747918.1_50|[Salmonella_phage_LPSE1]hypothetical_protein|33185..33628|147 aa,NC_073205.1|YP_010747958.1_31|[Salmonella_phage_LP31]hypothetical_protein|20982..21425|147 aa,NC_073206.1|YP_010748033.1_49|[Salmonella_phage_CTH7]hypothetical_protein|complement(32715..33158)|147 aa,NC_073210.1|YP_010748238.1_23|[Salmonella_phage_fmb-p1]hypothetical_protein|complement(23471..23914)|147 aa,NC_025466.1|YP_009103926.1_40|[Shewanella_sp._phage_3/49]hypothetical_protein|23325..23825|166 aa,NC_025471.1|YP_009104265.1_28|[Idiomarinaceae_phage_Phi1M2-2]virion_structural_protein|16209..16694|161 aa,NC_031918.1|YP_009322249.1_52|[Salmonella_phage_64795_sal3]hypothetical_protein|27290..27772|160 aa,NC_031924.1|YP_009322780.1_67|[Salmonella_phage_IME207]hypothetical_protein|28806..29282|158 aa,NC_054639.1|YP_010053346.1_63|[Salmonella_phage_Skate]hypothetical_protein|28397..28873|158 aa,NC_054637.1|YP_010053153.1_29|[Escherichia_phage_vB_EcoS_Sa179lw]hypothetical_protein|15910..16383|157 aa,NC_054640.1|YP_010053420.1_47|[Salmonella_phage_Segz_1]hypothetical_protein|23514..23987|157 aa,NC_054642.1|YP_010053565.1_32|[Salmonella_phage_Seszw_1]hypothetical_protein|17534..18007|157 aa,NC_054644.1|YP_010053740.1_57|[Salmonella_virus_VSt472]hypothetical_protein|28620..29093|157 aa,NC_054645.1|YP_010053778.1_13|[Salmonella_phage_LPST10]hypothetical_protein|complement(11731..12204)|157 aa,NC_054646.1|YP_010053891.1_39|[Salmonella_phage_VB_StyS_BS5]hypothetical_protein|19802..20275|157 aa,NC_054647.1|YP_010053951.1_16|[Salmonella_phage_Akira]hypothetical_protein|complement(13949..14422)|157 aa,NC_054648.1|YP_010054082.1_62|[Salmonella_phage_vB_Se_STGO-35-1]minor_tail_protein|29548..30021|157 aa,NC_054649.1|YP_010054112.1_4|[Escherichia_phage_vB_EcoS_swi2]hypothetical_protein|complement(5668..6141)|157 aa,NC_054650.1|YP_010054212.1_16|[Shigella_phage_DS8]hypothetical_protein|8852..9325|157 aa,NC_054651.1|YP_010054281.1_6|[Escherichia_phage_C1]hypothetical_protein|complement(6554..7027)|157 aa,NC_070846.1|YP_010657369.1_2|[Salmonella_phage_LPSTLL]hypothetical_protein|1594..2067|157 aa,NC_071144.1|YP_010685103.1_4|[Klebsiella_phage_VLCpiS13f]virion_structural_protein|complement(4718..5191)|157 aa,NC_071145.1|YP_010685197.1_17|[Klebsiella_phage_VLCpiS13e]virion_structural_protein|10270..10743|157 aa,NC_010495.1|YP_001742072.1_35|[Salmonella_phage_Vi_II-E1]hypothetical_protein|24365..24835|156 aa,NC_021534.1|YP_008126232.1_68|[Vibrio_phage_pYD38-A]hypothetical_protein|complement(39512..39982)|156 aa,NC_042037.1|YP_009614658.1_62|[Aeromonas_phage_pIS4-A]hypothetical_protein|32456..32926|156 aa,NC_054638.1|YP_010053258.1_48|[Salmonella_phage_vB_SenS_SB28]hypothetical_protein|24344..24814|156 aa,NC_054641.1|YP_010053509.1_61|[Salmonella_virus_KFS-SE2]hypothetical_protein|complement(34627..35097)|156 aa,NC_054643.1|YP_010053681.1_76|[Salmonella_phage_SeSz-2]hypothetical_protein|39846..40316|156 aa,NC_054652.1|YP_010054356.1_5|[Klebsiella_phage_YX3973]hypothetical_protein|6251..6721|156 aa,NC_054653.1|YP_010054428.1_13|[Klebsiella_virus_KpV2811]hypothetical_protein|complement(13683..14153)|156 aa,NC_054654.1|YP_010054542.1_49|[Klebsiella_phage_vB_KpnS_ZX4]hypothetical_protein|25749..26219|156 aa,NC_071142.1|YP_010684975.1_52|[Klebsiella_phage_VLCpiS13d]virion_structural_protein|25572..26042|156 aa,NC_071143.1|YP_010685006.1_3|[Flyfo_siphovirus_Tbat1_6]hypothetical_protein|3131..3601|156 aa,NC_071146.1|YP_010685295.1_37|[Klebsiella_phage_vB_KpnS_MK54]minor_tail_protein|19423..19893|156 aa,NC_071147.1|YP_010685339.1_1|[Klebsiella_phage_KP591P1]hypothetical_protein|242..712|156 aa,NC_071148.1|YP_010685459.1_43|[Klebsiella_phage_KP591P3]hypothetical_protein|23380..23850|156 aa,NC_071149.1|YP_010685562.1_68|[Klebsiella_phage_vB_Kpn_ZCKp20p]baseplate_wedge_protein|32709..33179|156 aa,NC_071150.1|YP_010685647.1_69|[Klebsiella_phage_ZCKP8]minor_tail_protein|32402..32872|156 aa,NC_071151.1|YP_010685719.1_57|[Klebsiella_phage_vB_Kpn_ZC2]minor_tail_protein|32717..33187|156 aa,NC_071152.1|YP_010685763.1_30|[Klebsiella_phage_VLCpiS13a]virion_structural_protein|17455..17925|156 aa,NC_071153.1|YP_010685868.1_57|[Klebsiella_phage_BUCT610]hypothetical_protein|27338..27808|156 aa,NC_071154.1|YP_010685917.1_23|[Klebsiella_phage_BUCT541]hypothetical_protein|complement(17295..17765)|156 aa,NC_071155.1|YP_010686024.1_52|[Klebsiella_phage_VLCpiS13b]virion_structural_protein|26421..26891|156 aa,NC_071156.1|YP_010686107.1_56|[Klebsiella_phage_6991]hypothetical_protein|28567..29037|156 aa,NC_071157.1|YP_010686190.1_59|[Klebsiella_phage_VLCpiS13c]virion_structural_protein|complement(35238..35708)|156 aa,NC_054636.1|YP_010053061.1_17|[Shigella_phage_Sf11_SMD-2017]hypothetical_protein|complement(13880..15253)|457 aa,NC_048198.1|YP_009824047.1_17|[Erwinia_phage_vB_EhrS_59]hypothetical_protein|14104..14601|165 aa,NC_019927.1|YP_007237618.1_44|[Cronobacter_phage_ENT47670]hypothetical_protein|46209..46706|165 aa,NC_071003.1|YP_010675369.1_21|[Enterobacter_phage_vB_EclS_CobraSix]hypothetical_protein|14964..15461|165 aa,NC_070824.1|YP_010655303.1_4|[Pseudoalteromonas_phage_C7]hypothetical_protein|complement(4549..5016)|155 aa,NC_028819.1|YP_009200200.1_14|[Pseudoalteromonas_phage_H103]virion_structural_protein|complement(10119..10595)|158 aa,NC_070822.1|YP_010655179.1_15|[Pseudoalteromonas_phage_TW1]hypothetical_protein|8086..8556|156 aa,NC_002484.2|NP_061517.1_20|[Pseudomonas_phage_D3]virion_structural_protein|13793..14272|159 aa,NC_016765.1|YP_005098223.1_20|[Pseudomonas_phage_PMG1]virion_structural_protein|13837..14316|159 aa,NC_011373.1|YP_002284353.1_19|[Pseudomonas_phage_PAJU2]virion_structural_protein|14682..15146|154 aa,NC_029066.1|YP_009222842.1_72|[Pseudomonas_phage_PS-1]virion_structural_protein|40548..41054|168 aa,NC_030929.1|YP_009275521.1_34|[Pseudomonas_phage_JBD44]virion_structural_protein|21460..21927|155 aa,NC_016762.1|YP_005098084.1_57|[Pseudomonas_phage_phi297]virion_structural_protein|37368..37835|155 aa,NC_074663.1|YP_010773399.1_9|[Pseudomonas_phage_vB_Pae_LC3I3]hypothetical_protein|6635..7102|155 aa,NC_074664.1|YP_010773482.1_14|[Pseudomonas_phage_BUCT566]hypothetical_protein|10993..11460|155 aa,NC_030909.1|YP_009273704.1_22|[Pseudomonas_phage_YMC11/07/P54_PAE_BP]virion_structural_protein|complement(17708..18175)|155 aa,NC_041925.1|YP_009600624.1_42|[Proteus_phage_VB_PmiS-Isfahan]hypothetical_protein|25971..26468|165 aa,NC_025443.1|YP_009101221.1_51|[Salmonella_phage_9NA]virion_structural_protein|28178..28681|167 aa,NC_042062.1|YP_009617880.1_51|[Salmonella_phage_SP069]hypothetical_protein|29434..29937|167 aa,NC_047786.1|YP_009787821.1_47|[Salmonella_phage_vB_SenS_Sasha]virion_structural_protein|27788..28291|167 aa,NC_071011.1|YP_010676308.1_51|[Klebsiella_phage_vB_KpnS-Carvaje]virion_structural_protein|27754..28257|167 aa,NC_070772.1|YP_010649711.1_24|[Vibrio_phage_Seahorse]hypothetical_protein|20900..21397|165 aa,NC_031098.1|YP_009289765.1_26|[Acinetobacter_phage_vB_AbaS_TRS1]virion_structural_protein|16790..17257|155 aa,NC_073031.1|YP_010738739.1_12|[Janthinobacterium_phage_vB_JliS-Donnerlittchen]hypothetical_protein|6881..7357|158 aa
NC_021563.1|YP_008130357.1_64|[Serratia_phage_Eta]hypothetical_protein|36442..36936|164 aa,100,75,75,95.121951,82.165605,81.528662,59.146341,54.878049,54.878049,55.487805,54.878049,56.097561,77.707006,55.487805,80.254777,80.487805,95.731707,60.365854,59.756098,60.97561,62.195122,60.97561,60.365854,59.756098,62.195122,62.195122,60.365854,59.756098,60.365854,62.804878,60.97561,62.804878,62.804878,62.804878,62.804878,60.97561,62.195122,60.97561,59.756098,60.97561,60.365854,60.365854,60.97561,60.97561,60.97561,60.97561,60.97561,59.756098,60.97561,60.97561,60.97561,60.365854,60.97561,60.97561,60.97561,60.365854,60.97561,60.97561,60.365854,59.756098,60.97561,60.97561,60.97561,60.97561,60.97561,60.97561,60.97561,60.97561,60.97561,60.97561,60.97561,60.97561,60.365854,60.97561,59.756098,60.365854,59.756098,59.756098,60.365854,60.365854,60.97561,61.585366,60.365854,60.365854,60.97561,61.585366,60.689655,61.37931,61.37931,61.37931,59.310345,61.37931,60,59.310345,60.689655,60,61.37931,61.37931,61.37931,54.601227,26.388889,23.489933,23.178808,21.854305,26.027397,21.854305,24.161074,23.489933,23.489933,23.489933,21.854305,22.147651,22.147651,22.818792,21.854305,23.809524,25.874126,23.972603,24.324324,24.827586,24.827586,25.517241,25,24.324324,20.394737,24.827586,20.394737,25.517241,24.827586,24.827586,24.827586,24.827586,26.056338,26.056338,26.056338,23.448276,24.827586,20.394737,24.827586,26.056338,24.827586,28.834356,19.745223,25.174825,23.648649,22.818792,21.290323,27.972028,23.684211,23.684211,27.586207,24.025974,24.113475,24.822695,24.113475,22,24.822695,22.292994,24.840764,24.840764,30.065359,21.383648,23.076923,18.666667,25.503356
NC_028695.2|YP_009191448.1_40|[Enterobacter_phage_phiEap-2]hypothetical_protein|21610..22104|164 aa,75,100,82.317073,75,77.707006,76.433121,61.585366,57.926829,57.926829,58.536585,57.926829,58.536585,71.974522,57.926829,75.796178,75.609756,76.829268,62.804878,61.585366,62.804878,64.634146,64.02439,62.195122,61.585366,63.414634,63.414634,62.195122,61.585366,62.804878,64.02439,64.02439,64.02439,64.02439,64.02439,64.02439,62.195122,64.02439,63.414634,61.585366,63.414634,62.195122,62.195122,62.804878,63.414634,62.804878,62.804878,62.804878,62.195122,63.414634,62.804878,63.414634,62.195122,63.414634,63.414634,63.414634,62.804878,63.414634,63.414634,62.804878,61.585366,63.414634,63.414634,63.414634,63.414634,63.414634,63.414634,63.414634,63.414634,63.414634,62.804878,63.414634,62.804878,62.804878,63.414634,61.585366,62.195122,61.585366,61.585366,62.804878,62.804878,63.414634,62.195122,62.804878,61.585366,63.414634,64.02439,61.37931,62.068966,62.068966,62.068966,60,62.068966,61.37931,60.689655,61.37931,61.37931,62.758621,62.758621,62.068966,54.601227,24.025974,22.972973,21.854305,20.529801,23.809524,20.666667,23.648649,23.129252,23.129252,23.129252,19.86755,20.529801,19.078947,22.297297,20.529801,22.44898,20,23.129252,23.333333,22.60274,22.60274,22.44898,24.489796,23.809524,22.147651,22.147651,22.147651,23.287671,22.60274,22.60274,22.60274,22.60274,21.917808,21.917808,21.917808,19.727891,22.60274,22.147651,26.760563,21.917808,22.60274,33.950617,24.025974,23.684211,21.568627,24.637681,26.666667,31.205674,30.28169,30.28169,29.166667,27.338129,22,26.351351,22,26.351351,26.351351,21.656051,29.677419,29.677419,26.415094,22.641509,23.529412,25,23.287671
NC_069154.1|YP_010582691.1_40|[Klebsiella_phage_VLCpiS11a]virion_structural_protein|complement(25256..25750)|164 aa,75,82.317073,100,74.390244,71.33758,70.700637,57.926829,57.926829,57.926829,58.536585,57.926829,58.536585,70.700637,57.926829,70.063694,70.731707,75,61.585366,61.585366,62.195122,63.414634,62.804878,61.585366,60.97561,60.97561,60.97561,61.585366,60.97561,62.195122,63.414634,63.414634,63.414634,63.414634,63.414634,63.414634,61.585366,62.804878,62.804878,60.97561,62.804878,61.585366,61.585366,62.804878,62.804878,62.195122,62.195122,62.195122,60.97561,62.195122,62.195122,62.804878,61.585366,62.195122,62.195122,62.195122,61.585366,62.195122,62.195122,62.195122,60.97561,62.195122,62.195122,62.195122,62.195122,62.804878,62.804878,62.804878,62.804878,62.195122,62.804878,62.804878,62.804878,61.585366,62.195122,60.97561,61.585366,60.97561,60.97561,62.195122,62.195122,59.756098,59.756098,59.146341,59.756098,59.756098,60.365854,60,60.689655,60.689655,60.689655,58.62069,60.689655,59.310345,59.310345,60,59.310345,60.689655,60.689655,61.37931,54.268293,21.935484,27.210884,25.675676,24.324324,27.210884,25.170068,27.891156,26.530612,26.530612,26.530612,25.170068,25.85034,25.85034,26.530612,25.85034,26.388889,25.503356,25.85034,28.082192,26.712329,26.712329,26.027397,28.767123,28.082192,25.170068,24,25.170068,27.39726,26.712329,26.712329,26.712329,26.712329,26.027397,26.027397,26.027397,24.657534,26.712329,25.170068,24.657534,26.027397,26.712329,30.06135,23.076923,22.077922,23.417722,24.305556,26.973684,30,29.931973,29.931973,28.767123,27.741935,21.621622,25.342466,21.621622,25.342466,25.342466,19.745223,26.11465,26.11465,27.848101,22.641509,21.428571,27.027027,22.666667
NC_069155.1|YP_010582758.1_50|[Serratia_phage_Tsm2]hypothetical_protein|30094..30588|164 aa,95.121951,75,74.390244,100,81.528662,80.89172,60.365854,55.487805,55.487805,56.097561,55.487805,56.707317,76.433121,56.097561,79.617834,79.878049,96.95122,62.195122,61.585366,61.585366,62.804878,61.585366,62.195122,61.585366,63.414634,63.414634,62.195122,61.585366,62.195122,63.414634,61.585366,63.414634,63.414634,63.414634,63.414634,60.97561,62.804878,61.585366,61.585366,61.585366,62.195122,61.585366,61.585366,61.585366,61.585366,61.585366,61.585366,61.585366,61.585366,61.585366,61.585366,62.195122,61.585366,61.585366,61.585366,62.195122,61.585366,61.585366,62.195122,61.585366,61.585366,61.585366,61.585366,61.585366,61.585366,61.585366,61.585366,61.585366,61.585366,61.585366,61.585366,61.585366,62.195122,61.585366,61.585366,62.195122,61.585366,61.585366,60.97561,60.97561,62.195122,62.195122,61.585366,61.585366,62.195122,62.804878,62.758621,62.068966,62.068966,62.068966,61.37931,62.068966,62.068966,61.37931,62.758621,62.068966,62.068966,62.068966,62.068966,56.441718,23.529412,24.161074,23.178808,21.854305,26.712329,24.822695,26.712329,24.161074,24.161074,24.161074,21.854305,23.648649,22.818792,23.489933,21.854305,23.809524,21.854305,23.287671,24.324324,23.287671,23.287671,26.206897,25.675676,26.896552,20.529801,22.758621,20.529801,23.972603,23.287671,23.287671,23.287671,23.287671,24.475524,24.475524,24.475524,21.917808,23.287671,20.529801,23.287671,24.475524,23.287671,29.62963,20.382166,25.517241,23.026316,20.394737,25.490196,22.535211,29.251701,29.251701,27.272727,21.153846,22.666667,23.333333,22.666667,23.333333,23.333333,21.656051,25.477707,25.477707,28.205128,22.641509,24.358974,19.333333,28.368794
NC_073319.1|YP_010749258.1_53|[Escherichia_phage_SZH-1]hypothetical_protein|complement(25719..26192)|157 aa,82.165605,77.707006,71.33758,81.528662,100,96.815287,68.789809,64.33121,64.33121,64.968153,64.33121,65.605096,90.44586,64.968153,96.178344,97.452229,83.43949,71.974522,70.063694,71.974522,73.248408,72.611465,71.33758,70.700637,70.700637,70.700637,71.33758,70.700637,71.974522,73.248408,71.33758,73.248408,73.248408,73.248408,73.248408,69.426752,71.974522,72.611465,70.700637,72.611465,71.33758,71.33758,71.974522,72.611465,71.974522,71.974522,71.974522,71.33758,72.611465,71.974522,72.611465,71.33758,72.611465,72.611465,72.611465,71.974522,72.611465,72.611465,71.974522,70.700637,72.611465,72.611465,72.611465,72.611465,72.611465,72.611465,72.611465,72.611465,72.611465,71.974522,72.611465,71.974522,71.974522,72.611465,70.700637,71.33758,70.700637,70.700637,71.974522,71.974522,70.700637,70.063694,70.063694,70.700637,70.700637,71.33758,69.655172,70.344828,70.344828,70.344828,68.275862,70.344828,69.655172,68.275862,69.655172,69.655172,71.034483,71.034483,70.344828,57.692308,22.666667,21.830986,21.527778,20.138889,20.138889,22.377622,20.833333,21.678322,21.678322,21.678322,20.138889,20.138889,20.979021,19.444444,20.138889,20.138889,21.678322,20.138889,21.527778,20.138889,20.138889,19.444444,21.527778,20.833333,22.142857,22.142857,22.142857,19.444444,20.138889,20.138889,20.138889,20.138889,19.444444,19.444444,19.444444,21.276596,20.138889,22.142857,20.138889,19.444444,20.138889,31.210191,22,23.129252,23.129252,23.943662,28.671329,30.37037,28.082192,28.082192,31.205674,26.950355,23.448276,23.448276,23.448276,23.448276,23.448276,21.710526,25.503356,25.503356,28.187919,25,26.573427,22.916667,27.536232
NC_073320.1|YP_010749347.1_61|[Escherichia_phage_26]hypothetical_protein|32941..33414|157 aa,81.528662,76.433121,70.700637,80.89172,96.815287,100,67.515924,63.694268,63.694268,64.33121,63.694268,64.968153,93.630573,64.968153,96.815287,96.815287,81.528662,70.700637,69.426752,70.700637,71.33758,71.33758,70.063694,69.426752,68.152866,68.152866,70.063694,69.426752,70.700637,71.33758,70.700637,71.33758,71.33758,71.33758,71.33758,67.515924,70.063694,71.33758,69.426752,71.33758,70.063694,70.063694,70.700637,71.33758,70.700637,70.700637,70.700637,70.063694,71.33758,70.700637,71.33758,70.063694,71.33758,71.33758,71.33758,70.700637,71.33758,71.33758,70.700637,70.063694,71.33758,71.33758,71.33758,71.33758,71.33758,71.33758,71.33758,71.33758,71.33758,70.700637,71.33758,70.700637,70.700637,71.33758,69.426752,70.063694,69.426752,69.426752,70.700637,70.700637,68.152866,67.515924,67.515924,68.152866,68.152866,68.789809,68.275862,68.965517,68.965517,68.965517,66.896552,68.965517,68.275862,66.896552,68.275862,68.275862,69.655172,69.655172,68.965517,57.692308,22,21.830986,21.527778,20.138889,20.138889,22.377622,20.833333,21.678322,21.678322,21.678322,20.138889,20.138889,20.979021,19.444444,20.138889,20.138889,21.678322,21.37931,21.527778,20.138889,20.138889,19.444444,21.527778,20.833333,22.857143,22.857143,22.857143,20.138889,20.138889,20.138889,20.138889,20.138889,19.444444,19.444444,19.444444,19.444444,20.138889,22.857143,20.138889,19.444444,20.138889,31.847134,22,23.129252,23.129252,23.943662,28.671329,25.874126,26.027397,26.027397,31.205674,26.950355,27.205882,27.941176,27.205882,27.205882,27.205882,21.333333,25.503356,25.503356,26.174497,22.972973,26.573427,24.305556,26.086957
NC_073318.1|YP_010749194.1_61|[Escherichia_phage_NTEC3]hypothetical_protein|complement(34314..35714)|466 aa,59.146341,61.585366,57.926829,60.365854,68.789809,67.515924,100,67.173913,67.391304,66.738661,66.522678,68.034557,59.513274,68.980477,67.515924,68.292683,60.97561,77.710843,75.903614,77.710843,78.313253,77.108434,77.108434,76.506024,96.385542,96.385542,77.108434,76.506024,76.506024,80.120482,78.915663,80.120482,80.120482,80.120482,80.120482,77.710843,77.108434,77.710843,76.506024,77.710843,77.108434,77.108434,77.108434,77.710843,77.710843,77.710843,77.710843,77.108434,78.313253,77.710843,77.710843,77.108434,77.108434,77.108434,77.108434,77.710843,77.108434,77.108434,77.108434,76.506024,77.710843,78.313253,78.313253,78.313253,77.710843,77.710843,77.710843,77.710843,77.108434,77.108434,77.710843,77.108434,77.710843,77.710843,76.506024,77.108434,76.506024,76.506024,77.108434,77.108434,95.783133,94.578313,95.783133,94.578313,97.590361,96.385542,77.55102,78.231293,78.231293,78.231293,77.55102,78.231293,76.190476,76.190476,77.55102,76.190476,77.55102,77.55102,77.55102,53.012048,31.055901,31.446541,31.210191,30.322581,33.766234,30.769231,31.168831,30.573248,30.573248,30.573248,27.388535,30.519481,31.410256,30.967742,28.025478,29.677419,31.125828,31.612903,31.818182,29.87013,29.87013,30.128205,31.410256,32.026144,33.333333,35.526316,33.333333,31.818182,29.87013,30.519481,29.87013,29.87013,29.87013,29.87013,29.87013,28.205128,29.487179,33.333333,30.519481,29.87013,25.641026,43.273543,32.075472,34.782609,36.645963,34.415584,37.086093,33.548387,30.188679,30.188679,31.168831,29.341317,30.967742,30.322581,30.967742,29.220779,29.677419,24.528302,35.185185,34.567901,37.106918,30.864198,33.333333,30.718954,32.051282
NC_042084.1|YP_009620106.1_26|[Escherichia_phage_VB_EcoS-Golestan]hypothetical_protein|17370..18788|472 aa,54.878049,57.926829,57.926829,55.487805,64.33121,63.694268,67.173913,100,94.067797,68.763557,68.913043,69.197397,58.719647,70.37037,63.057325,64.634146,56.097561,77.108434,75.301205,77.108434,76.506024,76.506024,76.506024,75.903614,90.963855,90.963855,76.506024,75.903614,75.903614,78.313253,77.710843,78.313253,78.313253,78.313253,78.313253,76.506024,75.903614,77.108434,75.903614,77.108434,76.506024,76.506024,76.506024,77.108434,77.108434,77.108434,77.108434,76.506024,77.710843,77.108434,77.108434,76.506024,76.506024,76.506024,76.506024,77.108434,76.506024,76.506024,76.506024,75.903614,77.108434,77.710843,77.710843,77.710843,77.108434,77.108434,77.108434,77.108434,76.506024,76.506024,77.108434,76.506024,77.108434,77.108434,75.903614,76.506024,75.903614,75.903614,76.506024,76.506024,90.361446,88.554217,90.963855,91.566265,92.168675,90.963855,76.870748,77.55102,77.55102,77.55102,76.190476,77.55102,75.510204,74.829932,76.870748,75.510204,76.870748,76.870748,76.870748,51.807229,32.298137,32.484076,28.481013,30.128205,30.967742,31.847134,31.818182,31.847134,31.847134,31.847134,31.612903,31.612903,35.66879,32.258065,34.615385,31.612903,30.573248,33.548387,33.116883,31.818182,31.818182,31.372549,33.548387,32.679739,32.236842,32.236842,32.236842,31.818182,31.818182,30.519481,31.818182,31.818182,30.519481,30.519481,30.519481,30.128205,31.410256,32.236842,31.818182,30.519481,30.128205,38.255034,32.317073,33.742331,37.037037,35.761589,34.437086,39.597315,35.220126,35.220126,31.818182,30.722892,32.258065,30.322581,32.258065,33.766234,34.415584,27.607362,30.538922,31.736527,36.419753,32.335329,30.322581,30.322581,32.911392
NC_073323.1|YP_010749527.1_27|[Escherichia_phage_vB_EcoS-phiEc3]minor_tail_protein|17198..18616|472 aa,54.878049,57.926829,57.926829,55.487805,64.33121,63.694268,67.391304,94.067797,100,70.152505,69.498911,69.498911,59.381898,70.562771,63.057325,64.634146,56.097561,77.108434,75.301205,77.108434,76.506024,76.506024,76.506024,75.903614,90.963855,90.963855,76.506024,75.903614,75.903614,78.313253,77.710843,78.313253,78.313253,78.313253,78.313253,76.506024,75.903614,77.108434,75.903614,77.108434,76.506024,76.506024,76.506024,77.108434,77.108434,77.108434,77.108434,76.506024,77.710843,77.108434,77.108434,76.506024,76.506024,76.506024,76.506024,77.108434,76.506024,76.506024,76.506024,75.903614,77.108434,77.710843,77.710843,77.710843,77.108434,77.108434,77.108434,77.108434,76.506024,76.506024,77.108434,76.506024,77.108434,77.108434,75.903614,76.506024,75.903614,75.903614,76.506024,76.506024,90.361446,88.554217,90.963855,91.566265,92.168675,90.963855,76.870748,77.55102,77.55102,77.55102,76.190476,77.55102,75.510204,74.829932,76.870748,75.510204,76.870748,76.870748,76.870748,51.807229,32.919255,32.236842,29.87013,32.467532,30.921053,33.766234,33.974359,33.766234,33.766234,33.766234,33.333333,31.578947,33.116883,30.921053,33.986928,31.578947,30.128205,29.487179,31.788079,30.718954,30.718954,33.116883,32.894737,34.83871,32.051282,30.769231,32.051282,29.411765,30.718954,30.322581,30.718954,30.718954,30.718954,30.718954,30.718954,32.258065,30.967742,32.051282,30.718954,30.718954,29.677419,38.478747,30.30303,31.481481,34.782609,33.766234,35.761589,38.926174,32.075472,32.075472,29.220779,27.54491,30.921053,30.322581,30.921053,31.168831,32.467532,30.909091,32.926829,29.94012,33.333333,29.012346,30.322581,27.922078,32.911392
NC_041897.1|YP_009597306.1_26|[Escherichia_phage_K1ind1]hypothetical_protein|16991..18391|466 aa,55.487805,58.536585,58.536585,56.097561,64.968153,64.33121,66.738661,68.763557,70.152505,100,97.424893,93.991416,61.622807,71.612903,63.694268,65.243902,56.707317,77.710843,75.903614,77.710843,77.108434,77.108434,77.108434,76.506024,90.361446,90.361446,77.108434,76.506024,76.506024,78.915663,78.313253,78.915663,78.915663,78.915663,78.915663,77.108434,76.506024,77.710843,76.506024,77.710843,77.108434,77.108434,77.108434,77.710843,77.710843,77.710843,77.710843,77.108434,78.313253,77.710843,77.710843,77.108434,77.108434,77.108434,77.108434,77.710843,77.108434,77.108434,77.108434,76.506024,77.710843,78.313253,78.313253,78.313253,77.710843,77.710843,77.710843,77.710843,77.108434,77.108434,77.710843,77.108434,77.710843,77.710843,76.506024,77.108434,76.506024,76.506024,77.108434,77.108434,89.759036,89.156627,90.361446,90.963855,91.566265,91.566265,76.870748,77.55102,77.55102,77.55102,76.190476,77.55102,75.510204,74.829932,76.870748,75.510204,76.870748,76.870748,76.870748,52.409639,32.704403,35.483871,31.012658,33.333333,34.193548,35.66879,33.548387,35.66879,35.66879,35.66879,33.548387,33.548387,35.66879,34.193548,32.903226,34.193548,33.121019,33.766234,35.064935,31.818182,31.818182,35.714286,35.714286,35.714286,30.128205,30.128205,30.128205,32.467532,31.818182,32.467532,31.818182,31.818182,31.818182,31.818182,31.818182,33.333333,32.051282,30.128205,33.774834,31.818182,30.769231,42.1875,30.30303,38.125,31.481481,34.931507,38.410596,36.241611,35.220126,35.220126,34.415584,30.30303,32.258065,30.322581,32.258065,33.116883,34.415584,29.090909,31.736527,32.335329,33.333333,31.736527,29.677419,29.677419,32.903226
NC_041898.1|YP_009597357.1_26|[Escherichia_phage_K1ind2]hypothetical_protein|16992..18392|466 aa,54.878049,57.926829,57.926829,55.487805,64.33121,63.694268,66.522678,68.913043,69.498911,97.424893,100,93.991416,61.184211,70.967742,63.057325,64.634146,56.097561,77.108434,75.301205,77.108434,76.506024,76.506024,76.506024,75.903614,89.759036,89.759036,76.506024,75.903614,75.903614,78.313253,77.710843,78.313253,78.313253,78.313253,78.313253,76.506024,75.903614,77.108434,75.903614,77.108434,76.506024,76.506024,76.506024,77.108434,77.108434,77.108434,77.108434,76.506024,77.710843,77.108434,77.108434,76.506024,76.506024,76.506024,76.506024,77.108434,76.506024,76.506024,76.506024,75.903614,77.108434,77.710843,77.710843,77.710843,77.108434,77.108434,77.108434,77.108434,76.506024,76.506024,77.108434,76.506024,77.108434,77.108434,75.903614,76.506024,75.903614,75.903614,76.506024,76.506024,89.156627,88.554217,89.759036,90.361446,90.963855,90.963855,76.190476,76.870748,76.870748,76.870748,75.510204,76.870748,74.829932,74.14966,76.190476,74.829932,76.190476,76.190476,76.190476,50.60241,36.024845,34.83871,29.113924,31.410256,32.903226,37.662338,33.548387,34.394904,34.394904,34.394904,32.258065,33.548387,34.394904,32.903226,26.11465,30.519481,32.467532,32.258065,32.467532,31.818182,31.818182,32.051282,34.415584,33.766234,30.769231,30.769231,30.769231,31.168831,31.818182,32.467532,31.818182,31.818182,31.818182,31.818182,31.818182,34.615385,32.051282,30.769231,33.774834,31.818182,30.769231,42.857143,27.878788,36.875,31.097561,34.228188,39.735099,35.57047,34.591195,34.591195,34.415584,29.518072,30.519481,27.741935,30.519481,30.519481,34.640523,35,27.777778,27.777778,31.875,32.098765,28.387097,29.032258,30.379747
NC_073325.1|YP_010749670.1_4|[Escherichia_phage_vB_EcoS_XY1]minor_tail_protein|complement(3811..5211)|466 aa,56.097561,58.536585,58.536585,56.707317,65.605096,64.968153,68.034557,69.197397,69.498911,93.991416,93.991416,100,61.842105,70.967742,64.33121,65.243902,57.317073,78.313253,76.506024,78.313253,77.108434,77.710843,77.710843,77.108434,90.361446,90.361446,77.710843,77.108434,77.108434,78.915663,78.313253,78.915663,78.915663,78.915663,78.915663,77.108434,76.506024,78.313253,77.108434,78.313253,77.710843,77.710843,77.710843,78.313253,78.313253,78.313253,78.313253,77.710843,78.915663,78.313253,78.313253,77.710843,77.710843,77.710843,77.710843,78.313253,77.710843,77.710843,77.710843,77.108434,78.313253,78.915663,78.915663,78.915663,78.313253,78.313253,78.313253,78.313253,77.710843,77.710843,78.313253,77.710843,78.313253,78.313253,77.108434,77.710843,77.108434,77.108434,77.710843,77.710843,93.373494,87.951807,90.361446,91.566265,91.566265,90.361446,78.231293,78.911565,78.911565,78.911565,77.55102,78.911565,76.870748,76.190476,78.231293,76.870748,78.231293,78.231293,78.231293,53.012048,32.919255,36.774194,34.615385,34.615385,37.419355,34.394904,35.483871,36.942675,36.942675,36.942675,36.129032,36.129032,36.305732,36.774194,36.129032,33.548387,34.394904,33.333333,35.714286,32.467532,32.467532,36.363636,36.363636,35.714286,30.769231,30.769231,30.769231,33.116883,32.467532,33.116883,32.467532,32.467532,32.467532,32.467532,32.467532,33.333333,32.692308,30.769231,34.437086,32.467532,31.410256,43.652561,31.097561,35.403727,30.487805,32.885906,37.748344,35.57047,34.591195,34.591195,33.552632,32.142857,31.612903,34.193548,31.612903,31.818182,34.415584,31.515152,34.375,34.375,31.446541,33.333333,29.677419,28.387097,31.64557
NC_073315.1|YP_010748930.1_28|[Escherichia_phage_vB_EcoS_fFiEco03]hypothetical_protein|17935..19305|456 aa,77.707006,71.974522,70.700637,76.433121,90.44586,93.630573,59.513274,58.719647,59.381898,61.622807,61.184211,61.842105,100,86.184211,92.993631,91.719745,77.070064,70.063694,68.789809,70.063694,69.426752,70.700637,69.426752,68.789809,64.33121,64.33121,69.426752,68.789809,70.063694,69.426752,70.063694,69.426752,69.426752,69.426752,69.426752,66.878981,68.789809,70.700637,68.789809,70.700637,69.426752,69.426752,70.063694,70.700637,70.063694,70.063694,70.063694,69.426752,70.700637,70.063694,70.700637,69.426752,70.700637,70.700637,70.700637,70.063694,70.700637,70.700637,70.063694,69.426752,70.700637,70.700637,70.700637,70.700637,70.700637,70.700637,70.700637,70.700637,70.700637,70.063694,70.700637,70.063694,70.063694,70.700637,68.789809,69.426752,68.789809,68.789809,70.063694,70.063694,64.33121,63.694268,63.694268,64.968153,64.33121,64.968153,67.586207,68.275862,68.275862,68.275862,66.206897,68.275862,67.586207,66.206897,67.586207,67.586207,68.965517,68.965517,68.275862,59.748428,34.375,30.81761,31.410256,32.692308,30.322581,35.294118,32.051282,32.903226,32.903226,32.903226,30.967742,32.258065,32.258065,31.612903,34.83871,29.677419,33.121019,30.967742,31.168831,34.415584,34.415584,31.818182,30.065359,32.258065,32.051282,33.974359,32.051282,33.766234,34.415584,35.064935,34.415584,34.415584,33.116883,33.116883,33.116883,32.692308,34.415584,32.051282,35.714286,33.116883,32.692308,48.05492,30.909091,37.654321,31.818182,29.87013,37.419355,37.662338,35.483871,35.483871,34,34.375,33.552632,32.885906,33.552632,32.885906,34.459459,32.727273,36.305732,36.305732,35.185185,33.950617,30.872483,28.476821,35.294118
NC_073324.1|YP_010749624.1_44|[Escherichia_phage_vB_EcoS-22664BS2]hypothetical_protein|22068..23465|465 aa,55.487805,57.926829,57.926829,56.097561,64.968153,64.968153,68.980477,70.37037,70.562771,71.612903,70.967742,70.967742,86.184211,100,63.694268,65.243902,56.707317,78.313253,76.506024,78.313253,77.710843,77.710843,77.710843,77.108434,91.566265,91.566265,77.710843,77.108434,77.108434,79.518072,79.518072,79.518072,79.518072,79.518072,79.518072,77.108434,77.108434,78.313253,77.108434,78.313253,77.710843,77.710843,77.710843,78.313253,78.313253,78.313253,78.313253,77.710843,78.915663,78.313253,78.313253,77.710843,77.710843,77.710843,77.710843,78.313253,77.710843,77.710843,77.710843,77.108434,78.313253,78.915663,78.915663,78.915663,78.313253,78.313253,78.313253,78.313253,77.710843,77.710843,78.313253,77.710843,78.313253,78.313253,77.108434,77.710843,77.108434,77.108434,77.710843,77.710843,90.963855,89.156627,91.566265,92.168675,92.771084,91.566265,78.231293,78.911565,78.911565,78.911565,77.55102,78.911565,76.870748,76.190476,78.231293,76.870748,78.231293,78.231293,78.231293,51.807229,29.192547,27.741935,27.848101,29.487179,30.967742,32.484076,29.487179,30.573248,30.573248,30.573248,29.677419,28.387097,31.847134,29.032258,31.410256,28.387097,29.299363,30.322581,29.87013,29.87013,29.87013,29.220779,29.87013,30.322581,31.410256,32.051282,31.410256,29.220779,29.87013,29.87013,29.87013,29.87013,29.87013,29.87013,29.87013,28.846154,29.220779,31.410256,31.818182,29.87013,30.128205,46.10245,30.487805,30.06135,34.567901,28.767123,39.735099,39.597315,30.81761,30.81761,34.415584,29.090909,36.129032,30.967742,36.129032,34.193548,32.467532,31.875,33.939394,34.545455,35.185185,32.335329,31.612903,29.605263,33.116883
NC_073322.1|YP_010749475.1_46|[Escherichia_phage_vB_EcoS-Ro145c2YLVW]hypothetical_protein|23553..24026|157 aa,80.254777,75.796178,70.063694,79.617834,96.178344,96.815287,67.515924,63.057325,63.057325,63.694268,63.057325,64.33121,92.993631,63.694268,100,96.815287,80.254777,71.33758,70.063694,71.33758,72.611465,71.974522,70.700637,70.063694,69.426752,69.426752,70.700637,70.063694,71.33758,72.611465,70.700637,72.611465,72.611465,72.611465,72.611465,68.789809,71.33758,71.974522,70.063694,71.974522,70.700637,70.700637,71.33758,71.974522,71.33758,71.33758,71.33758,70.700637,71.974522,71.33758,71.974522,70.700637,71.974522,71.974522,71.974522,71.33758,71.974522,71.974522,71.33758,70.700637,71.974522,71.974522,71.974522,71.974522,71.974522,71.974522,71.974522,71.974522,71.974522,71.33758,71.974522,71.33758,71.33758,71.974522,70.063694,70.700637,70.063694,70.063694,71.33758,71.33758,69.426752,68.789809,68.789809,69.426752,69.426752,70.063694,68.965517,69.655172,69.655172,69.655172,67.586207,69.655172,68.965517,67.586207,68.965517,68.965517,70.344828,70.344828,69.655172,57.051282,22,24.113475,22.222222,20.833333,20.833333,24.475524,21.527778,23.776224,23.776224,23.776224,20.833333,20.833333,23.076923,20.138889,20.833333,20.833333,23.776224,22.068966,22.222222,20.833333,20.833333,20.138889,22.222222,21.527778,23.571429,23.571429,23.571429,20.138889,20.833333,20.833333,20.833333,20.833333,20.138889,20.138889,20.138889,22.535211,20.833333,23.571429,20.833333,20.138889,20.833333,32.484076,22.666667,25.174825,24.489796,21.985816,27.142857,28.26087,28.082192,28.082192,31.914894,23.239437,27.205882,27.941176,27.205882,27.205882,27.205882,20.666667,24.161074,24.161074,25.503356,22.297297,25.874126,25.352113,26.811594
NC_048181.1|YP_009821861.1_25|[Raoultella_phage_RP180]hypothetical_protein|19172..19666|164 aa,80.487805,75.609756,70.731707,79.878049,97.452229,96.815287,68.292683,64.634146,64.634146,65.243902,64.634146,65.243902,91.719745,65.243902,96.815287,100,81.707317,71.341463,70.731707,71.341463,71.95122,71.95122,70.731707,70.121951,70.121951,70.121951,70.731707,70.121951,71.341463,71.95122,70.121951,71.95122,71.95122,71.95122,71.95122,68.292683,70.731707,71.95122,70.121951,71.95122,70.731707,70.731707,71.341463,71.95122,71.341463,71.341463,71.341463,70.731707,71.95122,71.341463,71.95122,70.731707,71.95122,71.95122,71.95122,71.341463,71.95122,71.95122,71.341463,71.341463,71.95122,71.95122,71.95122,71.95122,71.95122,71.95122,71.95122,71.95122,71.95122,71.341463,71.95122,71.341463,71.341463,71.95122,70.121951,70.731707,70.121951,70.121951,71.341463,71.341463,69.512195,68.902439,69.512195,69.512195,70.121951,70.731707,69.655172,70.344828,70.344828,70.344828,68.275862,70.344828,69.655172,68.275862,69.655172,69.655172,71.034483,71.034483,70.344828,58.282209,26.666667,21.333333,22.666667,21.333333,21.333333,23.611111,22,21.333333,21.333333,21.333333,21.333333,21.333333,20.666667,20.666667,21.333333,21.47651,21.333333,19.205298,22.818792,21.47651,21.47651,20.805369,22.818792,22.147651,23.448276,23.448276,23.448276,20.805369,21.47651,21.47651,21.47651,21.47651,20.805369,20.805369,20.805369,20.134228,21.47651,23.448276,21.47651,20.805369,21.47651,30.487805,22.727273,24.183007,21.935484,22.818792,28,25.827815,26.143791,26.143791,31.034483,26.027397,24,24,24,24,24,21.019108,22.929936,22.929936,25.641026,21.935484,27.516779,23.972603,25.874126
NC_069156.1|YP_010582773.1_5|[Serratia_phage_vB_SmaM-Otaku]hypothetical_protein|complement(4881..5375)|164 aa,95.731707,76.829268,75,96.95122,83.43949,81.528662,60.97561,56.097561,56.097561,56.707317,56.097561,57.317073,77.070064,56.707317,80.254777,81.707317,100,63.414634,62.804878,62.804878,63.414634,62.804878,63.414634,62.804878,64.02439,64.02439,63.414634,62.804878,63.414634,64.02439,62.195122,64.02439,64.02439,64.02439,64.02439,61.585366,63.414634,62.804878,62.804878,62.804878,63.414634,62.804878,62.804878,62.804878,62.804878,62.804878,62.804878,62.804878,62.804878,62.804878,62.804878,63.414634,62.804878,62.804878,62.804878,63.414634,62.804878,62.804878,63.414634,62.804878,62.804878,62.804878,62.804878,62.804878,62.804878,62.804878,62.804878,62.804878,62.804878,62.804878,62.804878,62.804878,63.414634,62.804878,62.804878,63.414634,62.804878,62.804878,62.195122,62.195122,62.804878,62.804878,62.195122,62.195122,62.804878,63.414634,64.137931,63.448276,63.448276,63.448276,62.758621,63.448276,63.448276,62.758621,64.137931,63.448276,63.448276,63.448276,63.448276,56.441718,24.183007,24.161074,23.178808,21.854305,26.712329,21.854305,24.832215,24.161074,24.161074,24.161074,21.854305,21.854305,22.818792,23.489933,23.489933,23.809524,23.809524,23.287671,24.324324,23.287671,23.287671,26.206897,25.675676,25,22.297297,22.297297,22.297297,23.972603,23.287671,23.287671,23.287671,23.287671,24.475524,24.475524,24.475524,21.917808,23.287671,22.297297,23.287671,24.475524,23.287671,33.757962,22.516556,25.517241,24,21.47651,25.490196,24,29.452055,29.452055,28.275862,22.580645,25.170068,23.489933,25.170068,23.489933,23.489933,21.019108,24.840764,24.840764,26.751592,22.641509,25.16129,19.333333,29.710145
NC_006940.2|YP_308655.1_54|[Salmonella_phage_SS3e]hypothetical_protein|complement(36137..36637)|166 aa,60.365854,62.804878,61.585366,62.195122,71.974522,70.700637,77.710843,77.108434,77.108434,77.710843,77.108434,78.313253,70.063694,78.313253,71.33758,71.341463,63.414634,100,96.987952,98.192771,87.349398,96.385542,98.192771,98.795181,78.313253,78.313253,98.192771,98.795181,97.590361,88.554217,87.951807,88.554217,88.554217,88.554217,88.554217,86.746988,86.746988,96.987952,97.590361,97.590361,98.192771,98.192771,96.987952,97.590361,98.192771,98.192771,98.192771,98.192771,98.192771,98.192771,97.590361,98.192771,96.987952,96.987952,96.987952,98.795181,96.987952,96.987952,98.192771,97.590361,98.795181,99.39759,99.39759,99.39759,97.590361,97.590361,97.590361,97.590361,96.987952,96.987952,97.590361,96.987952,100,98.795181,97.590361,99.39759,97.590361,97.590361,96.987952,96.987952,79.518072,78.915663,78.915663,80.120482,79.518072,80.120482,97.959184,97.959184,97.959184,97.959184,96.598639,97.959184,96.598639,95.238095,97.959184,96.598639,96.598639,96.598639,96.598639,51.219512,26.351351,22.147651,22.818792,22.147651,23.972603,21.47651,22.818792,21.47651,21.47651,21.47651,22.147651,22.147651,20.805369,21.47651,22.147651,22.972973,20.529801,21.47651,23.648649,20.27027,20.27027,21.621622,23.648649,22.972973,18.666667,19.333333,18.666667,19.594595,20.27027,21.621622,20.27027,20.27027,23.448276,23.448276,23.448276,21.621622,21.621622,18.666667,18.666667,23.448276,20.27027,30.909091,24.666667,19.607843,19.86755,24.137931,26.315789,29.166667,23.972603,23.972603,27.464789,20.754717,19.863014,22.916667,19.863014,22.916667,23.188406,19.375,23.076923,21.518987,20.754717,20.645161,23.870968,23.943662,24.025974
NC_009232.2|YP_001110816.2_27|[Salmonella_phage_SETP3]hypothetical_protein|18460..18960|166 aa,59.756098,61.585366,61.585366,61.585366,70.063694,69.426752,75.903614,75.301205,75.301205,75.903614,75.301205,76.506024,68.789809,76.506024,70.063694,70.731707,62.804878,96.987952,100,97.590361,86.144578,95.180723,98.795181,96.987952,77.108434,77.108434,96.987952,96.987952,96.385542,87.349398,86.746988,87.349398,87.349398,87.349398,87.349398,85.542169,85.542169,95.180723,98.192771,95.783133,98.795181,96.385542,96.385542,95.783133,97.590361,97.590361,97.590361,97.590361,96.385542,97.590361,95.783133,98.795181,95.180723,95.180723,95.180723,98.192771,95.180723,95.180723,96.385542,99.39759,95.783133,96.385542,96.385542,96.385542,95.783133,95.783133,95.783133,95.783133,95.180723,96.385542,95.783133,96.385542,96.987952,95.783133,97.590361,97.590361,98.192771,97.590361,95.180723,95.180723,77.710843,77.108434,77.108434,78.915663,77.710843,78.313253,98.639456,97.278912,97.278912,97.278912,97.278912,97.278912,94.557823,95.918367,98.639456,94.557823,94.557823,94.557823,95.918367,51.219512,25.657895,22.818792,23.489933,22.818792,24.657534,22.147651,23.489933,22.147651,22.147651,22.147651,22.818792,22.818792,21.47651,22.147651,22.818792,23.648649,21.47651,21.47651,24.324324,20.27027,20.27027,21.621622,24.324324,23.648649,19.333333,20,19.333333,19.594595,20.27027,21.621622,20.27027,20.27027,23.448276,23.448276,23.448276,21.621622,21.621622,19.333333,19.333333,23.448276,20.27027,30.246914,22.666667,20.261438,21.192053,23.448276,26.315789,27.777778,21.47651,21.47651,22.972973,23.972603,23.076923,26.241135,23.076923,26.241135,26.666667,19.375,25,23.376623,20.125786,21.290323,23.870968,25.352113,23.376623
NC_019539.1|YP_007010481.1_28|[Salmonella_phage_vB_SenS-Ent1]hypothetical_protein|18977..19477|166 aa,60.97561,62.804878,62.195122,61.585366,71.974522,70.700637,77.710843,77.108434,77.108434,77.710843,77.108434,78.313253,70.063694,78.313253,71.33758,71.341463,62.804878,98.192771,97.590361,100,87.951807,96.385542,98.795181,98.192771,78.915663,78.915663,98.192771,98.192771,96.987952,89.156627,88.554217,89.156627,89.156627,89.156627,89.156627,87.349398,87.349398,96.987952,98.192771,97.590361,98.795181,98.192771,98.192771,97.590361,100,100,100,97.590361,98.795181,100,97.590361,98.795181,96.987952,96.987952,96.987952,98.192771,96.987952,96.987952,96.987952,98.192771,98.192771,98.795181,98.795181,98.795181,97.590361,97.590361,97.590361,97.590361,96.987952,98.192771,97.590361,98.192771,98.192771,98.192771,98.192771,98.795181,98.192771,98.192771,96.987952,96.987952,79.518072,78.915663,78.915663,80.722892,79.518072,80.120482,98.639456,100,100,100,97.278912,100,95.238095,95.918367,98.639456,95.238095,96.598639,96.598639,97.959184,50,25.657895,22.818792,23.489933,22.818792,24.657534,22.147651,23.489933,22.147651,22.147651,22.147651,22.818792,22.818792,21.47651,22.147651,22.818792,23.648649,20.805369,22.147651,24.324324,20.945946,20.945946,22.297297,24.324324,23.648649,19.333333,20,19.333333,20.27027,20.945946,22.297297,20.945946,20.945946,24.137931,24.137931,24.137931,22.297297,22.297297,19.333333,19.333333,24.137931,20.945946,30.909091,24,20.261438,21.192053,23.448276,25.657895,27.39726,23.972603,23.972603,27.464789,23.611111,22.377622,22.377622,22.377622,19.178082,26.666667,20,23.717949,22.151899,21.383648,21.290323,23.225806,25.352113,24.025974
NC_021775.1|YP_008239652.1_55|[Salmonella_phage_FSL_SP-031]hypothetical_protein|36428..36928|166 aa,62.195122,64.634146,63.414634,62.804878,73.248408,71.33758,78.313253,76.506024,76.506024,77.108434,76.506024,77.108434,69.426752,77.710843,72.611465,71.95122,63.414634,87.349398,86.144578,87.951807,100,89.759036,87.349398,86.746988,79.518072,79.518072,86.746988,86.746988,87.951807,98.192771,98.192771,98.192771,98.192771,98.192771,98.192771,95.783133,98.192771,89.156627,86.746988,89.156627,87.349398,86.746988,89.156627,89.156627,87.951807,87.951807,87.951807,86.746988,87.951807,87.951807,89.156627,87.349398,89.156627,89.156627,89.156627,87.349398,89.156627,89.156627,88.554217,86.746988,87.349398,87.951807,87.951807,87.951807,89.156627,89.156627,89.156627,89.156627,89.156627,89.156627,89.156627,89.156627,87.349398,87.349398,86.746988,87.349398,86.746988,86.746988,88.554217,88.554217,79.518072,79.518072,79.518072,80.722892,80.120482,80.722892,87.07483,87.755102,87.755102,87.755102,85.714286,87.755102,87.755102,85.714286,87.07483,87.755102,89.115646,89.115646,89.115646,53.04878,28.476821,21.192053,20.529801,19.86755,21.192053,20.529801,21.854305,20.529801,20.529801,20.529801,21.192053,21.192053,19.86755,20.529801,21.192053,21.333333,19.86755,19.205298,23.333333,21.232877,21.232877,21.333333,22,22.666667,21.917808,20.666667,21.917808,18,21.232877,22.60274,21.232877,21.232877,22.60274,22.60274,22.60274,22.60274,22.60274,21.917808,19.333333,22.60274,21.232877,32.121212,22.875817,22.222222,22.077922,21.917808,26,28.965517,26.027397,26.027397,28.571429,24.832215,22.147651,22.147651,22.147651,24.305556,20.529801,19.496855,24.836601,23.225806,21.153846,22.368421,26,22.972973,25
NC_021777.1|YP_008239738.1_29|[Salmonella_phage_Jersey]hypothetical_protein|20172..20672|166 aa,60.97561,64.02439,62.804878,61.585366,72.611465,71.33758,77.108434,76.506024,76.506024,77.108434,76.506024,77.710843,70.700637,77.710843,71.974522,71.95122,62.804878,96.385542,95.180723,96.385542,89.759036,100,96.385542,95.180723,77.710843,77.710843,95.180723,95.180723,96.385542,90.361446,90.361446,90.361446,90.361446,90.361446,90.361446,89.156627,89.156627,97.590361,95.783133,98.192771,96.385542,95.180723,97.590361,98.192771,96.385542,96.385542,96.385542,96.385542,96.385542,96.385542,98.192771,96.385542,97.590361,97.590361,97.590361,96.987952,97.590361,97.590361,97.590361,95.783133,96.385542,96.987952,96.987952,96.987952,98.192771,98.192771,98.192771,98.192771,97.590361,97.590361,98.192771,97.590361,96.385542,96.385542,95.180723,95.783133,95.783133,95.180723,97.590361,97.590361,78.915663,78.313253,78.313253,79.518072,78.915663,79.518072,95.918367,95.918367,95.918367,95.918367,94.557823,95.918367,95.918367,94.557823,95.918367,95.918367,97.278912,97.278912,97.278912,51.219512,30,21.854305,22.516556,21.854305,21.854305,21.192053,22.516556,21.192053,21.192053,21.192053,21.854305,21.854305,20.529801,22.972973,21.854305,22.666667,20.529801,21.192053,25.170068,20,20,21.333333,23.333333,22.666667,23.333333,21.333333,23.333333,19.333333,20,21.333333,20,20,21.333333,21.333333,21.333333,21.333333,21.333333,23.333333,20,21.333333,20,29.090909,24.666667,20.261438,21.192053,25.517241,25.657895,28.082192,23.972603,23.972603,28.169014,20.666667,23.448276,23.448276,23.448276,23.448276,22.758621,19.375,23.717949,22.151899,22.012579,25.170068,24.516129,24.647887,25.324675
NC_022752.1|YP_008767027.1_28|[Salmonella_phage_SETP13]hypothetical_protein|18112..18612|166 aa,60.365854,62.195122,61.585366,62.195122,71.33758,70.063694,77.108434,76.506024,76.506024,77.108434,76.506024,77.710843,69.426752,77.710843,70.700637,70.731707,63.414634,98.192771,98.795181,98.795181,87.349398,96.385542,100,98.192771,78.313253,78.313253,98.192771,98.192771,97.590361,88.554217,87.951807,88.554217,88.554217,88.554217,88.554217,86.746988,86.746988,96.385542,99.39759,96.987952,100,97.590361,97.590361,96.987952,98.795181,98.795181,98.795181,98.795181,97.590361,98.795181,96.987952,100,96.385542,96.385542,96.385542,99.39759,96.385542,96.385542,97.590361,99.39759,96.987952,97.590361,97.590361,97.590361,96.987952,96.987952,96.987952,96.987952,96.385542,97.590361,96.987952,97.590361,98.192771,96.987952,98.795181,98.795181,99.39759,98.795181,96.385542,96.385542,78.915663,78.313253,78.313253,80.120482,78.915663,79.518072,100,98.639456,98.639456,98.639456,98.639456,98.639456,95.918367,97.278912,100,95.918367,95.918367,95.918367,97.278912,51.219512,25.657895,22.147651,22.818792,22.147651,23.972603,21.47651,22.818792,21.47651,21.47651,21.47651,22.147651,22.147651,20.805369,21.47651,22.147651,22.972973,20.805369,20.805369,23.648649,19.594595,19.594595,21.621622,23.648649,22.972973,18.666667,19.333333,18.666667,18.918919,19.594595,20.945946,19.594595,19.594595,22.758621,22.758621,22.758621,20.945946,20.945946,18.666667,18.666667,22.758621,19.594595,30.909091,24,19.607843,20.529801,24.137931,26.315789,28.472222,23.972603,23.972603,27.464789,20.666667,23.076923,26.241135,23.076923,26.241135,26.666667,19.375,25,23.376623,20.754717,21.290323,23.225806,24.647887,24.025974
NC_022754.1|YP_008767198.1_27|[Salmonella_phage_SETP7]hypothetical_protein|17572..18072|166 aa,59.756098,61.585366,60.97561,61.585366,70.700637,69.426752,76.506024,75.903614,75.903614,76.506024,75.903614,77.108434,68.789809,77.108434,70.063694,70.121951,62.804878,98.795181,96.987952,98.192771,86.746988,95.180723,98.192771,100,77.710843,77.710843,97.590361,98.795181,96.385542,87.951807,87.349398,87.951807,87.951807,87.951807,87.951807,86.144578,86.144578,95.783133,97.590361,96.385542,98.192771,98.192771,96.987952,96.385542,98.192771,98.192771,98.192771,96.987952,96.987952,98.192771,96.385542,98.192771,95.783133,95.783133,95.783133,97.590361,95.783133,95.783133,96.987952,97.590361,97.590361,98.192771,98.192771,98.192771,96.385542,96.385542,96.385542,96.385542,95.783133,96.987952,96.385542,96.987952,98.795181,97.590361,97.590361,99.39759,97.590361,97.590361,95.783133,95.783133,78.313253,77.710843,77.710843,79.518072,78.313253,78.915663,97.959184,97.959184,97.959184,97.959184,96.598639,97.959184,95.238095,95.238095,97.959184,95.238095,95.238095,95.238095,96.598639,50,26.351351,20.529801,21.192053,20.529801,22.297297,19.86755,21.192053,19.86755,19.86755,19.86755,20.529801,20.529801,20.805369,19.86755,20.529801,21.333333,19.86755,20.805369,22,19.594595,19.594595,20,22,21.333333,18,20.666667,18,18.918919,19.594595,20.945946,19.594595,19.594595,22.758621,22.758621,22.758621,20.945946,20.945946,18,18,22.758621,19.594595,30.909091,23.333333,19.607843,20.915033,23.448276,26.315789,27.777778,23.287671,23.287671,26.760563,20.754717,21.917808,25,21.917808,26.241135,25.362319,19.375,23.076923,21.518987,21.518987,20.645161,23.225806,23.943662,24.025974
NC_027993.1|YP_009168807.1_27|[Escherichia_phage_K1G]hypothetical_protein|17937..18437|166 aa,62.195122,63.414634,60.97561,63.414634,70.700637,68.152866,96.385542,90.963855,90.963855,90.361446,89.759036,90.361446,64.33121,91.566265,69.426752,70.121951,64.02439,78.313253,77.108434,78.915663,79.518072,77.710843,78.313253,77.710843,100,100,78.313253,77.710843,77.108434,81.325301,78.915663,81.325301,81.325301,81.325301,81.325301,77.710843,78.313253,78.313253,77.710843,78.313253,78.313253,78.313253,78.313253,78.313253,78.915663,78.915663,78.915663,77.710843,78.915663,78.915663,78.313253,78.313253,77.710843,77.710843,77.710843,78.313253,77.710843,77.710843,77.710843,77.710843,78.313253,78.915663,78.915663,78.915663,78.313253,78.313253,78.313253,78.313253,77.710843,78.313253,78.313253,78.313253,78.313253,78.313253,77.710843,78.313253,77.710843,77.710843,77.710843,77.710843,96.987952,94.578313,96.987952,96.987952,98.795181,97.590361,78.911565,79.591837,79.591837,79.591837,77.55102,79.591837,76.870748,77.55102,78.911565,76.870748,78.231293,78.231293,78.911565,49.079755,25.974026,24.489796,24.832215,22.666667,26.712329,22,23.333333,22,22,22,22.666667,23.333333,20.666667,22,22,24.324324,19.463087,23.972603,23.178808,20.408163,20.408163,23.972603,23.489933,23.489933,22.068966,22.068966,22.068966,21.088435,20.408163,20.408163,20.408163,20.408163,20.408163,20.408163,20.408163,19.863014,20.408163,22.068966,21.088435,20.408163,20.408163,32.515337,21.192053,21.794872,20.886076,22.758621,28.187919,33.58209,21.527778,21.527778,21.276596,20.666667,20,22.302158,20,20.422535,20.714286,22.012579,26.282051,26.282051,25.157233,26.845638,24.675325,23.611111,23.611111
NC_027994.1|YP_009168856.1_24|[Escherichia_phage_K1H]hypothetical_protein|16248..16748|166 aa,62.195122,63.414634,60.97561,63.414634,70.700637,68.152866,96.385542,90.963855,90.963855,90.361446,89.759036,90.361446,64.33121,91.566265,69.426752,70.121951,64.02439,78.313253,77.108434,78.915663,79.518072,77.710843,78.313253,77.710843,100,100,78.313253,77.710843,77.108434,81.325301,78.915663,81.325301,81.325301,81.325301,81.325301,77.710843,78.313253,78.313253,77.710843,78.313253,78.313253,78.313253,78.313253,78.313253,78.915663,78.915663,78.915663,77.710843,78.915663,78.915663,78.313253,78.313253,77.710843,77.710843,77.710843,78.313253,77.710843,77.710843,77.710843,77.710843,78.313253,78.915663,78.915663,78.915663,78.313253,78.313253,78.313253,78.313253,77.710843,78.313253,78.313253,78.313253,78.313253,78.313253,77.710843,78.313253,77.710843,77.710843,77.710843,77.710843,96.987952,94.578313,96.987952,96.987952,98.795181,97.590361,78.911565,79.591837,79.591837,79.591837,77.55102,79.591837,76.870748,77.55102,78.911565,76.870748,78.231293,78.231293,78.911565,49.079755,25.974026,24.489796,24.832215,22.666667,26.712329,22,23.333333,22,22,22,22.666667,23.333333,20.666667,22,22,24.324324,19.463087,23.972603,23.178808,20.408163,20.408163,23.972603,23.489933,23.489933,22.068966,22.068966,22.068966,21.088435,20.408163,20.408163,20.408163,20.408163,20.408163,20.408163,20.408163,19.863014,20.408163,22.068966,21.088435,20.408163,20.408163,32.515337,21.192053,21.794872,20.886076,22.758621,28.187919,33.58209,21.527778,21.527778,21.276596,20.666667,20,22.302158,20,20.422535,20.714286,22.012579,26.282051,26.282051,25.157233,26.845638,24.675325,23.611111,23.611111
NC_028698.1|YP_009191569.1_16|[Salmonella_phage_f18SE]hypothetical_protein|complement(15923..16423)|166 aa,60.365854,62.195122,61.585366,62.195122,71.33758,70.063694,77.108434,76.506024,76.506024,77.108434,76.506024,77.710843,69.426752,77.710843,70.700637,70.731707,63.414634,98.192771,96.987952,98.192771,86.746988,95.180723,98.192771,97.590361,78.313253,78.313253,100,97.590361,96.987952,87.951807,87.349398,87.951807,87.951807,87.951807,87.951807,86.144578,86.144578,95.783133,97.590361,96.385542,98.192771,96.987952,96.385542,96.385542,98.192771,98.192771,98.192771,97.590361,97.590361,98.192771,96.385542,98.192771,95.783133,95.783133,95.783133,98.192771,95.783133,95.783133,96.987952,97.590361,96.987952,97.590361,97.590361,97.590361,96.385542,96.385542,96.385542,96.385542,95.783133,96.385542,96.385542,96.385542,98.192771,96.987952,97.590361,98.192771,97.590361,97.590361,95.783133,95.783133,78.915663,78.313253,78.313253,79.518072,78.915663,79.518072,98.639456,98.639456,98.639456,98.639456,97.278912,98.639456,95.918367,95.918367,98.639456,95.918367,95.918367,95.918367,96.598639,50.609756,25,22.147651,22.818792,22.147651,23.972603,21.47651,22.818792,21.47651,21.47651,21.47651,22.147651,22.147651,20.805369,21.47651,22.147651,22.972973,22.666667,22.666667,23.648649,22.818792,22.818792,21.621622,23.648649,22.972973,19.86755,20.529801,19.86755,22.147651,22.818792,22.818792,22.818792,22.818792,24.657534,24.657534,24.657534,22.818792,22.818792,19.86755,21.192053,24.657534,22.818792,32.515337,24.161074,19.607843,20.529801,25.384615,25.657895,28.965517,23.287671,23.287671,26.760563,23.611111,23.076923,26.241135,23.076923,22.916667,26.666667,19.375,23.076923,21.518987,20.754717,20.645161,23.225806,24.647887,24.025974
NC_041991.1|YP_009608582.1_27|[Salmonella_phage_vB_SenS_AG11]hypothetical_protein|17728..18228|166 aa,59.756098,61.585366,60.97561,61.585366,70.700637,69.426752,76.506024,75.903614,75.903614,76.506024,75.903614,77.108434,68.789809,77.108434,70.063694,70.121951,62.804878,98.795181,96.987952,98.192771,86.746988,95.180723,98.192771,98.795181,77.710843,77.710843,97.590361,100,96.385542,87.951807,87.349398,87.951807,87.951807,87.951807,87.951807,86.144578,86.144578,95.783133,97.590361,96.385542,98.192771,98.192771,96.987952,96.385542,98.192771,98.192771,98.192771,96.987952,96.987952,98.192771,96.385542,98.192771,95.783133,95.783133,95.783133,97.590361,95.783133,95.783133,96.987952,97.590361,97.590361,98.192771,98.192771,98.192771,96.385542,96.385542,96.385542,96.385542,95.783133,96.987952,96.385542,96.987952,98.795181,97.590361,98.795181,99.39759,97.590361,98.795181,95.783133,95.783133,78.313253,77.710843,77.710843,79.518072,78.313253,78.915663,97.959184,97.959184,97.959184,97.959184,96.598639,97.959184,95.238095,95.238095,97.959184,95.238095,95.238095,95.238095,96.598639,50,26.490066,21.47651,22.147651,21.47651,23.287671,20.805369,22.147651,20.805369,20.805369,20.805369,21.47651,21.47651,20.134228,20.805369,21.47651,22.297297,19.86755,20.805369,22.972973,19.594595,19.594595,20.945946,22.972973,22.297297,18,18.666667,18,18.918919,19.594595,20.945946,19.594595,19.594595,22.758621,22.758621,22.758621,20.945946,20.945946,18,18,22.758621,19.594595,30.909091,23.333333,18.954248,19.205298,22.222222,26.315789,26.845638,23.287671,23.287671,26.760563,20.754717,20.689655,20,20.689655,20,23.188406,19.375,23.076923,21.518987,20.754717,20.645161,23.225806,23.943662,24.025974
NC_041992.1|YP_009608663.1_42|[Salmonella_phage_wksl3]hypothetical_protein|complement(27064..27564)|166 aa,60.365854,62.804878,62.195122,62.195122,71.974522,70.700637,76.506024,75.903614,75.903614,76.506024,75.903614,77.108434,70.063694,77.108434,71.33758,71.341463,63.414634,97.590361,96.385542,96.987952,87.951807,96.385542,97.590361,96.385542,77.108434,77.108434,96.987952,96.385542,100,89.156627,88.554217,89.156627,89.156627,89.156627,89.156627,87.349398,87.349398,97.590361,96.987952,98.192771,97.590361,95.783133,97.590361,98.192771,96.987952,96.987952,96.987952,97.590361,96.987952,96.987952,98.192771,97.590361,97.590361,97.590361,97.590361,98.192771,97.590361,97.590361,98.795181,96.987952,96.385542,96.987952,96.987952,96.987952,98.192771,98.192771,98.192771,98.192771,97.590361,97.590361,98.192771,97.590361,97.590361,96.385542,97.590361,96.987952,96.987952,97.590361,97.590361,97.590361,78.313253,77.710843,77.710843,78.915663,78.313253,78.915663,97.278912,96.598639,96.598639,96.598639,95.918367,96.598639,97.278912,94.557823,97.278912,97.278912,97.278912,97.278912,97.278912,51.219512,29.530201,22.147651,22.818792,22.147651,23.972603,21.47651,22.818792,21.47651,21.47651,21.47651,22.147651,22.147651,20.805369,21.47651,22.147651,22.972973,20.134228,20.134228,23.648649,18.918919,18.918919,21.621622,22.972973,22.972973,20.805369,19.333333,20.805369,18.243243,18.918919,20.27027,18.918919,18.918919,22.068966,22.068966,22.068966,20.27027,20.27027,20.805369,18,22.068966,18.918919,30.30303,24.666667,19.607843,20.529801,25.547445,26.315789,27.516779,25,25,28.169014,21.383648,20.547945,23.611111,20.547945,26.241135,23.913043,18.75,23.076923,21.518987,20.754717,20.645161,23.870968,24.647887,24.025974
NC_069146.1|YP_010582164.1_57|[Salmonella_phage_St162]hypothetical_protein|36455..36955|166 aa,62.804878,64.02439,63.414634,63.414634,73.248408,71.33758,80.120482,78.313253,78.313253,78.915663,78.313253,78.915663,69.426752,79.518072,72.611465,71.95122,64.02439,88.554217,87.349398,89.156627,98.192771,90.361446,88.554217,87.951807,81.325301,81.325301,87.951807,87.951807,89.156627,100,97.590361,100,100,100,100,96.385542,96.987952,90.361446,87.951807,90.361446,88.554217,87.951807,90.361446,90.361446,89.156627,89.156627,89.156627,87.951807,89.156627,89.156627,90.361446,88.554217,89.759036,89.759036,89.759036,88.554217,89.759036,89.759036,89.759036,87.951807,88.554217,89.156627,89.156627,89.156627,90.361446,90.361446,90.361446,90.361446,89.759036,90.361446,90.361446,90.361446,88.554217,88.554217,87.951807,88.554217,87.951807,87.951807,89.759036,89.759036,81.325301,81.325301,81.325301,82.53012,81.927711,82.53012,88.435374,89.115646,89.115646,89.115646,87.07483,89.115646,88.435374,86.394558,88.435374,88.435374,89.795918,89.795918,90.47619,53.04878,27.81457,21.854305,21.192053,20.529801,23.648649,21.192053,22.516556,21.192053,21.192053,21.192053,21.854305,21.854305,20.529801,21.192053,21.854305,22,20.529801,22.44898,24,21.917808,21.917808,22,22.666667,23.333333,23.972603,22.666667,23.972603,21.232877,21.917808,23.287671,21.917808,21.917808,25.174825,25.174825,25.174825,23.287671,23.287671,23.972603,20,25.174825,21.917808,31.515152,23.529412,21.568627,22.727273,22.142857,26,28.965517,25.694444,25.694444,27.142857,22.818792,22.147651,22.147651,22.147651,24.305556,20.529801,20.125786,25.490196,23.870968,21.794872,23.026316,26,22.60274,25
NC_069147.1|YP_010582233.1_64|[Salmonella_phage_GRNsp27]hypothetical_protein|40507..41007|166 aa,60.97561,64.02439,63.414634,61.585366,71.33758,70.700637,78.915663,77.710843,77.710843,78.313253,77.710843,78.313253,70.063694,79.518072,70.700637,70.121951,62.195122,87.951807,86.746988,88.554217,98.192771,90.361446,87.951807,87.349398,78.915663,78.915663,87.349398,87.349398,88.554217,97.590361,100,97.590361,97.590361,97.590361,97.590361,96.385542,96.987952,89.759036,87.349398,89.759036,87.951807,87.349398,89.759036,89.759036,88.554217,88.554217,88.554217,87.349398,88.554217,88.554217,89.759036,87.951807,89.156627,89.156627,89.156627,87.951807,89.156627,89.156627,89.156627,87.349398,87.951807,88.554217,88.554217,88.554217,89.759036,89.759036,89.759036,89.759036,89.156627,89.759036,89.759036,89.759036,87.951807,87.951807,87.349398,87.951807,87.349398,87.349398,89.156627,89.156627,78.915663,78.915663,78.915663,80.120482,79.518072,80.120482,87.755102,88.435374,88.435374,88.435374,86.394558,88.435374,87.755102,86.394558,87.755102,87.755102,89.115646,89.115646,89.795918,53.658537,28.476821,21.854305,22.368421,21.710526,21.854305,21.192053,22.516556,21.192053,21.192053,21.192053,21.854305,21.854305,20.529801,21.192053,21.854305,23.178808,20.529801,19.86755,24,21.917808,21.917808,22,22.666667,23.333333,22.60274,21.333333,22.60274,18.666667,21.917808,23.287671,21.917808,21.917808,23.287671,23.287671,23.287671,23.287671,23.287671,22.60274,20,23.287671,21.917808,32.727273,23.376623,21.428571,22.727273,22.142857,26,28.965517,26.027397,26.027397,27.857143,24.161074,19.863014,19.863014,19.863014,19.863014,22.758621,19.496855,25.490196,23.870968,21.794872,23.026316,23.870968,23.611111,22.727273
NC_069148.1|YP_010582260.1_27|[Salmonella_phage_TS6]hypothetical_protein|complement(19322..19822)|166 aa,62.804878,64.02439,63.414634,63.414634,73.248408,71.33758,80.120482,78.313253,78.313253,78.915663,78.313253,78.915663,69.426752,79.518072,72.611465,71.95122,64.02439,88.554217,87.349398,89.156627,98.192771,90.361446,88.554217,87.951807,81.325301,81.325301,87.951807,87.951807,89.156627,100,97.590361,100,100,100,100,96.385542,96.987952,90.361446,87.951807,90.361446,88.554217,87.951807,90.361446,90.361446,89.156627,89.156627,89.156627,87.951807,89.156627,89.156627,90.361446,88.554217,89.759036,89.759036,89.759036,88.554217,89.759036,89.759036,89.759036,87.951807,88.554217,89.156627,89.156627,89.156627,90.361446,90.361446,90.361446,90.361446,89.759036,90.361446,90.361446,90.361446,88.554217,88.554217,87.951807,88.554217,87.951807,87.951807,89.759036,89.759036,81.325301,81.325301,81.325301,82.53012,81.927711,82.53012,88.435374,89.115646,89.115646,89.115646,87.07483,89.115646,88.435374,86.394558,88.435374,88.435374,89.795918,89.795918,90.47619,53.04878,27.81457,21.854305,21.192053,20.529801,23.648649,21.192053,22.516556,21.192053,21.192053,21.192053,21.854305,21.854305,20.529801,21.192053,21.854305,22,20.529801,22.44898,24,21.917808,21.917808,22,22.666667,23.333333,23.972603,22.666667,23.972603,21.232877,21.917808,23.287671,21.917808,21.917808,25.174825,25.174825,25.174825,23.287671,23.287671,23.972603,20,25.174825,21.917808,31.515152,23.529412,21.568627,22.727273,22.142857,26,28.965517,25.694444,25.694444,27.142857,22.818792,22.147651,22.147651,22.147651,24.305556,20.529801,20.125786,25.490196,23.870968,21.794872,23.026316,26,22.60274,25
NC_069149.1|YP_010582359.1_61|[Salmonella_phage_vB_SenTO17]hypothetical_protein|complement(31844..32344)|166 aa,62.804878,64.02439,63.414634,63.414634,73.248408,71.33758,80.120482,78.313253,78.313253,78.915663,78.313253,78.915663,69.426752,79.518072,72.611465,71.95122,64.02439,88.554217,87.349398,89.156627,98.192771,90.361446,88.554217,87.951807,81.325301,81.325301,87.951807,87.951807,89.156627,100,97.590361,100,100,100,100,96.385542,96.987952,90.361446,87.951807,90.361446,88.554217,87.951807,90.361446,90.361446,89.156627,89.156627,89.156627,87.951807,89.156627,89.156627,90.361446,88.554217,89.759036,89.759036,89.759036,88.554217,89.759036,89.759036,89.759036,87.951807,88.554217,89.156627,89.156627,89.156627,90.361446,90.361446,90.361446,90.361446,89.759036,90.361446,90.361446,90.361446,88.554217,88.554217,87.951807,88.554217,87.951807,87.951807,89.759036,89.759036,81.325301,81.325301,81.325301,82.53012,81.927711,82.53012,88.435374,89.115646,89.115646,89.115646,87.07483,89.115646,88.435374,86.394558,88.435374,88.435374,89.795918,89.795918,90.47619,53.04878,27.81457,21.854305,21.192053,20.529801,23.648649,21.192053,22.516556,21.192053,21.192053,21.192053,21.854305,21.854305,20.529801,21.192053,21.854305,22,20.529801,22.44898,24,21.917808,21.917808,22,22.666667,23.333333,23.972603,22.666667,23.972603,21.232877,21.917808,23.287671,21.917808,21.917808,25.174825,25.174825,25.174825,23.287671,23.287671,23.972603,20,25.174825,21.917808,31.515152,23.529412,21.568627,22.727273,22.142857,26,28.965517,25.694444,25.694444,27.142857,22.818792,22.147651,22.147651,22.147651,24.305556,20.529801,20.125786,25.490196,23.870968,21.794872,23.026316,26,22.60274,25
NC_069150.1|YP_010582406.1_33|[Salmonella_phage_vB_STM-ZS]hypothetical_protein|complement(22605..23105)|166 aa,62.804878,64.02439,63.414634,63.414634,73.248408,71.33758,80.120482,78.313253,78.313253,78.915663,78.313253,78.915663,69.426752,79.518072,72.611465,71.95122,64.02439,88.554217,87.349398,89.156627,98.192771,90.361446,88.554217,87.951807,81.325301,81.325301,87.951807,87.951807,89.156627,100,97.590361,100,100,100,100,96.385542,96.987952,90.361446,87.951807,90.361446,88.554217,87.951807,90.361446,90.361446,89.156627,89.156627,89.156627,87.951807,89.156627,89.156627,90.361446,88.554217,89.759036,89.759036,89.759036,88.554217,89.759036,89.759036,89.759036,87.951807,88.554217,89.156627,89.156627,89.156627,90.361446,90.361446,90.361446,90.361446,89.759036,90.361446,90.361446,90.361446,88.554217,88.554217,87.951807,88.554217,87.951807,87.951807,89.759036,89.759036,81.325301,81.325301,81.325301,82.53012,81.927711,82.53012,88.435374,89.115646,89.115646,89.115646,87.07483,89.115646,88.435374,86.394558,88.435374,88.435374,89.795918,89.795918,90.47619,53.04878,27.81457,21.854305,21.192053,20.529801,23.648649,21.192053,22.516556,21.192053,21.192053,21.192053,21.854305,21.854305,20.529801,21.192053,21.854305,22,20.529801,22.44898,24,21.917808,21.917808,22,22.666667,23.333333,23.972603,22.666667,23.972603,21.232877,21.917808,23.287671,21.917808,21.917808,25.174825,25.174825,25.174825,23.287671,23.287671,23.972603,20,25.174825,21.917808,31.515152,23.529412,21.568627,22.727273,22.142857,26,28.965517,25.694444,25.694444,27.142857,22.818792,22.147651,22.147651,22.147651,24.305556,20.529801,20.125786,25.490196,23.870968,21.794872,23.026316,26,22.60274,25
NC_069151.1|YP_010582466.1_34|[Salmonella_phage_vB_SenS_SE1]hypothetical_protein|complement(21758..22258)|166 aa,62.804878,64.02439,63.414634,63.414634,73.248408,71.33758,80.120482,78.313253,78.313253,78.915663,78.313253,78.915663,69.426752,79.518072,72.611465,71.95122,64.02439,88.554217,87.349398,89.156627,98.192771,90.361446,88.554217,87.951807,81.325301,81.325301,87.951807,87.951807,89.156627,100,97.590361,100,100,100,100,96.385542,96.987952,90.361446,87.951807,90.361446,88.554217,87.951807,90.361446,90.361446,89.156627,89.156627,89.156627,87.951807,89.156627,89.156627,90.361446,88.554217,89.759036,89.759036,89.759036,88.554217,89.759036,89.759036,89.759036,87.951807,88.554217,89.156627,89.156627,89.156627,90.361446,90.361446,90.361446,90.361446,89.759036,90.361446,90.361446,90.361446,88.554217,88.554217,87.951807,88.554217,87.951807,87.951807,89.759036,89.759036,81.325301,81.325301,81.325301,82.53012,81.927711,82.53012,88.435374,89.115646,89.115646,89.115646,87.07483,89.115646,88.435374,86.394558,88.435374,88.435374,89.795918,89.795918,90.47619,53.04878,27.81457,21.854305,21.192053,20.529801,23.648649,21.192053,22.516556,21.192053,21.192053,21.192053,21.854305,21.854305,20.529801,21.192053,21.854305,22,20.529801,22.44898,24,21.917808,21.917808,22,22.666667,23.333333,23.972603,22.666667,23.972603,21.232877,21.917808,23.287671,21.917808,21.917808,25.174825,25.174825,25.174825,23.287671,23.287671,23.972603,20,25.174825,21.917808,31.515152,23.529412,21.568627,22.727273,22.142857,26,28.965517,25.694444,25.694444,27.142857,22.818792,22.147651,22.147651,22.147651,24.305556,20.529801,20.125786,25.490196,23.870968,21.794872,23.026316,26,22.60274,25
NC_069152.1|YP_010582522.1_27|[Salmonella_phage_Shemara]hypothetical_protein|18129..18629|166 aa,60.97561,62.195122,61.585366,60.97561,69.426752,67.515924,77.710843,76.506024,76.506024,77.108434,76.506024,77.108434,66.878981,77.108434,68.789809,68.292683,61.585366,86.746988,85.542169,87.349398,95.783133,89.156627,86.746988,86.144578,77.710843,77.710843,86.144578,86.144578,87.349398,96.385542,96.385542,96.385542,96.385542,96.385542,96.385542,100,96.385542,88.554217,86.144578,88.554217,86.746988,86.144578,88.554217,88.554217,87.349398,87.349398,87.349398,86.144578,87.349398,87.349398,88.554217,86.746988,87.951807,87.951807,87.951807,86.746988,87.951807,87.951807,87.951807,86.144578,86.746988,87.349398,87.349398,87.349398,88.554217,88.554217,88.554217,88.554217,87.951807,88.554217,88.554217,88.554217,86.746988,86.746988,86.144578,86.746988,86.144578,86.144578,87.951807,87.951807,77.710843,77.710843,77.710843,78.915663,78.313253,78.915663,86.394558,87.07483,87.07483,87.07483,85.034014,87.07483,86.394558,85.034014,86.394558,86.394558,87.755102,87.755102,88.435374,52.760736,29.333333,21.854305,21.192053,20.529801,21.854305,21.192053,22.516556,21.192053,21.192053,21.192053,21.854305,21.854305,20.529801,21.192053,21.854305,22,20.915033,19.607843,24,19.736842,19.736842,22,22.666667,23.333333,23.129252,21.854305,23.129252,19.078947,19.736842,19.736842,19.736842,19.736842,21.192053,21.192053,21.192053,21.192053,19.736842,23.129252,20.394737,21.192053,19.736842,31.055901,24,21.428571,22.727273,24.087591,28.378378,28.275862,24.324324,24.324324,25.531915,23.489933,21.47651,21.47651,21.47651,23.611111,19.86755,19.496855,24.836601,23.225806,21.153846,22.368421,24.516129,23.611111,24.305556
NC_069153.1|YP_010582605.1_27|[Salmonella_virus_VSiP]hypothetical_protein|18017..18517|166 aa,62.195122,64.02439,62.804878,62.804878,71.974522,70.063694,77.108434,75.903614,75.903614,76.506024,75.903614,76.506024,68.789809,77.108434,71.33758,70.731707,63.414634,86.746988,85.542169,87.349398,98.192771,89.156627,86.746988,86.144578,78.313253,78.313253,86.144578,86.144578,87.349398,96.987952,96.987952,96.987952,96.987952,96.987952,96.987952,96.385542,100,88.554217,86.144578,88.554217,86.746988,86.144578,88.554217,88.554217,87.349398,87.349398,87.349398,86.144578,87.349398,87.349398,88.554217,86.746988,88.554217,88.554217,88.554217,86.746988,88.554217,88.554217,87.951807,86.144578,86.746988,87.349398,87.349398,87.349398,88.554217,88.554217,88.554217,88.554217,88.554217,88.554217,88.554217,88.554217,86.746988,86.746988,86.144578,86.746988,86.144578,86.144578,87.951807,87.951807,78.313253,78.313253,78.313253,79.518072,78.915663,79.518072,86.394558,87.07483,87.07483,87.07483,85.034014,87.07483,87.07483,85.034014,86.394558,87.07483,88.435374,88.435374,88.435374,53.658537,28.476821,21.854305,21.854305,21.192053,21.854305,21.192053,22.516556,21.192053,21.192053,21.192053,21.854305,21.854305,20.529801,21.192053,21.854305,22.666667,20.529801,23.129252,24,22.60274,22.60274,22,22.666667,23.333333,22.60274,21.333333,22.60274,21.917808,22.60274,23.972603,22.60274,22.60274,23.972603,23.972603,23.972603,23.972603,23.972603,22.60274,20,23.972603,22.60274,32.919255,22.580645,23.376623,21.794872,22.758621,27.702703,28.275862,23.809524,23.809524,26.241135,24.161074,19.178082,19.178082,19.178082,19.178082,22.068966,19.496855,25.490196,23.870968,21.794872,23.026316,25.333333,23.943662,22.077922
NC_073169.1|YP_010745715.1_18|[Salmonella_phage_SS5]hypothetical_protein|complement(15759..16259)|166 aa,60.97561,63.414634,62.804878,61.585366,72.611465,71.33758,77.710843,77.108434,77.108434,77.710843,77.108434,78.313253,70.700637,78.313253,71.974522,71.95122,62.804878,96.987952,95.180723,96.987952,89.156627,97.590361,96.385542,95.783133,78.313253,78.313253,95.783133,95.783133,97.590361,90.361446,89.759036,90.361446,90.361446,90.361446,90.361446,88.554217,88.554217,100,95.783133,99.39759,96.385542,95.783133,98.795181,99.39759,96.987952,96.987952,96.987952,96.385542,98.192771,96.987952,99.39759,96.385542,98.795181,98.795181,98.795181,96.987952,98.795181,98.795181,98.795181,95.783133,96.987952,97.590361,97.590361,97.590361,99.39759,99.39759,99.39759,99.39759,98.795181,98.795181,99.39759,98.795181,96.987952,96.987952,96.385542,96.385542,95.783133,96.385542,98.795181,98.795181,79.518072,78.915663,78.915663,80.120482,79.518072,80.120482,95.918367,96.598639,96.598639,96.598639,94.557823,96.598639,97.278912,93.877551,95.918367,97.278912,98.639456,98.639456,98.639456,50.609756,25.324675,21.854305,22.516556,21.854305,23.648649,21.192053,22.516556,21.192053,21.192053,21.192053,21.854305,21.854305,20.529801,21.192053,21.854305,22.666667,20.529801,21.192053,23.333333,20,20,21.333333,23.333333,22.666667,23.333333,23.333333,23.333333,19.333333,20,21.333333,20,20,23.129252,23.129252,23.129252,21.333333,21.333333,23.333333,20,23.129252,20,31.288344,25.342466,20.261438,21.192053,26.277372,25,28.082192,24.657534,24.657534,28.169014,21.333333,19.863014,19.863014,19.863014,21.917808,23.913043,19.375,25,23.417722,22.012579,22.580645,24.516129,26.618705,24.675325
NC_073172.1|YP_010745932.1_46|[Salmonella_phage_skrot]hypothetical_protein|24902..25402|166 aa,59.756098,61.585366,60.97561,61.585366,70.700637,69.426752,76.506024,75.903614,75.903614,76.506024,75.903614,77.108434,68.789809,77.108434,70.063694,70.121951,62.804878,97.590361,98.192771,98.192771,86.746988,95.783133,99.39759,97.590361,77.710843,77.710843,97.590361,97.590361,96.987952,87.951807,87.349398,87.951807,87.951807,87.951807,87.951807,86.144578,86.144578,95.783133,100,96.385542,99.39759,96.987952,96.987952,96.385542,98.192771,98.192771,98.192771,98.192771,96.987952,98.192771,96.385542,99.39759,95.783133,95.783133,95.783133,98.795181,95.783133,95.783133,96.987952,98.795181,96.385542,96.987952,96.987952,96.987952,96.385542,96.385542,96.385542,96.385542,95.783133,96.987952,96.385542,96.987952,97.590361,96.385542,98.192771,98.192771,98.795181,98.192771,95.783133,95.783133,78.313253,78.313253,77.710843,79.518072,78.313253,78.915663,99.319728,97.959184,97.959184,97.959184,97.959184,97.959184,95.238095,96.598639,99.319728,95.238095,95.238095,95.238095,96.598639,50.609756,23.529412,20.529801,21.192053,20.529801,22.297297,19.86755,21.192053,19.86755,19.86755,19.86755,20.529801,20.529801,19.205298,19.86755,20.529801,21.333333,20.805369,20.805369,22,19.594595,19.594595,20,22,21.333333,18.666667,19.333333,18.666667,18.918919,19.594595,20.945946,19.594595,19.594595,22.758621,22.758621,22.758621,20.945946,20.945946,18.666667,18.666667,22.758621,19.594595,30.909091,24,19.607843,20.529801,24.137931,26.315789,28.472222,23.972603,23.972603,27.464789,20.666667,23.076923,26.241135,23.076923,26.241135,26.666667,19.375,25,23.376623,20.754717,21.290323,23.225806,23.943662,24.025974
NC_073173.1|YP_010745993.1_42|[Salmonella_phage_blauehaus]hypothetical_protein|23963..24463|166 aa,60.97561,63.414634,62.804878,61.585366,72.611465,71.33758,77.710843,77.108434,77.108434,77.710843,77.108434,78.313253,70.700637,78.313253,71.974522,71.95122,62.804878,97.590361,95.783133,97.590361,89.156627,98.192771,96.987952,96.385542,78.313253,78.313253,96.385542,96.385542,98.192771,90.361446,89.759036,90.361446,90.361446,90.361446,90.361446,88.554217,88.554217,99.39759,96.385542,100,96.987952,96.385542,99.39759,100,97.590361,97.590361,97.590361,96.987952,97.590361,97.590361,100,96.987952,99.39759,99.39759,99.39759,97.590361,99.39759,99.39759,99.39759,96.385542,97.590361,98.192771,98.192771,98.192771,100,100,100,100,99.39759,99.39759,100,99.39759,97.590361,97.590361,96.987952,96.987952,96.385542,96.987952,99.39759,99.39759,79.518072,78.915663,78.915663,80.120482,79.518072,80.120482,96.598639,97.278912,97.278912,97.278912,95.238095,97.278912,97.959184,93.877551,96.598639,97.959184,99.319728,99.319728,99.319728,50.609756,25,21.854305,22.516556,21.854305,23.648649,21.192053,22.516556,21.192053,21.192053,21.192053,21.854305,21.854305,20.529801,21.192053,21.854305,22.666667,20.529801,21.192053,23.333333,20,20,21.333333,23.333333,22.666667,23.333333,23.333333,23.333333,19.333333,20,21.333333,20,20,23.129252,23.129252,23.129252,21.333333,21.333333,23.333333,20,23.129252,20,31.288344,24.666667,20.261438,21.192053,26.277372,25.657895,28.082192,25,25,28.169014,20.754717,19.863014,19.863014,19.863014,21.232877,23.913043,20,23.717949,22.151899,22.012579,21.290323,24.516129,24.647887,24.675325
NC_073174.1|YP_010746054.1_42|[Salmonella_phage_wast]hypothetical_protein|23773..24273|166 aa,60.365854,62.195122,61.585366,62.195122,71.33758,70.063694,77.108434,76.506024,76.506024,77.108434,76.506024,77.710843,69.426752,77.710843,70.700637,70.731707,63.414634,98.192771,98.795181,98.795181,87.349398,96.385542,100,98.192771,78.313253,78.313253,98.192771,98.192771,97.590361,88.554217,87.951807,88.554217,88.554217,88.554217,88.554217,86.746988,86.746988,96.385542,99.39759,96.987952,100,97.590361,97.590361,96.987952,98.795181,98.795181,98.795181,98.795181,97.590361,98.795181,96.987952,100,96.385542,96.385542,96.385542,99.39759,96.385542,96.385542,97.590361,99.39759,96.987952,97.590361,97.590361,97.590361,96.987952,96.987952,96.987952,96.987952,96.385542,97.590361,96.987952,97.590361,98.192771,96.987952,98.795181,98.795181,99.39759,98.795181,96.385542,96.385542,78.915663,78.313253,78.313253,80.120482,78.915663,79.518072,100,98.639456,98.639456,98.639456,98.639456,98.639456,95.918367,97.278912,100,95.918367,95.918367,95.918367,97.278912,51.219512,25.657895,22.147651,22.818792,22.147651,23.972603,21.47651,22.818792,21.47651,21.47651,21.47651,22.147651,22.147651,20.805369,21.47651,22.147651,22.972973,20.805369,20.805369,23.648649,19.594595,19.594595,21.621622,23.648649,22.972973,18.666667,19.333333,18.666667,18.918919,19.594595,20.945946,19.594595,19.594595,22.758621,22.758621,22.758621,20.945946,20.945946,18.666667,18.666667,22.758621,19.594595,30.909091,24,19.607843,20.529801,24.137931,26.315789,28.472222,23.972603,23.972603,27.464789,20.666667,23.076923,26.241135,23.076923,26.241135,26.666667,19.375,25,23.376623,20.754717,21.290323,23.225806,24.647887,24.025974
NC_073175.1|YP_010746101.1_29|[Salmonella_virus_VSt10]hypothetical_protein|19072..19572|166 aa,60.365854,62.195122,61.585366,61.585366,71.33758,70.063694,77.108434,76.506024,76.506024,77.108434,76.506024,77.710843,69.426752,77.710843,70.700637,70.731707,62.804878,98.192771,96.385542,98.192771,86.746988,95.180723,97.590361,98.192771,78.313253,78.313253,96.987952,98.192771,95.783133,87.951807,87.349398,87.951807,87.951807,87.951807,87.951807,86.144578,86.144578,95.783133,96.987952,96.385542,97.590361,100,96.987952,96.385542,98.192771,98.192771,98.192771,96.385542,96.987952,98.192771,96.385542,97.590361,95.783133,95.783133,95.783133,96.987952,95.783133,95.783133,96.385542,96.987952,97.590361,98.192771,98.192771,98.192771,96.385542,96.385542,96.385542,96.385542,95.783133,96.987952,96.385542,96.987952,98.192771,97.590361,96.987952,98.795181,96.987952,96.987952,95.783133,95.783133,78.915663,78.313253,78.313253,80.120482,78.915663,79.518072,97.278912,97.959184,97.959184,97.959184,95.918367,97.959184,94.557823,94.557823,97.278912,94.557823,95.238095,95.238095,96.598639,50.609756,26.351351,22.147651,22.818792,22.147651,23.972603,21.47651,22.818792,21.47651,21.47651,21.47651,22.147651,22.147651,20.805369,21.47651,22.147651,22.972973,20.529801,21.47651,23.648649,20.27027,20.27027,21.621622,23.648649,22.972973,18.666667,19.333333,18.666667,19.594595,20.27027,21.621622,20.27027,20.27027,23.448276,23.448276,23.448276,21.621622,21.621622,18.666667,18.666667,23.448276,20.27027,29.090909,24,19.607843,19.86755,22.068966,25.657895,27.516779,23.287671,23.287671,27.464789,25.179856,19.178082,20,19.178082,20,23.188406,19.375,23.076923,21.518987,20.754717,22.875817,23.870968,22.222222,24.025974
NC_073176.1|YP_010746159.1_28|[Salmonella_virus_VSe101]hypothetical_protein|19414..19914|166 aa,60.97561,62.804878,62.804878,61.585366,71.974522,70.700637,77.108434,76.506024,76.506024,77.108434,76.506024,77.710843,70.063694,77.710843,71.33758,71.341463,62.804878,96.987952,96.385542,98.192771,89.156627,97.590361,97.590361,96.987952,78.313253,78.313253,96.385542,96.987952,97.590361,90.361446,89.759036,90.361446,90.361446,90.361446,90.361446,88.554217,88.554217,98.795181,96.987952,99.39759,97.590361,96.987952,100,99.39759,98.192771,98.192771,98.192771,96.385542,96.987952,98.192771,99.39759,97.590361,98.795181,98.795181,98.795181,96.987952,98.795181,98.795181,98.795181,96.987952,96.987952,97.590361,97.590361,97.590361,99.39759,99.39759,99.39759,99.39759,98.795181,100,99.39759,100,96.987952,96.987952,97.590361,97.590361,96.987952,97.590361,98.795181,98.795181,78.915663,78.313253,78.313253,80.120482,78.915663,79.518072,97.278912,97.959184,97.959184,97.959184,95.918367,97.959184,97.278912,94.557823,97.278912,97.278912,98.639456,98.639456,100,50,25,21.854305,22.516556,21.854305,23.648649,21.192053,22.516556,21.192053,21.192053,21.192053,21.854305,21.854305,20.529801,21.192053,21.854305,22.666667,20.529801,21.192053,23.333333,20,20,21.333333,23.333333,22.666667,23.333333,23.333333,23.333333,19.333333,20,21.333333,20,20,23.129252,23.129252,23.129252,21.333333,21.333333,23.333333,20,23.129252,20,31.288344,24,20.261438,21.192053,25.547445,25.657895,27.39726,25,25,28.169014,20.754717,19.863014,19.863014,19.863014,21.232877,23.913043,20,23.717949,22.151899,22.012579,21.290323,23.870968,24.647887,24.675325
NC_073178.1|YP_010746288.1_31|[Salmonella_phage_vB_SenS_TUMS_E19]hypothetical_protein|20086..20586|166 aa,60.97561,63.414634,62.804878,61.585366,72.611465,71.33758,77.710843,77.108434,77.108434,77.710843,77.108434,78.313253,70.700637,78.313253,71.974522,71.95122,62.804878,97.590361,95.783133,97.590361,89.156627,98.192771,96.987952,96.385542,78.313253,78.313253,96.385542,96.385542,98.192771,90.361446,89.759036,90.361446,90.361446,90.361446,90.361446,88.554217,88.554217,99.39759,96.385542,100,96.987952,96.385542,99.39759,100,97.590361,97.590361,97.590361,96.987952,97.590361,97.590361,100,96.987952,99.39759,99.39759,99.39759,97.590361,99.39759,99.39759,99.39759,96.385542,97.590361,98.192771,98.192771,98.192771,100,100,100,100,99.39759,99.39759,100,99.39759,97.590361,97.590361,96.987952,96.987952,96.385542,96.987952,99.39759,99.39759,79.518072,78.915663,78.915663,80.120482,79.518072,80.120482,96.598639,97.278912,97.278912,97.278912,95.238095,97.278912,97.959184,93.877551,96.598639,97.959184,99.319728,99.319728,99.319728,50.609756,25,21.854305,22.516556,21.854305,23.648649,21.192053,22.516556,21.192053,21.192053,21.192053,21.854305,21.854305,20.529801,21.192053,21.854305,22.666667,20.529801,21.192053,23.333333,20,20,21.333333,23.333333,22.666667,23.333333,23.333333,23.333333,19.333333,20,21.333333,20,20,23.129252,23.129252,23.129252,21.333333,21.333333,23.333333,20,23.129252,20,31.288344,24.666667,20.261438,21.192053,26.277372,25.657895,28.082192,25,25,28.169014,20.754717,19.863014,19.863014,19.863014,21.232877,23.913043,20,23.717949,22.151899,22.012579,21.290323,24.516129,24.647887,24.675325
NC_073179.1|YP_010746349.1_30|[Salmonella_phage_vB_SenS_TUMS_E4]hypothetical_protein|20065..20565|166 aa,60.97561,62.804878,62.195122,61.585366,71.974522,70.700637,77.710843,77.108434,77.108434,77.710843,77.108434,78.313253,70.063694,78.313253,71.33758,71.341463,62.804878,98.192771,97.590361,100,87.951807,96.385542,98.795181,98.192771,78.915663,78.915663,98.192771,98.192771,96.987952,89.156627,88.554217,89.156627,89.156627,89.156627,89.156627,87.349398,87.349398,96.987952,98.192771,97.590361,98.795181,98.192771,98.192771,97.590361,100,100,100,97.590361,98.795181,100,97.590361,98.795181,96.987952,96.987952,96.987952,98.192771,96.987952,96.987952,96.987952,98.192771,98.192771,98.795181,98.795181,98.795181,97.590361,97.590361,97.590361,97.590361,96.987952,98.192771,97.590361,98.192771,98.192771,98.192771,98.192771,98.795181,98.192771,98.192771,96.987952,96.987952,79.518072,78.915663,78.915663,80.722892,79.518072,80.120482,98.639456,100,100,100,97.278912,100,95.238095,95.918367,98.639456,95.238095,96.598639,96.598639,97.959184,50,25.657895,22.818792,23.489933,22.818792,24.657534,22.147651,23.489933,22.147651,22.147651,22.147651,22.818792,22.818792,21.47651,22.147651,22.818792,23.648649,20.805369,22.147651,24.324324,20.945946,20.945946,22.297297,24.324324,23.648649,19.333333,20,19.333333,20.27027,20.945946,22.297297,20.945946,20.945946,24.137931,24.137931,24.137931,22.297297,22.297297,19.333333,19.333333,24.137931,20.945946,30.909091,24,20.261438,21.192053,23.448276,25.657895,27.39726,23.972603,23.972603,27.464789,23.611111,22.377622,22.377622,22.377622,19.178082,26.666667,20,23.717949,22.151899,21.383648,21.290323,23.225806,25.352113,24.025974
NC_073181.1|YP_010746468.1_30|[Salmonella_phage_5sent1]minor_tail_protein|19967..20467|166 aa,60.97561,62.804878,62.195122,61.585366,71.974522,70.700637,77.710843,77.108434,77.108434,77.710843,77.108434,78.313253,70.063694,78.313253,71.33758,71.341463,62.804878,98.192771,97.590361,100,87.951807,96.385542,98.795181,98.192771,78.915663,78.915663,98.192771,98.192771,96.987952,89.156627,88.554217,89.156627,89.156627,89.156627,89.156627,87.349398,87.349398,96.987952,98.192771,97.590361,98.795181,98.192771,98.192771,97.590361,100,100,100,97.590361,98.795181,100,97.590361,98.795181,96.987952,96.987952,96.987952,98.192771,96.987952,96.987952,96.987952,98.192771,98.192771,98.795181,98.795181,98.795181,97.590361,97.590361,97.590361,97.590361,96.987952,98.192771,97.590361,98.192771,98.192771,98.192771,98.192771,98.795181,98.192771,98.192771,96.987952,96.987952,79.518072,78.915663,78.915663,80.722892,79.518072,80.120482,98.639456,100,100,100,97.278912,100,95.238095,95.918367,98.639456,95.238095,96.598639,96.598639,97.959184,50,25.657895,22.818792,23.489933,22.818792,24.657534,22.147651,23.489933,22.147651,22.147651,22.147651,22.818792,22.818792,21.47651,22.147651,22.818792,23.648649,20.805369,22.147651,24.324324,20.945946,20.945946,22.297297,24.324324,23.648649,19.333333,20,19.333333,20.27027,20.945946,22.297297,20.945946,20.945946,24.137931,24.137931,24.137931,22.297297,22.297297,19.333333,19.333333,24.137931,20.945946,30.909091,24,20.261438,21.192053,23.448276,25.657895,27.39726,23.972603,23.972603,27.464789,23.611111,22.377622,22.377622,22.377622,19.178082,26.666667,20,23.717949,22.151899,21.383648,21.290323,23.225806,25.352113,24.025974
NC_073182.1|YP_010746525.1_29|[Salmonella_virus_VSe103]hypothetical_protein|19773..20273|166 aa,60.97561,62.804878,62.195122,61.585366,71.974522,70.700637,77.710843,77.108434,77.108434,77.710843,77.108434,78.313253,70.063694,78.313253,71.33758,71.341463,62.804878,98.192771,97.590361,100,87.951807,96.385542,98.795181,98.192771,78.915663,78.915663,98.192771,98.192771,96.987952,89.156627,88.554217,89.156627,89.156627,89.156627,89.156627,87.349398,87.349398,96.987952,98.192771,97.590361,98.795181,98.192771,98.192771,97.590361,100,100,100,97.590361,98.795181,100,97.590361,98.795181,96.987952,96.987952,96.987952,98.192771,96.987952,96.987952,96.987952,98.192771,98.192771,98.795181,98.795181,98.795181,97.590361,97.590361,97.590361,97.590361,96.987952,98.192771,97.590361,98.192771,98.192771,98.192771,98.192771,98.795181,98.192771,98.192771,96.987952,96.987952,79.518072,78.915663,78.915663,80.722892,79.518072,80.120482,98.639456,100,100,100,97.278912,100,95.238095,95.918367,98.639456,95.238095,96.598639,96.598639,97.959184,50,25.657895,22.818792,23.489933,22.818792,24.657534,22.147651,23.489933,22.147651,22.147651,22.147651,22.818792,22.818792,21.47651,22.147651,22.818792,23.648649,20.805369,22.147651,24.324324,20.945946,20.945946,22.297297,24.324324,23.648649,19.333333,20,19.333333,20.27027,20.945946,22.297297,20.945946,20.945946,24.137931,24.137931,24.137931,22.297297,22.297297,19.333333,19.333333,24.137931,20.945946,30.909091,24,20.261438,21.192053,23.448276,25.657895,27.39726,23.972603,23.972603,27.464789,23.611111,22.377622,22.377622,22.377622,19.178082,26.666667,20,23.717949,22.151899,21.383648,21.290323,23.225806,25.352113,24.025974
NC_073183.1|YP_010746577.1_24|[Salmonella_phage_NBSal007]hypothetical_protein|complement(21183..21683)|166 aa,59.756098,62.195122,60.97561,61.585366,71.33758,70.063694,77.108434,76.506024,76.506024,77.108434,76.506024,77.710843,69.426752,77.710843,70.700637,70.731707,62.804878,98.192771,97.590361,97.590361,86.746988,96.385542,98.795181,96.987952,77.710843,77.710843,97.590361,96.987952,97.590361,87.951807,87.349398,87.951807,87.951807,87.951807,87.951807,86.144578,86.144578,96.385542,98.192771,96.987952,98.795181,96.385542,96.385542,96.987952,97.590361,97.590361,97.590361,100,97.590361,97.590361,96.987952,98.795181,96.385542,96.385542,96.385542,99.39759,96.385542,96.385542,97.590361,98.192771,96.987952,97.590361,97.590361,97.590361,96.987952,96.987952,96.987952,96.987952,96.385542,96.385542,96.987952,96.385542,98.192771,96.987952,97.590361,97.590361,98.192771,97.590361,96.385542,96.385542,78.915663,78.313253,78.313253,79.518072,78.915663,79.518072,98.639456,97.278912,97.278912,97.278912,97.278912,97.278912,95.918367,95.918367,98.639456,95.918367,95.918367,95.918367,95.918367,51.219512,30.714286,22.147651,22.818792,22.147651,23.972603,21.47651,22.818792,21.47651,21.47651,21.47651,22.147651,22.147651,20.805369,21.47651,22.147651,22.972973,20.805369,20.805369,23.648649,19.594595,19.594595,21.621622,23.648649,22.972973,18.666667,19.333333,18.666667,18.918919,19.594595,20.945946,19.594595,19.594595,22.758621,22.758621,22.758621,20.945946,20.945946,18.666667,18.666667,22.758621,19.594595,30.909091,24.666667,19.607843,20.529801,25.517241,26.315789,29.861111,23.972603,23.972603,27.464789,20.666667,23.076923,26.241135,23.076923,26.241135,26.666667,18.75,24.342105,22.727273,20.125786,20.645161,23.225806,25.352113,23.376623
NC_073184.1|YP_010746642.1_32|[Salmonella_phage_F12013]tail_protein|complement(23758..24258)|166 aa,60.97561,63.414634,62.195122,61.585366,72.611465,71.33758,78.313253,77.710843,77.710843,78.313253,77.710843,78.915663,70.700637,78.915663,71.974522,71.95122,62.804878,98.192771,96.385542,98.795181,87.951807,96.385542,97.590361,96.987952,78.915663,78.915663,97.590361,96.987952,96.987952,89.156627,88.554217,89.156627,89.156627,89.156627,89.156627,87.349398,87.349398,98.192771,96.987952,97.590361,97.590361,96.987952,96.987952,97.590361,98.795181,98.795181,98.795181,97.590361,100,98.795181,97.590361,97.590361,96.987952,96.987952,96.987952,98.192771,96.987952,96.987952,96.987952,96.987952,98.192771,98.795181,98.795181,98.795181,97.590361,97.590361,97.590361,97.590361,96.987952,96.987952,97.590361,96.987952,98.192771,98.192771,96.987952,97.590361,96.987952,96.987952,96.987952,96.987952,80.120482,79.518072,79.518072,80.722892,80.120482,80.722892,97.278912,98.639456,98.639456,98.639456,95.918367,98.639456,95.238095,95.238095,97.278912,95.238095,96.598639,96.598639,96.598639,50.609756,25.324675,22.818792,23.489933,22.818792,24.657534,22.147651,23.489933,22.147651,22.147651,22.147651,22.818792,22.818792,21.47651,22.147651,22.818792,23.648649,20.805369,22.147651,24.324324,20.945946,20.945946,22.297297,24.324324,23.648649,19.333333,20,19.333333,20.27027,20.945946,22.297297,20.945946,20.945946,24.137931,24.137931,24.137931,22.297297,22.297297,19.333333,19.333333,24.137931,20.945946,30.909091,24.666667,20.261438,21.192053,24.137931,25,28.082192,24.657534,24.657534,28.472222,24.305556,21.917808,21.917808,21.917808,21.917808,26.086957,19.375,25,23.417722,22.641509,22.580645,23.870968,24.647887,24.025974
NC_073185.1|YP_010746711.1_42|[Salmonella_phage_PBSE191]hypothetical_protein|39461..39961|166 aa,60.97561,62.804878,62.195122,61.585366,71.974522,70.700637,77.710843,77.108434,77.108434,77.710843,77.108434,78.313253,70.063694,78.313253,71.33758,71.341463,62.804878,98.192771,97.590361,100,87.951807,96.385542,98.795181,98.192771,78.915663,78.915663,98.192771,98.192771,96.987952,89.156627,88.554217,89.156627,89.156627,89.156627,89.156627,87.349398,87.349398,96.987952,98.192771,97.590361,98.795181,98.192771,98.192771,97.590361,100,100,100,97.590361,98.795181,100,97.590361,98.795181,96.987952,96.987952,96.987952,98.192771,96.987952,96.987952,96.987952,98.192771,98.192771,98.795181,98.795181,98.795181,97.590361,97.590361,97.590361,97.590361,96.987952,98.192771,97.590361,98.192771,98.192771,98.192771,98.192771,98.795181,98.192771,98.192771,96.987952,96.987952,79.518072,78.915663,78.915663,80.722892,79.518072,80.120482,98.639456,100,100,100,97.278912,100,95.238095,95.918367,98.639456,95.238095,96.598639,96.598639,97.959184,50,25.657895,22.818792,23.489933,22.818792,24.657534,22.147651,23.489933,22.147651,22.147651,22.147651,22.818792,22.818792,21.47651,22.147651,22.818792,23.648649,20.805369,22.147651,24.324324,20.945946,20.945946,22.297297,24.324324,23.648649,19.333333,20,19.333333,20.27027,20.945946,22.297297,20.945946,20.945946,24.137931,24.137931,24.137931,22.297297,22.297297,19.333333,19.333333,24.137931,20.945946,30.909091,24,20.261438,21.192053,23.448276,25.657895,27.39726,23.972603,23.972603,27.464789,23.611111,22.377622,22.377622,22.377622,19.178082,26.666667,20,23.717949,22.151899,21.383648,21.290323,23.225806,25.352113,24.025974
NC_073186.1|YP_010746744.1_32|[Salmonella_phage_vB_SenS_PVP-SE2]hypothetical_protein|complement(23538..24038)|166 aa,60.97561,63.414634,62.804878,61.585366,72.611465,71.33758,77.710843,77.108434,77.108434,77.710843,77.108434,78.313253,70.700637,78.313253,71.974522,71.95122,62.804878,97.590361,95.783133,97.590361,89.156627,98.192771,96.987952,96.385542,78.313253,78.313253,96.385542,96.385542,98.192771,90.361446,89.759036,90.361446,90.361446,90.361446,90.361446,88.554217,88.554217,99.39759,96.385542,100,96.987952,96.385542,99.39759,100,97.590361,97.590361,97.590361,96.987952,97.590361,97.590361,100,96.987952,99.39759,99.39759,99.39759,97.590361,99.39759,99.39759,99.39759,96.385542,97.590361,98.192771,98.192771,98.192771,100,100,100,100,99.39759,99.39759,100,99.39759,97.590361,97.590361,96.987952,96.987952,96.385542,96.987952,99.39759,99.39759,79.518072,78.915663,78.915663,80.120482,79.518072,80.120482,96.598639,97.278912,97.278912,97.278912,95.238095,97.278912,97.959184,93.877551,96.598639,97.959184,99.319728,99.319728,99.319728,50.609756,25,21.854305,22.516556,21.854305,23.648649,21.192053,22.516556,21.192053,21.192053,21.192053,21.854305,21.854305,20.529801,21.192053,21.854305,22.666667,20.529801,21.192053,23.333333,20,20,21.333333,23.333333,22.666667,23.333333,23.333333,23.333333,19.333333,20,21.333333,20,20,23.129252,23.129252,23.129252,21.333333,21.333333,23.333333,20,23.129252,20,31.288344,24.666667,20.261438,21.192053,26.277372,25.657895,28.082192,25,25,28.169014,20.754717,19.863014,19.863014,19.863014,21.232877,23.913043,20,23.717949,22.151899,22.012579,21.290323,24.516129,24.647887,24.675325
NC_073187.1|YP_010746797.1_25|[Salmonella_phage_vB_SenS-EnJE1]hypothetical_protein|complement(22305..22805)|166 aa,60.365854,62.195122,61.585366,62.195122,71.33758,70.063694,77.108434,76.506024,76.506024,77.108434,76.506024,77.710843,69.426752,77.710843,70.700637,70.731707,63.414634,98.192771,98.795181,98.795181,87.349398,96.385542,100,98.192771,78.313253,78.313253,98.192771,98.192771,97.590361,88.554217,87.951807,88.554217,88.554217,88.554217,88.554217,86.746988,86.746988,96.385542,99.39759,96.987952,100,97.590361,97.590361,96.987952,98.795181,98.795181,98.795181,98.795181,97.590361,98.795181,96.987952,100,96.385542,96.385542,96.385542,99.39759,96.385542,96.385542,97.590361,99.39759,96.987952,97.590361,97.590361,97.590361,96.987952,96.987952,96.987952,96.987952,96.385542,97.590361,96.987952,97.590361,98.192771,96.987952,98.795181,98.795181,99.39759,98.795181,96.385542,96.385542,78.915663,78.313253,78.313253,80.120482,78.915663,79.518072,100,98.639456,98.639456,98.639456,98.639456,98.639456,95.918367,97.278912,100,95.918367,95.918367,95.918367,97.278912,51.219512,25.657895,22.147651,22.818792,22.147651,23.972603,21.47651,22.818792,21.47651,21.47651,21.47651,22.147651,22.147651,20.805369,21.47651,22.147651,22.972973,20.805369,20.805369,23.648649,19.594595,19.594595,21.621622,23.648649,22.972973,18.666667,19.333333,18.666667,18.918919,19.594595,20.945946,19.594595,19.594595,22.758621,22.758621,22.758621,20.945946,20.945946,18.666667,18.666667,22.758621,19.594595,30.909091,24,19.607843,20.529801,24.137931,26.315789,28.472222,23.972603,23.972603,27.464789,20.666667,23.076923,26.241135,23.076923,26.241135,26.666667,19.375,25,23.376623,20.754717,21.290323,23.225806,24.647887,24.025974
NC_073188.1|YP_010746874.1_48|[Salmonella_phage_vB_SenS_S532]hypothetical_protein|24316..24816|166 aa,60.97561,63.414634,62.195122,61.585366,72.611465,71.33758,77.108434,76.506024,76.506024,77.108434,76.506024,77.710843,70.700637,77.710843,71.974522,71.95122,62.804878,96.987952,95.180723,96.987952,89.156627,97.590361,96.385542,95.783133,77.710843,77.710843,95.783133,95.783133,97.590361,89.759036,89.156627,89.759036,89.759036,89.759036,89.759036,87.951807,88.554217,98.795181,95.783133,99.39759,96.385542,95.783133,98.795181,99.39759,96.987952,96.987952,96.987952,96.385542,96.987952,96.987952,99.39759,96.385542,100,100,100,96.987952,100,100,98.795181,95.783133,96.987952,97.590361,97.590361,97.590361,99.39759,99.39759,99.39759,99.39759,100,98.795181,99.39759,98.795181,96.987952,96.987952,96.385542,96.385542,95.783133,96.385542,98.795181,98.795181,78.915663,78.313253,78.313253,79.518072,78.915663,79.518072,95.918367,96.598639,96.598639,96.598639,94.557823,96.598639,97.959184,93.197279,95.918367,97.959184,100,99.319728,98.639456,50,25,21.192053,21.854305,21.192053,22.972973,20.529801,21.854305,20.529801,20.529801,20.529801,21.192053,21.192053,19.86755,20.529801,21.192053,22,19.86755,20.529801,22.666667,19.333333,19.333333,20.666667,22.666667,22,22.666667,22.666667,22.666667,18.666667,19.333333,20.666667,19.333333,19.333333,22.44898,22.44898,22.44898,20.666667,20.666667,22.666667,19.333333,22.44898,19.333333,30.674847,24,20.261438,23.333333,27.205882,26.315789,28.082192,25,25,28.169014,20.754717,19.863014,19.863014,19.863014,21.232877,23.913043,20,23.076923,21.518987,21.383648,20.645161,25.16129,24.647887,24.675325
NC_073189.1|YP_010746947.1_55|[Salmonella_phage_JD01]hypothetical_protein|complement(38045..38545)|166 aa,60.97561,63.414634,62.195122,61.585366,72.611465,71.33758,77.108434,76.506024,76.506024,77.108434,76.506024,77.710843,70.700637,77.710843,71.974522,71.95122,62.804878,96.987952,95.180723,96.987952,89.156627,97.590361,96.385542,95.783133,77.710843,77.710843,95.783133,95.783133,97.590361,89.759036,89.156627,89.759036,89.759036,89.759036,89.759036,87.951807,88.554217,98.795181,95.783133,99.39759,96.385542,95.783133,98.795181,99.39759,96.987952,96.987952,96.987952,96.385542,96.987952,96.987952,99.39759,96.385542,100,100,100,96.987952,100,100,98.795181,95.783133,96.987952,97.590361,97.590361,97.590361,99.39759,99.39759,99.39759,99.39759,100,98.795181,99.39759,98.795181,96.987952,96.987952,96.385542,96.385542,95.783133,96.385542,98.795181,98.795181,78.915663,78.313253,78.313253,79.518072,78.915663,79.518072,95.918367,96.598639,96.598639,96.598639,94.557823,96.598639,97.959184,93.197279,95.918367,97.959184,100,99.319728,98.639456,50,25,21.192053,21.854305,21.192053,22.972973,20.529801,21.854305,20.529801,20.529801,20.529801,21.192053,21.192053,19.86755,20.529801,21.192053,22,19.86755,20.529801,22.666667,19.333333,19.333333,20.666667,22.666667,22,22.666667,22.666667,22.666667,18.666667,19.333333,20.666667,19.333333,19.333333,22.44898,22.44898,22.44898,20.666667,20.666667,22.666667,19.333333,22.44898,19.333333,30.674847,24,20.261438,23.333333,27.205882,26.315789,28.082192,25,25,28.169014,20.754717,19.863014,19.863014,19.863014,21.232877,23.913043,20,23.076923,21.518987,21.383648,20.645161,25.16129,24.647887,24.675325
NC_073190.1|YP_010747004.1_50|[Salmonella_phage_vB_SenS_S528]hypothetical_protein|24404..24904|166 aa,60.97561,63.414634,62.195122,61.585366,72.611465,71.33758,77.108434,76.506024,76.506024,77.108434,76.506024,77.710843,70.700637,77.710843,71.974522,71.95122,62.804878,96.987952,95.180723,96.987952,89.156627,97.590361,96.385542,95.783133,77.710843,77.710843,95.783133,95.783133,97.590361,89.759036,89.156627,89.759036,89.759036,89.759036,89.759036,87.951807,88.554217,98.795181,95.783133,99.39759,96.385542,95.783133,98.795181,99.39759,96.987952,96.987952,96.987952,96.385542,96.987952,96.987952,99.39759,96.385542,100,100,100,96.987952,100,100,98.795181,95.783133,96.987952,97.590361,97.590361,97.590361,99.39759,99.39759,99.39759,99.39759,100,98.795181,99.39759,98.795181,96.987952,96.987952,96.385542,96.385542,95.783133,96.385542,98.795181,98.795181,78.915663,78.313253,78.313253,79.518072,78.915663,79.518072,95.918367,96.598639,96.598639,96.598639,94.557823,96.598639,97.959184,93.197279,95.918367,97.959184,100,99.319728,98.639456,50,25,21.192053,21.854305,21.192053,22.972973,20.529801,21.854305,20.529801,20.529801,20.529801,21.192053,21.192053,19.86755,20.529801,21.192053,22,19.86755,20.529801,22.666667,19.333333,19.333333,20.666667,22.666667,22,22.666667,22.666667,22.666667,18.666667,19.333333,20.666667,19.333333,19.333333,22.44898,22.44898,22.44898,20.666667,20.666667,22.666667,19.333333,22.44898,19.333333,30.674847,24,20.261438,23.333333,27.205882,26.315789,28.082192,25,25,28.169014,20.754717,19.863014,19.863014,19.863014,21.232877,23.913043,20,23.076923,21.518987,21.383648,20.645161,25.16129,24.647887,24.675325
NC_073191.1|YP_010747048.1_26|[Salmonella_phage_vB_SenS-EnJE6]hypothetical_protein|complement(19818..20318)|166 aa,60.365854,62.804878,61.585366,62.195122,71.974522,70.700637,77.710843,77.108434,77.108434,77.710843,77.108434,78.313253,70.063694,78.313253,71.33758,71.341463,63.414634,98.795181,98.192771,98.192771,87.349398,96.987952,99.39759,97.590361,78.313253,78.313253,98.192771,97.590361,98.192771,88.554217,87.951807,88.554217,88.554217,88.554217,88.554217,86.746988,86.746988,96.987952,98.795181,97.590361,99.39759,96.987952,96.987952,97.590361,98.192771,98.192771,98.192771,99.39759,98.192771,98.192771,97.590361,99.39759,96.987952,96.987952,96.987952,100,96.987952,96.987952,98.192771,98.795181,97.590361,98.192771,98.192771,98.192771,97.590361,97.590361,97.590361,97.590361,96.987952,96.987952,97.590361,96.987952,98.795181,97.590361,98.192771,98.192771,98.795181,98.192771,96.987952,96.987952,79.518072,78.915663,78.915663,80.120482,79.518072,80.120482,99.319728,97.959184,97.959184,97.959184,97.959184,97.959184,96.598639,96.598639,99.319728,96.598639,96.598639,96.598639,96.598639,51.829268,25.657895,22.147651,22.818792,22.147651,23.972603,21.47651,22.818792,21.47651,21.47651,21.47651,22.147651,22.147651,20.805369,21.47651,22.147651,22.972973,20.805369,20.805369,23.648649,19.594595,19.594595,21.621622,23.648649,22.972973,18.666667,19.333333,18.666667,18.918919,19.594595,20.945946,19.594595,19.594595,22.758621,22.758621,22.758621,20.945946,20.945946,18.666667,18.666667,22.758621,19.594595,30.909091,24.666667,19.607843,20.529801,24.827586,26.315789,29.166667,23.972603,23.972603,27.464789,20.666667,23.076923,26.241135,23.076923,26.241135,26.666667,19.375,25,23.376623,20.754717,21.290323,23.870968,24.647887,24.025974
NC_073192.1|YP_010747095.1_6|[Salmonella_phage_F118P13]hypothetical_protein|complement(5673..6173)|166 aa,60.97561,63.414634,62.195122,61.585366,72.611465,71.33758,77.108434,76.506024,76.506024,77.108434,76.506024,77.710843,70.700637,77.710843,71.974522,71.95122,62.804878,96.987952,95.180723,96.987952,89.156627,97.590361,96.385542,95.783133,77.710843,77.710843,95.783133,95.783133,97.590361,89.759036,89.156627,89.759036,89.759036,89.759036,89.759036,87.951807,88.554217,98.795181,95.783133,99.39759,96.385542,95.783133,98.795181,99.39759,96.987952,96.987952,96.987952,96.385542,96.987952,96.987952,99.39759,96.385542,100,100,100,96.987952,100,100,98.795181,95.783133,96.987952,97.590361,97.590361,97.590361,99.39759,99.39759,99.39759,99.39759,100,98.795181,99.39759,98.795181,96.987952,96.987952,96.385542,96.385542,95.783133,96.385542,98.795181,98.795181,78.915663,78.313253,78.313253,79.518072,78.915663,79.518072,95.918367,96.598639,96.598639,96.598639,94.557823,96.598639,97.959184,93.197279,95.918367,97.959184,100,99.319728,98.639456,50,25,21.192053,21.854305,21.192053,22.972973,20.529801,21.854305,20.529801,20.529801,20.529801,21.192053,21.192053,19.86755,20.529801,21.192053,22,19.86755,20.529801,22.666667,19.333333,19.333333,20.666667,22.666667,22,22.666667,22.666667,22.666667,18.666667,19.333333,20.666667,19.333333,19.333333,22.44898,22.44898,22.44898,20.666667,20.666667,22.666667,19.333333,22.44898,19.333333,30.674847,24,20.261438,23.333333,27.205882,26.315789,28.082192,25,25,28.169014,20.754717,19.863014,19.863014,19.863014,21.232877,23.913043,20,23.076923,21.518987,21.383648,20.645161,25.16129,24.647887,24.675325
NC_073193.1|YP_010747216.1_59|[Salmonella_phage_vB_SalS-S10]hypothetical_protein|39171..39671|166 aa,60.97561,63.414634,62.195122,61.585366,72.611465,71.33758,77.108434,76.506024,76.506024,77.108434,76.506024,77.710843,70.700637,77.710843,71.974522,71.95122,62.804878,96.987952,95.180723,96.987952,89.156627,97.590361,96.385542,95.783133,77.710843,77.710843,95.783133,95.783133,97.590361,89.759036,89.156627,89.759036,89.759036,89.759036,89.759036,87.951807,88.554217,98.795181,95.783133,99.39759,96.385542,95.783133,98.795181,99.39759,96.987952,96.987952,96.987952,96.385542,96.987952,96.987952,99.39759,96.385542,100,100,100,96.987952,100,100,98.795181,95.783133,96.987952,97.590361,97.590361,97.590361,99.39759,99.39759,99.39759,99.39759,100,98.795181,99.39759,98.795181,96.987952,96.987952,96.385542,96.385542,95.783133,96.385542,98.795181,98.795181,78.915663,78.313253,78.313253,79.518072,78.915663,79.518072,95.918367,96.598639,96.598639,96.598639,94.557823,96.598639,97.959184,93.197279,95.918367,97.959184,100,99.319728,98.639456,50,25,21.192053,21.854305,21.192053,22.972973,20.529801,21.854305,20.529801,20.529801,20.529801,21.192053,21.192053,19.86755,20.529801,21.192053,22,19.86755,20.529801,22.666667,19.333333,19.333333,20.666667,22.666667,22,22.666667,22.666667,22.666667,18.666667,19.333333,20.666667,19.333333,19.333333,22.44898,22.44898,22.44898,20.666667,20.666667,22.666667,19.333333,22.44898,19.333333,30.674847,24,20.261438,23.333333,27.205882,26.315789,28.082192,25,25,28.169014,20.754717,19.863014,19.863014,19.863014,21.232877,23.913043,20,23.076923,21.518987,21.383648,20.645161,25.16129,24.647887,24.675325
NC_073194.1|YP_010747222.1_3|[Salmonella_phage_vB_SalP_LDW16]hypothetical_protein|complement(1350..1850)|166 aa,60.365854,62.804878,62.195122,62.195122,71.974522,70.700637,77.108434,76.506024,76.506024,77.108434,76.506024,77.710843,70.063694,77.710843,71.33758,71.341463,63.414634,98.192771,96.385542,96.987952,88.554217,97.590361,97.590361,96.987952,77.710843,77.710843,96.987952,96.987952,98.795181,89.759036,89.156627,89.759036,89.759036,89.759036,89.759036,87.951807,87.951807,98.795181,96.987952,99.39759,97.590361,96.385542,98.795181,99.39759,96.987952,96.987952,96.987952,97.590361,96.987952,96.987952,99.39759,97.590361,98.795181,98.795181,98.795181,98.192771,98.795181,98.795181,100,96.987952,96.987952,97.590361,97.590361,97.590361,99.39759,99.39759,99.39759,99.39759,98.795181,98.795181,99.39759,98.795181,98.192771,96.987952,97.590361,97.590361,96.987952,97.590361,98.795181,98.795181,78.915663,78.313253,78.313253,79.518072,78.915663,79.518072,97.278912,96.598639,96.598639,96.598639,95.918367,96.598639,98.639456,94.557823,97.278912,98.639456,98.639456,98.639456,98.639456,51.219512,25,21.192053,21.854305,21.192053,22.972973,20.529801,21.854305,20.529801,20.529801,20.529801,21.192053,21.192053,19.86755,20.529801,21.192053,22,19.86755,20.529801,22.666667,19.333333,19.333333,20.666667,22.666667,22,22.666667,22.666667,22.666667,18.666667,19.333333,20.666667,19.333333,19.333333,22.44898,22.44898,22.44898,20.666667,20.666667,22.666667,19.333333,22.44898,19.333333,31.288344,24.666667,19.607843,20.529801,26.277372,26.315789,29.166667,25,25,28.169014,21.383648,20.547945,23.611111,20.547945,25,23.913043,19.375,23.076923,21.518987,21.383648,20.645161,24.516129,23.943662,24.675325
NC_073195.1|YP_010747307.1_28|[Salmonella_phage_Shelanagig]hypothetical_protein|18443..18943|166 aa,59.756098,61.585366,60.97561,61.585366,70.700637,70.063694,76.506024,75.903614,75.903614,76.506024,75.903614,77.108434,69.426752,77.108434,70.700637,71.341463,62.804878,97.590361,99.39759,98.192771,86.746988,95.783133,99.39759,97.590361,77.710843,77.710843,97.590361,97.590361,96.987952,87.951807,87.349398,87.951807,87.951807,87.951807,87.951807,86.144578,86.144578,95.783133,98.795181,96.385542,99.39759,96.987952,96.987952,96.385542,98.192771,98.192771,98.192771,98.192771,96.987952,98.192771,96.385542,99.39759,95.783133,95.783133,95.783133,98.795181,95.783133,95.783133,96.987952,100,96.385542,96.987952,96.987952,96.987952,96.385542,96.385542,96.385542,96.385542,95.783133,96.987952,96.385542,96.987952,97.590361,96.385542,98.192771,98.192771,98.795181,98.192771,95.783133,95.783133,78.313253,77.710843,77.710843,79.518072,78.313253,78.915663,99.319728,97.959184,97.959184,97.959184,97.959184,97.959184,95.238095,96.598639,99.319728,95.238095,95.238095,95.238095,96.598639,51.219512,25.657895,22.147651,22.818792,22.147651,23.972603,21.47651,22.818792,21.47651,21.47651,21.47651,22.147651,22.147651,20.805369,21.47651,22.147651,22.972973,20.805369,20.805369,23.648649,19.594595,19.594595,21.621622,23.648649,22.972973,18.666667,19.333333,18.666667,18.918919,19.594595,20.945946,19.594595,19.594595,22.758621,22.758621,22.758621,20.945946,20.945946,18.666667,18.666667,22.758621,19.594595,30.30303,23.333333,19.607843,20.529801,25.714286,26.315789,27.777778,23.972603,23.972603,27.464789,20.666667,23.076923,26.241135,23.076923,26.241135,26.666667,19.375,25,23.376623,20.754717,23.809524,23.225806,25.352113,24.025974
NC_073196.1|YP_010747352.1_5|[Salmonella_phage_NBSal006]hypothetical_protein|complement(3960..4460)|166 aa,60.97561,63.414634,62.195122,61.585366,72.611465,71.33758,77.710843,77.108434,77.108434,77.710843,77.108434,78.313253,70.700637,78.313253,71.974522,71.95122,62.804878,98.795181,95.783133,98.192771,87.349398,96.385542,96.987952,97.590361,78.313253,78.313253,96.987952,97.590361,96.385542,88.554217,87.951807,88.554217,88.554217,88.554217,88.554217,86.746988,86.746988,96.987952,96.385542,97.590361,96.987952,97.590361,96.987952,97.590361,98.192771,98.192771,98.192771,96.987952,98.192771,98.192771,97.590361,96.987952,96.987952,96.987952,96.987952,97.590361,96.987952,96.987952,96.987952,96.385542,100,99.39759,99.39759,99.39759,97.590361,97.590361,97.590361,97.590361,96.987952,96.987952,97.590361,96.987952,98.795181,100,96.385542,98.192771,96.385542,96.385542,96.987952,96.987952,79.518072,78.915663,78.915663,80.120482,79.518072,80.120482,96.598639,97.959184,97.959184,97.959184,95.238095,97.959184,95.238095,93.877551,96.598639,95.238095,96.598639,96.598639,96.598639,50.609756,26.174497,22.818792,23.489933,22.818792,24.657534,22.147651,23.489933,22.147651,22.147651,22.147651,22.818792,22.818792,21.47651,22.147651,22.818792,23.648649,21.192053,22.147651,24.324324,20.945946,20.945946,22.297297,24.324324,23.648649,19.333333,20,19.333333,20.27027,20.945946,22.297297,20.945946,20.945946,24.137931,24.137931,24.137931,22.297297,22.297297,19.333333,19.333333,24.137931,20.945946,30.909091,24.666667,20.261438,20.529801,24.137931,25.657895,28.082192,23.972603,23.972603,27.464789,20.125786,19.178082,19.178082,19.178082,19.178082,23.188406,20,23.076923,21.518987,22.012579,20.645161,23.870968,24.647887,23.376623
NC_073197.1|YP_010747470.1_58|[Salmonella_phage_vB_SenS_ER23]hypothetical_protein|40103..40603|166 aa,60.97561,63.414634,62.195122,61.585366,72.611465,71.33758,78.313253,77.710843,77.710843,78.313253,77.710843,78.915663,70.700637,78.915663,71.974522,71.95122,62.804878,99.39759,96.385542,98.795181,87.951807,96.987952,97.590361,98.192771,78.915663,78.915663,97.590361,98.192771,96.987952,89.156627,88.554217,89.156627,89.156627,89.156627,89.156627,87.349398,87.349398,97.590361,96.987952,98.192771,97.590361,98.192771,97.590361,98.192771,98.795181,98.795181,98.795181,97.590361,98.795181,98.795181,98.192771,97.590361,97.590361,97.590361,97.590361,98.192771,97.590361,97.590361,97.590361,96.987952,99.39759,100,100,100,98.192771,98.192771,98.192771,98.192771,97.590361,97.590361,98.192771,97.590361,99.39759,99.39759,96.987952,98.795181,96.987952,96.987952,97.590361,97.590361,80.120482,79.518072,79.518072,80.722892,80.120482,80.722892,97.278912,98.639456,98.639456,98.639456,95.918367,98.639456,95.918367,94.557823,97.278912,95.918367,97.278912,97.278912,97.278912,50.609756,26.351351,22.818792,23.489933,22.818792,24.657534,22.147651,23.489933,22.147651,22.147651,22.147651,22.818792,22.818792,21.47651,22.147651,22.818792,23.648649,21.192053,22.147651,24.324324,20.945946,20.945946,22.297297,24.324324,23.648649,19.333333,20,19.333333,20.27027,20.945946,22.297297,20.945946,20.945946,24.137931,24.137931,24.137931,22.297297,22.297297,19.333333,19.333333,24.137931,20.945946,30.909091,24.666667,20.261438,20.529801,24.137931,25.657895,28.082192,23.972603,23.972603,27.464789,20.125786,19.178082,19.178082,19.178082,19.178082,23.188406,20,23.717949,22.151899,21.383648,21.290323,23.870968,24.647887,24.025974
NC_073198.1|YP_010747531.1_59|[Salmonella_phage_vB_SenS_ER21]hypothetical_protein|complement(40052..40552)|166 aa,60.97561,63.414634,62.195122,61.585366,72.611465,71.33758,78.313253,77.710843,77.710843,78.313253,77.710843,78.915663,70.700637,78.915663,71.974522,71.95122,62.804878,99.39759,96.385542,98.795181,87.951807,96.987952,97.590361,98.192771,78.915663,78.915663,97.590361,98.192771,96.987952,89.156627,88.554217,89.156627,89.156627,89.156627,89.156627,87.349398,87.349398,97.590361,96.987952,98.192771,97.590361,98.192771,97.590361,98.192771,98.795181,98.795181,98.795181,97.590361,98.795181,98.795181,98.192771,97.590361,97.590361,97.590361,97.590361,98.192771,97.590361,97.590361,97.590361,96.987952,99.39759,100,100,100,98.192771,98.192771,98.192771,98.192771,97.590361,97.590361,98.192771,97.590361,99.39759,99.39759,96.987952,98.795181,96.987952,96.987952,97.590361,97.590361,80.120482,79.518072,79.518072,80.722892,80.120482,80.722892,97.278912,98.639456,98.639456,98.639456,95.918367,98.639456,95.918367,94.557823,97.278912,95.918367,97.278912,97.278912,97.278912,50.609756,26.351351,22.818792,23.489933,22.818792,24.657534,22.147651,23.489933,22.147651,22.147651,22.147651,22.818792,22.818792,21.47651,22.147651,22.818792,23.648649,21.192053,22.147651,24.324324,20.945946,20.945946,22.297297,24.324324,23.648649,19.333333,20,19.333333,20.27027,20.945946,22.297297,20.945946,20.945946,24.137931,24.137931,24.137931,22.297297,22.297297,19.333333,19.333333,24.137931,20.945946,30.909091,24.666667,20.261438,20.529801,24.137931,25.657895,28.082192,23.972603,23.972603,27.464789,20.125786,19.178082,19.178082,19.178082,19.178082,23.188406,20,23.717949,22.151899,21.383648,21.290323,23.870968,24.647887,24.025974
NC_073199.1|YP_010747561.1_29|[Salmonella_phage_S102]hypothetical_protein|19783..20283|166 aa,60.97561,63.414634,62.195122,61.585366,72.611465,71.33758,78.313253,77.710843,77.710843,78.313253,77.710843,78.915663,70.700637,78.915663,71.974522,71.95122,62.804878,99.39759,96.385542,98.795181,87.951807,96.987952,97.590361,98.192771,78.915663,78.915663,97.590361,98.192771,96.987952,89.156627,88.554217,89.156627,89.156627,89.156627,89.156627,87.349398,87.349398,97.590361,96.987952,98.192771,97.590361,98.192771,97.590361,98.192771,98.795181,98.795181,98.795181,97.590361,98.795181,98.795181,98.192771,97.590361,97.590361,97.590361,97.590361,98.192771,97.590361,97.590361,97.590361,96.987952,99.39759,100,100,100,98.192771,98.192771,98.192771,98.192771,97.590361,97.590361,98.192771,97.590361,99.39759,99.39759,96.987952,98.795181,96.987952,96.987952,97.590361,97.590361,80.120482,79.518072,79.518072,80.722892,80.120482,80.722892,97.278912,98.639456,98.639456,98.639456,95.918367,98.639456,95.918367,94.557823,97.278912,95.918367,97.278912,97.278912,97.278912,50.609756,26.351351,22.818792,23.489933,22.818792,24.657534,22.147651,23.489933,22.147651,22.147651,22.147651,22.818792,22.818792,21.47651,22.147651,22.818792,23.648649,21.192053,22.147651,24.324324,20.945946,20.945946,22.297297,24.324324,23.648649,19.333333,20,19.333333,20.27027,20.945946,22.297297,20.945946,20.945946,24.137931,24.137931,24.137931,22.297297,22.297297,19.333333,19.333333,24.137931,20.945946,30.909091,24.666667,20.261438,20.529801,24.137931,25.657895,28.082192,23.972603,23.972603,27.464789,20.125786,19.178082,19.178082,19.178082,19.178082,23.188406,20,23.717949,22.151899,21.383648,21.290323,23.870968,24.647887,24.025974
NC_073200.1|YP_010747627.1_31|[Salmonella_phage_S100]hypothetical_protein|20810..21310|166 aa,60.97561,63.414634,62.804878,61.585366,72.611465,71.33758,77.710843,77.108434,77.108434,77.710843,77.108434,78.313253,70.700637,78.313253,71.974522,71.95122,62.804878,97.590361,95.783133,97.590361,89.156627,98.192771,96.987952,96.385542,78.313253,78.313253,96.385542,96.385542,98.192771,90.361446,89.759036,90.361446,90.361446,90.361446,90.361446,88.554217,88.554217,99.39759,96.385542,100,96.987952,96.385542,99.39759,100,97.590361,97.590361,97.590361,96.987952,97.590361,97.590361,100,96.987952,99.39759,99.39759,99.39759,97.590361,99.39759,99.39759,99.39759,96.385542,97.590361,98.192771,98.192771,98.192771,100,100,100,100,99.39759,99.39759,100,99.39759,97.590361,97.590361,96.987952,96.987952,96.385542,96.987952,99.39759,99.39759,79.518072,78.915663,78.915663,80.120482,79.518072,80.120482,96.598639,97.278912,97.278912,97.278912,95.238095,97.278912,97.959184,93.877551,96.598639,97.959184,99.319728,99.319728,99.319728,50.609756,25,21.854305,22.516556,21.854305,23.648649,21.192053,22.516556,21.192053,21.192053,21.192053,21.854305,21.854305,20.529801,21.192053,21.854305,22.666667,20.529801,21.192053,23.333333,20,20,21.333333,23.333333,22.666667,23.333333,23.333333,23.333333,19.333333,20,21.333333,20,20,23.129252,23.129252,23.129252,21.333333,21.333333,23.333333,20,23.129252,20,31.288344,24.666667,20.261438,21.192053,26.277372,25.657895,28.082192,25,25,28.169014,20.754717,19.863014,19.863014,19.863014,21.232877,23.913043,20,23.717949,22.151899,22.012579,21.290323,24.516129,24.647887,24.675325
NC_073201.1|YP_010747703.1_41|[Salmonella_phage_dunkel]hypothetical_protein|25780..26280|166 aa,60.97561,63.414634,62.804878,61.585366,72.611465,71.33758,77.710843,77.108434,77.108434,77.710843,77.108434,78.313253,70.700637,78.313253,71.974522,71.95122,62.804878,97.590361,95.783133,97.590361,89.156627,98.192771,96.987952,96.385542,78.313253,78.313253,96.385542,96.385542,98.192771,90.361446,89.759036,90.361446,90.361446,90.361446,90.361446,88.554217,88.554217,99.39759,96.385542,100,96.987952,96.385542,99.39759,100,97.590361,97.590361,97.590361,96.987952,97.590361,97.590361,100,96.987952,99.39759,99.39759,99.39759,97.590361,99.39759,99.39759,99.39759,96.385542,97.590361,98.192771,98.192771,98.192771,100,100,100,100,99.39759,99.39759,100,99.39759,97.590361,97.590361,96.987952,96.987952,96.385542,96.987952,99.39759,99.39759,79.518072,78.915663,78.915663,80.120482,79.518072,80.120482,96.598639,97.278912,97.278912,97.278912,95.238095,97.278912,97.959184,93.877551,96.598639,97.959184,99.319728,99.319728,99.319728,50.609756,25,21.854305,22.516556,21.854305,23.648649,21.192053,22.516556,21.192053,21.192053,21.192053,21.854305,21.854305,20.529801,21.192053,21.854305,22.666667,20.529801,21.192053,23.333333,20,20,21.333333,23.333333,22.666667,23.333333,23.333333,23.333333,19.333333,20,21.333333,20,20,23.129252,23.129252,23.129252,21.333333,21.333333,23.333333,20,23.129252,20,31.288344,24.666667,20.261438,21.192053,26.277372,25.657895,28.082192,25,25,28.169014,20.754717,19.863014,19.863014,19.863014,21.232877,23.913043,20,23.717949,22.151899,22.012579,21.290323,24.516129,24.647887,24.675325
NC_073202.1|YP_010747772.1_47|[Salmonella_phage_celemicas]hypothetical_protein|25526..26026|166 aa,60.97561,63.414634,62.804878,61.585366,72.611465,71.33758,77.710843,77.108434,77.108434,77.710843,77.108434,78.313253,70.700637,78.313253,71.974522,71.95122,62.804878,97.590361,95.783133,97.590361,89.156627,98.192771,96.987952,96.385542,78.313253,78.313253,96.385542,96.385542,98.192771,90.361446,89.759036,90.361446,90.361446,90.361446,90.361446,88.554217,88.554217,99.39759,96.385542,100,96.987952,96.385542,99.39759,100,97.590361,97.590361,97.590361,96.987952,97.590361,97.590361,100,96.987952,99.39759,99.39759,99.39759,97.590361,99.39759,99.39759,99.39759,96.385542,97.590361,98.192771,98.192771,98.192771,100,100,100,100,99.39759,99.39759,100,99.39759,97.590361,97.590361,96.987952,96.987952,96.385542,96.987952,99.39759,99.39759,79.518072,78.915663,78.915663,80.120482,79.518072,80.120482,96.598639,97.278912,97.278912,97.278912,95.238095,97.278912,97.959184,93.877551,96.598639,97.959184,99.319728,99.319728,99.319728,50.609756,25,21.854305,22.516556,21.854305,23.648649,21.192053,22.516556,21.192053,21.192053,21.192053,21.854305,21.854305,20.529801,21.192053,21.854305,22.666667,20.529801,21.192053,23.333333,20,20,21.333333,23.333333,22.666667,23.333333,23.333333,23.333333,19.333333,20,21.333333,20,20,23.129252,23.129252,23.129252,21.333333,21.333333,23.333333,20,23.129252,20,31.288344,24.666667,20.261438,21.192053,26.277372,25.657895,28.082192,25,25,28.169014,20.754717,19.863014,19.863014,19.863014,21.232877,23.913043,20,23.717949,22.151899,22.012579,21.290323,24.516129,24.647887,24.675325
NC_073203.1|YP_010747823.1_31|[Salmonella_phage_MET_P1_001_43]hypothetical_protein|19249..19749|166 aa,60.97561,63.414634,62.804878,61.585366,72.611465,71.33758,77.710843,77.108434,77.108434,77.710843,77.108434,78.313253,70.700637,78.313253,71.974522,71.95122,62.804878,97.590361,95.783133,97.590361,89.156627,98.192771,96.987952,96.385542,78.313253,78.313253,96.385542,96.385542,98.192771,90.361446,89.759036,90.361446,90.361446,90.361446,90.361446,88.554217,88.554217,99.39759,96.385542,100,96.987952,96.385542,99.39759,100,97.590361,97.590361,97.590361,96.987952,97.590361,97.590361,100,96.987952,99.39759,99.39759,99.39759,97.590361,99.39759,99.39759,99.39759,96.385542,97.590361,98.192771,98.192771,98.192771,100,100,100,100,99.39759,99.39759,100,99.39759,97.590361,97.590361,96.987952,96.987952,96.385542,96.987952,99.39759,99.39759,79.518072,78.915663,78.915663,80.120482,79.518072,80.120482,96.598639,97.278912,97.278912,97.278912,95.238095,97.278912,97.959184,93.877551,96.598639,97.959184,99.319728,99.319728,99.319728,50.609756,25,21.854305,22.516556,21.854305,23.648649,21.192053,22.516556,21.192053,21.192053,21.192053,21.854305,21.854305,20.529801,21.192053,21.854305,22.666667,20.529801,21.192053,23.333333,20,20,21.333333,23.333333,22.666667,23.333333,23.333333,23.333333,19.333333,20,21.333333,20,20,23.129252,23.129252,23.129252,21.333333,21.333333,23.333333,20,23.129252,20,31.288344,24.666667,20.261438,21.192053,26.277372,25.657895,28.082192,25,25,28.169014,20.754717,19.863014,19.863014,19.863014,21.232877,23.913043,20,23.717949,22.151899,22.012579,21.290323,24.516129,24.647887,24.675325
NC_073207.1|YP_010748064.1_18|[Salmonella_phage_SHWT1]hypothetical_protein|complement(17411..17911)|166 aa,60.97561,63.414634,62.195122,61.585366,72.611465,71.33758,77.108434,76.506024,76.506024,77.108434,76.506024,77.710843,70.700637,77.710843,71.974522,71.95122,62.804878,96.987952,95.180723,96.987952,89.156627,97.590361,96.385542,95.783133,77.710843,77.710843,95.783133,95.783133,97.590361,89.759036,89.156627,89.759036,89.759036,89.759036,89.759036,87.951807,88.554217,98.795181,95.783133,99.39759,96.385542,95.783133,98.795181,99.39759,96.987952,96.987952,96.987952,96.385542,96.987952,96.987952,99.39759,96.385542,100,100,100,96.987952,100,100,98.795181,95.783133,96.987952,97.590361,97.590361,97.590361,99.39759,99.39759,99.39759,99.39759,100,98.795181,99.39759,98.795181,96.987952,96.987952,96.385542,96.385542,95.783133,96.385542,98.795181,98.795181,78.915663,78.313253,78.313253,79.518072,78.915663,79.518072,95.918367,96.598639,96.598639,96.598639,94.557823,96.598639,97.959184,93.197279,95.918367,97.959184,100,99.319728,98.639456,50,25,21.192053,21.854305,21.192053,22.972973,20.529801,21.854305,20.529801,20.529801,20.529801,21.192053,21.192053,19.86755,20.529801,21.192053,22,19.86755,20.529801,22.666667,19.333333,19.333333,20.666667,22.666667,22,22.666667,22.666667,22.666667,18.666667,19.333333,20.666667,19.333333,19.333333,22.44898,22.44898,22.44898,20.666667,20.666667,22.666667,19.333333,22.44898,19.333333,30.674847,24,20.261438,23.333333,27.205882,26.315789,28.082192,25,25,28.169014,20.754717,19.863014,19.863014,19.863014,21.232877,23.913043,20,23.076923,21.518987,21.383648,20.645161,25.16129,24.647887,24.675325
NC_073208.1|YP_010748125.1_26|[Salmonella_phage_SLMP1]hypothetical_protein|complement(20699..21199)|166 aa,60.97561,62.804878,62.804878,61.585366,71.974522,70.700637,77.108434,76.506024,76.506024,77.108434,76.506024,77.710843,70.063694,77.710843,71.33758,71.341463,62.804878,96.987952,96.385542,98.192771,89.156627,97.590361,97.590361,96.987952,78.313253,78.313253,96.385542,96.987952,97.590361,90.361446,89.759036,90.361446,90.361446,90.361446,90.361446,88.554217,88.554217,98.795181,96.987952,99.39759,97.590361,96.987952,100,99.39759,98.192771,98.192771,98.192771,96.385542,96.987952,98.192771,99.39759,97.590361,98.795181,98.795181,98.795181,96.987952,98.795181,98.795181,98.795181,96.987952,96.987952,97.590361,97.590361,97.590361,99.39759,99.39759,99.39759,99.39759,98.795181,100,99.39759,100,96.987952,96.987952,97.590361,97.590361,96.987952,97.590361,98.795181,98.795181,78.915663,78.313253,78.313253,80.120482,78.915663,79.518072,97.278912,97.959184,97.959184,97.959184,95.918367,97.959184,97.278912,94.557823,97.278912,97.278912,98.639456,98.639456,100,50,25,21.854305,22.516556,21.854305,23.648649,21.192053,22.516556,21.192053,21.192053,21.192053,21.854305,21.854305,20.529801,21.192053,21.854305,22.666667,20.529801,21.192053,23.333333,20,20,21.333333,23.333333,22.666667,23.333333,23.333333,23.333333,19.333333,20,21.333333,20,20,23.129252,23.129252,23.129252,21.333333,21.333333,23.333333,20,23.129252,20,31.288344,24,20.261438,21.192053,25.547445,25.657895,27.39726,25,25,28.169014,20.754717,19.863014,19.863014,19.863014,21.232877,23.913043,20,23.717949,22.151899,22.012579,21.290323,23.870968,24.647887,24.675325
NC_073209.1|YP_010748162.1_6|[Salmonella_phage_GRNsp50]hypothetical_protein|complement(5544..6044)|166 aa,60.97561,63.414634,62.804878,61.585366,72.611465,71.33758,77.710843,77.108434,77.108434,77.710843,77.108434,78.313253,70.700637,78.313253,71.974522,71.95122,62.804878,97.590361,95.783133,97.590361,89.156627,98.192771,96.987952,96.385542,78.313253,78.313253,96.385542,96.385542,98.192771,90.361446,89.759036,90.361446,90.361446,90.361446,90.361446,88.554217,88.554217,99.39759,96.385542,100,96.987952,96.385542,99.39759,100,97.590361,97.590361,97.590361,96.987952,97.590361,97.590361,100,96.987952,99.39759,99.39759,99.39759,97.590361,99.39759,99.39759,99.39759,96.385542,97.590361,98.192771,98.192771,98.192771,100,100,100,100,99.39759,99.39759,100,99.39759,97.590361,97.590361,96.987952,96.987952,96.385542,96.987952,99.39759,99.39759,79.518072,78.915663,78.915663,80.120482,79.518072,80.120482,96.598639,97.278912,97.278912,97.278912,95.238095,97.278912,97.959184,93.877551,96.598639,97.959184,99.319728,99.319728,99.319728,50.609756,25,21.854305,22.516556,21.854305,23.648649,21.192053,22.516556,21.192053,21.192053,21.192053,21.854305,21.854305,20.529801,21.192053,21.854305,22.666667,20.529801,21.192053,23.333333,20,20,21.333333,23.333333,22.666667,23.333333,23.333333,23.333333,19.333333,20,21.333333,20,20,23.129252,23.129252,23.129252,21.333333,21.333333,23.333333,20,23.129252,20,31.288344,24.666667,20.261438,21.192053,26.277372,25.657895,28.082192,25,25,28.169014,20.754717,19.863014,19.863014,19.863014,21.232877,23.913043,20,23.717949,22.151899,22.012579,21.290323,24.516129,24.647887,24.675325
NC_073211.1|YP_010748298.1_37|[Salmonella_phage_T102]hypothetical_protein|22571..23071|166 aa,60.97561,62.804878,62.804878,61.585366,71.974522,70.700637,77.108434,76.506024,76.506024,77.108434,76.506024,77.710843,70.063694,77.710843,71.33758,71.341463,62.804878,96.987952,96.385542,98.192771,89.156627,97.590361,97.590361,96.987952,78.313253,78.313253,96.385542,96.987952,97.590361,90.361446,89.759036,90.361446,90.361446,90.361446,90.361446,88.554217,88.554217,98.795181,96.987952,99.39759,97.590361,96.987952,100,99.39759,98.192771,98.192771,98.192771,96.385542,96.987952,98.192771,99.39759,97.590361,98.795181,98.795181,98.795181,96.987952,98.795181,98.795181,98.795181,96.987952,96.987952,97.590361,97.590361,97.590361,99.39759,99.39759,99.39759,99.39759,98.795181,100,99.39759,100,96.987952,96.987952,97.590361,97.590361,96.987952,97.590361,98.795181,98.795181,78.915663,78.313253,78.313253,80.120482,78.915663,79.518072,97.278912,97.959184,97.959184,97.959184,95.918367,97.959184,97.278912,94.557823,97.278912,97.278912,98.639456,98.639456,100,50,25,21.854305,22.516556,21.854305,23.648649,21.192053,22.516556,21.192053,21.192053,21.192053,21.854305,21.854305,20.529801,21.192053,21.854305,22.666667,20.529801,21.192053,23.333333,20,20,21.333333,23.333333,22.666667,23.333333,23.333333,23.333333,19.333333,20,21.333333,20,20,23.129252,23.129252,23.129252,21.333333,21.333333,23.333333,20,23.129252,20,31.288344,24,20.261438,21.192053,25.547445,25.657895,27.39726,25,25,28.169014,20.754717,19.863014,19.863014,19.863014,21.232877,23.913043,20,23.717949,22.151899,22.012579,21.290323,23.870968,24.647887,24.675325
NC_073212.1|YP_010748343.1_28|[Salmonella_phage_ZCSE9]hypothetical_protein|19068..19568|166 aa,60.365854,62.804878,61.585366,62.195122,71.974522,70.700637,77.710843,77.108434,77.108434,77.710843,77.108434,78.313253,70.063694,78.313253,71.33758,71.341463,63.414634,100,96.987952,98.192771,87.349398,96.385542,98.192771,98.795181,78.313253,78.313253,98.192771,98.795181,97.590361,88.554217,87.951807,88.554217,88.554217,88.554217,88.554217,86.746988,86.746988,96.987952,97.590361,97.590361,98.192771,98.192771,96.987952,97.590361,98.192771,98.192771,98.192771,98.192771,98.192771,98.192771,97.590361,98.192771,96.987952,96.987952,96.987952,98.795181,96.987952,96.987952,98.192771,97.590361,98.795181,99.39759,99.39759,99.39759,97.590361,97.590361,97.590361,97.590361,96.987952,96.987952,97.590361,96.987952,100,98.795181,97.590361,99.39759,97.590361,97.590361,96.987952,96.987952,79.518072,78.915663,78.915663,80.120482,79.518072,80.120482,97.959184,97.959184,97.959184,97.959184,96.598639,97.959184,96.598639,95.238095,97.959184,96.598639,96.598639,96.598639,96.598639,51.219512,26.351351,22.147651,22.818792,22.147651,23.972603,21.47651,22.818792,21.47651,21.47651,21.47651,22.147651,22.147651,20.805369,21.47651,22.147651,22.972973,20.529801,21.47651,23.648649,20.27027,20.27027,21.621622,23.648649,22.972973,18.666667,19.333333,18.666667,19.594595,20.27027,21.621622,20.27027,20.27027,23.448276,23.448276,23.448276,21.621622,21.621622,18.666667,18.666667,23.448276,20.27027,30.909091,24.666667,19.607843,19.86755,24.137931,26.315789,29.166667,23.972603,23.972603,27.464789,20.754717,19.863014,22.916667,19.863014,22.916667,23.188406,19.375,23.076923,21.518987,20.754717,20.645161,23.870968,23.943662,24.025974
NC_073213.1|YP_010748406.1_26|[Salmonella_phage_vB_SenS_SB3]hypothetical_protein|17765..18265|166 aa,60.97561,63.414634,62.195122,61.585366,72.611465,71.33758,77.710843,77.108434,77.108434,77.710843,77.108434,78.313253,70.700637,78.313253,71.974522,71.95122,62.804878,98.795181,95.783133,98.192771,87.349398,96.385542,96.987952,97.590361,78.313253,78.313253,96.987952,97.590361,96.385542,88.554217,87.951807,88.554217,88.554217,88.554217,88.554217,86.746988,86.746988,96.987952,96.385542,97.590361,96.987952,97.590361,96.987952,97.590361,98.192771,98.192771,98.192771,96.987952,98.192771,98.192771,97.590361,96.987952,96.987952,96.987952,96.987952,97.590361,96.987952,96.987952,96.987952,96.385542,100,99.39759,99.39759,99.39759,97.590361,97.590361,97.590361,97.590361,96.987952,96.987952,97.590361,96.987952,98.795181,100,96.385542,98.192771,96.385542,96.385542,96.987952,96.987952,79.518072,78.915663,78.915663,80.120482,79.518072,80.120482,96.598639,97.959184,97.959184,97.959184,95.238095,97.959184,95.238095,93.877551,96.598639,95.238095,96.598639,96.598639,96.598639,50.609756,26.174497,22.818792,23.489933,22.818792,24.657534,22.147651,23.489933,22.147651,22.147651,22.147651,22.818792,22.818792,21.47651,22.147651,22.818792,23.648649,21.192053,22.147651,24.324324,20.945946,20.945946,22.297297,24.324324,23.648649,19.333333,20,19.333333,20.27027,20.945946,22.297297,20.945946,20.945946,24.137931,24.137931,24.137931,22.297297,22.297297,19.333333,19.333333,24.137931,20.945946,30.909091,24.666667,20.261438,20.529801,24.137931,25.657895,28.082192,23.972603,23.972603,27.464789,20.125786,19.178082,19.178082,19.178082,19.178082,23.188406,20,23.076923,21.518987,22.012579,20.645161,23.870968,24.647887,23.376623
NC_073214.1|YP_010748481.1_38|[Salmonella_phage_vB_SenS_ER1]hypothetical_protein|21670..22170|166 aa,59.756098,61.585366,60.97561,61.585366,70.700637,69.426752,76.506024,75.903614,75.903614,76.506024,75.903614,77.108434,68.789809,77.108434,70.063694,70.121951,62.804878,97.590361,97.590361,98.192771,86.746988,95.180723,98.795181,97.590361,77.710843,77.710843,97.590361,98.795181,97.590361,87.951807,87.349398,87.951807,87.951807,87.951807,87.951807,86.144578,86.144578,96.385542,98.192771,96.987952,98.795181,96.987952,97.590361,96.987952,98.192771,98.192771,98.192771,97.590361,96.987952,98.192771,96.987952,98.795181,96.385542,96.385542,96.385542,98.192771,96.385542,96.385542,97.590361,98.192771,96.385542,96.987952,96.987952,96.987952,96.987952,96.987952,96.987952,96.987952,96.385542,97.590361,96.987952,97.590361,97.590361,96.385542,100,98.192771,98.192771,100,96.385542,96.385542,78.313253,77.710843,77.710843,79.518072,78.313253,78.915663,98.639456,97.959184,97.959184,97.959184,97.278912,97.959184,95.918367,95.918367,98.639456,95.918367,95.918367,95.918367,97.278912,50,26.315789,21.47651,22.147651,21.47651,23.287671,20.805369,22.147651,20.805369,20.805369,20.805369,21.47651,21.47651,19.86755,20.805369,21.47651,22.297297,19.463087,21.621622,22.972973,20.408163,20.408163,20.945946,22.972973,22.297297,20,20.666667,20,19.727891,20.408163,21.768707,20.408163,20.408163,23.611111,23.611111,23.611111,21.768707,21.768707,20,18.918919,23.611111,20.408163,30.909091,23.333333,18.954248,19.86755,22.222222,26.315789,26.845638,24.305556,24.305556,27.464789,21.383648,21.37931,20.689655,21.37931,23.239437,23.913043,19.375,23.076923,21.518987,20.754717,20.645161,23.225806,24.647887,24.025974
NC_073215.1|YP_010748512.1_4|[Salmonella_phage_SGPC]tail_protein|complement(1472..1972)|166 aa,60.365854,62.195122,61.585366,62.195122,71.33758,70.063694,77.108434,76.506024,76.506024,77.108434,76.506024,77.710843,69.426752,77.710843,70.700637,70.731707,63.414634,99.39759,97.590361,98.795181,87.349398,95.783133,98.795181,99.39759,78.313253,78.313253,98.192771,99.39759,96.987952,88.554217,87.951807,88.554217,88.554217,88.554217,88.554217,86.746988,86.746988,96.385542,98.192771,96.987952,98.795181,98.795181,97.590361,96.987952,98.795181,98.795181,98.795181,97.590361,97.590361,98.795181,96.987952,98.795181,96.385542,96.385542,96.385542,98.192771,96.385542,96.385542,97.590361,98.192771,98.192771,98.795181,98.795181,98.795181,96.987952,96.987952,96.987952,96.987952,96.385542,97.590361,96.987952,97.590361,99.39759,98.192771,98.192771,100,98.192771,98.192771,96.385542,96.385542,78.915663,78.313253,78.313253,80.120482,78.915663,79.518072,98.639456,98.639456,98.639456,98.639456,97.278912,98.639456,95.918367,95.918367,98.639456,95.918367,95.918367,95.918367,97.278912,50.609756,26.351351,22.147651,22.818792,22.147651,23.972603,21.47651,22.818792,21.47651,21.47651,21.47651,22.147651,22.147651,20.805369,21.47651,22.147651,22.972973,20.529801,21.47651,23.648649,20.27027,20.27027,21.621622,23.648649,22.972973,18.666667,19.333333,18.666667,19.594595,20.27027,21.621622,20.27027,20.27027,23.448276,23.448276,23.448276,21.621622,21.621622,18.666667,18.666667,23.448276,20.27027,30.909091,24,19.607843,19.86755,23.448276,26.315789,28.472222,23.972603,23.972603,27.464789,20.754717,19.863014,22.916667,19.863014,22.916667,23.188406,19.375,23.076923,21.518987,20.754717,20.645161,23.225806,23.943662,24.025974
NC_073216.1|YP_010748575.1_5|[Salmonella_phage_STP03]hypothetical_protein|complement(5491..5991)|166 aa,59.756098,61.585366,60.97561,61.585366,70.700637,69.426752,76.506024,75.903614,75.903614,76.506024,75.903614,77.108434,68.789809,77.108434,70.063694,70.121951,62.804878,97.590361,98.192771,98.192771,86.746988,95.783133,99.39759,97.590361,77.710843,77.710843,97.590361,97.590361,96.987952,87.951807,87.349398,87.951807,87.951807,87.951807,87.951807,86.144578,86.144578,95.783133,98.795181,96.385542,99.39759,96.987952,96.987952,96.385542,98.192771,98.192771,98.192771,98.192771,96.987952,98.192771,96.385542,99.39759,95.783133,95.783133,95.783133,98.795181,95.783133,95.783133,96.987952,98.795181,96.385542,96.987952,96.987952,96.987952,96.385542,96.385542,96.385542,96.385542,95.783133,96.987952,96.385542,96.987952,97.590361,96.385542,98.192771,98.192771,100,98.192771,95.783133,95.783133,78.313253,77.710843,77.710843,79.518072,78.313253,78.915663,99.319728,97.959184,97.959184,97.959184,97.959184,97.959184,95.238095,96.598639,99.319728,95.238095,95.238095,95.238095,96.598639,51.219512,25,21.47651,22.147651,21.47651,23.287671,20.805369,22.147651,20.805369,20.805369,20.805369,21.47651,21.47651,20.134228,20.805369,21.192053,22.297297,20.134228,20.134228,22.972973,18.918919,18.918919,20.945946,22.972973,22.297297,18.666667,19.333333,18.666667,18.243243,18.918919,20.27027,18.918919,18.918919,22.068966,22.068966,22.068966,20.27027,20.27027,18.666667,18,22.068966,18.918919,30.30303,24,19.607843,20.529801,23.448276,26.315789,28.472222,23.972603,23.972603,27.464789,21.333333,23.076923,26.241135,23.076923,25,26.666667,19.375,25,23.376623,20.754717,20.645161,22.580645,23.943662,24.025974
NC_073217.1|YP_010748688.1_48|[Salmonella_phage_pink]hypothetical_protein|25082..25582|166 aa,59.756098,61.585366,60.97561,61.585366,70.700637,69.426752,76.506024,75.903614,75.903614,76.506024,75.903614,77.108434,68.789809,77.108434,70.063694,70.121951,62.804878,97.590361,97.590361,98.192771,86.746988,95.180723,98.795181,97.590361,77.710843,77.710843,97.590361,98.795181,97.590361,87.951807,87.349398,87.951807,87.951807,87.951807,87.951807,86.144578,86.144578,96.385542,98.192771,96.987952,98.795181,96.987952,97.590361,96.987952,98.192771,98.192771,98.192771,97.590361,96.987952,98.192771,96.987952,98.795181,96.385542,96.385542,96.385542,98.192771,96.385542,96.385542,97.590361,98.192771,96.385542,96.987952,96.987952,96.987952,96.987952,96.987952,96.987952,96.987952,96.385542,97.590361,96.987952,97.590361,97.590361,96.385542,100,98.192771,98.192771,100,96.385542,96.385542,78.313253,77.710843,77.710843,79.518072,78.313253,78.915663,98.639456,97.959184,97.959184,97.959184,97.278912,97.959184,95.918367,95.918367,98.639456,95.918367,95.918367,95.918367,97.278912,50,26.315789,21.47651,22.147651,21.47651,23.287671,20.805369,22.147651,20.805369,20.805369,20.805369,21.47651,21.47651,19.86755,20.805369,21.47651,22.297297,19.463087,21.621622,22.972973,20.408163,20.408163,20.945946,22.972973,22.297297,20,20.666667,20,19.727891,20.408163,21.768707,20.408163,20.408163,23.611111,23.611111,23.611111,21.768707,21.768707,20,18.918919,23.611111,20.408163,30.909091,23.333333,18.954248,19.86755,22.222222,26.315789,26.845638,24.305556,24.305556,27.464789,21.383648,21.37931,20.689655,21.37931,23.239437,23.913043,19.375,23.076923,21.518987,20.754717,20.645161,23.225806,24.647887,24.025974
NC_073218.1|YP_010748749.1_38|[Salmonella_phage_demigod]hypothetical_protein|24667..25167|166 aa,60.365854,62.804878,62.195122,60.97561,71.974522,70.700637,77.108434,76.506024,76.506024,77.108434,76.506024,77.710843,70.063694,77.710843,71.33758,71.341463,62.195122,96.987952,95.180723,96.987952,88.554217,97.590361,96.385542,95.783133,77.710843,77.710843,95.783133,95.783133,97.590361,89.759036,89.156627,89.759036,89.759036,89.759036,89.759036,87.951807,87.951807,98.795181,95.783133,99.39759,96.385542,95.783133,98.795181,99.39759,96.987952,96.987952,96.987952,96.385542,96.987952,96.987952,99.39759,96.385542,98.795181,98.795181,98.795181,96.987952,98.795181,98.795181,98.795181,95.783133,96.987952,97.590361,97.590361,97.590361,99.39759,99.39759,99.39759,99.39759,98.795181,98.795181,99.39759,98.795181,96.987952,96.987952,96.385542,96.385542,95.783133,96.385542,100,100,78.915663,78.313253,78.313253,79.518072,78.915663,79.518072,95.918367,96.598639,96.598639,96.598639,94.557823,96.598639,97.278912,93.197279,95.918367,97.278912,98.639456,98.639456,98.639456,50.609756,26,21.854305,22.516556,21.854305,23.648649,21.192053,22.516556,21.192053,21.192053,21.192053,21.854305,21.854305,20.529801,21.192053,21.854305,22.666667,20.529801,21.192053,23.333333,20,20,21.333333,23.333333,22.666667,23.333333,23.333333,23.333333,19.333333,20,21.333333,20,20,23.129252,23.129252,23.129252,21.333333,21.333333,23.333333,20,23.129252,20,31.288344,24.666667,20.261438,21.192053,22.758621,25.657895,28.082192,25,25,28.169014,20.125786,20.833333,20.833333,20.833333,22.222222,20.138889,20.125786,23.717949,22.151899,22.012579,21.290323,24.516129,23.943662,24.675325
NC_073219.1|YP_010748806.1_39|[Salmonella_phage_sidste]hypothetical_protein|23863..24363|166 aa,60.365854,62.804878,62.195122,60.97561,71.974522,70.700637,77.108434,76.506024,76.506024,77.108434,76.506024,77.710843,70.063694,77.710843,71.33758,71.341463,62.195122,96.987952,95.180723,96.987952,88.554217,97.590361,96.385542,95.783133,77.710843,77.710843,95.783133,95.783133,97.590361,89.759036,89.156627,89.759036,89.759036,89.759036,89.759036,87.951807,87.951807,98.795181,95.783133,99.39759,96.385542,95.783133,98.795181,99.39759,96.987952,96.987952,96.987952,96.385542,96.987952,96.987952,99.39759,96.385542,98.795181,98.795181,98.795181,96.987952,98.795181,98.795181,98.795181,95.783133,96.987952,97.590361,97.590361,97.590361,99.39759,99.39759,99.39759,99.39759,98.795181,98.795181,99.39759,98.795181,96.987952,96.987952,96.385542,96.385542,95.783133,96.385542,100,100,78.915663,78.313253,78.313253,79.518072,78.915663,79.518072,95.918367,96.598639,96.598639,96.598639,94.557823,96.598639,97.278912,93.197279,95.918367,97.278912,98.639456,98.639456,98.639456,50.609756,26,21.854305,22.516556,21.854305,23.648649,21.192053,22.516556,21.192053,21.192053,21.192053,21.854305,21.854305,20.529801,21.192053,21.854305,22.666667,20.529801,21.192053,23.333333,20,20,21.333333,23.333333,22.666667,23.333333,23.333333,23.333333,19.333333,20,21.333333,20,20,23.129252,23.129252,23.129252,21.333333,21.333333,23.333333,20,23.129252,20,31.288344,24.666667,20.261438,21.192053,22.758621,25.657895,28.082192,25,25,28.169014,20.125786,20.833333,20.833333,20.833333,22.222222,20.138889,20.125786,23.717949,22.151899,22.012579,21.290323,24.516129,23.943662,24.675325
NC_073314.1|YP_010748874.1_48|[Escherichia_virus_fEg-Eco19]hypothetical_protein|24956..25456|166 aa,60.97561,63.414634,59.756098,62.195122,70.700637,68.152866,95.783133,90.361446,90.361446,89.759036,89.156627,93.373494,64.33121,90.963855,69.426752,69.512195,62.804878,79.518072,77.710843,79.518072,79.518072,78.915663,78.915663,78.313253,96.987952,96.987952,78.915663,78.313253,78.313253,81.325301,78.915663,81.325301,81.325301,81.325301,81.325301,77.710843,78.313253,79.518072,78.313253,79.518072,78.915663,78.915663,78.915663,79.518072,79.518072,79.518072,79.518072,78.915663,80.120482,79.518072,79.518072,78.915663,78.915663,78.915663,78.915663,79.518072,78.915663,78.915663,78.915663,78.313253,79.518072,80.120482,80.120482,80.120482,79.518072,79.518072,79.518072,79.518072,78.915663,78.915663,79.518072,78.915663,79.518072,79.518072,78.313253,78.915663,78.313253,78.313253,78.915663,78.915663,100,93.975904,96.385542,95.783133,98.192771,96.987952,79.591837,80.272109,80.272109,80.272109,78.231293,80.272109,78.231293,78.231293,79.591837,78.231293,79.591837,79.591837,79.591837,50.306748,25.974026,23.129252,23.489933,21.333333,26.027397,20.666667,22.666667,20.666667,20.666667,20.666667,22,22.666667,19.333333,21.333333,21.333333,22.972973,18.791946,22.60274,22.516556,19.727891,19.727891,23.287671,22.818792,22.818792,21.37931,21.37931,21.37931,19.727891,19.727891,19.727891,19.727891,19.727891,19.727891,19.727891,19.727891,19.178082,19.727891,21.37931,20.408163,19.727891,19.727891,32.515337,21.854305,21.153846,20.253165,23.448276,28.187919,34.328358,21.527778,21.527778,22.758621,20.666667,20.714286,23.021583,20.714286,21.276596,21.428571,20.625,23.566879,23.566879,23.27044,24.342105,25.974026,25,22.916667
NC_073316.1|YP_010749009.1_30|[Escherichia_phage_vB_EcoS_fFiEco02]hypothetical_protein|19687..20187|166 aa,61.585366,62.195122,59.756098,62.195122,70.063694,67.515924,94.578313,88.554217,88.554217,89.156627,88.554217,87.951807,63.694268,89.156627,68.789809,68.902439,62.804878,78.915663,77.108434,78.915663,79.518072,78.313253,78.313253,77.710843,94.578313,94.578313,78.313253,77.710843,77.710843,81.325301,78.915663,81.325301,81.325301,81.325301,81.325301,77.710843,78.313253,78.915663,78.313253,78.915663,78.313253,78.313253,78.313253,78.915663,78.915663,78.915663,78.915663,78.313253,79.518072,78.915663,78.915663,78.313253,78.313253,78.313253,78.313253,78.915663,78.313253,78.313253,78.313253,77.710843,78.915663,79.518072,79.518072,79.518072,78.915663,78.915663,78.915663,78.915663,78.313253,78.313253,78.915663,78.313253,78.915663,78.915663,77.710843,78.313253,77.710843,77.710843,78.313253,78.313253,93.975904,100,95.180723,93.373494,95.783133,95.783133,78.911565,79.591837,79.591837,79.591837,77.55102,79.591837,77.55102,78.231293,78.911565,77.55102,78.911565,78.911565,78.911565,49.693252,25.324675,21.768707,22.666667,22.666667,22.44898,19.333333,20.666667,19.333333,19.333333,19.333333,20,20.666667,18,19.333333,19.333333,22.147651,17.333333,23.648649,21.192053,20.805369,20.805369,21.232877,21.47651,20.805369,20.134228,20.134228,20.134228,20.805369,20.805369,20.805369,20.805369,20.805369,20.805369,20.805369,20.805369,20.27027,20.805369,20.134228,20.805369,20.805369,20.805369,30.674847,22.368421,21.153846,20.253165,27.819549,29.577465,30.714286,21.333333,21.333333,20.979021,20.666667,19.863014,22.068966,19.863014,23.943662,20.547945,22.012579,25.641026,25.641026,23.27044,26.174497,27.272727,20.805369,24.305556
NC_073317.1|YP_010749084.1_28|[Escherichia_phage_vB_EcoS_fPoEco01]hypothetical_protein|18289..18789|166 aa,60.365854,62.804878,59.146341,61.585366,70.063694,67.515924,95.783133,90.963855,90.963855,90.361446,89.759036,90.361446,63.694268,91.566265,68.789809,69.512195,62.195122,78.915663,77.108434,78.915663,79.518072,78.313253,78.313253,77.710843,96.987952,96.987952,78.313253,77.710843,77.710843,81.325301,78.915663,81.325301,81.325301,81.325301,81.325301,77.710843,78.313253,78.915663,77.710843,78.915663,78.313253,78.313253,78.313253,78.915663,78.915663,78.915663,78.915663,78.313253,79.518072,78.915663,78.915663,78.313253,78.313253,78.313253,78.313253,78.915663,78.313253,78.313253,78.313253,77.710843,78.915663,79.518072,79.518072,79.518072,78.915663,78.915663,78.915663,78.915663,78.313253,78.313253,78.915663,78.313253,78.915663,78.915663,77.710843,78.313253,77.710843,77.710843,78.313253,78.313253,96.385542,95.180723,100,95.783133,98.192771,96.987952,78.911565,79.591837,79.591837,79.591837,77.55102,79.591837,77.55102,77.55102,78.911565,77.55102,78.911565,78.911565,78.911565,49.693252,25.324675,24.324324,24.666667,22.516556,26.530612,21.854305,23.178808,21.854305,21.854305,21.854305,22.516556,23.178808,20.529801,21.854305,21.854305,24.161074,22.297297,22.297297,23.333333,20.134228,20.134228,23.809524,23.333333,23.333333,19.333333,22.068966,19.333333,19.463087,20.134228,20.134228,20.134228,20.134228,20.134228,20.134228,20.134228,19.594595,20.134228,19.333333,20.805369,20.134228,20.134228,30.30303,22.368421,22.435897,23.076923,23.448276,28.187919,32.142857,21.333333,21.333333,21.678322,20.805369,19.863014,22.068966,19.863014,20.408163,20.547945,21.383648,25.641026,25.641026,24.528302,26.174497,25.974026,22.297297,23.611111
NC_073321.1|YP_010749394.1_37|[Escherichia_phage_ZCEC5]hypothetical_protein|20117..20617|166 aa,60.365854,61.585366,59.756098,61.585366,70.700637,68.152866,94.578313,91.566265,91.566265,90.963855,90.361446,91.566265,64.968153,92.168675,69.426752,69.512195,62.195122,80.120482,78.915663,80.722892,80.722892,79.518072,80.120482,79.518072,96.987952,96.987952,79.518072,79.518072,78.915663,82.53012,80.120482,82.53012,82.53012,82.53012,82.53012,78.915663,79.518072,80.120482,79.518072,80.120482,80.120482,80.120482,80.120482,80.120482,80.722892,80.722892,80.722892,79.518072,80.722892,80.722892,80.120482,80.120482,79.518072,79.518072,79.518072,80.120482,79.518072,79.518072,79.518072,79.518072,80.120482,80.722892,80.722892,80.722892,80.120482,80.120482,80.120482,80.120482,79.518072,80.120482,80.120482,80.120482,80.120482,80.120482,79.518072,80.120482,79.518072,79.518072,79.518072,79.518072,95.783133,93.373494,95.783133,100,96.987952,95.783133,80.272109,80.952381,80.952381,80.952381,78.911565,80.952381,78.231293,78.231293,80.272109,78.231293,79.591837,79.591837,80.272109,49.079755,26.623377,23.648649,24.161074,22,25.85034,21.192053,22.516556,21.192053,21.192053,21.192053,21.854305,22.516556,19.86755,21.192053,21.192053,23.648649,20.134228,23.287671,21.47651,21.088435,21.088435,23.129252,22.666667,22.666667,23.076923,22.068966,23.076923,20.408163,21.088435,21.088435,21.088435,21.088435,21.088435,21.088435,21.088435,20.547945,21.088435,23.076923,21.088435,21.088435,21.088435,31.288344,22.666667,21.794872,20.886076,22.758621,29.931973,32.089552,21.527778,21.527778,22.758621,21.333333,20,22.302158,20,20.567376,20.714286,20.754717,25,25,24.528302,24.342105,24.025974,25.694444,24.305556
NC_093712.1|YP_011217191.1_3|[Escherichia_phage_L_AB-2017]hypothetical_protein|complement(1052..1552)|166 aa,60.97561,63.414634,59.756098,62.195122,70.700637,68.152866,97.590361,92.168675,92.168675,91.566265,90.963855,91.566265,64.33121,92.771084,69.426752,70.121951,62.804878,79.518072,77.710843,79.518072,80.120482,78.915663,78.915663,78.313253,98.795181,98.795181,78.915663,78.313253,78.313253,81.927711,79.518072,81.927711,81.927711,81.927711,81.927711,78.313253,78.915663,79.518072,78.313253,79.518072,78.915663,78.915663,78.915663,79.518072,79.518072,79.518072,79.518072,78.915663,80.120482,79.518072,79.518072,78.915663,78.915663,78.915663,78.915663,79.518072,78.915663,78.915663,78.915663,78.313253,79.518072,80.120482,80.120482,80.120482,79.518072,79.518072,79.518072,79.518072,78.915663,78.915663,79.518072,78.915663,79.518072,79.518072,78.313253,78.915663,78.313253,78.313253,78.915663,78.915663,98.192771,95.783133,98.192771,96.987952,100,98.795181,79.591837,80.272109,80.272109,80.272109,78.231293,80.272109,78.231293,78.231293,79.591837,78.231293,79.591837,79.591837,79.591837,50.306748,25.324675,23.129252,22.818792,20.666667,25.342466,20.666667,22,20.666667,20.666667,20.666667,21.333333,22,19.333333,20.666667,20.666667,22.297297,18.791946,22.60274,21.854305,19.727891,19.727891,22.60274,22.147651,22.147651,21.37931,21.37931,21.37931,19.727891,19.727891,19.727891,19.727891,19.727891,19.727891,19.727891,19.727891,19.178082,19.727891,21.37931,20.408163,19.727891,19.727891,32.515337,21.854305,21.153846,20.253165,23.448276,28.187919,34.328358,21.527778,21.527778,22.758621,20.666667,20,22.302158,20,20.567376,20.714286,22.012579,25.641026,25.641026,24.528302,26.174497,25.974026,25,23.611111
NC_093713.1|YP_011217263.1_8|[Escherichia_phage_P_AB-2017]hypothetical_protein|complement(8713..9213)|166 aa,61.585366,64.02439,60.365854,62.804878,71.33758,68.789809,96.385542,90.963855,90.963855,91.566265,90.963855,90.361446,64.968153,91.566265,70.063694,70.731707,63.414634,80.120482,78.313253,80.120482,80.722892,79.518072,79.518072,78.915663,97.590361,97.590361,79.518072,78.915663,78.915663,82.53012,80.120482,82.53012,82.53012,82.53012,82.53012,78.915663,79.518072,80.120482,78.915663,80.120482,79.518072,79.518072,79.518072,80.120482,80.120482,80.120482,80.120482,79.518072,80.722892,80.120482,80.120482,79.518072,79.518072,79.518072,79.518072,80.120482,79.518072,79.518072,79.518072,78.915663,80.120482,80.722892,80.722892,80.722892,80.120482,80.120482,80.120482,80.120482,79.518072,79.518072,80.120482,79.518072,80.120482,80.120482,78.915663,79.518072,78.915663,78.915663,79.518072,79.518072,96.987952,95.783133,96.987952,95.783133,98.795181,100,79.591837,80.272109,80.272109,80.272109,78.231293,80.272109,78.231293,78.231293,79.591837,78.231293,79.591837,79.591837,79.591837,50.920245,25.324675,22.44898,20.666667,20.666667,22.44898,20.666667,22,20.666667,20.666667,20.666667,21.333333,21.333333,19.333333,20.666667,20.666667,20.134228,16.666667,22.60274,21.854305,19.727891,19.727891,22.60274,22.147651,22.147651,21.37931,21.37931,21.37931,19.727891,19.727891,19.727891,19.727891,19.727891,19.727891,19.727891,19.727891,19.178082,19.727891,21.37931,20.408163,19.727891,19.727891,33.128834,21.192053,21.153846,19.620253,23.448276,28.85906,36.363636,21.527778,21.527778,22.758621,20,21.276596,23.021583,21.276596,21.276596,21.428571,22.641509,25.641026,25.641026,24.528302,26.315789,25.974026,25,24.305556
NC_016763.1|YP_005098153.1_57|[Salmonella_phage_SE2]hypothetical_protein|37051..37494|147 aa,60.689655,61.37931,60,62.758621,69.655172,68.275862,77.55102,76.870748,76.870748,76.870748,76.190476,78.231293,67.586207,78.231293,68.965517,69.655172,64.137931,97.959184,98.639456,98.639456,87.07483,95.918367,100,97.959184,78.911565,78.911565,98.639456,97.959184,97.278912,88.435374,87.755102,88.435374,88.435374,88.435374,88.435374,86.394558,86.394558,95.918367,99.319728,96.598639,100,97.278912,97.278912,96.598639,98.639456,98.639456,98.639456,98.639456,97.278912,98.639456,96.598639,100,95.918367,95.918367,95.918367,99.319728,95.918367,95.918367,97.278912,99.319728,96.598639,97.278912,97.278912,97.278912,96.598639,96.598639,96.598639,96.598639,95.918367,97.278912,96.598639,97.278912,97.959184,96.598639,98.639456,98.639456,99.319728,98.639456,95.918367,95.918367,79.591837,78.911565,78.911565,80.272109,79.591837,79.591837,100,98.639456,98.639456,98.639456,98.639456,98.639456,95.918367,97.278912,100,95.918367,95.918367,95.918367,97.278912,51.034483,23.880597,23.664122,24.427481,23.664122,26.5625,22.900763,24.427481,22.900763,22.900763,22.900763,23.664122,23.664122,22.137405,22.900763,23.664122,24.427481,22.137405,22.137405,25.19084,20.610687,20.610687,22.900763,25.19084,24.427481,19.548872,20.300752,19.548872,19.847328,20.610687,22.137405,20.610687,20.610687,24.21875,24.21875,24.21875,22.137405,22.137405,19.548872,19.548872,24.21875,20.610687,30.136986,23.134328,22.962963,22.556391,26.612903,26.470588,29.365079,21.73913,21.73913,26.277372,21.804511,23.4375,25.78125,23.4375,25.78125,26.229508,21.276596,29.104478,27.205882,22.142857,21.428571,26.470588,25.78125,21.89781
NC_021317.1|YP_008058254.1_8|[Salmonella_phage_L13]hypothetical_protein|complement(7496..7939)|147 aa,61.37931,62.068966,60.689655,62.068966,70.344828,68.965517,78.231293,77.55102,77.55102,77.55102,76.870748,78.911565,68.275862,78.911565,69.655172,70.344828,63.448276,97.959184,97.278912,100,87.755102,95.918367,98.639456,97.959184,79.591837,79.591837,98.639456,97.959184,96.598639,89.115646,88.435374,89.115646,89.115646,89.115646,89.115646,87.07483,87.07483,96.598639,97.959184,97.278912,98.639456,97.959184,97.959184,97.278912,100,100,100,97.278912,98.639456,100,97.278912,98.639456,96.598639,96.598639,96.598639,97.959184,96.598639,96.598639,96.598639,97.959184,97.959184,98.639456,98.639456,98.639456,97.278912,97.278912,97.278912,97.278912,96.598639,97.959184,97.278912,97.959184,97.959184,97.959184,97.959184,98.639456,97.959184,97.959184,96.598639,96.598639,80.272109,79.591837,79.591837,80.952381,80.272109,80.272109,98.639456,100,100,100,97.278912,100,95.238095,95.918367,98.639456,95.238095,96.598639,96.598639,97.959184,49.655172,27.067669,24.427481,25.19084,24.427481,27.34375,23.664122,25.19084,23.664122,23.664122,23.664122,24.427481,24.427481,22.900763,23.664122,24.427481,25.19084,22.137405,23.664122,25.954198,22.137405,22.137405,23.664122,25.954198,25.19084,20.300752,21.052632,20.300752,21.374046,22.137405,23.664122,22.137405,22.137405,25.78125,25.78125,25.78125,23.664122,23.664122,20.300752,20.300752,25.78125,22.137405,30.136986,23.134328,23.703704,23.308271,25.806452,25.735294,28.125,23.846154,23.846154,25.547445,25.19685,25.78125,25.78125,25.78125,22.137405,26.229508,21.276596,26.811594,25,23.571429,20.714286,26.470588,26.5625,21.89781
NC_023608.1|YP_009009952.1_28|[Salmonella_phage_vB_SenS-Ent2]hypothetical_protein|19095..19538|147 aa,61.37931,62.068966,60.689655,62.068966,70.344828,68.965517,78.231293,77.55102,77.55102,77.55102,76.870748,78.911565,68.275862,78.911565,69.655172,70.344828,63.448276,97.959184,97.278912,100,87.755102,95.918367,98.639456,97.959184,79.591837,79.591837,98.639456,97.959184,96.598639,89.115646,88.435374,89.115646,89.115646,89.115646,89.115646,87.07483,87.07483,96.598639,97.959184,97.278912,98.639456,97.959184,97.959184,97.278912,100,100,100,97.278912,98.639456,100,97.278912,98.639456,96.598639,96.598639,96.598639,97.959184,96.598639,96.598639,96.598639,97.959184,97.959184,98.639456,98.639456,98.639456,97.278912,97.278912,97.278912,97.278912,96.598639,97.959184,97.278912,97.959184,97.959184,97.959184,97.959184,98.639456,97.959184,97.959184,96.598639,96.598639,80.272109,79.591837,79.591837,80.952381,80.272109,80.272109,98.639456,100,100,100,97.278912,100,95.238095,95.918367,98.639456,95.238095,96.598639,96.598639,97.959184,49.655172,27.067669,24.427481,25.19084,24.427481,27.34375,23.664122,25.19084,23.664122,23.664122,23.664122,24.427481,24.427481,22.900763,23.664122,24.427481,25.19084,22.137405,23.664122,25.954198,22.137405,22.137405,23.664122,25.954198,25.19084,20.300752,21.052632,20.300752,21.374046,22.137405,23.664122,22.137405,22.137405,25.78125,25.78125,25.78125,23.664122,23.664122,20.300752,20.300752,25.78125,22.137405,30.136986,23.134328,23.703704,23.308271,25.806452,25.735294,28.125,23.846154,23.846154,25.547445,25.19685,25.78125,25.78125,25.78125,22.137405,26.229508,21.276596,26.811594,25,23.571429,20.714286,26.470588,26.5625,21.89781
NC_024204.1|YP_009035165.1_28|[Salmonella_phage_vB_SenS-Ent3]hypothetical_protein|19099..19542|147 aa,61.37931,62.068966,60.689655,62.068966,70.344828,68.965517,78.231293,77.55102,77.55102,77.55102,76.870748,78.911565,68.275862,78.911565,69.655172,70.344828,63.448276,97.959184,97.278912,100,87.755102,95.918367,98.639456,97.959184,79.591837,79.591837,98.639456,97.959184,96.598639,89.115646,88.435374,89.115646,89.115646,89.115646,89.115646,87.07483,87.07483,96.598639,97.959184,97.278912,98.639456,97.959184,97.959184,97.278912,100,100,100,97.278912,98.639456,100,97.278912,98.639456,96.598639,96.598639,96.598639,97.959184,96.598639,96.598639,96.598639,97.959184,97.959184,98.639456,98.639456,98.639456,97.278912,97.278912,97.278912,97.278912,96.598639,97.959184,97.278912,97.959184,97.959184,97.959184,97.959184,98.639456,97.959184,97.959184,96.598639,96.598639,80.272109,79.591837,79.591837,80.952381,80.272109,80.272109,98.639456,100,100,100,97.278912,100,95.238095,95.918367,98.639456,95.238095,96.598639,96.598639,97.959184,49.655172,27.067669,24.427481,25.19084,24.427481,27.34375,23.664122,25.19084,23.664122,23.664122,23.664122,24.427481,24.427481,22.900763,23.664122,24.427481,25.19084,22.137405,23.664122,25.954198,22.137405,22.137405,23.664122,25.954198,25.19084,20.300752,21.052632,20.300752,21.374046,22.137405,23.664122,22.137405,22.137405,25.78125,25.78125,25.78125,23.664122,23.664122,20.300752,20.300752,25.78125,22.137405,30.136986,23.134328,23.703704,23.308271,25.806452,25.735294,28.125,23.846154,23.846154,25.547445,25.19685,25.78125,25.78125,25.78125,22.137405,26.229508,21.276596,26.811594,25,23.571429,20.714286,26.470588,26.5625,21.89781
NC_026017.1|YP_009113175.1_28|[Salmonella_phage_LSPA1]hypothetical_protein|19764..20207|147 aa,59.310345,60,58.62069,61.37931,68.275862,66.896552,77.55102,76.190476,76.190476,76.190476,75.510204,77.55102,66.206897,77.55102,67.586207,68.275862,62.758621,96.598639,97.278912,97.278912,85.714286,94.557823,98.639456,96.598639,77.55102,77.55102,97.278912,96.598639,95.918367,87.07483,86.394558,87.07483,87.07483,87.07483,87.07483,85.034014,85.034014,94.557823,97.959184,95.238095,98.639456,95.918367,95.918367,95.238095,97.278912,97.278912,97.278912,97.278912,95.918367,97.278912,95.238095,98.639456,94.557823,94.557823,94.557823,97.959184,94.557823,94.557823,95.918367,97.959184,95.238095,95.918367,95.918367,95.918367,95.238095,95.238095,95.238095,95.238095,94.557823,95.918367,95.238095,95.918367,96.598639,95.238095,97.278912,97.278912,97.959184,97.278912,94.557823,94.557823,78.231293,77.55102,77.55102,78.911565,78.231293,78.231293,98.639456,97.278912,97.278912,97.278912,100,97.278912,94.557823,95.918367,98.639456,94.557823,94.557823,94.557823,95.918367,50.344828,23.880597,25.581395,26.356589,26.356589,29.365079,25.581395,26.356589,25.581395,25.581395,25.581395,25.581395,26.356589,24.806202,25.581395,26.356589,26.356589,24.806202,24.806202,27.131783,23.255814,23.255814,25.581395,27.131783,26.356589,22.137405,22.900763,22.137405,22.48062,23.255814,24.806202,23.255814,23.255814,26.984127,26.984127,26.984127,24.806202,24.806202,22.137405,22.137405,26.984127,23.255814,31.724138,23.134328,22.962963,23.308271,25.806452,25.735294,28.571429,22.627737,22.627737,26.277372,21.052632,23.622047,25.984252,23.622047,25.984252,26.446281,20.567376,28.358209,26.470588,21.428571,20.714286,26.470588,25.984252,23.134328
NC_031021.1|YP_009280168.1_40|[Salmonella_phage_MA12]hypothetical_protein|complement(28634..29077)|147 aa,61.37931,62.068966,60.689655,62.068966,70.344828,68.965517,78.231293,77.55102,77.55102,77.55102,76.870748,78.911565,68.275862,78.911565,69.655172,70.344828,63.448276,97.959184,97.278912,100,87.755102,95.918367,98.639456,97.959184,79.591837,79.591837,98.639456,97.959184,96.598639,89.115646,88.435374,89.115646,89.115646,89.115646,89.115646,87.07483,87.07483,96.598639,97.959184,97.278912,98.639456,97.959184,97.959184,97.278912,100,100,100,97.278912,98.639456,100,97.278912,98.639456,96.598639,96.598639,96.598639,97.959184,96.598639,96.598639,96.598639,97.959184,97.959184,98.639456,98.639456,98.639456,97.278912,97.278912,97.278912,97.278912,96.598639,97.959184,97.278912,97.959184,97.959184,97.959184,97.959184,98.639456,97.959184,97.959184,96.598639,96.598639,80.272109,79.591837,79.591837,80.952381,80.272109,80.272109,98.639456,100,100,100,97.278912,100,95.238095,95.918367,98.639456,95.238095,96.598639,96.598639,97.959184,49.655172,27.067669,24.427481,25.19084,24.427481,27.34375,23.664122,25.19084,23.664122,23.664122,23.664122,24.427481,24.427481,22.900763,23.664122,24.427481,25.19084,22.137405,23.664122,25.954198,22.137405,22.137405,23.664122,25.954198,25.19084,20.300752,21.052632,20.300752,21.374046,22.137405,23.664122,22.137405,22.137405,25.78125,25.78125,25.78125,23.664122,23.664122,20.300752,20.300752,25.78125,22.137405,30.136986,23.134328,23.703704,23.308271,25.806452,25.735294,28.125,23.846154,23.846154,25.547445,25.19685,25.78125,25.78125,25.78125,22.137405,26.229508,21.276596,26.811594,25,23.571429,20.714286,26.470588,26.5625,21.89781
NC_031925.1|YP_009322856.1_49|[Salmonella_phage_BPS11Q3]hypothetical_protein|complement(33054..33497)|147 aa,60,61.37931,59.310345,62.068966,69.655172,68.275862,76.190476,75.510204,75.510204,75.510204,74.829932,76.870748,67.586207,76.870748,68.965517,69.655172,63.448276,96.598639,94.557823,95.238095,87.755102,95.918367,95.918367,95.238095,76.870748,76.870748,95.918367,95.238095,97.278912,88.435374,87.755102,88.435374,88.435374,88.435374,88.435374,86.394558,87.07483,97.278912,95.238095,97.959184,95.918367,94.557823,97.278912,97.959184,95.238095,95.238095,95.238095,95.918367,95.238095,95.238095,97.959184,95.918367,97.959184,97.959184,97.959184,96.598639,97.959184,97.959184,98.639456,95.238095,95.238095,95.918367,95.918367,95.918367,97.959184,97.959184,97.959184,97.959184,97.959184,97.278912,97.959184,97.278912,96.598639,95.238095,95.918367,95.918367,95.238095,95.918367,97.278912,97.278912,78.231293,77.55102,77.55102,78.231293,78.231293,78.231293,95.918367,95.238095,95.238095,95.238095,94.557823,95.238095,100,93.197279,95.918367,100,97.959184,98.639456,97.278912,50.344828,23.134328,22.727273,22.137405,20.300752,23.076923,22.137405,21.052632,22.307692,22.307692,22.307692,20.300752,20.300752,21.538462,19.548872,21.804511,23.846154,22.900763,21.052632,23.664122,22.307692,22.307692,22.307692,23.484848,23.846154,25.384615,26.153846,25.384615,21.538462,22.307692,23.846154,22.307692,22.307692,25.984252,25.984252,25.984252,22.727273,23.846154,25.384615,22.307692,25.984252,22.307692,31.205674,23.880597,24.06015,22.556391,29.310345,26.470588,30.15873,22.627737,22.627737,27.941176,25,22.834646,24.409449,22.834646,26.771654,24.793388,20.567376,26.086957,24.285714,21.428571,20.714286,27.61194,25,22.627737
NC_042065.1|YP_009617944.1_25|[Salmonella_phage_FSL_SP-101]hypothetical_protein|17112..17555|147 aa,59.310345,60.689655,59.310345,61.37931,68.275862,66.896552,76.190476,74.829932,74.829932,74.829932,74.14966,76.190476,66.206897,76.190476,67.586207,68.275862,62.758621,95.238095,95.918367,95.918367,85.714286,94.557823,97.278912,95.238095,77.55102,77.55102,95.918367,95.238095,94.557823,86.394558,86.394558,86.394558,86.394558,86.394558,86.394558,85.034014,85.034014,93.877551,96.598639,93.877551,97.278912,94.557823,94.557823,93.877551,95.918367,95.918367,95.918367,95.918367,95.238095,95.918367,93.877551,97.278912,93.197279,93.197279,93.197279,96.598639,93.197279,93.197279,94.557823,96.598639,93.877551,94.557823,94.557823,94.557823,93.877551,93.877551,93.877551,93.877551,93.197279,94.557823,93.877551,94.557823,95.238095,93.877551,95.918367,95.918367,96.598639,95.918367,93.197279,93.197279,78.231293,78.231293,77.55102,78.231293,78.231293,78.231293,97.278912,95.918367,95.918367,95.918367,95.918367,95.918367,93.197279,100,97.278912,93.197279,93.197279,93.197279,94.557823,50.344828,24.626866,21.804511,22.556391,21.804511,22.556391,21.052632,22.556391,21.052632,21.052632,21.052632,21.804511,21.804511,21.804511,23.076923,21.804511,22.556391,22.137405,22.137405,25.384615,20.610687,20.610687,21.052632,24.242424,22.556391,21.052632,21.804511,21.052632,19.847328,20.610687,22.137405,20.610687,20.610687,22.137405,22.137405,22.137405,23.076923,22.137405,21.052632,19.548872,22.137405,20.610687,30.821918,23.134328,22.962963,22.556391,26.612903,23.703704,26.315789,23.846154,23.846154,28.571429,22.556391,25.984252,28.346457,25.984252,26.923077,27.559055,19.148936,26.086957,24.285714,24.460432,20.714286,25.735294,25,23.357664
NC_073170.1|YP_010745802.1_38|[Salmonella_phage_SE-W109]hypothetical_protein|complement(24001..24444)|147 aa,60.689655,61.37931,60,62.758621,69.655172,68.275862,77.55102,76.870748,76.870748,76.870748,76.190476,78.231293,67.586207,78.231293,68.965517,69.655172,64.137931,97.959184,98.639456,98.639456,87.07483,95.918367,100,97.959184,78.911565,78.911565,98.639456,97.959184,97.278912,88.435374,87.755102,88.435374,88.435374,88.435374,88.435374,86.394558,86.394558,95.918367,99.319728,96.598639,100,97.278912,97.278912,96.598639,98.639456,98.639456,98.639456,98.639456,97.278912,98.639456,96.598639,100,95.918367,95.918367,95.918367,99.319728,95.918367,95.918367,97.278912,99.319728,96.598639,97.278912,97.278912,97.278912,96.598639,96.598639,96.598639,96.598639,95.918367,97.278912,96.598639,97.278912,97.959184,96.598639,98.639456,98.639456,99.319728,98.639456,95.918367,95.918367,79.591837,78.911565,78.911565,80.272109,79.591837,79.591837,100,98.639456,98.639456,98.639456,98.639456,98.639456,95.918367,97.278912,100,95.918367,95.918367,95.918367,97.278912,51.034483,23.880597,23.664122,24.427481,23.664122,26.5625,22.900763,24.427481,22.900763,22.900763,22.900763,23.664122,23.664122,22.137405,22.900763,23.664122,24.427481,22.137405,22.137405,25.19084,20.610687,20.610687,22.900763,25.19084,24.427481,19.548872,20.300752,19.548872,19.847328,20.610687,22.137405,20.610687,20.610687,24.21875,24.21875,24.21875,22.137405,22.137405,19.548872,19.548872,24.21875,20.610687,30.136986,23.134328,22.962963,22.556391,26.612903,26.470588,29.365079,21.73913,21.73913,26.277372,21.804511,23.4375,25.78125,23.4375,25.78125,26.229508,21.276596,29.104478,27.205882,22.142857,21.428571,26.470588,25.78125,21.89781
NC_073204.1|YP_010747918.1_50|[Salmonella_phage_LPSE1]hypothetical_protein|33185..33628|147 aa,60,61.37931,59.310345,62.068966,69.655172,68.275862,76.190476,75.510204,75.510204,75.510204,74.829932,76.870748,67.586207,76.870748,68.965517,69.655172,63.448276,96.598639,94.557823,95.238095,87.755102,95.918367,95.918367,95.238095,76.870748,76.870748,95.918367,95.238095,97.278912,88.435374,87.755102,88.435374,88.435374,88.435374,88.435374,86.394558,87.07483,97.278912,95.238095,97.959184,95.918367,94.557823,97.278912,97.959184,95.238095,95.238095,95.238095,95.918367,95.238095,95.238095,97.959184,95.918367,97.959184,97.959184,97.959184,96.598639,97.959184,97.959184,98.639456,95.238095,95.238095,95.918367,95.918367,95.918367,97.959184,97.959184,97.959184,97.959184,97.959184,97.278912,97.959184,97.278912,96.598639,95.238095,95.918367,95.918367,95.238095,95.918367,97.278912,97.278912,78.231293,77.55102,77.55102,78.231293,78.231293,78.231293,95.918367,95.238095,95.238095,95.238095,94.557823,95.238095,100,93.197279,95.918367,100,97.959184,98.639456,97.278912,50.344828,23.134328,22.727273,22.137405,20.300752,23.076923,22.137405,21.052632,22.307692,22.307692,22.307692,20.300752,20.300752,21.538462,19.548872,21.804511,23.846154,22.900763,21.052632,23.664122,22.307692,22.307692,22.307692,23.484848,23.846154,25.384615,26.153846,25.384615,21.538462,22.307692,23.846154,22.307692,22.307692,25.984252,25.984252,25.984252,22.727273,23.846154,25.384615,22.307692,25.984252,22.307692,31.205674,23.880597,24.06015,22.556391,29.310345,26.470588,30.15873,22.627737,22.627737,27.941176,25,22.834646,24.409449,22.834646,26.771654,24.793388,20.567376,26.086957,24.285714,21.428571,20.714286,27.61194,25,22.627737
NC_073205.1|YP_010747958.1_31|[Salmonella_phage_LP31]hypothetical_protein|20982..21425|147 aa,61.37931,62.758621,60.689655,62.068966,71.034483,69.655172,77.55102,76.870748,76.870748,76.870748,76.190476,78.231293,68.965517,78.231293,70.344828,71.034483,63.448276,96.598639,94.557823,96.598639,89.115646,97.278912,95.918367,95.238095,78.231293,78.231293,95.918367,95.238095,97.278912,89.795918,89.115646,89.795918,89.795918,89.795918,89.795918,87.755102,88.435374,98.639456,95.238095,99.319728,95.918367,95.238095,98.639456,99.319728,96.598639,96.598639,96.598639,95.918367,96.598639,96.598639,99.319728,95.918367,100,100,100,96.598639,100,100,98.639456,95.238095,96.598639,97.278912,97.278912,97.278912,99.319728,99.319728,99.319728,99.319728,100,98.639456,99.319728,98.639456,96.598639,96.598639,95.918367,95.918367,95.238095,95.918367,98.639456,98.639456,79.591837,78.911565,78.911565,79.591837,79.591837,79.591837,95.918367,96.598639,96.598639,96.598639,94.557823,96.598639,97.959184,93.197279,95.918367,97.959184,100,99.319728,98.639456,49.655172,20.437956,25,24.427481,22.556391,25.384615,21.804511,23.308271,21.804511,21.804511,21.804511,22.556391,22.556391,21.052632,21.804511,22.556391,25.954198,21.052632,21.804511,26.717557,22.137405,22.137405,24.427481,25.757576,25.954198,25.954198,25.954198,25.954198,21.374046,22.137405,23.664122,22.137405,22.137405,25.78125,25.78125,25.78125,23.484848,23.664122,25.954198,22.137405,25.78125,22.137405,29.861111,23.880597,22.962963,23.308271,28.813559,25.735294,28.90625,22.627737,22.627737,27.941176,21.830986,22.900763,22.900763,22.900763,24.427481,23.2,21.276596,26.811594,25,24.285714,20.714286,28.676471,25.78125,22.627737
NC_073206.1|YP_010748033.1_49|[Salmonella_phage_CTH7]hypothetical_protein|complement(32715..33158)|147 aa,61.37931,62.758621,60.689655,62.068966,71.034483,69.655172,77.55102,76.870748,76.870748,76.870748,76.190476,78.231293,68.965517,78.231293,70.344828,71.034483,63.448276,96.598639,94.557823,96.598639,89.115646,97.278912,95.918367,95.238095,78.231293,78.231293,95.918367,95.238095,97.278912,89.795918,89.115646,89.795918,89.795918,89.795918,89.795918,87.755102,88.435374,98.639456,95.238095,99.319728,95.918367,95.238095,98.639456,99.319728,96.598639,96.598639,96.598639,95.918367,96.598639,96.598639,99.319728,95.918367,99.319728,99.319728,99.319728,96.598639,99.319728,99.319728,98.639456,95.238095,96.598639,97.278912,97.278912,97.278912,99.319728,99.319728,99.319728,99.319728,99.319728,98.639456,99.319728,98.639456,96.598639,96.598639,95.918367,95.918367,95.238095,95.918367,98.639456,98.639456,79.591837,78.911565,78.911565,79.591837,79.591837,79.591837,95.918367,96.598639,96.598639,96.598639,94.557823,96.598639,98.639456,93.197279,95.918367,98.639456,99.319728,100,98.639456,49.655172,20.437956,25,24.427481,22.556391,25.384615,24.427481,23.308271,24.427481,24.427481,24.427481,22.556391,22.556391,23.664122,21.804511,22.556391,26.153846,23.664122,21.804511,25.954198,23.076923,23.076923,24.615385,25.757576,26.153846,26.923077,26.923077,26.923077,22.307692,23.076923,24.615385,23.076923,23.076923,26.771654,26.771654,26.771654,23.484848,24.615385,26.923077,23.076923,26.771654,23.076923,29.861111,23.880597,23.703704,23.308271,29.310345,25.735294,28.90625,22.627737,22.627737,27.941176,21.830986,25.19685,24.409449,25.19685,24.8,24.793388,21.276596,26.811594,25,24.285714,20.714286,27.941176,25.78125,22.627737
NC_073210.1|YP_010748238.1_23|[Salmonella_phage_fmb-p1]hypothetical_protein|complement(23471..23914)|147 aa,61.37931,62.068966,61.37931,62.068966,70.344828,68.965517,77.55102,76.870748,76.870748,76.870748,76.190476,78.231293,68.275862,78.231293,69.655172,70.344828,63.448276,96.598639,95.918367,97.959184,89.115646,97.278912,97.278912,96.598639,78.911565,78.911565,96.598639,96.598639,97.278912,90.47619,89.795918,90.47619,90.47619,90.47619,90.47619,88.435374,88.435374,98.639456,96.598639,99.319728,97.278912,96.598639,100,99.319728,97.959184,97.959184,97.959184,95.918367,96.598639,97.959184,99.319728,97.278912,98.639456,98.639456,98.639456,96.598639,98.639456,98.639456,98.639456,96.598639,96.598639,97.278912,97.278912,97.278912,99.319728,99.319728,99.319728,99.319728,98.639456,100,99.319728,100,96.598639,96.598639,97.278912,97.278912,96.598639,97.278912,98.639456,98.639456,79.591837,78.911565,78.911565,80.272109,79.591837,79.591837,97.278912,97.959184,97.959184,97.959184,95.918367,97.959184,97.278912,94.557823,97.278912,97.278912,98.639456,98.639456,100,49.655172,26.315789,23.308271,24.06015,23.308271,26.153846,22.556391,24.06015,22.556391,22.556391,22.556391,23.308271,23.308271,21.804511,22.556391,23.308271,24.06015,21.804511,22.556391,24.81203,21.052632,21.052632,22.556391,24.81203,24.06015,24.81203,24.81203,24.81203,20.300752,21.052632,22.556391,21.052632,21.052632,24.615385,24.615385,24.615385,22.556391,22.556391,24.81203,21.052632,24.615385,21.052632,30.555556,23.134328,23.703704,23.308271,28.448276,25.735294,28.125,22.627737,22.627737,27.941176,21.830986,22.900763,22.900763,22.900763,24.427481,23.2,21.276596,26.811594,25,24.285714,20.714286,27.205882,25.78125,22.627737
NC_025466.1|YP_009103926.1_40|[Shewanella_sp._phage_3/49]hypothetical_protein|23325..23825|166 aa,54.601227,54.601227,54.268293,56.441718,57.692308,57.692308,53.012048,51.807229,51.807229,52.409639,50.60241,53.012048,59.748428,51.807229,57.051282,58.282209,56.441718,51.219512,51.219512,50,53.04878,51.219512,51.219512,50,49.079755,49.079755,50.609756,50,51.219512,53.04878,53.658537,53.04878,53.04878,53.04878,53.04878,52.760736,53.658537,50.609756,50.609756,50.609756,51.219512,50.609756,50,50.609756,50,50,50,51.219512,50.609756,50,50.609756,51.219512,50,50,50,51.829268,50,50,51.219512,51.219512,50.609756,50.609756,50.609756,50.609756,50.609756,50.609756,50.609756,50.609756,50,50,50.609756,50,51.219512,50.609756,50,50.609756,51.219512,50,50.609756,50.609756,50.306748,49.693252,49.693252,49.079755,50.306748,50.920245,51.034483,49.655172,49.655172,49.655172,50.344828,49.655172,50.344828,50.344828,51.034483,50.344828,49.655172,49.655172,49.655172,100,20.754717,21.192053,24.161074,25.874126,23.648649,25.874126,21.854305,23.448276,23.448276,23.448276,23.448276,23.489933,20.529801,24.827586,22.516556,24.324324,23.026316,22.516556,23.129252,23.84106,23.84106,22,22,22,23.178808,26.845638,23.178808,23.84106,23.84106,23.84106,23.84106,23.84106,23.84106,23.84106,23.84106,23.178808,23.84106,23.178808,23.84106,23.84106,23.84106,31.707317,23.566879,20.12987,20.886076,26.056338,24.666667,29.078014,27.272727,27.272727,22.758621,21.935484,26.950355,29.496403,26.950355,28.472222,30.935252,22.151899,20.754717,20.754717,22.292994,22.222222,28.275862,22.147651,27.857143
NC_025471.1|YP_009104265.1_28|[Idiomarinaceae_phage_Phi1M2-2]virion_structural_protein|16209..16694|161 aa,26.388889,24.025974,21.935484,23.529412,22.666667,22,31.055901,32.298137,32.919255,32.704403,36.024845,32.919255,34.375,29.192547,22,26.666667,24.183007,26.351351,25.657895,25.657895,28.476821,30,25.657895,26.351351,25.974026,25.974026,25,26.490066,29.530201,27.81457,28.476821,27.81457,27.81457,27.81457,27.81457,29.333333,28.476821,25.324675,23.529412,25,25.657895,26.351351,25,25,25.657895,25.657895,25.657895,30.714286,25.324675,25.657895,25,25.657895,25,25,25,25.657895,25,25,25,25.657895,26.174497,26.351351,26.351351,26.351351,25,25,25,25,25,25,25,25,26.351351,26.174497,26.315789,26.351351,25,26.315789,26,26,25.974026,25.324675,25.324675,26.623377,25.324675,25.324675,23.880597,27.067669,27.067669,27.067669,23.880597,27.067669,23.134328,24.626866,23.880597,23.134328,20.437956,20.437956,26.315789,20.754717,100,32,32.666667,32.666667,34,33.783784,34,30.666667,30.666667,30.666667,33.333333,33.333333,29.333333,33.333333,32.666667,32,30.463576,31.788079,33.333333,32.450331,32.450331,30.921053,30.666667,34,32.666667,34.228188,32.666667,32.450331,32.450331,32.450331,32.450331,32.450331,32.450331,32.450331,32.450331,30.463576,31.788079,32.666667,32.450331,32.450331,31.788079,37.341772,32.214765,33.783784,28.387097,28.368794,34.814815,32.608696,31.944444,31.944444,33.566434,28.75817,33.103448,33.103448,33.103448,33.103448,32.413793,21.527778,23.684211,23.684211,23.972603,24.657534,32.55814,27.210884,24.836601
NC_031918.1|YP_009322249.1_52|[Salmonella_phage_64795_sal3]hypothetical_protein|27290..27772|160 aa,23.489933,22.972973,27.210884,24.161074,21.830986,21.830986,31.446541,32.484076,32.236842,35.483871,34.83871,36.774194,30.81761,27.741935,24.113475,21.333333,24.161074,22.147651,22.818792,22.818792,21.192053,21.854305,22.147651,20.529801,24.489796,24.489796,22.147651,21.47651,22.147651,21.854305,21.854305,21.854305,21.854305,21.854305,21.854305,21.854305,21.854305,21.854305,20.529801,21.854305,22.147651,22.147651,21.854305,21.854305,22.818792,22.818792,22.818792,22.147651,22.818792,22.818792,21.854305,22.147651,21.192053,21.192053,21.192053,22.147651,21.192053,21.192053,21.192053,22.147651,22.818792,22.818792,22.818792,22.818792,21.854305,21.854305,21.854305,21.854305,21.192053,21.854305,21.854305,21.854305,22.147651,22.818792,21.47651,22.147651,21.47651,21.47651,21.854305,21.854305,23.129252,21.768707,24.324324,23.648649,23.129252,22.44898,23.664122,24.427481,24.427481,24.427481,25.581395,24.427481,22.727273,21.804511,23.664122,22.727273,25,25,23.308271,21.192053,32,100,89.171975,88.535032,91.082803,89.808917,91.082803,92.356688,92.356688,92.356688,91.082803,92.356688,91.719745,92.993631,90.44586,89.102564,83.43949,82.165605,91.666667,84.615385,84.615385,91.666667,92.948718,91.025641,76.282051,76.282051,76.282051,85.25641,84.615385,84.615385,84.615385,84.615385,83.974359,83.974359,83.974359,84.615385,83.974359,76.282051,83.974359,83.974359,83.974359,89.171975,56.129032,66.242038,68.789809,18.791946,25.165563,25.352113,24,24,23.972603,26.530612,25.694444,25.694444,25.694444,25.694444,24.137931,18.181818,24.031008,24.031008,25.547445,20.422535,29.457364,23.571429,27.972028
NC_031924.1|YP_009322780.1_67|[Salmonella_phage_IME207]hypothetical_protein|28806..29282|158 aa,23.178808,21.854305,25.675676,23.178808,21.527778,21.527778,31.210191,28.481013,29.87013,31.012658,29.113924,34.615385,31.410256,27.848101,22.222222,22.666667,23.178808,22.818792,23.489933,23.489933,20.529801,22.516556,22.818792,21.192053,24.832215,24.832215,22.818792,22.147651,22.818792,21.192053,22.368421,21.192053,21.192053,21.192053,21.192053,21.192053,21.854305,22.516556,21.192053,22.516556,22.818792,22.818792,22.516556,22.516556,23.489933,23.489933,23.489933,22.818792,23.489933,23.489933,22.516556,22.818792,21.854305,21.854305,21.854305,22.818792,21.854305,21.854305,21.854305,22.818792,23.489933,23.489933,23.489933,23.489933,22.516556,22.516556,22.516556,22.516556,21.854305,22.516556,22.516556,22.516556,22.818792,23.489933,22.147651,22.818792,22.147651,22.147651,22.516556,22.516556,23.489933,22.666667,24.666667,24.161074,22.818792,20.666667,24.427481,25.19084,25.19084,25.19084,26.356589,25.19084,22.137405,22.556391,24.427481,22.137405,24.427481,24.427481,24.06015,24.161074,32.666667,89.171975,100,97.468354,90.44586,89.171975,91.719745,87.898089,87.898089,87.898089,93.630573,93.630573,88.535032,93.630573,94.267516,98.089172,82.165605,80.254777,91.666667,84.615385,84.615385,91.025641,89.102564,91.025641,75.641026,75.641026,75.641026,83.974359,84.615385,83.974359,84.615385,84.615385,83.974359,83.974359,83.974359,80.769231,83.974359,75.641026,83.974359,83.974359,83.974359,93.670886,56.129032,65.605096,69.426752,22.297297,28.187919,26.056338,24.342105,24.342105,24,25.85034,27.39726,27.39726,27.39726,29.710145,25.85034,18.571429,26.666667,26.666667,29.19708,23.357664,26.865672,24.822695,28.467153
NC_054639.1|YP_010053346.1_63|[Salmonella_phage_Skate]hypothetical_protein|28397..28873|158 aa,21.854305,20.529801,24.324324,21.854305,20.138889,20.138889,30.322581,30.128205,32.467532,33.333333,31.410256,34.615385,32.692308,29.487179,20.833333,21.333333,21.854305,22.147651,22.818792,22.818792,19.86755,21.854305,22.147651,20.529801,22.666667,22.666667,22.147651,21.47651,22.147651,20.529801,21.710526,20.529801,20.529801,20.529801,20.529801,20.529801,21.192053,21.854305,20.529801,21.854305,22.147651,22.147651,21.854305,21.854305,22.818792,22.818792,22.818792,22.147651,22.818792,22.818792,21.854305,22.147651,21.192053,21.192053,21.192053,22.147651,21.192053,21.192053,21.192053,22.147651,22.818792,22.818792,22.818792,22.818792,21.854305,21.854305,21.854305,21.854305,21.192053,21.854305,21.854305,21.854305,22.147651,22.818792,21.47651,22.147651,21.47651,21.47651,21.854305,21.854305,21.333333,22.666667,22.516556,22,20.666667,20.666667,23.664122,24.427481,24.427481,24.427481,26.356589,24.427481,20.300752,21.804511,23.664122,20.300752,22.556391,22.556391,23.308271,25.874126,32.666667,88.535032,97.468354,100,89.808917,91.719745,91.082803,90.44586,90.44586,90.44586,96.178344,93.630573,88.535032,94.267516,95.541401,96.815287,80.89172,78.980892,91.025641,83.333333,83.333333,90.384615,90.384615,90.384615,75,75,75,82.692308,83.333333,83.974359,83.333333,83.333333,83.333333,83.333333,83.333333,81.410256,82.692308,75,82.692308,83.333333,82.692308,94.936709,55.483871,64.968153,68.789809,23.489933,28.187919,26.056338,24.342105,24.342105,24,25.85034,27.39726,27.39726,27.39726,29.710145,25.85034,18.309859,31.932773,27.205882,26.277372,23.357664,26.865672,24.822695,29.19708
NC_054637.1|YP_010053153.1_29|[Escherichia_phage_vB_EcoS_Sa179lw]hypothetical_protein|15910..16383|157 aa,26.027397,23.809524,27.210884,26.712329,20.138889,20.138889,33.766234,30.967742,30.921053,34.193548,32.903226,37.419355,30.322581,30.967742,20.833333,21.333333,26.712329,23.972603,24.657534,24.657534,21.192053,21.854305,23.972603,22.297297,26.712329,26.712329,23.972603,23.287671,23.972603,23.648649,21.854305,23.648649,23.648649,23.648649,23.648649,21.854305,21.854305,23.648649,22.297297,23.648649,23.972603,23.972603,23.648649,23.648649,24.657534,24.657534,24.657534,23.972603,24.657534,24.657534,23.648649,23.972603,22.972973,22.972973,22.972973,23.972603,22.972973,22.972973,22.972973,23.972603,24.657534,24.657534,24.657534,24.657534,23.648649,23.648649,23.648649,23.648649,22.972973,23.648649,23.648649,23.648649,23.972603,24.657534,23.287671,23.972603,23.287671,23.287671,23.648649,23.648649,26.027397,22.44898,26.530612,25.85034,25.342466,22.44898,26.5625,27.34375,27.34375,27.34375,29.365079,27.34375,23.076923,22.556391,26.5625,23.076923,25.384615,25.384615,26.153846,23.648649,34,91.082803,90.44586,89.808917,100,86.624204,92.993631,89.171975,89.171975,89.171975,92.993631,94.267516,86.624204,94.904459,92.993631,91.025641,81.528662,84.076433,94.230769,85.897436,85.897436,94.871795,91.666667,94.230769,78.205128,78.205128,78.205128,86.538462,85.897436,85.25641,85.897436,85.897436,86.538462,86.538462,86.538462,82.051282,85.25641,78.205128,84.615385,86.538462,85.25641,91.719745,57.419355,68.152866,70.063694,19.863014,26.845638,24.827586,22.666667,22.666667,22.60274,23.809524,27.083333,27.083333,27.083333,27.083333,25.517241,18.309859,25.925926,25.899281,28.571429,24.264706,27.559055,26.428571,27.338129
NC_054640.1|YP_010053420.1_47|[Salmonella_phage_Segz_1]hypothetical_protein|23514..23987|157 aa,21.854305,20.666667,25.170068,24.822695,22.377622,22.377622,30.769231,31.847134,33.766234,35.66879,37.662338,34.394904,35.294118,32.484076,24.475524,23.611111,21.854305,21.47651,22.147651,22.147651,20.529801,21.192053,21.47651,19.86755,22,22,21.47651,20.805369,21.47651,21.192053,21.192053,21.192053,21.192053,21.192053,21.192053,21.192053,21.192053,21.192053,19.86755,21.192053,21.47651,21.47651,21.192053,21.192053,22.147651,22.147651,22.147651,21.47651,22.147651,22.147651,21.192053,21.47651,20.529801,20.529801,20.529801,21.47651,20.529801,20.529801,20.529801,21.47651,22.147651,22.147651,22.147651,22.147651,21.192053,21.192053,21.192053,21.192053,20.529801,21.192053,21.192053,21.192053,21.47651,22.147651,20.805369,21.47651,20.805369,20.805369,21.192053,21.192053,20.666667,19.333333,21.854305,21.192053,20.666667,20.666667,22.900763,23.664122,23.664122,23.664122,25.581395,23.664122,22.137405,21.052632,22.900763,22.137405,21.804511,24.427481,22.556391,25.874126,33.783784,89.808917,89.171975,91.719745,86.624204,100,87.261146,97.452229,97.452229,97.452229,92.356688,90.44586,95.541401,91.082803,92.356688,88.461538,85.350318,80.254777,87.820513,83.333333,83.333333,87.179487,89.74359,86.538462,74.358974,74.358974,74.358974,82.692308,83.333333,84.615385,83.333333,83.333333,83.333333,83.333333,83.333333,84.615385,82.692308,74.358974,82.692308,83.333333,82.692308,90.44586,54.83871,66.242038,68.152866,21.088435,28.767123,29.545455,23.178808,23.178808,23.333333,30.656934,25.517241,24.827586,25.517241,27.007299,23.287671,19.285714,29.166667,24.817518,26.315789,20.143885,25.735294,20.422535,29.285714
NC_054642.1|YP_010053565.1_32|[Salmonella_phage_Seszw_1]hypothetical_protein|17534..18007|157 aa,24.161074,23.648649,27.891156,26.712329,20.833333,20.833333,31.168831,31.818182,33.974359,33.548387,33.548387,35.483871,32.051282,29.487179,21.527778,22,24.832215,22.818792,23.489933,23.489933,21.854305,22.516556,22.818792,21.192053,23.333333,23.333333,22.818792,22.147651,22.818792,22.516556,22.516556,22.516556,22.516556,22.516556,22.516556,22.516556,22.516556,22.516556,21.192053,22.516556,22.818792,22.818792,22.516556,22.516556,23.489933,23.489933,23.489933,22.818792,23.489933,23.489933,22.516556,22.818792,21.854305,21.854305,21.854305,22.818792,21.854305,21.854305,21.854305,22.818792,23.489933,23.489933,23.489933,23.489933,22.516556,22.516556,22.516556,22.516556,21.854305,22.516556,22.516556,22.516556,22.818792,23.489933,22.147651,22.818792,22.147651,22.147651,22.516556,22.516556,22.666667,20.666667,23.178808,22.516556,22,22,24.427481,25.19084,25.19084,25.19084,26.356589,25.19084,21.052632,22.556391,24.427481,21.052632,23.308271,23.308271,24.06015,21.854305,34,91.082803,91.719745,91.082803,92.993631,87.261146,100,89.808917,89.808917,89.808917,93.630573,96.178344,88.535032,95.541401,93.630573,90.384615,80.254777,80.89172,94.230769,83.974359,83.974359,94.871795,91.666667,99.358974,76.282051,76.282051,76.282051,84.615385,83.974359,83.333333,83.974359,83.974359,84.615385,84.615385,84.615385,80.769231,83.333333,76.282051,82.692308,84.615385,83.333333,92.356688,56.774194,66.878981,69.426752,21.768707,26.845638,24.827586,23.333333,23.333333,23.287671,28.571429,27.083333,27.083333,27.083333,29.19708,25.517241,19.014085,28.148148,28.148148,28.571429,25.735294,30.952381,25.714286,29.078014
NC_054644.1|YP_010053740.1_57|[Salmonella_virus_VSt472]hypothetical_protein|28620..29093|157 aa,23.489933,23.129252,26.530612,24.161074,21.678322,21.678322,30.573248,31.847134,33.766234,35.66879,34.394904,36.942675,32.903226,30.573248,23.776224,21.333333,24.161074,21.47651,22.147651,22.147651,20.529801,21.192053,21.47651,19.86755,22,22,21.47651,20.805369,21.47651,21.192053,21.192053,21.192053,21.192053,21.192053,21.192053,21.192053,21.192053,21.192053,19.86755,21.192053,21.47651,21.47651,21.192053,21.192053,22.147651,22.147651,22.147651,21.47651,22.147651,22.147651,21.192053,21.47651,20.529801,20.529801,20.529801,21.47651,20.529801,20.529801,20.529801,21.47651,22.147651,22.147651,22.147651,22.147651,21.192053,21.192053,21.192053,21.192053,20.529801,21.192053,21.192053,21.192053,21.47651,22.147651,20.805369,21.47651,20.805369,20.805369,21.192053,21.192053,20.666667,19.333333,21.854305,21.192053,20.666667,20.666667,22.900763,23.664122,23.664122,23.664122,25.581395,23.664122,22.307692,21.052632,22.900763,22.307692,21.804511,24.427481,22.556391,23.448276,30.666667,92.356688,87.898089,90.44586,89.171975,97.452229,89.808917,100,100,100,92.356688,91.719745,95.541401,93.630573,92.356688,87.179487,84.076433,81.528662,89.74359,83.333333,83.333333,89.74359,92.307692,89.102564,75.641026,75.641026,75.641026,83.974359,83.333333,84.615385,83.333333,83.333333,83.333333,83.333333,83.333333,84.615385,82.692308,75.641026,82.692308,83.333333,82.692308,91.719745,55.483871,66.878981,68.152866,21.088435,26,26.618705,24,24,23.972603,30.656934,26.388889,25.694444,26.388889,25.694444,24.137931,19.285714,29.166667,24.817518,26.315789,20.863309,26.923077,26.923077,28.776978
NC_054645.1|YP_010053778.1_13|[Salmonella_phage_LPST10]hypothetical_protein|complement(11731..12204)|157 aa,23.489933,23.129252,26.530612,24.161074,21.678322,21.678322,30.573248,31.847134,33.766234,35.66879,34.394904,36.942675,32.903226,30.573248,23.776224,21.333333,24.161074,21.47651,22.147651,22.147651,20.529801,21.192053,21.47651,19.86755,22,22,21.47651,20.805369,21.47651,21.192053,21.192053,21.192053,21.192053,21.192053,21.192053,21.192053,21.192053,21.192053,19.86755,21.192053,21.47651,21.47651,21.192053,21.192053,22.147651,22.147651,22.147651,21.47651,22.147651,22.147651,21.192053,21.47651,20.529801,20.529801,20.529801,21.47651,20.529801,20.529801,20.529801,21.47651,22.147651,22.147651,22.147651,22.147651,21.192053,21.192053,21.192053,21.192053,20.529801,21.192053,21.192053,21.192053,21.47651,22.147651,20.805369,21.47651,20.805369,20.805369,21.192053,21.192053,20.666667,19.333333,21.854305,21.192053,20.666667,20.666667,22.900763,23.664122,23.664122,23.664122,25.581395,23.664122,22.307692,21.052632,22.900763,22.307692,21.804511,24.427481,22.556391,23.448276,30.666667,92.356688,87.898089,90.44586,89.171975,97.452229,89.808917,100,100,100,92.356688,91.719745,95.541401,93.630573,92.356688,87.179487,84.076433,81.528662,89.74359,83.333333,83.333333,89.74359,92.307692,89.102564,75.641026,75.641026,75.641026,83.974359,83.333333,84.615385,83.333333,83.333333,83.333333,83.333333,83.333333,84.615385,82.692308,75.641026,82.692308,83.333333,82.692308,91.719745,55.483871,66.878981,68.152866,21.088435,26,26.618705,24,24,23.972603,30.656934,26.388889,25.694444,26.388889,25.694444,24.137931,19.285714,29.166667,24.817518,26.315789,20.863309,26.923077,26.923077,28.776978
NC_054646.1|YP_010053891.1_39|[Salmonella_phage_VB_StyS_BS5]hypothetical_protein|19802..20275|157 aa,23.489933,23.129252,26.530612,24.161074,21.678322,21.678322,30.573248,31.847134,33.766234,35.66879,34.394904,36.942675,32.903226,30.573248,23.776224,21.333333,24.161074,21.47651,22.147651,22.147651,20.529801,21.192053,21.47651,19.86755,22,22,21.47651,20.805369,21.47651,21.192053,21.192053,21.192053,21.192053,21.192053,21.192053,21.192053,21.192053,21.192053,19.86755,21.192053,21.47651,21.47651,21.192053,21.192053,22.147651,22.147651,22.147651,21.47651,22.147651,22.147651,21.192053,21.47651,20.529801,20.529801,20.529801,21.47651,20.529801,20.529801,20.529801,21.47651,22.147651,22.147651,22.147651,22.147651,21.192053,21.192053,21.192053,21.192053,20.529801,21.192053,21.192053,21.192053,21.47651,22.147651,20.805369,21.47651,20.805369,20.805369,21.192053,21.192053,20.666667,19.333333,21.854305,21.192053,20.666667,20.666667,22.900763,23.664122,23.664122,23.664122,25.581395,23.664122,22.307692,21.052632,22.900763,22.307692,21.804511,24.427481,22.556391,23.448276,30.666667,92.356688,87.898089,90.44586,89.171975,97.452229,89.808917,100,100,100,92.356688,91.719745,95.541401,93.630573,92.356688,87.179487,84.076433,81.528662,89.74359,83.333333,83.333333,89.74359,92.307692,89.102564,75.641026,75.641026,75.641026,83.974359,83.333333,84.615385,83.333333,83.333333,83.333333,83.333333,83.333333,84.615385,82.692308,75.641026,82.692308,83.333333,82.692308,91.719745,55.483871,66.878981,68.152866,21.088435,26,26.618705,24,24,23.972603,30.656934,26.388889,25.694444,26.388889,25.694444,24.137931,19.285714,29.166667,24.817518,26.315789,20.863309,26.923077,26.923077,28.776978
NC_054647.1|YP_010053951.1_16|[Salmonella_phage_Akira]hypothetical_protein|complement(13949..14422)|157 aa,21.854305,19.86755,25.170068,21.854305,20.138889,20.138889,27.388535,31.612903,33.333333,33.548387,32.258065,36.129032,30.967742,29.677419,20.833333,21.333333,21.854305,22.147651,22.818792,22.818792,21.192053,21.854305,22.147651,20.529801,22.666667,22.666667,22.147651,21.47651,22.147651,21.854305,21.854305,21.854305,21.854305,21.854305,21.854305,21.854305,21.854305,21.854305,20.529801,21.854305,22.147651,22.147651,21.854305,21.854305,22.818792,22.818792,22.818792,22.147651,22.818792,22.818792,21.854305,22.147651,21.192053,21.192053,21.192053,22.147651,21.192053,21.192053,21.192053,22.147651,22.818792,22.818792,22.818792,22.818792,21.854305,21.854305,21.854305,21.854305,21.192053,21.854305,21.854305,21.854305,22.147651,22.818792,21.47651,22.147651,21.47651,21.47651,21.854305,21.854305,22,20,22.516556,21.854305,21.333333,21.333333,23.664122,24.427481,24.427481,24.427481,25.581395,24.427481,20.300752,21.804511,23.664122,20.300752,22.556391,22.556391,23.308271,23.448276,33.333333,91.082803,93.630573,96.178344,92.993631,92.356688,93.630573,92.356688,92.356688,92.356688,100,95.541401,90.44586,96.178344,97.452229,92.948718,81.528662,80.89172,93.589744,85.25641,85.25641,92.307692,92.948718,92.948718,76.282051,76.282051,76.282051,84.615385,85.25641,85.897436,85.25641,85.25641,85.25641,85.25641,85.25641,83.333333,84.615385,76.282051,83.974359,85.25641,84.615385,94.904459,56.774194,67.515924,70.063694,22.818792,28.85906,25.517241,25.170068,25.170068,23.333333,25.85034,28.368794,28.368794,28.368794,28.467153,26.760563,20,31.932773,27.205882,25,23.529412,28.030303,25.547445,29.496403
NC_054648.1|YP_010054082.1_62|[Salmonella_phage_vB_Se_STGO-35-1]minor_tail_protein|29548..30021|157 aa,22.147651,20.529801,25.85034,23.648649,20.138889,20.138889,30.519481,31.612903,31.578947,33.548387,33.548387,36.129032,32.258065,28.387097,20.833333,21.333333,21.854305,22.147651,22.818792,22.818792,21.192053,21.854305,22.147651,20.529801,23.333333,23.333333,22.147651,21.47651,22.147651,21.854305,21.854305,21.854305,21.854305,21.854305,21.854305,21.854305,21.854305,21.854305,20.529801,21.854305,22.147651,22.147651,21.854305,21.854305,22.818792,22.818792,22.818792,22.147651,22.818792,22.818792,21.854305,22.147651,21.192053,21.192053,21.192053,22.147651,21.192053,21.192053,21.192053,22.147651,22.818792,22.818792,22.818792,22.818792,21.854305,21.854305,21.854305,21.854305,21.192053,21.854305,21.854305,21.854305,22.147651,22.818792,21.47651,22.147651,21.47651,21.47651,21.854305,21.854305,22.666667,20.666667,23.178808,22.516556,22,21.333333,23.664122,24.427481,24.427481,24.427481,26.356589,24.427481,20.300752,21.804511,23.664122,20.300752,22.556391,22.556391,23.308271,23.489933,33.333333,92.356688,93.630573,93.630573,94.267516,90.44586,96.178344,91.719745,91.719745,91.719745,95.541401,100,91.719745,97.452229,96.178344,92.307692,82.165605,81.528662,94.230769,85.897436,85.897436,96.153846,91.666667,95.512821,77.564103,77.564103,77.564103,85.25641,85.897436,85.25641,85.897436,85.897436,86.538462,86.538462,86.538462,82.692308,85.25641,77.564103,84.615385,86.538462,85.25641,94.904459,58.709677,68.152866,71.33758,21.621622,28.187919,25.517241,23.178808,23.178808,23.333333,27.891156,26.206897,26.206897,26.206897,28.467153,24.657534,18.62069,26.666667,26.666667,27.857143,25,28.030303,25.547445,29.496403
NC_054649.1|YP_010054112.1_4|[Escherichia_phage_vB_EcoS_swi2]hypothetical_protein|complement(5668..6141)|157 aa,22.147651,19.078947,25.85034,22.818792,20.979021,20.979021,31.410256,35.66879,33.116883,35.66879,34.394904,36.305732,32.258065,31.847134,23.076923,20.666667,22.818792,20.805369,21.47651,21.47651,19.86755,20.529801,20.805369,20.805369,20.666667,20.666667,20.805369,20.134228,20.805369,20.529801,20.529801,20.529801,20.529801,20.529801,20.529801,20.529801,20.529801,20.529801,19.205298,20.529801,20.805369,20.805369,20.529801,20.529801,21.47651,21.47651,21.47651,20.805369,21.47651,21.47651,20.529801,20.805369,19.86755,19.86755,19.86755,20.805369,19.86755,19.86755,19.86755,20.805369,21.47651,21.47651,21.47651,21.47651,20.529801,20.529801,20.529801,20.529801,19.86755,20.529801,20.529801,20.529801,20.805369,21.47651,19.86755,20.805369,20.134228,19.86755,20.529801,20.529801,19.333333,18,20.529801,19.86755,19.333333,19.333333,22.137405,22.900763,22.900763,22.900763,24.806202,22.900763,21.538462,21.804511,22.137405,21.538462,21.052632,23.664122,21.804511,20.529801,29.333333,91.719745,88.535032,88.535032,86.624204,95.541401,88.535032,95.541401,95.541401,95.541401,90.44586,91.719745,100,91.082803,90.44586,87.820513,84.713376,80.89172,87.179487,83.974359,83.974359,89.74359,87.820513,87.820513,74.358974,74.358974,74.358974,83.333333,83.974359,83.974359,83.974359,83.974359,83.333333,83.333333,83.333333,83.333333,83.333333,74.358974,83.333333,83.333333,83.333333,88.535032,56.129032,67.515924,68.789809,19.863014,26,25.899281,25.174825,25.174825,23.333333,31.617647,27.659574,26.950355,27.659574,27.007299,25.352113,18.571429,25.806452,25.806452,26.119403,20.863309,26.470588,26.771654,30.215827
NC_054650.1|YP_010054212.1_16|[Shigella_phage_DS8]hypothetical_protein|8852..9325|157 aa,22.818792,22.297297,26.530612,23.489933,19.444444,19.444444,30.967742,32.258065,30.921053,34.193548,32.903226,36.774194,31.612903,29.032258,20.138889,20.666667,23.489933,21.47651,22.147651,22.147651,20.529801,22.972973,21.47651,19.86755,22,22,21.47651,20.805369,21.47651,21.192053,21.192053,21.192053,21.192053,21.192053,21.192053,21.192053,21.192053,21.192053,19.86755,21.192053,21.47651,21.47651,21.192053,21.192053,22.147651,22.147651,22.147651,21.47651,22.147651,22.147651,21.192053,21.47651,20.529801,20.529801,20.529801,21.47651,20.529801,20.529801,20.529801,21.47651,22.147651,22.147651,22.147651,22.147651,21.192053,21.192053,21.192053,21.192053,20.529801,21.192053,21.192053,21.192053,21.47651,22.147651,20.805369,21.47651,20.805369,20.805369,21.192053,21.192053,21.333333,19.333333,21.854305,21.192053,20.666667,20.666667,22.900763,23.664122,23.664122,23.664122,25.581395,23.664122,19.548872,23.076923,22.900763,19.548872,21.804511,21.804511,22.556391,24.827586,33.333333,92.993631,93.630573,94.267516,94.904459,91.082803,95.541401,93.630573,93.630573,93.630573,96.178344,97.452229,91.082803,100,96.178344,92.307692,82.165605,82.802548,96.153846,85.897436,85.897436,95.512821,92.948718,94.871795,78.205128,78.205128,78.205128,86.538462,85.897436,85.25641,85.897436,85.897436,85.897436,85.897436,85.897436,82.692308,85.25641,78.205128,84.615385,85.897436,85.25641,94.904459,58.064516,68.152866,70.700637,21.47651,27.516779,25.517241,25.170068,25.170068,23.972603,25.170068,27.083333,27.083333,27.083333,27.083333,25.517241,19.71831,26.666667,27.941176,27.857143,22.377622,30.15873,25.899281,28.776978
NC_054651.1|YP_010054281.1_6|[Escherichia_phage_C1]hypothetical_protein|complement(6554..7027)|157 aa,21.854305,20.529801,25.85034,21.854305,20.138889,20.138889,28.025478,34.615385,33.986928,32.903226,26.11465,36.129032,34.83871,31.410256,20.833333,21.333333,23.489933,22.147651,22.818792,22.818792,21.192053,21.854305,22.147651,20.529801,22,22,22.147651,21.47651,22.147651,21.854305,21.854305,21.854305,21.854305,21.854305,21.854305,21.854305,21.854305,21.854305,20.529801,21.854305,22.147651,22.147651,21.854305,21.854305,22.818792,22.818792,22.818792,22.147651,22.818792,22.818792,21.854305,22.147651,21.192053,21.192053,21.192053,22.147651,21.192053,21.192053,21.192053,22.147651,22.818792,22.818792,22.818792,22.818792,21.854305,21.854305,21.854305,21.854305,21.192053,21.854305,21.854305,21.854305,22.147651,22.818792,21.47651,22.147651,21.192053,21.47651,21.854305,21.854305,21.333333,19.333333,21.854305,21.192053,20.666667,20.666667,23.664122,24.427481,24.427481,24.427481,26.356589,24.427481,21.804511,21.804511,23.664122,21.804511,22.556391,22.556391,23.308271,22.516556,32.666667,90.44586,94.267516,95.541401,92.993631,92.356688,93.630573,92.356688,92.356688,92.356688,97.452229,96.178344,90.44586,96.178344,100,93.589744,84.076433,82.165605,93.589744,86.538462,86.538462,93.589744,92.948718,92.948718,77.564103,77.564103,77.564103,85.897436,86.538462,87.179487,86.538462,86.538462,86.538462,86.538462,86.538462,84.615385,85.897436,77.564103,85.897436,86.538462,85.897436,96.178344,58.064516,68.152866,70.700637,21.621622,28.187919,25.517241,25.170068,25.170068,23.333333,24.489796,27.659574,27.659574,27.659574,27.659574,26.056338,19.014085,32.773109,32.773109,26.618705,24.264706,26.277372,24.817518,29.496403
NC_070846.1|YP_010657369.1_2|[Salmonella_phage_LPSTLL]hypothetical_protein|1594..2067|157 aa,23.809524,22.44898,26.388889,23.809524,20.138889,20.138889,29.677419,31.612903,31.578947,34.193548,30.519481,33.548387,29.677419,28.387097,20.833333,21.47651,23.809524,22.972973,23.648649,23.648649,21.333333,22.666667,22.972973,21.333333,24.324324,24.324324,22.972973,22.297297,22.972973,22,23.178808,22,22,22,22,22,22.666667,22.666667,21.333333,22.666667,22.972973,22.972973,22.666667,22.666667,23.648649,23.648649,23.648649,22.972973,23.648649,23.648649,22.666667,22.972973,22,22,22,22.972973,22,22,22,22.972973,23.648649,23.648649,23.648649,23.648649,22.666667,22.666667,22.666667,22.666667,22,22.666667,22.666667,22.666667,22.972973,23.648649,22.297297,22.972973,22.297297,22.297297,22.666667,22.666667,22.972973,22.147651,24.161074,23.648649,22.297297,20.134228,24.427481,25.19084,25.19084,25.19084,26.356589,25.19084,23.846154,22.556391,24.427481,23.846154,25.954198,26.153846,24.06015,24.324324,32,89.102564,98.089172,96.815287,91.025641,88.461538,90.384615,87.179487,87.179487,87.179487,92.948718,92.307692,87.820513,92.307692,93.589744,100,80.128205,80.128205,91.666667,82.051282,82.051282,92.307692,89.74359,91.025641,73.717949,73.717949,73.717949,81.410256,82.051282,81.410256,82.051282,82.051282,82.051282,82.051282,82.051282,79.487179,81.410256,73.717949,81.410256,82.051282,81.410256,92.993631,53.548387,63.461538,67.948718,21.768707,26.351351,26.241135,24.342105,24.342105,24,25.85034,27.39726,27.39726,27.39726,29.710145,25.85034,20.138889,25.185185,25.185185,28.467153,22.627737,25,24.113475,28.467153
NC_071144.1|YP_010685103.1_4|[Klebsiella_phage_VLCpiS13f]virion_structural_protein|complement(4718..5191)|157 aa,25.874126,20,25.503356,21.854305,21.678322,21.678322,31.125828,30.573248,30.128205,33.121019,32.467532,34.394904,33.121019,29.299363,23.776224,21.333333,23.809524,20.529801,21.47651,20.805369,19.86755,20.529801,20.805369,19.86755,19.463087,19.463087,22.666667,19.86755,20.134228,20.529801,20.529801,20.529801,20.529801,20.529801,20.529801,20.915033,20.529801,20.529801,20.805369,20.529801,20.805369,20.529801,20.529801,20.529801,20.805369,20.805369,20.805369,20.805369,20.805369,20.805369,20.529801,20.805369,19.86755,19.86755,19.86755,20.805369,19.86755,19.86755,19.86755,20.805369,21.192053,21.192053,21.192053,21.192053,20.529801,20.529801,20.529801,20.529801,19.86755,20.529801,20.529801,20.529801,20.529801,21.192053,19.463087,20.529801,20.134228,19.463087,20.529801,20.529801,18.791946,17.333333,22.297297,20.134228,18.791946,16.666667,22.137405,22.137405,22.137405,22.137405,24.806202,22.137405,22.900763,22.137405,22.137405,22.900763,21.052632,23.664122,21.804511,23.026316,30.463576,83.43949,82.165605,80.89172,81.528662,85.350318,80.254777,84.076433,84.076433,84.076433,81.528662,82.165605,84.713376,82.165605,84.076433,80.128205,100,90.44586,80.128205,92.948718,92.948718,79.487179,80.128205,79.487179,80.128205,80.128205,80.128205,92.307692,92.948718,92.307692,92.948718,92.948718,92.307692,92.307692,92.307692,90.384615,91.666667,80.128205,92.948718,92.307692,92.307692,80.89172,58.064516,66.878981,66.242038,20.979021,22.818792,34.090909,25.170068,25.170068,24.647887,33.333333,26.760563,26.056338,26.760563,26.086957,25.352113,21.052632,27.34375,28.125,24.087591,26.01626,28.244275,28.461538,26.056338
NC_071145.1|YP_010685197.1_17|[Klebsiella_phage_VLCpiS13e]virion_structural_protein|10270..10743|157 aa,23.972603,23.129252,25.85034,23.287671,20.138889,21.37931,31.612903,33.548387,29.487179,33.766234,32.258065,33.333333,30.967742,30.322581,22.068966,19.205298,23.287671,21.47651,21.47651,22.147651,19.205298,21.192053,20.805369,20.805369,23.972603,23.972603,22.666667,20.805369,20.134228,22.44898,19.86755,22.44898,22.44898,22.44898,22.44898,19.607843,23.129252,21.192053,20.805369,21.192053,20.805369,21.47651,21.192053,21.192053,22.147651,22.147651,22.147651,20.805369,22.147651,22.147651,21.192053,20.805369,20.529801,20.529801,20.529801,20.805369,20.529801,20.529801,20.529801,20.805369,22.147651,22.147651,22.147651,22.147651,21.192053,21.192053,21.192053,21.192053,20.529801,21.192053,21.192053,21.192053,21.47651,22.147651,21.621622,21.47651,20.134228,21.621622,21.192053,21.192053,22.60274,23.648649,22.297297,23.287671,22.60274,22.60274,22.137405,23.664122,23.664122,23.664122,24.806202,23.664122,21.052632,22.137405,22.137405,21.052632,21.804511,21.804511,22.556391,22.516556,31.788079,82.165605,80.254777,78.980892,84.076433,80.254777,80.89172,81.528662,81.528662,81.528662,80.89172,81.528662,80.89172,82.802548,82.165605,80.128205,90.44586,100,82.692308,93.589744,93.589744,82.051282,81.410256,82.051282,80.769231,80.769231,80.769231,94.230769,93.589744,94.230769,93.589744,93.589744,92.948718,92.948718,92.948718,92.948718,93.589744,80.769231,92.948718,92.948718,92.948718,80.254777,58.709677,64.968153,66.242038,22.857143,22.147651,28.26087,23.776224,23.776224,24.324324,29.411765,26.811594,26.811594,26.811594,27.536232,26.086957,21.052632,25.806452,25.806452,22.962963,27.118644,25.954198,21.830986,24.647887
NC_010495.1|YP_001742072.1_35|[Salmonella_phage_Vi_II-E1]hypothetical_protein|24365..24835|156 aa,24.324324,23.333333,28.082192,24.324324,21.527778,21.527778,31.818182,33.116883,31.788079,35.064935,32.467532,35.714286,31.168831,29.87013,22.222222,22.818792,24.324324,23.648649,24.324324,24.324324,23.333333,25.170068,23.648649,22,23.178808,23.178808,23.648649,22.972973,23.648649,24,24,24,24,24,24,24,24,23.333333,22,23.333333,23.648649,23.648649,23.333333,23.333333,24.324324,24.324324,24.324324,23.648649,24.324324,24.324324,23.333333,23.648649,22.666667,22.666667,22.666667,23.648649,22.666667,22.666667,22.666667,23.648649,24.324324,24.324324,24.324324,24.324324,23.333333,23.333333,23.333333,23.333333,22.666667,23.333333,23.333333,23.333333,23.648649,24.324324,22.972973,23.648649,22.972973,22.972973,23.333333,23.333333,22.516556,21.192053,23.333333,21.47651,21.854305,21.854305,25.19084,25.954198,25.954198,25.954198,27.131783,25.954198,23.664122,25.384615,25.19084,23.664122,26.717557,25.954198,24.81203,23.129252,33.333333,91.666667,91.666667,91.025641,94.230769,87.820513,94.230769,89.74359,89.74359,89.74359,93.589744,94.230769,87.179487,96.153846,93.589744,91.666667,80.128205,82.692308,100,83.333333,83.333333,94.230769,92.948718,94.871795,76.282051,76.282051,76.282051,83.974359,83.333333,82.692308,83.333333,83.333333,83.333333,83.333333,83.333333,80.769231,82.692308,76.282051,82.051282,83.333333,82.692308,92.307692,55.483871,66.025641,69.230769,21.768707,26.845638,24.305556,26.027397,26.027397,23.972603,26.241135,27.972028,27.972028,27.972028,27.972028,26.388889,19.858156,27.205882,27.205882,27.659574,22.377622,25.56391,25.179856,27.464789
NC_021534.1|YP_008126232.1_68|[Vibrio_phage_pYD38-A]hypothetical_protein|complement(39512..39982)|156 aa,24.827586,22.60274,26.712329,23.287671,20.138889,20.138889,29.87013,31.818182,30.718954,31.818182,31.818182,32.467532,34.415584,29.87013,20.833333,21.47651,23.287671,20.27027,20.27027,20.945946,21.232877,20,19.594595,19.594595,20.408163,20.408163,22.818792,19.594595,18.918919,21.917808,21.917808,21.917808,21.917808,21.917808,21.917808,19.736842,22.60274,20,19.594595,20,19.594595,20.27027,20,20,20.945946,20.945946,20.945946,19.594595,20.945946,20.945946,20,19.594595,19.333333,19.333333,19.333333,19.594595,19.333333,19.333333,19.333333,19.594595,20.945946,20.945946,20.945946,20.945946,20,20,20,20,19.333333,20,20,20,20.27027,20.945946,20.408163,20.27027,18.918919,20.408163,20,20,19.727891,20.805369,20.134228,21.088435,19.727891,19.727891,20.610687,22.137405,22.137405,22.137405,23.255814,22.137405,22.307692,20.610687,20.610687,22.307692,22.137405,23.076923,21.052632,23.84106,32.450331,84.615385,84.615385,83.333333,85.897436,83.333333,83.974359,83.333333,83.333333,83.333333,85.25641,85.897436,83.974359,85.897436,86.538462,82.051282,92.948718,93.589744,83.333333,100,100,82.692308,83.333333,82.692308,86.538462,86.538462,86.538462,99.358974,100,97.435897,100,100,99.358974,99.358974,99.358974,91.025641,98.076923,86.538462,98.076923,99.358974,99.358974,83.974359,58.709677,67.948718,68.589744,25.531915,23.648649,29.927007,23.776224,23.776224,24.647887,31.428571,28.26087,28.26087,28.26087,28.985507,27.536232,21.212121,26.829268,26.829268,25.19084,23.076923,27.407407,22.695035,25.352113
NC_042037.1|YP_009614658.1_62|[Aeromonas_phage_pIS4-A]hypothetical_protein|32456..32926|156 aa,24.827586,22.60274,26.712329,23.287671,20.138889,20.138889,29.87013,31.818182,30.718954,31.818182,31.818182,32.467532,34.415584,29.87013,20.833333,21.47651,23.287671,20.27027,20.27027,20.945946,21.232877,20,19.594595,19.594595,20.408163,20.408163,22.818792,19.594595,18.918919,21.917808,21.917808,21.917808,21.917808,21.917808,21.917808,19.736842,22.60274,20,19.594595,20,19.594595,20.27027,20,20,20.945946,20.945946,20.945946,19.594595,20.945946,20.945946,20,19.594595,19.333333,19.333333,19.333333,19.594595,19.333333,19.333333,19.333333,19.594595,20.945946,20.945946,20.945946,20.945946,20,20,20,20,19.333333,20,20,20,20.27027,20.945946,20.408163,20.27027,18.918919,20.408163,20,20,19.727891,20.805369,20.134228,21.088435,19.727891,19.727891,20.610687,22.137405,22.137405,22.137405,23.255814,22.137405,22.307692,20.610687,20.610687,22.307692,22.137405,23.076923,21.052632,23.84106,32.450331,84.615385,84.615385,83.333333,85.897436,83.333333,83.974359,83.333333,83.333333,83.333333,85.25641,85.897436,83.974359,85.897436,86.538462,82.051282,92.948718,93.589744,83.333333,100,100,82.692308,83.333333,82.692308,86.538462,86.538462,86.538462,99.358974,100,97.435897,100,100,99.358974,99.358974,99.358974,91.025641,98.076923,86.538462,98.076923,99.358974,99.358974,83.974359,58.709677,67.948718,68.589744,25.531915,23.648649,29.927007,23.776224,23.776224,24.647887,31.428571,28.26087,28.26087,28.26087,28.985507,27.536232,21.212121,26.829268,26.829268,25.19084,23.076923,27.407407,22.695035,25.352113
NC_054638.1|YP_010053258.1_48|[Salmonella_phage_vB_SenS_SB28]hypothetical_protein|24344..24814|156 aa,25.517241,22.44898,26.027397,26.206897,19.444444,19.444444,30.128205,31.372549,33.116883,35.714286,32.051282,36.363636,31.818182,29.220779,20.138889,20.805369,26.206897,21.621622,21.621622,22.297297,21.333333,21.333333,21.621622,20,23.972603,23.972603,21.621622,20.945946,21.621622,22,22,22,22,22,22,22,22,21.333333,20,21.333333,21.621622,21.621622,21.333333,21.333333,22.297297,22.297297,22.297297,21.621622,22.297297,22.297297,21.333333,21.621622,20.666667,20.666667,20.666667,21.621622,20.666667,20.666667,20.666667,21.621622,22.297297,22.297297,22.297297,22.297297,21.333333,21.333333,21.333333,21.333333,20.666667,21.333333,21.333333,21.333333,21.621622,22.297297,20.945946,21.621622,20.945946,20.945946,21.333333,21.333333,23.287671,21.232877,23.809524,23.129252,22.60274,22.60274,22.900763,23.664122,23.664122,23.664122,25.581395,23.664122,22.307692,21.052632,22.900763,22.307692,24.427481,24.615385,22.556391,22,30.921053,91.666667,91.025641,90.384615,94.871795,87.179487,94.871795,89.74359,89.74359,89.74359,92.307692,96.153846,89.74359,95.512821,93.589744,92.307692,79.487179,82.051282,94.230769,82.692308,82.692308,100,91.666667,95.512821,75,75,75,83.333333,82.692308,82.051282,82.692308,82.692308,83.333333,83.333333,83.333333,80.128205,82.051282,75,81.410256,83.333333,82.051282,92.307692,56.129032,66.666667,68.589744,21.232877,25.675676,25,24,24,23.972603,27.210884,25.517241,25.517241,25.517241,25.517241,25.517241,18.881119,28.346457,28.346457,26.618705,25.185185,28.225806,24.285714,29.496403
NC_054641.1|YP_010053509.1_61|[Salmonella_virus_KFS-SE2]hypothetical_protein|complement(34627..35097)|156 aa,25,24.489796,28.767123,25.675676,21.527778,21.527778,31.410256,33.548387,32.894737,35.714286,34.415584,36.363636,30.065359,29.87013,22.222222,22.818792,25.675676,23.648649,24.324324,24.324324,22,23.333333,23.648649,22,23.489933,23.489933,23.648649,22.972973,22.972973,22.666667,22.666667,22.666667,22.666667,22.666667,22.666667,22.666667,22.666667,23.333333,22,23.333333,23.648649,23.648649,23.333333,23.333333,24.324324,24.324324,24.324324,23.648649,24.324324,24.324324,23.333333,23.648649,22.666667,22.666667,22.666667,23.648649,22.666667,22.666667,22.666667,23.648649,24.324324,24.324324,24.324324,24.324324,23.333333,23.333333,23.333333,23.333333,22.666667,23.333333,23.333333,23.333333,23.648649,24.324324,22.972973,23.648649,22.972973,22.972973,23.333333,23.333333,22.818792,21.47651,23.333333,22.666667,22.147651,22.147651,25.19084,25.954198,25.954198,25.954198,27.131783,25.954198,23.484848,24.242424,25.19084,23.484848,25.757576,25.757576,24.81203,22,30.666667,92.948718,89.102564,90.384615,91.666667,89.74359,91.666667,92.307692,92.307692,92.307692,92.948718,91.666667,87.820513,92.948718,92.948718,89.74359,80.128205,81.410256,92.948718,83.333333,83.333333,91.666667,100,92.307692,75.641026,75.641026,75.641026,83.974359,83.333333,83.974359,83.333333,83.333333,83.333333,83.333333,83.333333,83.974359,82.692308,75.641026,82.051282,83.333333,82.692308,91.666667,53.548387,65.384615,68.589744,20,28.275862,26.618705,23.333333,23.333333,23.972603,25.85034,27.777778,27.777778,27.777778,27.777778,26.206897,19.708029,27.731092,23.529412,26.865672,24.264706,30.833333,27.407407,28.873239
NC_054643.1|YP_010053681.1_76|[Salmonella_phage_SeSz-2]hypothetical_protein|39846..40316|156 aa,24.324324,23.809524,28.082192,26.896552,20.833333,20.833333,32.026144,32.679739,34.83871,35.714286,33.766234,35.714286,32.258065,30.322581,21.527778,22.147651,25,22.972973,23.648649,23.648649,22.666667,22.666667,22.972973,21.333333,23.489933,23.489933,22.972973,22.297297,22.972973,23.333333,23.333333,23.333333,23.333333,23.333333,23.333333,23.333333,23.333333,22.666667,21.333333,22.666667,22.972973,22.972973,22.666667,22.666667,23.648649,23.648649,23.648649,22.972973,23.648649,23.648649,22.666667,22.972973,22,22,22,22.972973,22,22,22,22.972973,23.648649,23.648649,23.648649,23.648649,22.666667,22.666667,22.666667,22.666667,22,22.666667,22.666667,22.666667,22.972973,23.648649,22.297297,22.972973,22.297297,22.297297,22.666667,22.666667,22.818792,20.805369,23.333333,22.666667,22.147651,22.147651,24.427481,25.19084,25.19084,25.19084,26.356589,25.19084,23.846154,22.556391,24.427481,23.846154,25.954198,26.153846,24.06015,22,34,91.025641,91.025641,90.384615,94.230769,86.538462,99.358974,89.102564,89.102564,89.102564,92.948718,95.512821,87.820513,94.871795,92.948718,91.025641,79.487179,82.051282,94.871795,82.692308,82.692308,95.512821,92.307692,100,75,75,75,83.333333,82.692308,82.051282,82.692308,82.692308,83.333333,83.333333,83.333333,80.128205,82.051282,75,81.410256,83.333333,82.051282,91.666667,55.483871,66.025641,69.230769,21.232877,25.675676,25,23.333333,23.333333,23.287671,28.571429,27.083333,27.083333,27.083333,29.19708,25.517241,19.148936,27.407407,27.407407,28.571429,25,29.032258,25,29.078014
NC_054652.1|YP_010054356.1_5|[Klebsiella_phage_YX3973]hypothetical_protein|6251..6721|156 aa,20.394737,22.147651,25.170068,20.529801,22.142857,22.857143,33.333333,32.236842,32.051282,30.128205,30.769231,30.769231,32.051282,31.410256,23.571429,23.448276,22.297297,18.666667,19.333333,19.333333,21.917808,23.333333,18.666667,18,22.068966,22.068966,19.86755,18,20.805369,23.972603,22.60274,23.972603,23.972603,23.972603,23.972603,23.129252,22.60274,23.333333,18.666667,23.333333,18.666667,18.666667,23.333333,23.333333,19.333333,19.333333,19.333333,18.666667,19.333333,19.333333,23.333333,18.666667,22.666667,22.666667,22.666667,18.666667,22.666667,22.666667,22.666667,18.666667,19.333333,19.333333,19.333333,19.333333,23.333333,23.333333,23.333333,23.333333,22.666667,23.333333,23.333333,23.333333,18.666667,19.333333,20,18.666667,18.666667,20,23.333333,23.333333,21.37931,20.134228,19.333333,23.076923,21.37931,21.37931,19.548872,20.300752,20.300752,20.300752,22.137405,20.300752,25.384615,21.052632,19.548872,25.384615,25.954198,26.923077,24.81203,23.178808,32.666667,76.282051,75.641026,75,78.205128,74.358974,76.282051,75.641026,75.641026,75.641026,76.282051,77.564103,74.358974,78.205128,77.564103,73.717949,80.128205,80.769231,76.282051,86.538462,86.538462,75,75.641026,75,100,99.358974,100,86.538462,86.538462,83.974359,86.538462,86.538462,86.538462,86.538462,86.538462,78.846154,84.615385,100,85.25641,86.538462,85.897436,75.641026,58.064516,65.384615,65.384615,26.277372,25.517241,26.388889,23.84106,23.84106,24.832215,29.577465,29.452055,29.452055,29.452055,28.767123,28.767123,21.641791,23.357664,23.357664,23.972603,21.73913,29.268293,24.113475,26.056338
NC_054653.1|YP_010054428.1_13|[Klebsiella_virus_KpV2811]hypothetical_protein|complement(13683..14153)|156 aa,24.827586,22.147651,24,22.758621,22.142857,22.857143,35.526316,32.236842,30.769231,30.128205,30.769231,30.769231,33.974359,32.051282,23.571429,23.448276,22.297297,19.333333,20,20,20.666667,21.333333,19.333333,20.666667,22.068966,22.068966,20.529801,18.666667,19.333333,22.666667,21.333333,22.666667,22.666667,22.666667,22.666667,21.854305,21.333333,23.333333,19.333333,23.333333,19.333333,19.333333,23.333333,23.333333,20,20,20,19.333333,20,20,23.333333,19.333333,22.666667,22.666667,22.666667,19.333333,22.666667,22.666667,22.666667,19.333333,20,20,20,20,23.333333,23.333333,23.333333,23.333333,22.666667,23.333333,23.333333,23.333333,19.333333,20,20.666667,19.333333,19.333333,20.666667,23.333333,23.333333,21.37931,20.134228,22.068966,22.068966,21.37931,21.37931,20.300752,21.052632,21.052632,21.052632,22.900763,21.052632,26.153846,21.804511,20.300752,26.153846,25.954198,26.923077,24.81203,26.845638,34.228188,76.282051,75.641026,75,78.205128,74.358974,76.282051,75.641026,75.641026,75.641026,76.282051,77.564103,74.358974,78.205128,77.564103,73.717949,80.128205,80.769231,76.282051,86.538462,86.538462,75,75.641026,75,99.358974,100,99.358974,86.538462,86.538462,83.974359,86.538462,86.538462,86.538462,86.538462,86.538462,78.846154,84.615385,99.358974,85.25641,86.538462,85.897436,75.641026,58.064516,65.384615,65.384615,26.241135,25.517241,28.571429,23.84106,23.84106,24.832215,28.873239,29.452055,29.452055,29.452055,28.767123,28.767123,21.804511,26.190476,23.809524,23.287671,23.021583,29.268293,24.113475,25.352113
NC_054654.1|YP_010054542.1_49|[Klebsiella_phage_vB_KpnS_ZX4]hypothetical_protein|25749..26219|156 aa,20.394737,22.147651,25.170068,20.529801,22.142857,22.857143,33.333333,32.236842,32.051282,30.128205,30.769231,30.769231,32.051282,31.410256,23.571429,23.448276,22.297297,18.666667,19.333333,19.333333,21.917808,23.333333,18.666667,18,22.068966,22.068966,19.86755,18,20.805369,23.972603,22.60274,23.972603,23.972603,23.972603,23.972603,23.129252,22.60274,23.333333,18.666667,23.333333,18.666667,18.666667,23.333333,23.333333,19.333333,19.333333,19.333333,18.666667,19.333333,19.333333,23.333333,18.666667,22.666667,22.666667,22.666667,18.666667,22.666667,22.666667,22.666667,18.666667,19.333333,19.333333,19.333333,19.333333,23.333333,23.333333,23.333333,23.333333,22.666667,23.333333,23.333333,23.333333,18.666667,19.333333,20,18.666667,18.666667,20,23.333333,23.333333,21.37931,20.134228,19.333333,23.076923,21.37931,21.37931,19.548872,20.300752,20.300752,20.300752,22.137405,20.300752,25.384615,21.052632,19.548872,25.384615,25.954198,26.923077,24.81203,23.178808,32.666667,76.282051,75.641026,75,78.205128,74.358974,76.282051,75.641026,75.641026,75.641026,76.282051,77.564103,74.358974,78.205128,77.564103,73.717949,80.128205,80.769231,76.282051,86.538462,86.538462,75,75.641026,75,100,99.358974,100,86.538462,86.538462,83.974359,86.538462,86.538462,86.538462,86.538462,86.538462,78.846154,84.615385,100,85.25641,86.538462,85.897436,75.641026,58.064516,65.384615,65.384615,26.277372,25.517241,26.388889,23.84106,23.84106,24.832215,29.577465,29.452055,29.452055,29.452055,28.767123,28.767123,21.641791,23.357664,23.357664,23.972603,21.73913,29.268293,24.113475,26.056338
NC_071142.1|YP_010684975.1_52|[Klebsiella_phage_VLCpiS13d]virion_structural_protein|25572..26042|156 aa,25.517241,23.287671,27.39726,23.972603,19.444444,20.138889,31.818182,31.818182,29.411765,32.467532,31.168831,33.116883,33.766234,29.220779,20.138889,20.805369,23.972603,19.594595,19.594595,20.27027,18,19.333333,18.918919,18.918919,21.088435,21.088435,22.147651,18.918919,18.243243,21.232877,18.666667,21.232877,21.232877,21.232877,21.232877,19.078947,21.917808,19.333333,18.918919,19.333333,18.918919,19.594595,19.333333,19.333333,20.27027,20.27027,20.27027,18.918919,20.27027,20.27027,19.333333,18.918919,18.666667,18.666667,18.666667,18.918919,18.666667,18.666667,18.666667,18.918919,20.27027,20.27027,20.27027,20.27027,19.333333,19.333333,19.333333,19.333333,18.666667,19.333333,19.333333,19.333333,19.594595,20.27027,19.727891,19.594595,18.243243,19.727891,19.333333,19.333333,19.727891,20.805369,19.463087,20.408163,19.727891,19.727891,19.847328,21.374046,21.374046,21.374046,22.48062,21.374046,21.538462,19.847328,19.847328,21.538462,21.374046,22.307692,20.300752,23.84106,32.450331,85.25641,83.974359,82.692308,86.538462,82.692308,84.615385,83.974359,83.974359,83.974359,84.615385,85.25641,83.333333,86.538462,85.897436,81.410256,92.307692,94.230769,83.974359,99.358974,99.358974,83.333333,83.974359,83.333333,86.538462,86.538462,86.538462,100,99.358974,96.794872,99.358974,99.358974,98.717949,98.717949,98.717949,90.384615,97.435897,86.538462,97.435897,98.717949,98.717949,83.333333,58.709677,67.948718,68.589744,22.535211,22.972973,29.927007,23.776224,23.776224,25,30.656934,28.26087,28.26087,28.26087,28.985507,27.536232,21.212121,26.829268,26.829268,24.427481,27.350427,26.666667,22.695035,26.056338
NC_071143.1|YP_010685006.1_3|[Flyfo_siphovirus_Tbat1_6]hypothetical_protein|3131..3601|156 aa,24.827586,22.60274,26.712329,23.287671,20.138889,20.138889,29.87013,31.818182,30.718954,31.818182,31.818182,32.467532,34.415584,29.87013,20.833333,21.47651,23.287671,20.27027,20.27027,20.945946,21.232877,20,19.594595,19.594595,20.408163,20.408163,22.818792,19.594595,18.918919,21.917808,21.917808,21.917808,21.917808,21.917808,21.917808,19.736842,22.60274,20,19.594595,20,19.594595,20.27027,20,20,20.945946,20.945946,20.945946,19.594595,20.945946,20.945946,20,19.594595,19.333333,19.333333,19.333333,19.594595,19.333333,19.333333,19.333333,19.594595,20.945946,20.945946,20.945946,20.945946,20,20,20,20,19.333333,20,20,20,20.27027,20.945946,20.408163,20.27027,18.918919,20.408163,20,20,19.727891,20.805369,20.134228,21.088435,19.727891,19.727891,20.610687,22.137405,22.137405,22.137405,23.255814,22.137405,22.307692,20.610687,20.610687,22.307692,22.137405,23.076923,21.052632,23.84106,32.450331,84.615385,84.615385,83.333333,85.897436,83.333333,83.974359,83.333333,83.333333,83.333333,85.25641,85.897436,83.974359,85.897436,86.538462,82.051282,92.948718,93.589744,83.333333,100,100,82.692308,83.333333,82.692308,86.538462,86.538462,86.538462,99.358974,100,97.435897,100,100,99.358974,99.358974,99.358974,91.025641,98.076923,86.538462,98.076923,99.358974,99.358974,83.974359,58.709677,67.948718,68.589744,25.531915,23.648649,29.927007,23.776224,23.776224,24.647887,31.428571,28.26087,28.26087,28.26087,28.985507,27.536232,21.212121,26.829268,26.829268,25.19084,23.076923,27.407407,22.695035,25.352113
NC_071146.1|YP_010685295.1_37|[Klebsiella_phage_vB_KpnS_MK54]minor_tail_protein|19423..19893|156 aa,24.827586,22.60274,26.712329,23.287671,20.138889,20.138889,30.519481,30.519481,30.322581,32.467532,32.467532,33.116883,35.064935,29.87013,20.833333,21.47651,23.287671,21.621622,21.621622,22.297297,22.60274,21.333333,20.945946,20.945946,20.408163,20.408163,22.818792,20.945946,20.27027,23.287671,23.287671,23.287671,23.287671,23.287671,23.287671,19.736842,23.972603,21.333333,20.945946,21.333333,20.945946,21.621622,21.333333,21.333333,22.297297,22.297297,22.297297,20.945946,22.297297,22.297297,21.333333,20.945946,20.666667,20.666667,20.666667,20.945946,20.666667,20.666667,20.666667,20.945946,22.297297,22.297297,22.297297,22.297297,21.333333,21.333333,21.333333,21.333333,20.666667,21.333333,21.333333,21.333333,21.621622,22.297297,21.768707,21.621622,20.27027,21.768707,21.333333,21.333333,19.727891,20.805369,20.134228,21.088435,19.727891,19.727891,22.137405,23.664122,23.664122,23.664122,24.806202,23.664122,23.846154,22.137405,22.137405,23.846154,23.664122,24.615385,22.556391,23.84106,32.450331,84.615385,83.974359,83.974359,85.25641,84.615385,83.333333,84.615385,84.615385,84.615385,85.897436,85.25641,83.974359,85.25641,87.179487,81.410256,92.307692,94.230769,82.692308,97.435897,97.435897,82.051282,83.974359,82.051282,83.974359,83.974359,83.974359,96.794872,97.435897,100,97.435897,97.435897,96.794872,96.794872,96.794872,93.589744,98.076923,83.974359,96.794872,96.794872,96.794872,84.615385,58.064516,67.307692,67.948718,27.857143,24.324324,29.927007,23.776224,23.776224,24.647887,32.142857,28.26087,28.26087,28.26087,28.985507,27.536232,20.454545,25.6,25.6,24.81203,22.727273,29.133858,21.126761,24.647887
NC_071147.1|YP_010685339.1_1|[Klebsiella_phage_KP591P1]hypothetical_protein|242..712|156 aa,24.827586,22.60274,26.712329,23.287671,20.138889,20.138889,29.87013,31.818182,30.718954,31.818182,31.818182,32.467532,34.415584,29.87013,20.833333,21.47651,23.287671,20.27027,20.27027,20.945946,21.232877,20,19.594595,19.594595,20.408163,20.408163,22.818792,19.594595,18.918919,21.917808,21.917808,21.917808,21.917808,21.917808,21.917808,19.736842,22.60274,20,19.594595,20,19.594595,20.27027,20,20,20.945946,20.945946,20.945946,19.594595,20.945946,20.945946,20,19.594595,19.333333,19.333333,19.333333,19.594595,19.333333,19.333333,19.333333,19.594595,20.945946,20.945946,20.945946,20.945946,20,20,20,20,19.333333,20,20,20,20.27027,20.945946,20.408163,20.27027,18.918919,20.408163,20,20,19.727891,20.805369,20.134228,21.088435,19.727891,19.727891,20.610687,22.137405,22.137405,22.137405,23.255814,22.137405,22.307692,20.610687,20.610687,22.307692,22.137405,23.076923,21.052632,23.84106,32.450331,84.615385,84.615385,83.333333,85.897436,83.333333,83.974359,83.333333,83.333333,83.333333,85.25641,85.897436,83.974359,85.897436,86.538462,82.051282,92.948718,93.589744,83.333333,100,100,82.692308,83.333333,82.692308,86.538462,86.538462,86.538462,99.358974,100,97.435897,100,100,99.358974,99.358974,99.358974,91.025641,98.076923,86.538462,98.076923,99.358974,99.358974,83.974359,58.709677,67.948718,68.589744,25.531915,23.648649,29.927007,23.776224,23.776224,24.647887,31.428571,28.26087,28.26087,28.26087,28.985507,27.536232,21.212121,26.829268,26.829268,25.19084,23.076923,27.407407,22.695035,25.352113
NC_071148.1|YP_010685459.1_43|[Klebsiella_phage_KP591P3]hypothetical_protein|23380..23850|156 aa,24.827586,22.60274,26.712329,23.287671,20.138889,20.138889,29.87013,31.818182,30.718954,31.818182,31.818182,32.467532,34.415584,29.87013,20.833333,21.47651,23.287671,20.27027,20.27027,20.945946,21.232877,20,19.594595,19.594595,20.408163,20.408163,22.818792,19.594595,18.918919,21.917808,21.917808,21.917808,21.917808,21.917808,21.917808,19.736842,22.60274,20,19.594595,20,19.594595,20.27027,20,20,20.945946,20.945946,20.945946,19.594595,20.945946,20.945946,20,19.594595,19.333333,19.333333,19.333333,19.594595,19.333333,19.333333,19.333333,19.594595,20.945946,20.945946,20.945946,20.945946,20,20,20,20,19.333333,20,20,20,20.27027,20.945946,20.408163,20.27027,18.918919,20.408163,20,20,19.727891,20.805369,20.134228,21.088435,19.727891,19.727891,20.610687,22.137405,22.137405,22.137405,23.255814,22.137405,22.307692,20.610687,20.610687,22.307692,22.137405,23.076923,21.052632,23.84106,32.450331,84.615385,84.615385,83.333333,85.897436,83.333333,83.974359,83.333333,83.333333,83.333333,85.25641,85.897436,83.974359,85.897436,86.538462,82.051282,92.948718,93.589744,83.333333,100,100,82.692308,83.333333,82.692308,86.538462,86.538462,86.538462,99.358974,100,97.435897,100,100,99.358974,99.358974,99.358974,91.025641,98.076923,86.538462,98.076923,99.358974,99.358974,83.974359,58.709677,67.948718,68.589744,25.531915,23.648649,29.927007,23.776224,23.776224,24.647887,31.428571,28.26087,28.26087,28.26087,28.985507,27.536232,21.212121,26.829268,26.829268,25.19084,23.076923,27.407407,22.695035,25.352113
NC_071149.1|YP_010685562.1_68|[Klebsiella_phage_vB_Kpn_ZCKp20p]baseplate_wedge_protein|32709..33179|156 aa,26.056338,21.917808,26.027397,24.475524,19.444444,19.444444,29.87013,30.519481,30.718954,31.818182,31.818182,32.467532,33.116883,29.87013,20.138889,20.805369,24.475524,23.448276,23.448276,24.137931,22.60274,21.333333,22.758621,22.758621,20.408163,20.408163,24.657534,22.758621,22.068966,25.174825,23.287671,25.174825,25.174825,25.174825,25.174825,21.192053,23.972603,23.129252,22.758621,23.129252,22.758621,23.448276,23.129252,23.129252,24.137931,24.137931,24.137931,22.758621,24.137931,24.137931,23.129252,22.758621,22.44898,22.44898,22.44898,22.758621,22.44898,22.44898,22.44898,22.758621,24.137931,24.137931,24.137931,24.137931,23.129252,23.129252,23.129252,23.129252,22.44898,23.129252,23.129252,23.129252,23.448276,24.137931,23.611111,23.448276,22.068966,23.611111,23.129252,23.129252,19.727891,20.805369,20.134228,21.088435,19.727891,19.727891,24.21875,25.78125,25.78125,25.78125,26.984127,25.78125,25.984252,22.137405,24.21875,25.984252,25.78125,26.771654,24.615385,23.84106,32.450331,83.974359,83.974359,83.333333,86.538462,83.333333,84.615385,83.333333,83.333333,83.333333,85.25641,86.538462,83.333333,85.897436,86.538462,82.051282,92.307692,92.948718,83.333333,99.358974,99.358974,83.333333,83.333333,83.333333,86.538462,86.538462,86.538462,98.717949,99.358974,96.794872,99.358974,99.358974,100,100,100,91.025641,97.435897,86.538462,97.435897,100,98.717949,83.974359,58.064516,67.307692,67.948718,25.531915,23.648649,29.927007,23.776224,23.776224,24.647887,31.428571,28.26087,28.26087,28.26087,28.985507,27.536232,20.454545,26.01626,26.01626,22.068966,22.727273,27.407407,22.695035,25.352113
NC_071150.1|YP_010685647.1_69|[Klebsiella_phage_ZCKP8]minor_tail_protein|32402..32872|156 aa,26.056338,21.917808,26.027397,24.475524,19.444444,19.444444,29.87013,30.519481,30.718954,31.818182,31.818182,32.467532,33.116883,29.87013,20.138889,20.805369,24.475524,23.448276,23.448276,24.137931,22.60274,21.333333,22.758621,22.758621,20.408163,20.408163,24.657534,22.758621,22.068966,25.174825,23.287671,25.174825,25.174825,25.174825,25.174825,21.192053,23.972603,23.129252,22.758621,23.129252,22.758621,23.448276,23.129252,23.129252,24.137931,24.137931,24.137931,22.758621,24.137931,24.137931,23.129252,22.758621,22.44898,22.44898,22.44898,22.758621,22.44898,22.44898,22.44898,22.758621,24.137931,24.137931,24.137931,24.137931,23.129252,23.129252,23.129252,23.129252,22.44898,23.129252,23.129252,23.129252,23.448276,24.137931,23.611111,23.448276,22.068966,23.611111,23.129252,23.129252,19.727891,20.805369,20.134228,21.088435,19.727891,19.727891,24.21875,25.78125,25.78125,25.78125,26.984127,25.78125,25.984252,22.137405,24.21875,25.984252,25.78125,26.771654,24.615385,23.84106,32.450331,83.974359,83.974359,83.333333,86.538462,83.333333,84.615385,83.333333,83.333333,83.333333,85.25641,86.538462,83.333333,85.897436,86.538462,82.051282,92.307692,92.948718,83.333333,99.358974,99.358974,83.333333,83.333333,83.333333,86.538462,86.538462,86.538462,98.717949,99.358974,96.794872,99.358974,99.358974,100,100,100,91.025641,97.435897,86.538462,97.435897,100,98.717949,83.974359,58.064516,67.307692,67.948718,25.531915,23.648649,29.927007,23.776224,23.776224,24.647887,31.428571,28.26087,28.26087,28.26087,28.985507,27.536232,20.454545,26.01626,26.01626,22.068966,22.727273,27.407407,22.695035,25.352113
NC_071151.1|YP_010685719.1_57|[Klebsiella_phage_vB_Kpn_ZC2]minor_tail_protein|32717..33187|156 aa,26.056338,21.917808,26.027397,24.475524,19.444444,19.444444,29.87013,30.519481,30.718954,31.818182,31.818182,32.467532,33.116883,29.87013,20.138889,20.805369,24.475524,23.448276,23.448276,24.137931,22.60274,21.333333,22.758621,22.758621,20.408163,20.408163,24.657534,22.758621,22.068966,25.174825,23.287671,25.174825,25.174825,25.174825,25.174825,21.192053,23.972603,23.129252,22.758621,23.129252,22.758621,23.448276,23.129252,23.129252,24.137931,24.137931,24.137931,22.758621,24.137931,24.137931,23.129252,22.758621,22.44898,22.44898,22.44898,22.758621,22.44898,22.44898,22.44898,22.758621,24.137931,24.137931,24.137931,24.137931,23.129252,23.129252,23.129252,23.129252,22.44898,23.129252,23.129252,23.129252,23.448276,24.137931,23.611111,23.448276,22.068966,23.611111,23.129252,23.129252,19.727891,20.805369,20.134228,21.088435,19.727891,19.727891,24.21875,25.78125,25.78125,25.78125,26.984127,25.78125,25.984252,22.137405,24.21875,25.984252,25.78125,26.771654,24.615385,23.84106,32.450331,83.974359,83.974359,83.333333,86.538462,83.333333,84.615385,83.333333,83.333333,83.333333,85.25641,86.538462,83.333333,85.897436,86.538462,82.051282,92.307692,92.948718,83.333333,99.358974,99.358974,83.333333,83.333333,83.333333,86.538462,86.538462,86.538462,98.717949,99.358974,96.794872,99.358974,99.358974,100,100,100,91.025641,97.435897,86.538462,97.435897,100,98.717949,83.974359,58.064516,67.307692,67.948718,25.531915,23.648649,29.927007,23.776224,23.776224,24.647887,31.428571,28.26087,28.26087,28.26087,28.985507,27.536232,20.454545,26.01626,26.01626,22.068966,22.727273,27.407407,22.695035,25.352113
NC_071152.1|YP_010685763.1_30|[Klebsiella_phage_VLCpiS13a]virion_structural_protein|17455..17925|156 aa,23.448276,19.727891,24.657534,21.917808,21.276596,19.444444,28.205128,30.128205,32.258065,33.333333,34.615385,33.333333,32.692308,28.846154,22.535211,20.134228,21.917808,21.621622,21.621622,22.297297,22.60274,21.333333,20.945946,20.945946,19.863014,19.863014,22.818792,20.945946,20.27027,23.287671,23.287671,23.287671,23.287671,23.287671,23.287671,21.192053,23.972603,21.333333,20.945946,21.333333,20.945946,21.621622,21.333333,21.333333,22.297297,22.297297,22.297297,20.945946,22.297297,22.297297,21.333333,20.945946,20.666667,20.666667,20.666667,20.945946,20.666667,20.666667,20.666667,20.945946,22.297297,22.297297,22.297297,22.297297,21.333333,21.333333,21.333333,21.333333,20.666667,21.333333,21.333333,21.333333,21.621622,22.297297,21.768707,21.621622,20.27027,21.768707,21.333333,21.333333,19.178082,20.27027,19.594595,20.547945,19.178082,19.178082,22.137405,23.664122,23.664122,23.664122,24.806202,23.664122,22.727273,23.076923,22.137405,22.727273,23.484848,23.484848,22.556391,23.178808,30.463576,84.615385,80.769231,81.410256,82.051282,84.615385,80.769231,84.615385,84.615385,84.615385,83.333333,82.692308,83.333333,82.692308,84.615385,79.487179,90.384615,92.948718,80.769231,91.025641,91.025641,80.128205,83.974359,80.128205,78.846154,78.846154,78.846154,90.384615,91.025641,93.589744,91.025641,91.025641,91.025641,91.025641,91.025641,100,92.948718,78.846154,90.384615,91.025641,91.666667,82.692308,55.483871,64.102564,64.74359,25.531915,24.324324,30.827068,25.174825,25.174825,25.352113,27.586207,26.086957,26.086957,26.086957,26.811594,25.362319,17.361111,25.6,25.6,18.881119,18.978102,27.692308,21.830986,24.657534
NC_071153.1|YP_010685868.1_57|[Klebsiella_phage_BUCT610]hypothetical_protein|27338..27808|156 aa,24.827586,22.60274,26.712329,23.287671,20.138889,20.138889,29.487179,31.410256,30.967742,32.051282,32.051282,32.692308,34.415584,29.220779,20.833333,21.47651,23.287671,21.621622,21.621622,22.297297,22.60274,21.333333,20.945946,20.945946,20.408163,20.408163,22.818792,20.945946,20.27027,23.287671,23.287671,23.287671,23.287671,23.287671,23.287671,19.736842,23.972603,21.333333,20.945946,21.333333,20.945946,21.621622,21.333333,21.333333,22.297297,22.297297,22.297297,20.945946,22.297297,22.297297,21.333333,20.945946,20.666667,20.666667,20.666667,20.945946,20.666667,20.666667,20.666667,20.945946,22.297297,22.297297,22.297297,22.297297,21.333333,21.333333,21.333333,21.333333,20.666667,21.333333,21.333333,21.333333,21.621622,22.297297,21.768707,21.621622,20.27027,21.768707,21.333333,21.333333,19.727891,20.805369,20.134228,21.088435,19.727891,19.727891,22.137405,23.664122,23.664122,23.664122,24.806202,23.664122,23.846154,22.137405,22.137405,23.846154,23.664122,24.615385,22.556391,23.84106,31.788079,83.974359,83.974359,82.692308,85.25641,82.692308,83.333333,82.692308,82.692308,82.692308,84.615385,85.25641,83.333333,85.25641,85.897436,81.410256,91.666667,93.589744,82.692308,98.076923,98.076923,82.051282,82.692308,82.051282,84.615385,84.615385,84.615385,97.435897,98.076923,98.076923,98.076923,98.076923,97.435897,97.435897,97.435897,92.948718,100,84.615385,96.153846,97.435897,98.717949,83.333333,58.064516,67.307692,67.948718,27.142857,23.648649,29.19708,24.475524,24.475524,25.352113,30.714286,27.536232,27.536232,27.536232,28.26087,26.811594,17.910448,26.829268,26.829268,23.611111,23.076923,25.384615,21.830986,25.352113
NC_071154.1|YP_010685917.1_23|[Klebsiella_phage_BUCT541]hypothetical_protein|complement(17295..17765)|156 aa,20.394737,22.147651,25.170068,20.529801,22.142857,22.857143,33.333333,32.236842,32.051282,30.128205,30.769231,30.769231,32.051282,31.410256,23.571429,23.448276,22.297297,18.666667,19.333333,19.333333,21.917808,23.333333,18.666667,18,22.068966,22.068966,19.86755,18,20.805369,23.972603,22.60274,23.972603,23.972603,23.972603,23.972603,23.129252,22.60274,23.333333,18.666667,23.333333,18.666667,18.666667,23.333333,23.333333,19.333333,19.333333,19.333333,18.666667,19.333333,19.333333,23.333333,18.666667,22.666667,22.666667,22.666667,18.666667,22.666667,22.666667,22.666667,18.666667,19.333333,19.333333,19.333333,19.333333,23.333333,23.333333,23.333333,23.333333,22.666667,23.333333,23.333333,23.333333,18.666667,19.333333,20,18.666667,18.666667,20,23.333333,23.333333,21.37931,20.134228,19.333333,23.076923,21.37931,21.37931,19.548872,20.300752,20.300752,20.300752,22.137405,20.300752,25.384615,21.052632,19.548872,25.384615,25.954198,26.923077,24.81203,23.178808,32.666667,76.282051,75.641026,75,78.205128,74.358974,76.282051,75.641026,75.641026,75.641026,76.282051,77.564103,74.358974,78.205128,77.564103,73.717949,80.128205,80.769231,76.282051,86.538462,86.538462,75,75.641026,75,100,99.358974,100,86.538462,86.538462,83.974359,86.538462,86.538462,86.538462,86.538462,86.538462,78.846154,84.615385,100,85.25641,86.538462,85.897436,75.641026,58.064516,65.384615,65.384615,26.277372,25.517241,26.388889,23.84106,23.84106,24.832215,29.577465,29.452055,29.452055,29.452055,28.767123,28.767123,21.641791,23.357664,23.357664,23.972603,21.73913,29.268293,24.113475,26.056338
NC_071155.1|YP_010686024.1_52|[Klebsiella_phage_VLCpiS13b]virion_structural_protein|26421..26891|156 aa,24.827586,26.760563,24.657534,23.287671,20.138889,20.138889,30.519481,31.818182,30.718954,33.774834,33.774834,34.437086,35.714286,31.818182,20.833333,21.47651,23.287671,18.666667,19.333333,19.333333,19.333333,20,18.666667,18,21.088435,21.088435,21.192053,18,18,20,20,20,20,20,20,20.394737,20,20,18.666667,20,18.666667,18.666667,20,20,19.333333,19.333333,19.333333,18.666667,19.333333,19.333333,20,18.666667,19.333333,19.333333,19.333333,18.666667,19.333333,19.333333,19.333333,18.666667,19.333333,19.333333,19.333333,19.333333,20,20,20,20,19.333333,20,20,20,18.666667,19.333333,18.918919,18.666667,18,18.918919,20,20,20.408163,20.805369,20.805369,21.088435,20.408163,20.408163,19.548872,20.300752,20.300752,20.300752,22.137405,20.300752,22.307692,19.548872,19.548872,22.307692,22.137405,23.076923,21.052632,23.84106,32.450331,83.974359,83.974359,82.692308,84.615385,82.692308,82.692308,82.692308,82.692308,82.692308,83.974359,84.615385,83.333333,84.615385,85.897436,81.410256,92.948718,92.948718,82.051282,98.076923,98.076923,81.410256,82.051282,81.410256,85.25641,85.25641,85.25641,97.435897,98.076923,96.794872,98.076923,98.076923,97.435897,97.435897,97.435897,90.384615,96.153846,85.25641,100,97.435897,97.435897,82.692308,58.709677,67.307692,67.948718,26.241135,25,30.656934,24.489796,24.489796,25.352113,31.428571,28.169014,28.169014,28.169014,28.985507,27.464789,21.212121,25.6,25.6,25.19084,27.350427,29.133858,19.727891,23.943662
NC_071156.1|YP_010686107.1_56|[Klebsiella_phage_6991]hypothetical_protein|28567..29037|156 aa,26.056338,21.917808,26.027397,24.475524,19.444444,19.444444,29.87013,30.519481,30.718954,31.818182,31.818182,32.467532,33.116883,29.87013,20.138889,20.805369,24.475524,23.448276,23.448276,24.137931,22.60274,21.333333,22.758621,22.758621,20.408163,20.408163,24.657534,22.758621,22.068966,25.174825,23.287671,25.174825,25.174825,25.174825,25.174825,21.192053,23.972603,23.129252,22.758621,23.129252,22.758621,23.448276,23.129252,23.129252,24.137931,24.137931,24.137931,22.758621,24.137931,24.137931,23.129252,22.758621,22.44898,22.44898,22.44898,22.758621,22.44898,22.44898,22.44898,22.758621,24.137931,24.137931,24.137931,24.137931,23.129252,23.129252,23.129252,23.129252,22.44898,23.129252,23.129252,23.129252,23.448276,24.137931,23.611111,23.448276,22.068966,23.611111,23.129252,23.129252,19.727891,20.805369,20.134228,21.088435,19.727891,19.727891,24.21875,25.78125,25.78125,25.78125,26.984127,25.78125,25.984252,22.137405,24.21875,25.984252,25.78125,26.771654,24.615385,23.84106,32.450331,83.974359,83.974359,83.333333,86.538462,83.333333,84.615385,83.333333,83.333333,83.333333,85.25641,86.538462,83.333333,85.897436,86.538462,82.051282,92.307692,92.948718,83.333333,99.358974,99.358974,83.333333,83.333333,83.333333,86.538462,86.538462,86.538462,98.717949,99.358974,96.794872,99.358974,99.358974,100,100,100,91.025641,97.435897,86.538462,97.435897,100,98.717949,83.974359,58.064516,67.307692,67.948718,25.531915,23.648649,29.927007,23.776224,23.776224,24.647887,31.428571,28.26087,28.26087,28.26087,28.985507,27.536232,20.454545,26.01626,26.01626,22.068966,22.727273,27.407407,22.695035,25.352113
NC_071157.1|YP_010686190.1_59|[Klebsiella_phage_VLCpiS13c]virion_structural_protein|complement(35238..35708)|156 aa,24.827586,22.60274,26.712329,23.287671,20.138889,20.138889,25.641026,30.128205,29.677419,30.769231,30.769231,31.410256,32.692308,30.128205,20.833333,21.47651,23.287671,20.27027,20.27027,20.945946,21.232877,20,19.594595,19.594595,20.408163,20.408163,22.818792,19.594595,18.918919,21.917808,21.917808,21.917808,21.917808,21.917808,21.917808,19.736842,22.60274,20,19.594595,20,19.594595,20.27027,20,20,20.945946,20.945946,20.945946,19.594595,20.945946,20.945946,20,19.594595,19.333333,19.333333,19.333333,19.594595,19.333333,19.333333,19.333333,19.594595,20.945946,20.945946,20.945946,20.945946,20,20,20,20,19.333333,20,20,20,20.27027,20.945946,20.408163,20.27027,18.918919,20.408163,20,20,19.727891,20.805369,20.134228,21.088435,19.727891,19.727891,20.610687,22.137405,22.137405,22.137405,23.255814,22.137405,22.307692,20.610687,20.610687,22.307692,22.137405,23.076923,21.052632,23.84106,31.788079,83.974359,83.974359,82.692308,85.25641,82.692308,83.333333,82.692308,82.692308,82.692308,84.615385,85.25641,83.333333,85.25641,85.897436,81.410256,92.307692,92.948718,82.692308,99.358974,99.358974,82.051282,82.692308,82.051282,85.897436,85.897436,85.897436,98.717949,99.358974,96.794872,99.358974,99.358974,98.717949,98.717949,98.717949,91.666667,98.717949,85.897436,97.435897,98.717949,100,83.333333,58.064516,67.307692,67.948718,25.531915,23.648649,29.927007,24.475524,24.475524,25.352113,30.714286,27.536232,27.536232,27.536232,28.26087,26.811594,21.212121,26.829268,26.829268,25.19084,23.076923,27.407407,23.404255,26.056338
NC_054636.1|YP_010053061.1_17|[Shigella_phage_Sf11_SMD-2017]hypothetical_protein|complement(13880..15253)|457 aa,28.834356,33.950617,30.06135,29.62963,31.210191,31.847134,43.273543,38.255034,38.478747,42.1875,42.857143,43.652561,48.05492,46.10245,32.484076,30.487805,33.757962,30.909091,30.246914,30.909091,32.121212,29.090909,30.909091,30.909091,32.515337,32.515337,32.515337,30.909091,30.30303,31.515152,32.727273,31.515152,31.515152,31.515152,31.515152,31.055901,32.919255,31.288344,30.909091,31.288344,30.909091,29.090909,31.288344,31.288344,30.909091,30.909091,30.909091,30.909091,30.909091,30.909091,31.288344,30.909091,30.674847,30.674847,30.674847,30.909091,30.674847,30.674847,31.288344,30.30303,30.909091,30.909091,30.909091,30.909091,31.288344,31.288344,31.288344,31.288344,30.674847,31.288344,31.288344,31.288344,30.909091,30.909091,30.909091,30.909091,30.30303,30.909091,31.288344,31.288344,32.515337,30.674847,30.30303,31.288344,32.515337,33.128834,30.136986,30.136986,30.136986,30.136986,31.724138,30.136986,31.205674,30.821918,30.136986,31.205674,29.861111,29.861111,30.555556,31.707317,37.341772,89.171975,93.670886,94.936709,91.719745,90.44586,92.356688,91.719745,91.719745,91.719745,94.904459,94.904459,88.535032,94.904459,96.178344,92.993631,80.89172,80.254777,92.307692,83.974359,83.974359,92.307692,91.666667,91.666667,75.641026,75.641026,75.641026,83.333333,83.974359,84.615385,83.974359,83.974359,83.974359,83.974359,83.974359,82.692308,83.333333,75.641026,82.692308,83.974359,83.333333,100,55.828221,65.454545,69.090909,30.519481,28.846154,38.255034,38.36478,38.36478,30.718954,30.952381,30.967742,31.168831,30.967742,35.064935,29.677419,32.727273,31.736527,30.538922,28.143713,28.143713,33.536585,33.333333,39.215686
NC_048198.1|YP_009824047.1_17|[Erwinia_phage_vB_EhrS_59]hypothetical_protein|14104..14601|165 aa,19.745223,24.025974,23.076923,20.382166,22,22,32.075472,32.317073,30.30303,30.30303,27.878788,31.097561,30.909091,30.487805,22.666667,22.727273,22.516556,24.666667,22.666667,24,22.875817,24.666667,24,23.333333,21.192053,21.192053,24.161074,23.333333,24.666667,23.529412,23.376623,23.529412,23.529412,23.529412,23.529412,24,22.580645,25.342466,24,24.666667,24,24,24,24.666667,24,24,24,24.666667,24.666667,24,24.666667,24,24,24,24,24.666667,24,24,24.666667,23.333333,24.666667,24.666667,24.666667,24.666667,24.666667,24.666667,24.666667,24.666667,24,24,24.666667,24,24.666667,24.666667,23.333333,24,24,23.333333,24.666667,24.666667,21.854305,22.368421,22.368421,22.666667,21.854305,21.192053,23.134328,23.134328,23.134328,23.134328,23.134328,23.134328,23.880597,23.134328,23.134328,23.880597,23.880597,23.880597,23.134328,23.566879,32.214765,56.129032,56.129032,55.483871,57.419355,54.83871,56.774194,55.483871,55.483871,55.483871,56.774194,58.709677,56.129032,58.064516,58.064516,53.548387,58.064516,58.709677,55.483871,58.709677,58.709677,56.129032,53.548387,55.483871,58.064516,58.064516,58.064516,58.709677,58.709677,58.064516,58.709677,58.709677,58.064516,58.064516,58.064516,55.483871,58.064516,58.064516,58.709677,58.064516,58.064516,55.828221,100,68.711656,65.644172,23.809524,26.351351,29.655172,23.684211,23.684211,29.251701,24.324324,28.472222,28.472222,28.472222,28.472222,28.472222,21.014493,31.25,26.515152,27.067669,25,28.787879,20.134228,28.776978
NC_019927.1|YP_007237618.1_44|[Cronobacter_phage_ENT47670]hypothetical_protein|46209..46706|165 aa,25.174825,23.684211,22.077922,25.517241,23.129252,23.129252,34.782609,33.742331,31.481481,38.125,36.875,35.403727,37.654321,30.06135,25.174825,24.183007,25.517241,19.607843,20.261438,20.261438,22.222222,20.261438,19.607843,19.607843,21.794872,21.794872,19.607843,18.954248,19.607843,21.568627,21.428571,21.568627,21.568627,21.568627,21.568627,21.428571,23.376623,20.261438,19.607843,20.261438,19.607843,19.607843,20.261438,20.261438,20.261438,20.261438,20.261438,19.607843,20.261438,20.261438,20.261438,19.607843,20.261438,20.261438,20.261438,19.607843,20.261438,20.261438,19.607843,19.607843,20.261438,20.261438,20.261438,20.261438,20.261438,20.261438,20.261438,20.261438,20.261438,20.261438,20.261438,20.261438,19.607843,20.261438,18.954248,19.607843,19.607843,18.954248,20.261438,20.261438,21.153846,21.153846,22.435897,21.794872,21.153846,21.153846,22.962963,23.703704,23.703704,23.703704,22.962963,23.703704,24.06015,22.962963,22.962963,24.06015,22.962963,23.703704,23.703704,20.12987,33.783784,66.242038,65.605096,64.968153,68.152866,66.242038,66.878981,66.878981,66.878981,66.878981,67.515924,68.152866,67.515924,68.152866,68.152866,63.461538,66.878981,64.968153,66.025641,67.948718,67.948718,66.666667,65.384615,66.025641,65.384615,65.384615,65.384615,67.948718,67.948718,67.307692,67.948718,67.948718,67.307692,67.307692,67.307692,64.102564,67.307692,65.384615,67.307692,67.307692,67.307692,65.454545,68.711656,100,89.69697,21.830986,25.333333,24.832215,22.516556,22.516556,27.536232,23.684211,29.285714,29.285714,29.285714,29.285714,29.285714,18.493151,22.758621,21.678322,24.285714,15.72327,30.952381,22.758621,26.027397
NC_071003.1|YP_010675369.1_21|[Enterobacter_phage_vB_EclS_CobraSix]hypothetical_protein|14964..15461|165 aa,23.648649,21.568627,23.417722,23.026316,23.129252,23.129252,36.645963,37.037037,34.782609,31.481481,31.097561,30.487805,31.818182,34.567901,24.489796,21.935484,24,19.86755,21.192053,21.192053,22.077922,21.192053,20.529801,20.915033,20.886076,20.886076,20.529801,19.205298,20.529801,22.727273,22.727273,22.727273,22.727273,22.727273,22.727273,22.727273,21.794872,21.192053,20.529801,21.192053,20.529801,19.86755,21.192053,21.192053,21.192053,21.192053,21.192053,20.529801,21.192053,21.192053,21.192053,20.529801,23.333333,23.333333,23.333333,20.529801,23.333333,23.333333,20.529801,20.529801,20.529801,20.529801,20.529801,20.529801,21.192053,21.192053,21.192053,21.192053,23.333333,21.192053,21.192053,21.192053,19.86755,20.529801,19.86755,19.86755,20.529801,19.86755,21.192053,21.192053,20.253165,20.253165,23.076923,20.886076,20.253165,19.620253,22.556391,23.308271,23.308271,23.308271,23.308271,23.308271,22.556391,22.556391,22.556391,22.556391,23.308271,23.308271,23.308271,20.886076,28.387097,68.789809,69.426752,68.789809,70.063694,68.152866,69.426752,68.152866,68.152866,68.152866,70.063694,71.33758,68.789809,70.700637,70.700637,67.948718,66.242038,66.242038,69.230769,68.589744,68.589744,68.589744,68.589744,69.230769,65.384615,65.384615,65.384615,68.589744,68.589744,67.948718,68.589744,68.589744,67.948718,67.948718,67.948718,64.74359,67.948718,65.384615,67.948718,67.948718,67.948718,69.090909,65.644172,89.69697,100,21.854305,27.702703,29.285714,21.854305,21.854305,27.536232,25.85034,29.370629,29.370629,29.370629,30.434783,30.06993,19.047619,24.285714,24.460432,27.536232,27.559055,20.547945,28.571429,30.508475
NC_070824.1|YP_010655303.1_4|[Pseudoalteromonas_phage_C7]hypothetical_protein|complement(4549..5016)|155 aa,22.818792,24.637681,24.305556,20.394737,23.943662,23.943662,34.415584,35.761589,33.766234,34.931507,34.228188,32.885906,29.87013,28.767123,21.985816,22.818792,21.47651,24.137931,23.448276,23.448276,21.917808,25.517241,24.137931,23.448276,22.758621,22.758621,25.384615,22.222222,25.547445,22.142857,22.142857,22.142857,22.142857,22.142857,22.142857,24.087591,22.758621,26.277372,24.137931,26.277372,24.137931,22.068966,25.547445,26.277372,23.448276,23.448276,23.448276,25.517241,24.137931,23.448276,26.277372,24.137931,27.205882,27.205882,27.205882,24.827586,27.205882,27.205882,26.277372,25.714286,24.137931,24.137931,24.137931,24.137931,26.277372,26.277372,26.277372,26.277372,27.205882,25.547445,26.277372,25.547445,24.137931,24.137931,22.222222,23.448276,23.448276,22.222222,22.758621,22.758621,23.448276,27.819549,23.448276,22.758621,23.448276,23.448276,26.612903,25.806452,25.806452,25.806452,25.806452,25.806452,29.310345,26.612903,26.612903,29.310345,28.813559,29.310345,28.448276,26.056338,28.368794,18.791946,22.297297,23.489933,19.863014,21.088435,21.768707,21.088435,21.088435,21.088435,22.818792,21.621622,19.863014,21.47651,21.621622,21.768707,20.979021,22.857143,21.768707,25.531915,25.531915,21.232877,20,21.232877,26.277372,26.241135,26.277372,22.535211,25.531915,27.857143,25.531915,25.531915,25.531915,25.531915,25.531915,25.531915,27.142857,26.277372,26.241135,25.531915,25.531915,30.519481,23.809524,21.830986,21.854305,100,56.129032,43.79085,23.776224,23.776224,22.068966,31.468531,27.61194,25,27.61194,21.768707,25,24.657534,25.531915,22.758621,24.489796,29.251701,20.833333,18.518519,23.943662
NC_028819.1|YP_009200200.1_14|[Pseudoalteromonas_phage_H103]virion_structural_protein|complement(10119..10595)|158 aa,21.290323,26.666667,26.973684,25.490196,28.671329,28.671329,37.086093,34.437086,35.761589,38.410596,39.735099,37.748344,37.419355,39.735099,27.142857,28,25.490196,26.315789,26.315789,25.657895,26,25.657895,26.315789,26.315789,28.187919,28.187919,25.657895,26.315789,26.315789,26,26,26,26,26,26,28.378378,27.702703,25,26.315789,25.657895,26.315789,25.657895,25.657895,25.657895,25.657895,25.657895,25.657895,26.315789,25,25.657895,25.657895,26.315789,26.315789,26.315789,26.315789,26.315789,26.315789,26.315789,26.315789,26.315789,25.657895,25.657895,25.657895,25.657895,25.657895,25.657895,25.657895,25.657895,26.315789,25.657895,25.657895,25.657895,26.315789,25.657895,26.315789,26.315789,26.315789,26.315789,25.657895,25.657895,28.187919,29.577465,28.187919,29.931973,28.187919,28.85906,26.470588,25.735294,25.735294,25.735294,25.735294,25.735294,26.470588,23.703704,26.470588,26.470588,25.735294,25.735294,25.735294,24.666667,34.814815,25.165563,28.187919,28.187919,26.845638,28.767123,26.845638,26,26,26,28.85906,28.187919,26,27.516779,28.187919,26.351351,22.818792,22.147651,26.845638,23.648649,23.648649,25.675676,28.275862,25.675676,25.517241,25.517241,25.517241,22.972973,23.648649,24.324324,23.648649,23.648649,23.648649,23.648649,23.648649,24.324324,23.648649,25.517241,25,23.648649,23.648649,28.846154,26.351351,25.333333,27.702703,56.129032,100,51.282051,24.305556,24.305556,27.464789,21.568627,31.111111,28.057554,31.111111,25.85034,31.111111,23.357664,25.899281,25.899281,23.129252,24.822695,19.463087,28.225806,24.137931
NC_070822.1|YP_010655179.1_15|[Pseudoalteromonas_phage_TW1]hypothetical_protein|8086..8556|156 aa,27.972028,31.205674,30,22.535211,30.37037,25.874126,33.548387,39.597315,38.926174,36.241611,35.57047,35.57047,37.662338,39.597315,28.26087,25.827815,24,29.166667,27.777778,27.39726,28.965517,28.082192,28.472222,27.777778,33.58209,33.58209,28.965517,26.845638,27.516779,28.965517,28.965517,28.965517,28.965517,28.965517,28.965517,28.275862,28.275862,28.082192,28.472222,28.082192,28.472222,27.516779,27.39726,28.082192,27.39726,27.39726,27.39726,29.861111,28.082192,27.39726,28.082192,28.472222,28.082192,28.082192,28.082192,29.166667,28.082192,28.082192,29.166667,27.777778,28.082192,28.082192,28.082192,28.082192,28.082192,28.082192,28.082192,28.082192,28.082192,27.39726,28.082192,27.39726,29.166667,28.082192,26.845638,28.472222,28.472222,26.845638,28.082192,28.082192,34.328358,30.714286,32.142857,32.089552,34.328358,36.363636,29.365079,28.125,28.125,28.125,28.571429,28.125,30.15873,26.315789,29.365079,30.15873,28.90625,28.90625,28.125,29.078014,32.608696,25.352113,26.056338,26.056338,24.827586,29.545455,24.827586,26.618705,26.618705,26.618705,25.517241,25.517241,25.899281,25.517241,25.517241,26.241135,34.090909,28.26087,24.305556,29.927007,29.927007,25,26.618705,25,26.388889,28.571429,26.388889,29.927007,29.927007,29.927007,29.927007,29.927007,29.927007,29.927007,29.927007,30.827068,29.19708,26.388889,30.656934,29.927007,29.927007,38.255034,29.655172,24.832215,29.285714,43.79085,51.282051,100,32.03125,32.03125,31.617647,27.083333,30.075188,30.075188,30.075188,31.851852,29.323308,31.092437,18.666667,19.333333,18.918919,24.657534,22.535211,19.285714,17.333333
NC_002484.2|NP_061517.1_20|[Pseudomonas_phage_D3]virion_structural_protein|13793..14272|159 aa,23.684211,30.28169,29.931973,29.251701,28.082192,26.027397,30.188679,35.220126,32.075472,35.220126,34.591195,34.591195,35.483871,30.81761,28.082192,26.143791,29.452055,23.972603,21.47651,23.972603,26.027397,23.972603,23.972603,23.287671,21.527778,21.527778,23.287671,23.287671,25,25.694444,26.027397,25.694444,25.694444,25.694444,25.694444,24.324324,23.809524,24.657534,23.972603,25,23.972603,23.287671,25,25,23.972603,23.972603,23.972603,23.972603,24.657534,23.972603,25,23.972603,25,25,25,23.972603,25,25,25,23.972603,23.972603,23.972603,23.972603,23.972603,25,25,25,25,25,25,25,25,23.972603,23.972603,24.305556,23.972603,23.972603,24.305556,25,25,21.527778,21.333333,21.333333,21.527778,21.527778,21.527778,21.73913,23.846154,23.846154,23.846154,22.627737,23.846154,22.627737,23.846154,21.73913,22.627737,22.627737,22.627737,22.627737,27.272727,31.944444,24,24.342105,24.342105,22.666667,23.178808,23.333333,24,24,24,25.170068,23.178808,25.174825,25.170068,25.170068,24.342105,25.170068,23.776224,26.027397,23.776224,23.776224,24,23.333333,23.333333,23.84106,23.84106,23.84106,23.776224,23.776224,23.776224,23.776224,23.776224,23.776224,23.776224,23.776224,25.174825,24.475524,23.84106,24.489796,23.776224,24.475524,38.36478,23.684211,22.516556,21.854305,23.776224,24.305556,32.03125,100,100,81.818182,47.368421,59.090909,59.090909,59.090909,58.441558,59.090909,25.517241,22.377622,22.222222,28.671329,24.822695,28.169014,24.113475,22.147651
NC_016765.1|YP_005098223.1_20|[Pseudomonas_phage_PMG1]virion_structural_protein|13837..14316|159 aa,23.684211,30.28169,29.931973,29.251701,28.082192,26.027397,30.188679,35.220126,32.075472,35.220126,34.591195,34.591195,35.483871,30.81761,28.082192,26.143791,29.452055,23.972603,21.47651,23.972603,26.027397,23.972603,23.972603,23.287671,21.527778,21.527778,23.287671,23.287671,25,25.694444,26.027397,25.694444,25.694444,25.694444,25.694444,24.324324,23.809524,24.657534,23.972603,25,23.972603,23.287671,25,25,23.972603,23.972603,23.972603,23.972603,24.657534,23.972603,25,23.972603,25,25,25,23.972603,25,25,25,23.972603,23.972603,23.972603,23.972603,23.972603,25,25,25,25,25,25,25,25,23.972603,23.972603,24.305556,23.972603,23.972603,24.305556,25,25,21.527778,21.333333,21.333333,21.527778,21.527778,21.527778,21.73913,23.846154,23.846154,23.846154,22.627737,23.846154,22.627737,23.846154,21.73913,22.627737,22.627737,22.627737,22.627737,27.272727,31.944444,24,24.342105,24.342105,22.666667,23.178808,23.333333,24,24,24,25.170068,23.178808,25.174825,25.170068,25.170068,24.342105,25.170068,23.776224,26.027397,23.776224,23.776224,24,23.333333,23.333333,23.84106,23.84106,23.84106,23.776224,23.776224,23.776224,23.776224,23.776224,23.776224,23.776224,23.776224,25.174825,24.475524,23.84106,24.489796,23.776224,24.475524,38.36478,23.684211,22.516556,21.854305,23.776224,24.305556,32.03125,100,100,81.818182,47.368421,59.090909,59.090909,59.090909,58.441558,59.090909,25.517241,22.377622,22.222222,28.671329,24.822695,28.169014,24.113475,22.147651
NC_011373.1|YP_002284353.1_19|[Pseudomonas_phage_PAJU2]virion_structural_protein|14682..15146|154 aa,27.586207,29.166667,28.767123,27.272727,31.205674,31.205674,31.168831,31.818182,29.220779,34.415584,34.415584,33.552632,34,34.415584,31.914894,31.034483,28.275862,27.464789,22.972973,27.464789,28.571429,28.169014,27.464789,26.760563,21.276596,21.276596,26.760563,26.760563,28.169014,27.142857,27.857143,27.142857,27.142857,27.142857,27.142857,25.531915,26.241135,28.169014,27.464789,28.169014,27.464789,27.464789,28.169014,28.169014,27.464789,27.464789,27.464789,27.464789,28.472222,27.464789,28.169014,27.464789,28.169014,28.169014,28.169014,27.464789,28.169014,28.169014,28.169014,27.464789,27.464789,27.464789,27.464789,27.464789,28.169014,28.169014,28.169014,28.169014,28.169014,28.169014,28.169014,28.169014,27.464789,27.464789,27.464789,27.464789,27.464789,27.464789,28.169014,28.169014,22.758621,20.979021,21.678322,22.758621,22.758621,22.758621,26.277372,25.547445,25.547445,25.547445,26.277372,25.547445,27.941176,28.571429,26.277372,27.941176,27.941176,27.941176,27.941176,22.758621,33.566434,23.972603,24,24,22.60274,23.333333,23.287671,23.972603,23.972603,23.972603,23.333333,23.333333,23.333333,23.972603,23.333333,24,24.647887,24.324324,23.972603,24.647887,24.647887,23.972603,23.972603,23.287671,24.832215,24.832215,24.832215,25,24.647887,24.647887,24.647887,24.647887,24.647887,24.647887,24.647887,25.352113,25.352113,24.832215,25.352113,24.647887,25.352113,30.718954,29.251701,27.536232,27.536232,22.068966,27.464789,31.617647,81.818182,81.818182,100,49.659864,57.718121,57.718121,57.718121,57.04698,57.718121,26.388889,23.943662,24.647887,26.428571,27.857143,29.285714,28.244275,27.142857
NC_029066.1|YP_009222842.1_72|[Pseudomonas_phage_PS-1]virion_structural_protein|40548..41054|168 aa,24.025974,27.338129,27.741935,21.153846,26.950355,26.950355,29.341317,30.722892,27.54491,30.30303,29.518072,32.142857,34.375,29.090909,23.239437,26.027397,22.580645,20.754717,23.972603,23.611111,24.832215,20.666667,20.666667,20.754717,20.666667,20.666667,23.611111,20.754717,21.383648,22.818792,24.161074,22.818792,22.818792,22.818792,22.818792,23.489933,24.161074,21.333333,20.666667,20.754717,20.666667,25.179856,20.754717,20.754717,23.611111,23.611111,23.611111,20.666667,24.305556,23.611111,20.754717,20.666667,20.754717,20.754717,20.754717,20.666667,20.754717,20.754717,21.383648,20.666667,20.125786,20.125786,20.125786,20.125786,20.754717,20.754717,20.754717,20.754717,20.754717,20.754717,20.754717,20.754717,20.754717,20.125786,21.383648,20.754717,21.333333,21.383648,20.125786,20.125786,20.666667,20.666667,20.805369,21.333333,20.666667,20,21.804511,25.19685,25.19685,25.19685,21.052632,25.19685,25,22.556391,21.804511,25,21.830986,21.830986,21.830986,21.935484,28.75817,26.530612,25.85034,25.85034,23.809524,30.656934,28.571429,30.656934,30.656934,30.656934,25.85034,27.891156,31.617647,25.170068,24.489796,25.85034,33.333333,29.411765,26.241135,31.428571,31.428571,27.210884,25.85034,28.571429,29.577465,28.873239,29.577465,30.656934,31.428571,32.142857,31.428571,31.428571,31.428571,31.428571,31.428571,27.586207,30.714286,29.577465,31.428571,31.428571,30.714286,30.952381,24.324324,23.684211,25.85034,31.468531,21.568627,27.083333,47.368421,47.368421,49.659864,100,43.137255,43.137255,43.137255,42.48366,43.137255,23.648649,21.192053,21.192053,21.192053,20.12987,23.239437,25.547445,26.712329
NC_030929.1|YP_009275521.1_34|[Pseudomonas_phage_JBD44]virion_structural_protein|21460..21927|155 aa,24.113475,22,21.621622,22.666667,23.448276,27.205882,30.967742,32.258065,30.921053,32.258065,30.519481,31.612903,33.552632,36.129032,27.205882,24,25.170068,19.863014,23.076923,22.377622,22.147651,23.448276,23.076923,21.917808,20,20,23.076923,20.689655,20.547945,22.147651,19.863014,22.147651,22.147651,22.147651,22.147651,21.47651,19.178082,19.863014,23.076923,19.863014,23.076923,19.178082,19.863014,19.863014,22.377622,22.377622,22.377622,23.076923,21.917808,22.377622,19.863014,23.076923,19.863014,19.863014,19.863014,23.076923,19.863014,19.863014,20.547945,23.076923,19.178082,19.178082,19.178082,19.178082,19.863014,19.863014,19.863014,19.863014,19.863014,19.863014,19.863014,19.863014,19.863014,19.178082,21.37931,19.863014,23.076923,21.37931,20.833333,20.833333,20.714286,19.863014,19.863014,20,20,21.276596,23.4375,25.78125,25.78125,25.78125,23.622047,25.78125,22.834646,25.984252,23.4375,22.834646,22.900763,25.19685,22.900763,26.950355,33.103448,25.694444,27.39726,27.39726,27.083333,25.517241,27.083333,26.388889,26.388889,26.388889,28.368794,26.206897,27.659574,27.083333,27.659574,27.39726,26.760563,26.811594,27.972028,28.26087,28.26087,25.517241,27.777778,27.083333,29.452055,29.452055,29.452055,28.26087,28.26087,28.26087,28.26087,28.26087,28.26087,28.26087,28.26087,26.086957,27.536232,29.452055,28.169014,28.26087,27.536232,30.967742,28.472222,29.285714,29.370629,27.61194,31.111111,30.075188,59.090909,59.090909,57.718121,43.137255,100,98.064516,100,97.419355,98.064516,26.760563,23.076923,22.916667,22.222222,25.185185,25.874126,25.174825,25.165563
NC_016762.1|YP_005098084.1_57|[Pseudomonas_phage_phi297]virion_structural_protein|37368..37835|155 aa,24.822695,26.351351,25.342466,23.333333,23.448276,27.941176,30.322581,30.322581,30.322581,30.322581,27.741935,34.193548,32.885906,30.967742,27.941176,24,23.489933,22.916667,26.241135,22.377622,22.147651,23.448276,26.241135,25,22.302158,22.302158,26.241135,20,23.611111,22.147651,19.863014,22.147651,22.147651,22.147651,22.147651,21.47651,19.178082,19.863014,26.241135,19.863014,26.241135,20,19.863014,19.863014,22.377622,22.377622,22.377622,26.241135,21.917808,22.377622,19.863014,26.241135,19.863014,19.863014,19.863014,26.241135,19.863014,19.863014,23.611111,26.241135,19.178082,19.178082,19.178082,19.178082,19.863014,19.863014,19.863014,19.863014,19.863014,19.863014,19.863014,19.863014,22.916667,19.178082,20.689655,22.916667,26.241135,20.689655,20.833333,20.833333,23.021583,22.068966,22.068966,22.302158,22.302158,23.021583,25.78125,25.78125,25.78125,25.78125,25.984252,25.78125,24.409449,28.346457,25.78125,24.409449,22.900763,24.409449,22.900763,29.496403,33.103448,25.694444,27.39726,27.39726,27.083333,24.827586,27.083333,25.694444,25.694444,25.694444,28.368794,26.206897,26.950355,27.083333,27.659574,27.39726,26.056338,26.811594,27.972028,28.26087,28.26087,25.517241,27.777778,27.083333,29.452055,29.452055,29.452055,28.26087,28.26087,28.26087,28.26087,28.26087,28.26087,28.26087,28.26087,26.086957,27.536232,29.452055,28.169014,28.26087,27.536232,31.168831,28.472222,29.285714,29.370629,25,28.057554,30.075188,59.090909,59.090909,57.718121,43.137255,98.064516,100,98.064516,98.064516,98.709677,26.760563,22.068966,21.917808,21.232877,21.126761,25.874126,25.174825,25.827815
NC_074663.1|YP_010773399.1_9|[Pseudomonas_phage_vB_Pae_LC3I3]hypothetical_protein|6635..7102|155 aa,24.113475,22,21.621622,22.666667,23.448276,27.205882,30.967742,32.258065,30.921053,32.258065,30.519481,31.612903,33.552632,36.129032,27.205882,24,25.170068,19.863014,23.076923,22.377622,22.147651,23.448276,23.076923,21.917808,20,20,23.076923,20.689655,20.547945,22.147651,19.863014,22.147651,22.147651,22.147651,22.147651,21.47651,19.178082,19.863014,23.076923,19.863014,23.076923,19.178082,19.863014,19.863014,22.377622,22.377622,22.377622,23.076923,21.917808,22.377622,19.863014,23.076923,19.863014,19.863014,19.863014,23.076923,19.863014,19.863014,20.547945,23.076923,19.178082,19.178082,19.178082,19.178082,19.863014,19.863014,19.863014,19.863014,19.863014,19.863014,19.863014,19.863014,19.863014,19.178082,21.37931,19.863014,23.076923,21.37931,20.833333,20.833333,20.714286,19.863014,19.863014,20,20,21.276596,23.4375,25.78125,25.78125,25.78125,23.622047,25.78125,22.834646,25.984252,23.4375,22.834646,22.900763,25.19685,22.900763,26.950355,33.103448,25.694444,27.39726,27.39726,27.083333,25.517241,27.083333,26.388889,26.388889,26.388889,28.368794,26.206897,27.659574,27.083333,27.659574,27.39726,26.760563,26.811594,27.972028,28.26087,28.26087,25.517241,27.777778,27.083333,29.452055,29.452055,29.452055,28.26087,28.26087,28.26087,28.26087,28.26087,28.26087,28.26087,28.26087,26.086957,27.536232,29.452055,28.169014,28.26087,27.536232,30.967742,28.472222,29.285714,29.370629,27.61194,31.111111,30.075188,59.090909,59.090909,57.718121,43.137255,100,98.064516,100,97.419355,98.064516,26.760563,23.076923,22.916667,22.222222,25.185185,25.874126,25.174825,25.165563
NC_074664.1|YP_010773482.1_14|[Pseudomonas_phage_BUCT566]hypothetical_protein|10993..11460|155 aa,22,26.351351,25.342466,23.333333,23.448276,27.205882,29.220779,33.766234,31.168831,33.116883,30.519481,31.818182,32.885906,34.193548,27.205882,24,23.489933,22.916667,26.241135,19.178082,24.305556,23.448276,26.241135,26.241135,20.422535,20.422535,22.916667,20,26.241135,24.305556,19.863014,24.305556,24.305556,24.305556,24.305556,23.611111,19.178082,21.917808,26.241135,21.232877,26.241135,20,21.232877,21.232877,19.178082,19.178082,19.178082,26.241135,21.917808,19.178082,21.232877,26.241135,21.232877,21.232877,21.232877,26.241135,21.232877,21.232877,25,26.241135,19.178082,19.178082,19.178082,19.178082,21.232877,21.232877,21.232877,21.232877,21.232877,21.232877,21.232877,21.232877,22.916667,19.178082,23.239437,22.916667,25,23.239437,22.222222,22.222222,21.276596,23.943662,20.408163,20.567376,20.567376,21.276596,25.78125,22.137405,22.137405,22.137405,25.984252,22.137405,26.771654,26.923077,25.78125,26.771654,24.427481,24.8,24.427481,28.472222,33.103448,25.694444,29.710145,29.710145,27.083333,27.007299,29.19708,25.694444,25.694444,25.694444,28.467153,28.467153,27.007299,27.083333,27.659574,29.710145,26.086957,27.536232,27.972028,28.985507,28.985507,25.517241,27.777778,29.19708,28.767123,28.767123,28.767123,28.985507,28.985507,28.985507,28.985507,28.985507,28.985507,28.985507,28.985507,26.811594,28.26087,28.767123,28.985507,28.985507,28.26087,35.064935,28.472222,29.285714,30.434783,21.768707,25.85034,31.851852,58.441558,58.441558,57.04698,42.48366,97.419355,98.064516,97.419355,100,98.064516,26.760563,23.943662,23.776224,22.377622,24.113475,25.874126,25.352113,26.666667
NC_030909.1|YP_009273704.1_22|[Pseudomonas_phage_YMC11/07/P54_PAE_BP]virion_structural_protein|complement(17708..18175)|155 aa,24.822695,26.351351,25.342466,23.333333,23.448276,27.205882,29.677419,34.415584,32.467532,34.415584,34.640523,34.415584,34.459459,32.467532,27.205882,24,23.489933,23.188406,26.666667,26.666667,20.529801,22.758621,26.666667,25.362319,20.714286,20.714286,26.666667,23.188406,23.913043,20.529801,22.758621,20.529801,20.529801,20.529801,20.529801,19.86755,22.068966,23.913043,26.666667,23.913043,26.666667,23.188406,23.913043,23.913043,26.666667,26.666667,26.666667,26.666667,26.086957,26.666667,23.913043,26.666667,23.913043,23.913043,23.913043,26.666667,23.913043,23.913043,23.913043,26.666667,23.188406,23.188406,23.188406,23.188406,23.913043,23.913043,23.913043,23.913043,23.913043,23.913043,23.913043,23.913043,23.188406,23.188406,23.913043,23.188406,26.666667,23.913043,20.138889,20.138889,21.428571,20.547945,20.547945,20.714286,20.714286,21.428571,26.229508,26.229508,26.229508,26.229508,26.446281,26.229508,24.793388,27.559055,26.229508,24.793388,23.2,24.793388,23.2,30.935252,32.413793,24.137931,25.85034,25.85034,25.517241,23.287671,25.517241,24.137931,24.137931,24.137931,26.760563,24.657534,25.352113,25.517241,26.056338,25.85034,25.352113,26.086957,26.388889,27.536232,27.536232,25.517241,26.206897,25.517241,28.767123,28.767123,28.767123,27.536232,27.536232,27.536232,27.536232,27.536232,27.536232,27.536232,27.536232,25.362319,26.811594,28.767123,27.464789,27.536232,26.811594,29.677419,28.472222,29.285714,30.06993,25,31.111111,29.323308,59.090909,59.090909,57.718121,43.137255,98.064516,98.709677,98.064516,98.064516,100,26.760563,23.076923,22.916667,22.222222,22.142857,25.874126,22.916667,25.827815
NC_041925.1|YP_009600624.1_42|[Proteus_phage_VB_PmiS-Isfahan]hypothetical_protein|25971..26468|165 aa,22.292994,21.656051,19.745223,21.656051,21.710526,21.333333,24.528302,27.607362,30.909091,29.090909,35,31.515152,32.727273,31.875,20.666667,21.019108,21.019108,19.375,19.375,20,19.496855,19.375,19.375,19.375,22.012579,22.012579,19.375,19.375,18.75,20.125786,19.496855,20.125786,20.125786,20.125786,20.125786,19.496855,19.496855,19.375,19.375,20,19.375,19.375,20,20,20,20,20,18.75,19.375,20,20,19.375,20,20,20,19.375,20,20,19.375,19.375,20,20,20,20,20,20,20,20,20,20,20,20,19.375,20,19.375,19.375,19.375,19.375,20.125786,20.125786,20.625,22.012579,21.383648,20.754717,22.012579,22.641509,21.276596,21.276596,21.276596,21.276596,20.567376,21.276596,20.567376,19.148936,21.276596,20.567376,21.276596,21.276596,21.276596,22.151899,21.527778,18.181818,18.571429,18.309859,18.309859,19.285714,19.014085,19.285714,19.285714,19.285714,20,18.62069,18.571429,19.71831,19.014085,20.138889,21.052632,21.052632,19.858156,21.212121,21.212121,18.881119,19.708029,19.148936,21.641791,21.804511,21.641791,21.212121,21.212121,20.454545,21.212121,21.212121,20.454545,20.454545,20.454545,17.361111,17.910448,21.641791,21.212121,20.454545,21.212121,32.727273,21.014493,18.493151,19.047619,24.657534,23.357664,31.092437,25.517241,25.517241,26.388889,23.648649,26.760563,26.760563,26.760563,26.760563,26.760563,100,42.424242,42.424242,44.848485,42.424242,24.050633,17.880795,19.310345
NC_025443.1|YP_009101221.1_51|[Salmonella_phage_9NA]virion_structural_protein|28178..28681|167 aa,24.840764,29.677419,26.11465,25.477707,25.503356,25.503356,35.185185,30.538922,32.926829,31.736527,27.777778,34.375,36.305732,33.939394,24.161074,22.929936,24.840764,23.076923,25,23.717949,24.836601,23.717949,25,23.076923,26.282051,26.282051,23.076923,23.076923,23.076923,25.490196,25.490196,25.490196,25.490196,25.490196,25.490196,24.836601,25.490196,25,25,23.717949,25,23.076923,23.717949,23.717949,23.717949,23.717949,23.717949,24.342105,25,23.717949,23.717949,25,23.076923,23.076923,23.076923,25,23.076923,23.076923,23.076923,25,23.076923,23.717949,23.717949,23.717949,23.717949,23.717949,23.717949,23.717949,23.076923,23.717949,23.717949,23.717949,23.076923,23.076923,23.076923,23.076923,25,23.076923,23.717949,23.717949,23.566879,25.641026,25.641026,25,25.641026,25.641026,29.104478,26.811594,26.811594,26.811594,28.358209,26.811594,26.086957,26.086957,29.104478,26.086957,26.811594,26.811594,26.811594,20.754717,23.684211,24.031008,26.666667,31.932773,25.925926,29.166667,28.148148,29.166667,29.166667,29.166667,31.932773,26.666667,25.806452,26.666667,32.773109,25.185185,27.34375,25.806452,27.205882,26.829268,26.829268,28.346457,27.731092,27.407407,23.357664,26.190476,23.357664,26.829268,26.829268,25.6,26.829268,26.829268,26.01626,26.01626,26.01626,25.6,26.829268,23.357664,25.6,26.01626,26.829268,31.736527,31.25,22.758621,24.285714,25.531915,25.899281,18.666667,22.377622,22.377622,23.943662,21.192053,23.076923,22.068966,23.076923,23.943662,23.076923,42.424242,100,98.802395,77.844311,79.640719,26.875,21.768707,24.666667
NC_042062.1|YP_009617880.1_51|[Salmonella_phage_SP069]hypothetical_protein|29434..29937|167 aa,24.840764,29.677419,26.11465,25.477707,25.503356,25.503356,34.567901,31.736527,29.94012,32.335329,27.777778,34.375,36.305732,34.545455,24.161074,22.929936,24.840764,21.518987,23.376623,22.151899,23.225806,22.151899,23.376623,21.518987,26.282051,26.282051,21.518987,21.518987,21.518987,23.870968,23.870968,23.870968,23.870968,23.870968,23.870968,23.225806,23.870968,23.417722,23.376623,22.151899,23.376623,21.518987,22.151899,22.151899,22.151899,22.151899,22.151899,22.727273,23.417722,22.151899,22.151899,23.376623,21.518987,21.518987,21.518987,23.376623,21.518987,21.518987,21.518987,23.376623,21.518987,22.151899,22.151899,22.151899,22.151899,22.151899,22.151899,22.151899,21.518987,22.151899,22.151899,22.151899,21.518987,21.518987,21.518987,21.518987,23.376623,21.518987,22.151899,22.151899,23.566879,25.641026,25.641026,25,25.641026,25.641026,27.205882,25,25,25,26.470588,25,24.285714,24.285714,27.205882,24.285714,25,25,25,20.754717,23.684211,24.031008,26.666667,27.205882,25.899281,24.817518,28.148148,24.817518,24.817518,24.817518,27.205882,26.666667,25.806452,27.941176,32.773109,25.185185,28.125,25.806452,27.205882,26.829268,26.829268,28.346457,23.529412,27.407407,23.357664,23.809524,23.357664,26.829268,26.829268,25.6,26.829268,26.829268,26.01626,26.01626,26.01626,25.6,26.829268,23.357664,25.6,26.01626,26.829268,30.538922,26.515152,21.678322,24.460432,22.758621,25.899281,19.333333,22.222222,22.222222,24.647887,21.192053,22.916667,21.917808,22.916667,23.776224,22.916667,42.424242,98.802395,100,77.844311,80.239521,27.5,21.768707,25
NC_047786.1|YP_009787821.1_47|[Salmonella_phage_vB_SenS_Sasha]virion_structural_protein|27788..28291|167 aa,30.065359,26.415094,27.848101,28.205128,28.187919,26.174497,37.106918,36.419753,33.333333,33.333333,31.875,31.446541,35.185185,35.185185,25.503356,25.641026,26.751592,20.754717,20.125786,21.383648,21.153846,22.012579,20.754717,21.518987,25.157233,25.157233,20.754717,20.754717,20.754717,21.794872,21.794872,21.794872,21.794872,21.794872,21.794872,21.153846,21.794872,22.012579,20.754717,22.012579,20.754717,20.754717,22.012579,22.012579,21.383648,21.383648,21.383648,20.125786,22.641509,21.383648,22.012579,20.754717,21.383648,21.383648,21.383648,20.754717,21.383648,21.383648,21.383648,20.754717,22.012579,21.383648,21.383648,21.383648,22.012579,22.012579,22.012579,22.012579,21.383648,22.012579,22.012579,22.012579,20.754717,22.012579,20.754717,20.754717,20.754717,20.754717,22.012579,22.012579,23.27044,23.27044,24.528302,24.528302,24.528302,24.528302,22.142857,23.571429,23.571429,23.571429,21.428571,23.571429,21.428571,24.460432,22.142857,21.428571,24.285714,24.285714,24.285714,22.292994,23.972603,25.547445,29.19708,26.277372,28.571429,26.315789,28.571429,26.315789,26.315789,26.315789,25,27.857143,26.119403,27.857143,26.618705,28.467153,24.087591,22.962963,27.659574,25.19084,25.19084,26.618705,26.865672,28.571429,23.972603,23.287671,23.972603,24.427481,25.19084,24.81203,25.19084,25.19084,22.068966,22.068966,22.068966,18.881119,23.611111,23.972603,25.19084,22.068966,25.19084,28.143713,27.067669,24.285714,27.536232,24.489796,23.129252,18.918919,28.671329,28.671329,26.428571,21.192053,22.222222,21.232877,22.222222,22.377622,22.222222,44.848485,77.844311,77.844311,100,80.239521,25,24.817518,25.827815
NC_071011.1|YP_010676308.1_51|[Klebsiella_phage_vB_KpnS-Carvaje]virion_structural_protein|27754..28257|167 aa,21.383648,22.641509,22.641509,22.641509,25,22.972973,30.864198,32.335329,29.012346,31.736527,32.098765,33.333333,33.950617,32.335329,22.297297,21.935484,22.641509,20.645161,21.290323,21.290323,22.368421,25.170068,21.290323,20.645161,26.845638,26.845638,20.645161,20.645161,20.645161,23.026316,23.026316,23.026316,23.026316,23.026316,23.026316,22.368421,23.026316,22.580645,21.290323,21.290323,21.290323,22.875817,21.290323,21.290323,21.290323,21.290323,21.290323,20.645161,22.580645,21.290323,21.290323,21.290323,20.645161,20.645161,20.645161,21.290323,20.645161,20.645161,20.645161,23.809524,20.645161,21.290323,21.290323,21.290323,21.290323,21.290323,21.290323,21.290323,20.645161,21.290323,21.290323,21.290323,20.645161,20.645161,20.645161,20.645161,20.645161,20.645161,21.290323,21.290323,24.342105,26.174497,26.174497,24.342105,26.174497,26.315789,21.428571,20.714286,20.714286,20.714286,20.714286,20.714286,20.714286,20.714286,21.428571,20.714286,20.714286,20.714286,20.714286,22.222222,24.657534,20.422535,23.357664,23.357664,24.264706,20.143885,25.735294,20.863309,20.863309,20.863309,23.529412,25,20.863309,22.377622,24.264706,22.627737,26.01626,27.118644,22.377622,23.076923,23.076923,25.185185,24.264706,25,21.73913,23.021583,21.73913,27.350427,23.076923,22.727273,23.076923,23.076923,22.727273,22.727273,22.727273,18.978102,23.076923,21.73913,27.350427,22.727273,23.076923,28.143713,25,15.72327,27.559055,29.251701,24.822695,24.657534,24.822695,24.822695,27.857143,20.12987,25.185185,21.126761,25.185185,24.113475,22.142857,42.424242,79.640719,80.239521,80.239521,100,24.375,26.190476,23.489933
NC_070772.1|YP_010649711.1_24|[Vibrio_phage_Seahorse]hypothetical_protein|20900..21397|165 aa,23.076923,23.529412,21.428571,24.358974,26.573427,26.573427,33.333333,30.322581,30.322581,29.677419,28.387097,29.677419,30.872483,31.612903,25.874126,27.516779,25.16129,23.870968,23.870968,23.225806,26,24.516129,23.225806,23.225806,24.675325,24.675325,23.225806,23.225806,23.870968,26,23.870968,26,26,26,26,24.516129,25.333333,24.516129,23.225806,24.516129,23.225806,23.870968,23.870968,24.516129,23.225806,23.225806,23.225806,23.225806,23.870968,23.225806,24.516129,23.225806,25.16129,25.16129,25.16129,23.870968,25.16129,25.16129,24.516129,23.225806,23.870968,23.870968,23.870968,23.870968,24.516129,24.516129,24.516129,24.516129,25.16129,23.870968,24.516129,23.870968,23.870968,23.870968,23.225806,23.225806,22.580645,23.225806,24.516129,24.516129,25.974026,27.272727,25.974026,24.025974,25.974026,25.974026,26.470588,26.470588,26.470588,26.470588,26.470588,26.470588,27.61194,25.735294,26.470588,27.61194,28.676471,27.941176,27.205882,28.275862,32.55814,29.457364,26.865672,26.865672,27.559055,25.735294,30.952381,26.923077,26.923077,26.923077,28.030303,28.030303,26.470588,30.15873,26.277372,25,28.244275,25.954198,25.56391,27.407407,27.407407,28.225806,30.833333,29.032258,29.268293,29.268293,29.268293,26.666667,27.407407,29.133858,27.407407,27.407407,27.407407,27.407407,27.407407,27.692308,25.384615,29.268293,29.133858,27.407407,27.407407,33.536585,28.787879,30.952381,20.547945,20.833333,19.463087,22.535211,28.169014,28.169014,29.285714,23.239437,25.874126,25.874126,25.874126,25.874126,25.874126,24.050633,26.875,27.5,25,24.375,100,20.833333,25.714286
NC_031098.1|YP_009289765.1_26|[Acinetobacter_phage_vB_AbaS_TRS1]virion_structural_protein|16790..17257|155 aa,18.666667,25,27.027027,19.333333,22.916667,24.305556,30.718954,30.322581,27.922078,29.677419,29.032258,28.387097,28.476821,29.605263,25.352113,23.972603,19.333333,23.943662,25.352113,25.352113,22.972973,24.647887,24.647887,23.943662,23.611111,23.611111,24.647887,23.943662,24.647887,22.60274,23.611111,22.60274,22.60274,22.60274,22.60274,23.611111,23.943662,26.618705,23.943662,24.647887,24.647887,22.222222,24.647887,24.647887,25.352113,25.352113,25.352113,25.352113,24.647887,25.352113,24.647887,24.647887,24.647887,24.647887,24.647887,24.647887,24.647887,24.647887,23.943662,25.352113,24.647887,24.647887,24.647887,24.647887,24.647887,24.647887,24.647887,24.647887,24.647887,24.647887,24.647887,24.647887,23.943662,24.647887,24.647887,23.943662,23.943662,24.647887,23.943662,23.943662,25,20.805369,22.297297,25.694444,25,25,25.78125,26.5625,26.5625,26.5625,25.984252,26.5625,25,25,25.78125,25,25.78125,25.78125,25.78125,22.147651,27.210884,23.571429,24.822695,24.822695,26.428571,20.422535,25.714286,26.923077,26.923077,26.923077,25.547445,25.547445,26.771654,25.899281,24.817518,24.113475,28.461538,21.830986,25.179856,22.695035,22.695035,24.285714,27.407407,25,24.113475,24.113475,24.113475,22.695035,22.695035,21.126761,22.695035,22.695035,22.695035,22.695035,22.695035,21.830986,21.830986,24.113475,19.727891,22.695035,23.404255,33.333333,20.134228,22.758621,28.571429,18.518519,28.225806,19.285714,24.113475,24.113475,28.244275,25.547445,25.174825,25.174825,25.174825,25.352113,22.916667,17.880795,21.768707,21.768707,24.817518,26.190476,20.833333,100,22.666667
NC_073031.1|YP_010738739.1_12|[Janthinobacterium_phage_vB_JliS-Donnerlittchen]hypothetical_protein|6881..7357|158 aa,25.503356,23.287671,22.666667,28.368794,27.536232,26.086957,32.051282,32.911392,32.911392,32.903226,30.379747,31.64557,35.294118,33.116883,26.811594,25.874126,29.710145,24.025974,23.376623,24.025974,25,25.324675,24.025974,24.025974,23.611111,23.611111,24.025974,24.025974,24.025974,25,22.727273,25,25,25,25,24.305556,22.077922,24.675325,24.025974,24.675325,24.025974,24.025974,24.675325,24.675325,24.025974,24.025974,24.025974,23.376623,24.025974,24.025974,24.675325,24.025974,24.675325,24.675325,24.675325,24.025974,24.675325,24.675325,24.675325,24.025974,23.376623,24.025974,24.025974,24.025974,24.675325,24.675325,24.675325,24.675325,24.675325,24.675325,24.675325,24.675325,24.025974,23.376623,24.025974,24.025974,24.025974,24.025974,24.675325,24.675325,22.916667,24.305556,23.611111,24.305556,23.611111,24.305556,21.89781,21.89781,21.89781,21.89781,23.134328,21.89781,22.627737,23.357664,21.89781,22.627737,22.627737,22.627737,22.627737,27.857143,24.836601,27.972028,28.467153,29.19708,27.338129,29.285714,29.078014,28.776978,28.776978,28.776978,29.496403,29.496403,30.215827,28.776978,29.496403,28.467153,26.056338,24.647887,27.464789,25.352113,25.352113,29.496403,28.873239,29.078014,26.056338,25.352113,26.056338,26.056338,25.352113,24.647887,25.352113,25.352113,25.352113,25.352113,25.352113,24.657534,25.352113,26.056338,23.943662,25.352113,26.056338,39.215686,28.776978,26.027397,30.508475,23.943662,24.137931,17.333333,22.147651,22.147651,27.142857,26.712329,25.165563,25.827815,25.165563,26.666667,25.827815,19.310345,24.666667,25,25.827815,23.489933,25.714286,22.666667,100