,NC_021563.1|YP_008130362.1_69|1-60aa,NC_028695.2|YP_009191452.1_44|1-60aa,NC_069154.1|YP_010582687.1_36|1-60aa,NC_069155.1|YP_010582762.1_54|1-60aa,NC_073319.1|YP_010749254.1_49|1-60aa,NC_073320.1|YP_010749351.1_65|1-60aa,NC_073318.1|YP_010749190.1_57|1-60aa,NC_042084.1|YP_009620110.1_30|1-60aa,NC_073323.1|YP_010749531.1_31|1-60aa,NC_041897.1|YP_009597310.1_30|1-60aa,NC_041898.1|YP_009597361.1_30|1-60aa,NC_073325.1|NC_073325.1_rescuedCDS_001-rescued|1-60aa,NC_073315.1|YP_010748934.1_32|1-60aa,NC_073324.1|YP_010749628.1_48|1-60aa,NC_073322.1|YP_010749480.1_51|1-60aa,NC_048181.1|YP_009821865.1_29|1-60aa,NC_069156.1|NC_069156.1_rescuedCDS_001-rescued|1-60aa,NC_006940.2|YP_224071.2_49|1-60aa,NC_009232.2|YP_001110804.1_32|1-60aa,NC_019539.1|YP_007010485.1_32|1-60aa,NC_021775.1|YP_008239656.1_59|1-60aa,NC_021777.1|YP_008239742.1_33|1-60aa,NC_022752.1|YP_008767031.1_32|1-60aa,NC_022754.1|YP_008767202.1_31|1-60aa,NC_027993.1|YP_009168811.1_31|1-60aa,NC_027994.1|YP_009168860.1_28|1-60aa,NC_028698.1|YP_009191566.1_13|1-60aa,NC_041991.1|YP_009608586.1_31|1-60aa,NC_041992.1|YP_009608659.1_38|1-60aa,NC_069146.1|NC_069146.1_rescuedCDS_001-rescued|1-60aa,NC_069147.1|YP_010582173.1_4|1-60aa,NC_069148.1|YP_010582256.1_23|1-60aa,NC_069149.1|YP_010582355.1_57|1-60aa,NC_069150.1|YP_010582402.1_29|1-60aa,NC_069151.1|YP_010582462.1_30|1-60aa,NC_069152.1|YP_010582526.1_31|1-60aa,NC_069153.1|YP_010582609.1_31|1-60aa,NC_073169.1|YP_010745711.1_14|1-60aa,NC_073172.1|YP_010745936.1_50|1-60aa,NC_073173.1|YP_010745997.1_46|1-60aa,NC_073174.1|YP_010746058.1_46|1-60aa,NC_073175.1|YP_010746105.1_33|1-60aa,NC_073176.1|YP_010746163.1_32|1-60aa,NC_073178.1|YP_010746292.1_35|1-60aa,NC_073179.1|YP_010746353.1_34|1-60aa,NC_073181.1|YP_010746472.1_34|1-60aa,NC_073182.1|YP_010746529.1_33|1-60aa,NC_073183.1|YP_010746573.1_20|1-60aa,NC_073184.1|YP_010746638.1_28|1-60aa,NC_073185.1|YP_010746671.1_2|1-60aa,NC_073186.1|YP_010746740.1_28|1-60aa,NC_073187.1|YP_010746794.1_22|1-60aa,NC_073188.1|YP_010746878.1_52|1-60aa,NC_073189.1|YP_010746943.1_51|1-60aa,NC_073190.1|YP_010747008.1_54|1-60aa,NC_073191.1|YP_010747044.1_22|1-60aa,NC_073192.1|YP_010747091.1_2|1-60aa,NC_073193.1|YP_010747158.1_1|1-60aa,NC_073194.1|YP_010747278.1_59|1-60aa,NC_073195.1|YP_010747311.1_32|1-60aa,NC_073196.1|YP_010747348.1_1|1-60aa,NC_073197.1|YP_010747414.1_2|1-60aa,NC_073198.1|YP_010747527.1_55|1-60aa,NC_073199.1|YP_010747565.1_33|1-60aa,NC_073200.1|YP_010747631.1_35|1-60aa,NC_073201.1|YP_010747707.1_45|1-60aa,NC_073202.1|YP_010747776.1_51|1-60aa,NC_073203.1|YP_010747827.1_35|1-60aa,NC_073207.1|YP_010748060.1_14|1-60aa,NC_073208.1|YP_010748121.1_22|1-60aa,NC_073209.1|YP_010748158.1_2|1-60aa,NC_073211.1|YP_010748302.1_41|1-60aa,NC_073212.1|YP_010748347.1_32|1-60aa,NC_073213.1|YP_010748410.1_30|1-60aa,NC_073214.1|YP_010748485.1_42|1-60aa,NC_073215.1|YP_010748570.1_62|1-60aa,NC_073216.1|YP_010748571.1_1|1-60aa,NC_073217.1|YP_010748692.1_52|1-60aa,NC_073218.1|YP_010748753.1_42|1-60aa,NC_073219.1|YP_010748811.1_44|1-60aa,NC_073314.1|YP_010748878.1_52|1-60aa,NC_073316.1|YP_010749013.1_34|1-60aa,NC_073317.1|YP_010749088.1_32|1-60aa,NC_073321.1|YP_010749398.1_41|1-60aa,NC_093712.1|YP_011217254.1_66|1-60aa,NC_093713.1|YP_011217259.1_4|1-60aa,NC_016763.1|YP_005098157.1_61|1-60aa,NC_021317.1|YP_008058250.1_4|1-60aa,NC_023608.1|YP_009009956.1_32|1-60aa,NC_024204.1|YP_009035169.1_32|1-60aa,NC_026017.1|YP_009113179.1_32|1-60aa,NC_031021.1|YP_009280164.1_36|1-60aa,NC_031925.1|YP_009322852.1_45|1-60aa,NC_042065.1|YP_009617948.1_29|1-60aa,NC_073170.1|YP_010745798.1_34|1-60aa,NC_073204.1|YP_010747922.1_54|1-60aa,NC_073205.1|YP_010747962.1_35|1-60aa,NC_073206.1|YP_010748029.1_45|1-60aa,NC_073210.1|YP_010748234.1_19|1-60aa,NC_025466.1|YP_009103930.1_44|1-60aa,NC_025471.1|YP_009104269.1_32|1-60aa,NC_031918.1|YP_009322253.1_56|1-60aa,NC_031924.1|YP_009322784.1_71|1-60aa,NC_054639.1|YP_010053351.1_68|1-60aa,NC_054637.1|YP_010053157.1_33|1-60aa,NC_054640.1|YP_010053424.1_51|1-60aa,NC_054642.1|YP_010053568.1_35|1-60aa,NC_054644.1|YP_010053744.1_61|1-60aa,NC_054645.1|YP_010053774.1_9|1-60aa,NC_054646.1|YP_010053895.1_43|1-60aa,NC_054647.1|YP_010053947.1_12|1-60aa,NC_054648.1|YP_010054086.1_66|1-60aa,NC_054649.1|YP_010054109.1_1|1-60aa,NC_054650.1|YP_010054216.1_20|1-60aa,NC_054651.1|YP_010054278.1_3|1-60aa,NC_070846.1|YP_010657373.1_6|1-60aa,NC_071144.1|NC_071144.1_rescuedCDS_001-rescued|1-60aa,NC_071145.1|YP_010685201.1_21|1-60aa,NC_010495.1|YP_001742077.1_40|1-60aa,NC_021534.1|YP_008126228.1_64|1-60aa,NC_042037.1|YP_009614662.1_66|1-60aa,NC_054638.1|YP_010053264.1_54|1-60aa,NC_054641.1|YP_010053506.1_58|1-60aa,NC_054643.1|NC_054643.1_rescuedCDS_001-rescued|1-60aa,NC_054652.1|YP_010054359.1_8|1-60aa,NC_054653.1|YP_010054425.1_10|1-60aa,NC_054654.1|YP_010054546.1_53|1-60aa,NC_071142.1|YP_010684979.1_56|1-60aa,NC_071143.1|YP_010685010.1_7|1-60aa,NC_071146.1|YP_010685299.1_41|1-60aa,NC_071147.1|YP_010685343.1_5|1-60aa,NC_071148.1|YP_010685463.1_47|1-60aa,NC_071149.1|YP_010685565.1_71|1-60aa,NC_071150.1|YP_010685651.1_73|1-60aa,NC_071151.1|YP_010685723.1_61|1-60aa,NC_071152.1|YP_010685767.1_34|1-60aa,NC_071153.1|YP_010685872.1_61|1-60aa,NC_071154.1|YP_010685913.1_19|1-60aa,NC_071155.1|YP_010686028.1_56|1-60aa,NC_071156.1|YP_010686111.1_60|1-60aa,NC_071157.1|YP_010686186.1_55|1-60aa,NC_054636.1|YP_010053057.1_13|1-60aa,NC_048198.1|YP_009824051.1_21|1-60aa,NC_019927.1|YP_007237576.1_2|1-60aa,NC_071003.1|YP_010675373.1_25|1-60aa,NC_070824.1|NC_070824.1_rescuedCDS_001-rescued|1-60aa,NC_028819.1|YP_009200196.1_10|1-60aa,NC_070822.1|YP_010655183.1_19|1-60aa,NC_002484.2|NP_061523.1_26|1-60aa,NC_016765.1|YP_005098229.1_26|1-60aa,NC_011373.1|YP_002284357.1_23|1-60aa,NC_029066.1|YP_009222847.1_77|1-60aa,NC_030929.1|YP_009275526.1_39|1-60aa,NC_016762.1|YP_005098088.1_61|1-60aa,NC_074663.1|YP_010773403.1_13|1-60aa,NC_074664.1|YP_010773486.1_18|1-60aa,NC_030909.1|YP_009273700.1_18|1-60aa,NC_041925.1|YP_009600629.1_47|1-60aa,NC_025443.1|YP_009101225.1_55|1-60aa,NC_042062.1|YP_009617884.1_55|1-60aa,NC_047786.1|YP_009787825.1_51|1-60aa,NC_071011.1|YP_010676313.1_56|1-60aa,NC_070772.1|YP_010649714.1_27|1-60aa,NC_031098.1|YP_009289769.1_30|1-60aa,NC_073031.1|YP_010738745.1_18|1-60aa
NC_021563.1|YP_008130362.1_69|1-60aa,100,86.666667,85,85,81.666667,71.666667,83.333333,83.333333,85,81.666667,81.666667,85,80,80,83.333333,78.333333,85,80,80,80,85,75,80,80,83.333333,83.333333,76.666667,76.666667,76.923077,75,76.666667,76.666667,75,76.666667,76.666667,76.666667,80,78.333333,80,80,80,80,80,80,80,76.666667,76.666667,78.333333,75,80,80,81.666667,80,75,76.666667,75,76.666667,75,76.666667,78.333333,80,78.333333,80,80,80,80,80,78.333333,80,75,80,80,76.666667,78.333333,80,80,80,80,78.333333,80,81.666667,81.666667,71.666667,80,83.333333,85,80,80,80,80,73.333333,80,80,80,80,80,75,80,75,58.928571,26.315789,26.415094,20.754717,34.042553,18.965517,26.415094,26.415094,26.415094,26.415094,26.415094,26.415094,26.415094,13.793103,25.925926,25.925926,26.415094,29.62963,31.481481,17.857143,22.413793,22.413793,25.490196,26.415094,26.415094,13.793103,13.793103,13.793103,29.62963,29.62963,20.689655,27.777778,27.777778,29.62963,28.846154,28.846154,27.777778,25.454545,13.793103,29.62963,29.62963,25.454545,17.241379,27.45098,16.363636,16.981132,25.925926,23.913043,25,15.254237,15.254237,20,12.962963,15.384615,19.607843,19.607843,23.529412,17.241379,32.142857,32.142857,28.070175,29.824561,28.571429,17.241379,25.454545,32.608696
NC_028695.2|YP_009191452.1_44|1-60aa,86.666667,100,93.333333,85,80,70,80,80,81.666667,80,80,81.666667,81.666667,78.333333,80,76.666667,85,80,80,80,85,75,80,80,81.666667,81.666667,76.666667,76.666667,76.923077,75,76.666667,76.666667,75,76.666667,76.666667,75,81.666667,78.333333,80,80,80,80,80,80,80,76.666667,76.666667,78.333333,75,80,80,81.666667,80,75,76.666667,75,76.666667,75,76.666667,78.333333,80,78.333333,80,80,80,80,80,78.333333,80,75,80,80,76.666667,78.333333,80,80,80,80,78.333333,80,80,80,71.666667,81.666667,81.666667,81.666667,80,80,80,80,73.333333,80,80,80,80,80,75,80,75,58.928571,24.561404,20.689655,27.45098,18.965517,25.490196,20.689655,20.689655,20.689655,20.689655,20.689655,20.689655,20.689655,27.45098,20.689655,25.490196,20.689655,29.411765,22.413793,17.857143,18.965517,18.965517,18.965517,20.689655,20.689655,20.754717,12.068966,20.754717,29.411765,24.074074,26.785714,18.965517,18.965517,25,17.857143,17.857143,18.965517,31.914894,20.754717,20.689655,25,18.965517,29.411765,25.490196,21.818182,16.981132,25.925926,20.37037,21.568627,21.428571,21.428571,22.727273,22,20,22,22,18.965517,17.241379,26.785714,30.357143,30.357143,32.142857,31.034483,21.428571,22.807018,25.531915
NC_069154.1|YP_010582687.1_36|1-60aa,85,93.333333,100,81.666667,80,73.333333,80,80,81.666667,80,81.666667,81.666667,81.666667,78.333333,80,76.666667,85,80,80,80,81.666667,75,80,80,81.666667,81.666667,76.666667,76.666667,76.923077,75,76.666667,76.666667,75,76.666667,76.666667,73.333333,81.666667,78.333333,80,80,80,80,80,80,80,76.666667,76.666667,78.333333,75,80,80,81.666667,80,75,76.666667,75,76.666667,75,76.666667,78.333333,80,78.333333,80,80,80,80,80,78.333333,80,75,80,80,76.666667,78.333333,80,80,80,80,78.333333,80,80,80,71.666667,80,81.666667,81.666667,80,80,80,80,73.333333,80,80,80,80,80,75,80,75,60.714286,26.315789,26.415094,18.965517,28.301887,21.428571,26.415094,26.415094,26.415094,26.415094,26.415094,26.415094,26.415094,18.965517,20.689655,20.689655,26.415094,20.689655,22.413793,17.857143,18.965517,18.965517,20.689655,26.415094,26.415094,24.528302,19.642857,24.528302,20.689655,22.222222,23.214286,18.965517,18.965517,23.214286,17.857143,17.857143,18.965517,24.074074,24.528302,20.689655,23.214286,18.965517,23.214286,25.490196,18.181818,22.641509,25.925926,18.518519,24,21.428571,21.428571,20,24,17.857143,19.642857,19.642857,21.428571,15.517241,28.571429,30.357143,32.142857,32.142857,28.571429,27.083333,21.052632,25.531915
NC_069155.1|YP_010582762.1_54|1-60aa,85,85,81.666667,100,85,76.666667,81.666667,83.333333,83.333333,86.666667,83.333333,83.333333,81.666667,83.333333,83.333333,83.333333,88.333333,81.666667,81.666667,81.666667,88.333333,76.666667,81.666667,81.666667,85,85,78.333333,80,80.769231,76.666667,78.333333,78.333333,78.333333,78.333333,80,78.333333,86.666667,80,81.666667,81.666667,81.666667,81.666667,81.666667,81.666667,81.666667,80,80,80,78.333333,81.666667,81.666667,81.666667,81.666667,78.846154,80,78.333333,78.333333,78.846154,78.333333,80,81.666667,80,81.666667,81.666667,81.666667,81.666667,81.666667,80,81.666667,78.333333,81.666667,81.666667,80,80,81.666667,81.666667,81.666667,81.666667,81.666667,81.666667,86.666667,86.666667,75,83.333333,85,83.333333,81.666667,81.666667,81.666667,81.666667,75,81.666667,81.666667,81.666667,81.666667,81.666667,78.333333,81.666667,78.333333,62.5,25.454545,18.965517,28.571429,18.965517,23.529412,18.965517,18.965517,18.965517,18.965517,18.965517,18.965517,18.965517,28.571429,25.490196,23.529412,18.965517,29.411765,20.689655,18.181818,20.689655,20.689655,17.241379,18.965517,18.965517,13.793103,13.793103,13.793103,29.411765,25.925926,25,20.754717,20.754717,23.214286,17.857143,17.857143,18.965517,25,13.793103,18.965517,23.214286,18.965517,30.612245,13.793103,17.241379,12.068966,24.489796,20.37037,19.607843,18.965517,18.965517,22.727273,28.26087,16.981132,13.793103,13.793103,18.965517,17.241379,28.571429,30.357143,30.357143,32.142857,26.785714,21.428571,26,27.659574
NC_073319.1|YP_010749254.1_49|1-60aa,81.666667,80,80,85,100,80,91.666667,91.666667,93.333333,93.333333,93.333333,93.333333,91.666667,91.666667,91.666667,88.333333,80,90,90,90,90,85,90,90,95,95,86.666667,86.666667,90.384615,81.666667,83.333333,86.666667,85,83.333333,86.666667,83.333333,91.666667,88.333333,90,90,90,90,90,90,90,86.666667,86.666667,88.333333,85,90,90,88.333333,90,86.538462,88.333333,85,86.666667,86.538462,86.666667,88.333333,90,88.333333,90,90,90,90,90,88.333333,90,85,90,90,86.666667,88.333333,90,90,90,90,88.333333,90,93.333333,93.333333,78.333333,88.333333,95,93.333333,90,90,90,90,83.333333,90,90,90,90,90,85,90,85,66.071429,23.214286,17.857143,26.530612,28.846154,19.298246,21.428571,17.857143,17.857143,17.857143,17.857143,17.857143,17.857143,26.530612,26,19.298246,17.857143,27.45098,17.241379,20,18.965517,18.965517,25.490196,17.857143,17.857143,13.793103,13.793103,13.793103,27.45098,25.490196,17.241379,19.642857,19.642857,15.517241,16.071429,16.071429,19.642857,16.071429,13.793103,17.241379,15.517241,19.642857,29.411765,16.363636,21.818182,12.068966,15.686275,18.518519,19.607843,34.883721,34.883721,25,20,21.568627,17.857143,15.686275,21.568627,15.517241,25,32.142857,33.928571,33.928571,28.571429,17.857143,22,27.659574
NC_073320.1|YP_010749351.1_65|1-60aa,71.666667,70,73.333333,76.666667,80,100,81.666667,83.333333,83.333333,86.666667,85,83.333333,85,83.333333,83.333333,83.333333,71.666667,85,83.333333,83.333333,76.666667,78.333333,85,85,85,85,83.333333,85,80.769231,78.333333,80,83.333333,83.333333,80,83.333333,78.333333,81.666667,83.333333,85,83.333333,85,85,83.333333,85,85,85,85,85,83.333333,85,85,81.666667,85,84.615385,80,83.333333,83.333333,84.615385,81.666667,85,83.333333,81.666667,83.333333,83.333333,83.333333,83.333333,85,83.333333,83.333333,83.333333,85,83.333333,85,85,83.333333,85,85,85,83.333333,85,86.666667,86.666667,93.333333,75,85,83.333333,85,85,83.333333,83.333333,78.333333,85,85,85,85,83.333333,83.333333,83.333333,83.333333,57.142857,30.434783,19.230769,19.607843,21.153846,24.489796,19.230769,19.230769,19.230769,19.230769,19.230769,19.230769,19.230769,19.607843,17.857143,24.489796,19.230769,26,21.428571,10.909091,23.214286,23.214286,19.230769,19.230769,19.230769,13.793103,12.068966,13.793103,26,24,17.857143,24,24,17.857143,21.153846,21.153846,26,30.434783,13.793103,19.642857,17.857143,26,23.529412,13.793103,15.517241,12.068966,16.071429,24.489796,17.647059,17.54386,17.54386,22.727273,24.489796,20.408163,8.62069,8.62069,24.489796,10.344828,32.142857,32.142857,30.357143,32.142857,26.785714,29.166667,25,19.565217
NC_073318.1|YP_010749190.1_57|1-60aa,83.333333,80,80,81.666667,91.666667,81.666667,100,96.666667,98.333333,95,95,98.333333,93.333333,93.333333,96.666667,90,78.333333,91.666667,91.666667,91.666667,88.333333,86.666667,91.666667,91.666667,96.666667,96.666667,88.333333,88.333333,90.384615,83.333333,85,88.333333,86.666667,85,88.333333,85,91.666667,90,91.666667,91.666667,91.666667,91.666667,91.666667,91.666667,91.666667,88.333333,88.333333,90,86.666667,91.666667,91.666667,90,91.666667,90.384615,86.666667,86.666667,88.333333,90.384615,88.333333,90,91.666667,90,91.666667,91.666667,91.666667,91.666667,91.666667,90,91.666667,86.666667,91.666667,91.666667,88.333333,90,91.666667,91.666667,91.666667,91.666667,90,91.666667,95,95,81.666667,86.666667,96.666667,98.333333,91.666667,91.666667,91.666667,91.666667,85,91.666667,91.666667,91.666667,91.666667,91.666667,86.666667,91.666667,86.666667,64.285714,29.090909,21.568627,25.490196,15.789474,27.45098,25,25,25,25,25,25,25,25.490196,25.490196,27.45098,25,27.45098,29.411765,16.363636,20.689655,20.689655,25.490196,25,25,13.793103,13.793103,13.793103,27.45098,25.490196,17.241379,25.490196,25.490196,25.490196,11.666667,11.666667,25.490196,31.914894,13.793103,27.45098,25.490196,25.490196,31.372549,26.530612,20.754717,16.981132,42.857143,18.518519,19.607843,19.642857,19.642857,25,19.230769,11.538462,17.857143,17.857143,21.568627,15.517241,28.571429,33.928571,33.928571,35.714286,32.142857,22,22.807018,28.571429
NC_042084.1|YP_009620110.1_30|1-60aa,83.333333,80,80,83.333333,91.666667,83.333333,96.666667,100,98.333333,96.666667,95,98.333333,93.333333,95,98.333333,91.666667,80,91.666667,91.666667,91.666667,88.333333,86.666667,91.666667,91.666667,96.666667,96.666667,88.333333,90,88.461538,83.333333,85,88.333333,88.333333,85,90,85,93.333333,90,91.666667,91.666667,91.666667,91.666667,91.666667,91.666667,91.666667,90,90,90,88.333333,91.666667,91.666667,90,91.666667,90.384615,86.666667,88.333333,88.333333,90.384615,88.333333,90,91.666667,90,91.666667,91.666667,91.666667,91.666667,91.666667,90,91.666667,88.333333,91.666667,91.666667,90,90,91.666667,91.666667,91.666667,91.666667,91.666667,91.666667,96.666667,96.666667,83.333333,86.666667,96.666667,98.333333,91.666667,91.666667,91.666667,91.666667,85,91.666667,91.666667,91.666667,91.666667,91.666667,88.333333,91.666667,88.333333,64.285714,23.214286,21.568627,25.490196,26.923077,27.45098,25,25,25,25,25,25,25,25.490196,25.490196,27.45098,25,27.45098,29.411765,16.363636,20.689655,20.689655,25.490196,25,25,13.793103,13.793103,13.793103,27.45098,25.490196,17.241379,25.490196,25.490196,25.490196,16.071429,16.071429,25.490196,31.914894,13.793103,27.45098,25.490196,25.490196,29.411765,10.344828,18.181818,18.867925,14.285714,16.666667,24.444444,19.642857,19.642857,22.727273,19.230769,21.568627,17.857143,17.857143,21.568627,15.517241,28.571429,33.928571,33.928571,35.714286,32.142857,22,24,27.659574
NC_073323.1|YP_010749531.1_31|1-60aa,85,81.666667,81.666667,83.333333,93.333333,83.333333,98.333333,98.333333,100,96.666667,96.666667,100,95,95,98.333333,91.666667,80,93.333333,93.333333,93.333333,90,88.333333,93.333333,93.333333,98.333333,98.333333,90,90,90.384615,85,86.666667,90,88.333333,86.666667,90,86.666667,93.333333,91.666667,93.333333,93.333333,93.333333,93.333333,93.333333,93.333333,93.333333,90,90,91.666667,88.333333,93.333333,93.333333,91.666667,93.333333,90.384615,88.333333,88.333333,90,90.384615,90,91.666667,93.333333,91.666667,93.333333,93.333333,93.333333,93.333333,93.333333,91.666667,93.333333,88.333333,93.333333,93.333333,90,91.666667,93.333333,93.333333,93.333333,93.333333,91.666667,93.333333,96.666667,96.666667,83.333333,88.333333,98.333333,100,93.333333,93.333333,93.333333,93.333333,86.666667,93.333333,93.333333,93.333333,93.333333,93.333333,88.333333,93.333333,88.333333,64.285714,25,21.568627,25.490196,15.789474,27.45098,25,25,25,25,25,25,25,25.490196,25.490196,27.45098,25,27.45098,29.411765,16.363636,20.689655,20.689655,25.490196,25,25,13.793103,13.793103,13.793103,27.45098,25.490196,17.241379,25.490196,25.490196,25.490196,16.071429,16.071429,25.490196,31.914894,13.793103,27.45098,25.490196,25.490196,29.411765,23.529412,18.181818,16.981132,14.285714,18.518519,19.607843,19.642857,19.642857,22.727273,19.230769,21.568627,17.857143,17.857143,21.568627,15.517241,28.571429,33.928571,33.928571,35.714286,32.142857,22,24,27.659574
NC_041897.1|YP_009597310.1_30|1-60aa,81.666667,80,80,86.666667,93.333333,86.666667,95,96.666667,96.666667,100,96.666667,96.666667,95,96.666667,96.666667,95,81.666667,93.333333,93.333333,93.333333,90,88.333333,93.333333,93.333333,98.333333,98.333333,90,91.666667,90.384615,85,86.666667,90,90,86.666667,91.666667,86.666667,95,91.666667,93.333333,93.333333,93.333333,93.333333,93.333333,93.333333,93.333333,91.666667,91.666667,91.666667,90,93.333333,93.333333,91.666667,93.333333,92.307692,88.333333,90,90,92.307692,90,91.666667,93.333333,91.666667,93.333333,93.333333,93.333333,93.333333,93.333333,91.666667,93.333333,90,93.333333,93.333333,91.666667,91.666667,93.333333,93.333333,93.333333,93.333333,93.333333,93.333333,100,100,85,88.333333,98.333333,96.666667,93.333333,93.333333,93.333333,93.333333,86.666667,93.333333,93.333333,93.333333,93.333333,93.333333,90,93.333333,90,67.857143,21.428571,15.517241,25.490196,21.153846,21.568627,15.517241,15.517241,15.517241,15.517241,15.517241,15.517241,15.517241,25.490196,15.517241,21.568627,15.517241,27.45098,18.965517,16.363636,20.689655,20.689655,25.490196,15.517241,15.517241,13.793103,13.793103,13.793103,27.45098,25.490196,17.241379,15.517241,15.517241,15.517241,16.071429,16.071429,17.241379,31.914894,13.793103,17.241379,15.517241,17.241379,29.411765,14.545455,18.181818,8.62069,16.981132,24.489796,17.647059,17.241379,17.241379,22.727273,27.906977,15.09434,12.068966,15.686275,17.241379,15.517241,28.571429,35.714286,35.714286,37.5,32.142857,22,29.166667,27.659574
NC_041898.1|YP_009597361.1_30|1-60aa,81.666667,80,81.666667,83.333333,93.333333,85,95,95,96.666667,96.666667,100,96.666667,95,95,95,91.666667,80,93.333333,93.333333,93.333333,90,88.333333,93.333333,93.333333,98.333333,98.333333,90,90,90.384615,85,86.666667,90,88.333333,86.666667,90,86.666667,93.333333,91.666667,93.333333,93.333333,93.333333,93.333333,93.333333,93.333333,93.333333,90,90,91.666667,88.333333,93.333333,93.333333,91.666667,93.333333,90.384615,88.333333,88.333333,90,90.384615,90,91.666667,93.333333,91.666667,93.333333,93.333333,93.333333,93.333333,93.333333,91.666667,93.333333,88.333333,93.333333,93.333333,90,91.666667,93.333333,93.333333,93.333333,93.333333,91.666667,93.333333,96.666667,96.666667,81.666667,88.333333,98.333333,96.666667,93.333333,93.333333,93.333333,93.333333,86.666667,93.333333,93.333333,93.333333,93.333333,93.333333,88.333333,93.333333,88.333333,64.285714,25,17.241379,27.45098,23.076923,27.45098,17.241379,17.241379,17.241379,17.241379,17.241379,17.241379,17.241379,27.45098,25.490196,27.45098,17.241379,29.411765,31.372549,22.641509,20.689655,20.689655,23.076923,17.241379,17.241379,13.793103,13.793103,13.793103,29.411765,27.45098,15.517241,27.45098,27.45098,27.45098,26,26,27.45098,34.042553,13.793103,29.411765,27.45098,27.45098,31.372549,23.529412,13.793103,18.181818,34.090909,18.518519,19.607843,18.965517,18.965517,22.727273,21.153846,22.222222,18.181818,18,21.818182,17.857143,25,33.928571,33.928571,35.714286,30.357143,20,24,27.659574
NC_073325.1|NC_073325.1_rescuedCDS_001-rescued|1-60aa,85,81.666667,81.666667,83.333333,93.333333,83.333333,98.333333,98.333333,100,96.666667,96.666667,100,95,95,98.333333,91.666667,80,93.333333,93.333333,93.333333,90,88.333333,93.333333,93.333333,98.333333,98.333333,90,90,90.384615,85,86.666667,90,88.333333,86.666667,90,86.666667,93.333333,91.666667,93.333333,93.333333,93.333333,93.333333,93.333333,93.333333,93.333333,90,90,91.666667,88.333333,93.333333,93.333333,91.666667,93.333333,90.384615,88.333333,88.333333,90,90.384615,90,91.666667,93.333333,91.666667,93.333333,93.333333,93.333333,93.333333,93.333333,91.666667,93.333333,88.333333,93.333333,93.333333,90,91.666667,93.333333,93.333333,93.333333,93.333333,91.666667,93.333333,96.666667,96.666667,83.333333,88.333333,98.333333,100,93.333333,93.333333,93.333333,93.333333,86.666667,93.333333,93.333333,93.333333,93.333333,93.333333,88.333333,93.333333,88.333333,64.285714,25,21.568627,25.490196,15.789474,27.45098,25,25,25,25,25,25,25,25.490196,25.490196,27.45098,25,27.45098,29.411765,16.363636,20.689655,20.689655,25.490196,25,25,13.793103,13.793103,13.793103,27.45098,25.490196,17.241379,25.490196,25.490196,25.490196,16.071429,16.071429,25.490196,31.914894,13.793103,27.45098,25.490196,25.490196,29.411765,23.529412,18.181818,16.981132,14.285714,18.518519,19.607843,19.642857,19.642857,22.727273,19.230769,21.568627,17.857143,17.857143,21.568627,15.517241,28.571429,33.928571,33.928571,35.714286,32.142857,22,24,27.659574
NC_073315.1|YP_010748934.1_32|1-60aa,80,81.666667,81.666667,81.666667,91.666667,85,93.333333,93.333333,95,95,95,95,100,93.333333,93.333333,90,80,93.333333,93.333333,93.333333,90,88.333333,93.333333,93.333333,96.666667,96.666667,90,90,90.384615,86.666667,88.333333,90,88.333333,88.333333,90,85,91.666667,91.666667,93.333333,93.333333,93.333333,93.333333,93.333333,93.333333,93.333333,90,90,91.666667,88.333333,93.333333,93.333333,91.666667,93.333333,90.384615,88.333333,88.333333,90,90.384615,90,91.666667,93.333333,91.666667,93.333333,93.333333,93.333333,93.333333,93.333333,91.666667,93.333333,88.333333,93.333333,93.333333,90,91.666667,93.333333,93.333333,93.333333,93.333333,91.666667,93.333333,95,95,85,88.333333,96.666667,95,93.333333,93.333333,93.333333,93.333333,86.666667,93.333333,93.333333,93.333333,93.333333,93.333333,88.333333,93.333333,88.333333,66.071429,23.214286,17.241379,17.307692,15.517241,21.568627,17.241379,17.241379,17.241379,17.241379,17.241379,17.241379,17.241379,17.307692,17.241379,21.568627,17.241379,18.965517,20.689655,20.754717,18.965517,18.965517,16.981132,17.241379,17.241379,12.068966,12.068966,12.068966,18.965517,17.241379,18.965517,17.241379,17.241379,17.241379,24,24,17.241379,29.787234,12.068966,18.965517,17.241379,17.241379,21.153846,12.068966,13.793103,20,15.686275,18.518519,19.607843,13.559322,13.559322,22.727273,19.230769,11.538462,15.686275,15.686275,21.568627,11.864407,28.571429,35.714286,35.714286,37.5,32.142857,22,24,28.571429
NC_073324.1|YP_010749628.1_48|1-60aa,80,78.333333,78.333333,83.333333,91.666667,83.333333,93.333333,95,95,96.666667,95,95,93.333333,100,96.666667,91.666667,80,91.666667,91.666667,91.666667,88.333333,86.666667,91.666667,91.666667,96.666667,96.666667,88.333333,91.666667,88.461538,83.333333,85,88.333333,90,85,91.666667,85,93.333333,90,91.666667,91.666667,91.666667,91.666667,91.666667,91.666667,91.666667,91.666667,91.666667,90,90,91.666667,91.666667,90,91.666667,92.307692,86.666667,90,88.333333,92.307692,88.333333,90,91.666667,90,91.666667,91.666667,91.666667,91.666667,91.666667,90,91.666667,90,91.666667,91.666667,91.666667,90,91.666667,91.666667,91.666667,91.666667,93.333333,91.666667,96.666667,96.666667,81.666667,86.666667,96.666667,95,91.666667,91.666667,91.666667,91.666667,85,91.666667,91.666667,91.666667,91.666667,91.666667,90,91.666667,90,64.285714,19.642857,15.517241,25.490196,21.153846,21.568627,15.517241,15.517241,15.517241,15.517241,15.517241,15.517241,15.517241,25.490196,15.517241,21.568627,15.517241,27.45098,18.965517,16.363636,20.689655,20.689655,25.490196,15.517241,15.517241,13.793103,13.793103,13.793103,27.45098,25.490196,17.241379,15.517241,15.517241,15.517241,16.071429,16.071429,15.517241,31.914894,13.793103,17.241379,15.517241,15.517241,29.411765,10.344828,12.068966,18.867925,12.962963,16.666667,17.647059,17.241379,17.241379,22.727273,22,24.444444,20,20,17.241379,15.517241,28.571429,35.714286,35.714286,37.5,32.142857,22,24,27.659574
NC_073322.1|YP_010749480.1_51|1-60aa,83.333333,80,80,83.333333,91.666667,83.333333,96.666667,98.333333,98.333333,96.666667,95,98.333333,93.333333,96.666667,100,91.666667,80,91.666667,91.666667,91.666667,88.333333,86.666667,91.666667,91.666667,96.666667,96.666667,88.333333,91.666667,88.461538,83.333333,85,88.333333,90,85,91.666667,85,93.333333,90,91.666667,91.666667,91.666667,91.666667,91.666667,91.666667,91.666667,91.666667,91.666667,90,90,91.666667,91.666667,90,91.666667,92.307692,86.666667,90,88.333333,92.307692,88.333333,90,91.666667,90,91.666667,91.666667,91.666667,91.666667,91.666667,90,91.666667,90,91.666667,91.666667,91.666667,90,91.666667,91.666667,91.666667,91.666667,93.333333,91.666667,96.666667,96.666667,83.333333,86.666667,96.666667,98.333333,91.666667,91.666667,91.666667,91.666667,85,91.666667,91.666667,91.666667,91.666667,91.666667,90,91.666667,90,64.285714,23.214286,21.568627,25.490196,21.153846,27.45098,25,25,25,25,25,25,25,25.490196,25.490196,27.45098,25,27.45098,18.965517,16.363636,20.689655,20.689655,25.490196,25,25,13.793103,13.793103,13.793103,27.45098,25.490196,17.241379,15.517241,15.517241,15.517241,16.071429,16.071429,15.517241,31.914894,13.793103,17.241379,15.517241,15.517241,29.411765,10.344828,18.181818,8.62069,40.47619,16.666667,17.647059,17.241379,17.241379,22.727273,18,21.153846,17.54386,15.686275,21.568627,15.517241,28.571429,33.928571,33.928571,35.714286,32.142857,22,24,27.659574
NC_048181.1|YP_009821865.1_29|1-60aa,78.333333,76.666667,76.666667,83.333333,88.333333,83.333333,90,91.666667,91.666667,95,91.666667,91.666667,90,91.666667,91.666667,100,78.333333,90,90,90,85,86.666667,90,90,93.333333,93.333333,86.666667,88.333333,86.538462,83.333333,83.333333,86.666667,86.666667,83.333333,88.333333,83.333333,90,88.333333,90,90,90,90,90,90,90,88.333333,88.333333,88.333333,86.666667,90,90,88.333333,90,88.461538,85,86.666667,86.666667,88.461538,86.666667,88.333333,90,88.333333,90,90,90,90,90,88.333333,90,86.666667,90,90,88.333333,88.333333,90,90,90,90,90,90,95,95,81.666667,85,93.333333,91.666667,90,90,90,90,85,90,90,90,90,90,86.666667,90,86.666667,66.071429,17.54386,15.517241,23.529412,17.54386,21.568627,15.517241,15.517241,15.517241,15.517241,15.517241,15.517241,15.517241,23.529412,15.517241,21.568627,15.517241,27.45098,29.411765,20,20.689655,20.689655,25.490196,15.517241,15.517241,13.793103,13.793103,13.793103,27.45098,25.490196,17.241379,25.490196,25.490196,25.490196,16.071429,16.071429,17.241379,31.914894,13.793103,27.45098,25.490196,17.241379,27.45098,20,19.230769,26.530612,16.981132,24.489796,17.647059,17.241379,17.241379,22.727273,27.906977,22.222222,17.647059,17.647059,23.529412,16.981132,25,37.5,37.5,39.285714,32.142857,22,29.166667,21.276596
NC_069156.1|NC_069156.1_rescuedCDS_001-rescued|1-60aa,85,85,85,88.333333,80,71.666667,78.333333,80,80,81.666667,80,80,80,80,80,78.333333,100,81.666667,81.666667,81.666667,86.666667,76.666667,81.666667,81.666667,81.666667,81.666667,78.333333,80,78.846154,75,76.666667,78.333333,78.333333,76.666667,80,75,83.333333,80,81.666667,81.666667,81.666667,81.666667,81.666667,81.666667,81.666667,80,80,80,78.333333,81.666667,81.666667,83.333333,81.666667,78.846154,78.333333,78.333333,78.333333,78.846154,78.333333,80,81.666667,80,81.666667,81.666667,81.666667,81.666667,81.666667,80,81.666667,78.333333,81.666667,81.666667,80,80,81.666667,81.666667,81.666667,81.666667,81.666667,81.666667,81.666667,81.666667,73.333333,81.666667,81.666667,80,81.666667,81.666667,81.666667,81.666667,75,81.666667,81.666667,81.666667,81.666667,81.666667,78.333333,81.666667,78.333333,60.714286,21.052632,22.641509,20.754717,20.754717,25.490196,23.214286,22.641509,22.641509,22.641509,22.641509,22.641509,22.641509,23.529412,25.490196,25.490196,22.641509,24.074074,25,23.636364,22.222222,22.222222,27.45098,22.641509,22.641509,25,25,25,24.074074,25.925926,25.925926,23.214286,23.214286,25.925926,19.642857,19.642857,23.214286,25,25,24.074074,25.925926,23.214286,23.214286,20.754717,31.818182,20,20.754717,19.565217,30,17.54386,17.54386,20,20.408163,16.071429,20,20,17.241379,15.517241,28.571429,30.357143,30.357143,32.142857,26.785714,20.833333,29.090909,27.659574
NC_006940.2|YP_224071.2_49|1-60aa,80,80,80,81.666667,90,85,91.666667,91.666667,93.333333,93.333333,93.333333,93.333333,93.333333,91.666667,91.666667,90,81.666667,100,98.333333,98.333333,90,93.333333,100,100,95,95,96.666667,96.666667,96.153846,90,91.666667,96.666667,95,91.666667,95,90,90,98.333333,100,98.333333,100,100,98.333333,100,100,96.666667,96.666667,98.333333,95,100,100,95,100,98.076923,93.333333,95,96.666667,98.076923,95,98.333333,98.333333,96.666667,98.333333,98.333333,98.333333,98.333333,100,98.333333,98.333333,95,100,98.333333,96.666667,98.333333,98.333333,100,100,100,96.666667,100,93.333333,93.333333,86.666667,88.333333,95,93.333333,100,100,98.333333,98.333333,93.333333,100,100,100,100,98.333333,95,98.333333,95,64.285714,21.052632,19.230769,25.490196,21.153846,21.568627,15.517241,19.607843,19.607843,19.607843,19.607843,19.607843,19.607843,25.490196,19.607843,21.568627,19.607843,27.45098,29.411765,18.181818,18.965517,18.965517,21.428571,19.607843,19.607843,13.793103,13.793103,13.793103,27.45098,25.490196,17.241379,25.490196,25.490196,25.490196,16.071429,16.071429,25.490196,31.914894,13.793103,27.45098,25.490196,25.490196,29.411765,23.529412,18.181818,20,15.686275,23.529412,21.568627,13.559322,13.559322,22.727273,21.153846,13.461538,12.068966,20,17.241379,15.517241,25,32.142857,32.142857,33.928571,30.357143,22,22,25
NC_009232.2|YP_001110804.1_32|1-60aa,80,80,80,81.666667,90,83.333333,91.666667,91.666667,93.333333,93.333333,93.333333,93.333333,93.333333,91.666667,91.666667,90,81.666667,98.333333,100,100,90,95,98.333333,98.333333,95,95,95,95,98.076923,88.333333,90,95,93.333333,90,96.666667,88.333333,90,96.666667,98.333333,100,98.333333,98.333333,100,98.333333,98.333333,95,95,96.666667,93.333333,98.333333,98.333333,96.666667,98.333333,96.153846,95,93.333333,95,96.153846,96.666667,96.666667,100,98.333333,100,100,100,100,98.333333,96.666667,100,93.333333,98.333333,100,95,96.666667,100,98.333333,98.333333,98.333333,98.333333,98.333333,93.333333,93.333333,85,88.333333,95,93.333333,98.333333,98.333333,100,100,91.666667,98.333333,98.333333,98.333333,98.333333,100,93.333333,100,93.333333,64.285714,21.052632,19.607843,25.490196,21.153846,21.568627,15.517241,19.607843,19.607843,19.607843,19.607843,19.607843,19.607843,25.490196,19.607843,21.568627,19.607843,27.45098,29.411765,18.181818,18.965517,18.965517,21.428571,19.607843,19.607843,13.793103,13.793103,13.793103,27.45098,25.490196,17.241379,25.490196,25.490196,25.490196,16.071429,16.071429,25.490196,31.914894,13.793103,27.45098,25.490196,25.490196,29.411765,23.529412,18.181818,18.181818,15.686275,23.529412,21.568627,15.254237,15.254237,30.232558,21.153846,13.461538,12.068966,15.686275,17.241379,15.517241,25,32.142857,32.142857,33.928571,30.357143,22,22,27.272727
NC_019539.1|YP_007010485.1_32|1-60aa,80,80,80,81.666667,90,83.333333,91.666667,91.666667,93.333333,93.333333,93.333333,93.333333,93.333333,91.666667,91.666667,90,81.666667,98.333333,100,100,90,95,98.333333,98.333333,95,95,95,95,98.076923,88.333333,90,95,93.333333,90,96.666667,88.333333,90,96.666667,98.333333,100,98.333333,98.333333,100,98.333333,98.333333,95,95,96.666667,93.333333,98.333333,98.333333,96.666667,98.333333,96.153846,95,93.333333,95,96.153846,96.666667,96.666667,100,98.333333,100,100,100,100,98.333333,96.666667,100,93.333333,98.333333,100,95,96.666667,100,98.333333,98.333333,98.333333,98.333333,98.333333,93.333333,93.333333,85,88.333333,95,93.333333,98.333333,98.333333,100,100,91.666667,98.333333,98.333333,98.333333,98.333333,100,93.333333,100,93.333333,64.285714,21.052632,19.607843,25.490196,21.153846,21.568627,15.517241,19.607843,19.607843,19.607843,19.607843,19.607843,19.607843,25.490196,19.607843,21.568627,19.607843,27.45098,29.411765,18.181818,18.965517,18.965517,21.428571,19.607843,19.607843,13.793103,13.793103,13.793103,27.45098,25.490196,17.241379,25.490196,25.490196,25.490196,16.071429,16.071429,25.490196,31.914894,13.793103,27.45098,25.490196,25.490196,29.411765,23.529412,18.181818,18.181818,15.686275,23.529412,21.568627,15.254237,15.254237,30.232558,21.153846,13.461538,12.068966,15.686275,17.241379,15.517241,25,32.142857,32.142857,33.928571,30.357143,22,22,27.272727
NC_021775.1|YP_008239656.1_59|1-60aa,85,85,81.666667,88.333333,90,76.666667,88.333333,88.333333,90,90,90,90,90,88.333333,88.333333,85,86.666667,90,90,90,100,85,90,90,91.666667,91.666667,86.666667,86.666667,88.461538,80,81.666667,86.666667,85,81.666667,86.666667,80,90,88.333333,90,90,90,90,90,90,90,86.666667,86.666667,88.333333,85,90,90,90,90,86.538462,86.666667,85,86.666667,86.538462,86.666667,88.333333,90,88.333333,90,90,90,90,90,88.333333,90,85,90,90,86.666667,88.333333,90,90,90,90,88.333333,90,90,90,78.333333,93.333333,91.666667,90,90,90,90,90,83.333333,90,90,90,90,90,85,90,85,64.285714,21.428571,15.517241,17.857143,24.528302,19.607843,15.517241,15.517241,15.517241,15.517241,15.517241,15.517241,15.517241,17.857143,19.607843,19.607843,15.517241,27.45098,29.411765,20,27.45098,27.45098,17.857143,15.517241,15.517241,12.068966,14.285714,12.068966,27.45098,22.222222,23.214286,19.642857,19.642857,32.653061,16.071429,16.071429,19.642857,25.490196,12.068966,27.45098,32.653061,19.642857,19.642857,22,13.793103,18.181818,24.489796,22.222222,28.26087,17.857143,17.857143,20.454545,20.408163,26.666667,22,22,17.241379,15.517241,21.428571,28.571429,28.571429,30.357143,26.785714,24.444444,24,17.857143
NC_021777.1|YP_008239742.1_33|1-60aa,75,75,75,76.666667,85,78.333333,86.666667,86.666667,88.333333,88.333333,88.333333,88.333333,88.333333,86.666667,86.666667,86.666667,76.666667,93.333333,95,95,85,100,93.333333,93.333333,90,90,90,90,94.230769,85,86.666667,90,88.333333,86.666667,91.666667,85,85,91.666667,93.333333,95,93.333333,93.333333,95,93.333333,93.333333,90,90,91.666667,88.333333,93.333333,93.333333,91.666667,93.333333,92.307692,90,88.333333,90,92.307692,91.666667,91.666667,95,93.333333,95,95,95,95,93.333333,91.666667,95,88.333333,93.333333,95,90,91.666667,95,93.333333,93.333333,93.333333,93.333333,93.333333,88.333333,88.333333,80,83.333333,90,88.333333,93.333333,93.333333,95,95,90,93.333333,93.333333,93.333333,93.333333,95,88.333333,95,88.333333,62.5,21.052632,23.913043,33.333333,30.769231,29.411765,21.73913,21.73913,21.73913,21.73913,21.73913,21.73913,21.73913,33.333333,27.45098,29.411765,21.73913,21.428571,29.411765,21.818182,18.644068,18.644068,21.428571,21.73913,21.73913,15.254237,15.254237,15.254237,21.428571,21.428571,18.644068,29.411765,29.411765,21.428571,17.857143,17.857143,21.428571,34.042553,15.254237,21.428571,21.428571,21.428571,31.372549,25.490196,18.181818,10.344828,17.647059,23.529412,21.568627,32.55814,32.55814,27.906977,21.153846,19.230769,21.568627,21.568627,23.529412,22.641509,28.301887,30.357143,30.357143,32.142857,25.862069,22,22,23.404255
NC_022752.1|YP_008767031.1_32|1-60aa,80,80,80,81.666667,90,85,91.666667,91.666667,93.333333,93.333333,93.333333,93.333333,93.333333,91.666667,91.666667,90,81.666667,100,98.333333,98.333333,90,93.333333,100,100,95,95,96.666667,96.666667,96.153846,90,91.666667,96.666667,95,91.666667,95,90,90,98.333333,100,98.333333,100,100,98.333333,100,100,96.666667,96.666667,98.333333,95,100,100,95,100,98.076923,93.333333,95,96.666667,98.076923,95,98.333333,98.333333,96.666667,98.333333,98.333333,98.333333,98.333333,100,98.333333,98.333333,95,100,98.333333,96.666667,98.333333,98.333333,100,100,100,96.666667,100,93.333333,93.333333,86.666667,88.333333,95,93.333333,100,100,98.333333,98.333333,93.333333,100,100,100,100,98.333333,95,98.333333,95,64.285714,21.052632,19.230769,25.490196,21.153846,21.568627,15.517241,19.607843,19.607843,19.607843,19.607843,19.607843,19.607843,25.490196,19.607843,21.568627,19.607843,27.45098,29.411765,18.181818,18.965517,18.965517,21.428571,19.607843,19.607843,13.793103,13.793103,13.793103,27.45098,25.490196,17.241379,25.490196,25.490196,25.490196,16.071429,16.071429,25.490196,31.914894,13.793103,27.45098,25.490196,25.490196,29.411765,23.529412,18.181818,20,15.686275,23.529412,21.568627,13.559322,13.559322,22.727273,21.153846,13.461538,12.068966,20,17.241379,15.517241,25,32.142857,32.142857,33.928571,30.357143,22,22,25
NC_022754.1|YP_008767202.1_31|1-60aa,80,80,80,81.666667,90,85,91.666667,91.666667,93.333333,93.333333,93.333333,93.333333,93.333333,91.666667,91.666667,90,81.666667,100,98.333333,98.333333,90,93.333333,100,100,95,95,96.666667,96.666667,96.153846,90,91.666667,96.666667,95,91.666667,95,90,90,98.333333,100,98.333333,100,100,98.333333,100,100,96.666667,96.666667,98.333333,95,100,100,95,100,98.076923,93.333333,95,96.666667,98.076923,95,98.333333,98.333333,96.666667,98.333333,98.333333,98.333333,98.333333,100,98.333333,98.333333,95,100,98.333333,96.666667,98.333333,98.333333,100,100,100,96.666667,100,93.333333,93.333333,86.666667,88.333333,95,93.333333,100,100,98.333333,98.333333,93.333333,100,100,100,100,98.333333,95,98.333333,95,64.285714,21.052632,19.230769,25.490196,21.153846,21.568627,15.517241,19.607843,19.607843,19.607843,19.607843,19.607843,19.607843,25.490196,19.607843,21.568627,19.607843,27.45098,29.411765,18.181818,18.965517,18.965517,21.428571,19.607843,19.607843,13.793103,13.793103,13.793103,27.45098,25.490196,17.241379,25.490196,25.490196,25.490196,16.071429,16.071429,25.490196,31.914894,13.793103,27.45098,25.490196,25.490196,29.411765,23.529412,18.181818,20,15.686275,23.529412,21.568627,13.559322,13.559322,22.727273,21.153846,13.461538,12.068966,20,17.241379,15.517241,25,32.142857,32.142857,33.928571,30.357143,22,22,25
NC_027993.1|YP_009168811.1_31|1-60aa,83.333333,81.666667,81.666667,85,95,85,96.666667,96.666667,98.333333,98.333333,98.333333,98.333333,96.666667,96.666667,96.666667,93.333333,81.666667,95,95,95,91.666667,90,95,95,100,100,91.666667,91.666667,92.307692,86.666667,88.333333,91.666667,90,88.333333,91.666667,88.333333,95,93.333333,95,95,95,95,95,95,95,91.666667,91.666667,93.333333,90,95,95,93.333333,95,92.307692,90,90,91.666667,92.307692,91.666667,93.333333,95,93.333333,95,95,95,95,95,93.333333,95,90,95,95,91.666667,93.333333,95,95,95,95,93.333333,95,98.333333,98.333333,83.333333,90,100,98.333333,95,95,95,95,88.333333,95,95,95,95,95,90,95,90,66.071429,23.214286,15.517241,25.490196,21.153846,21.568627,15.517241,15.517241,15.517241,15.517241,15.517241,15.517241,15.517241,25.490196,15.517241,21.568627,15.517241,27.45098,29.411765,16.363636,20.689655,20.689655,25.490196,15.517241,15.517241,13.793103,13.793103,13.793103,27.45098,25.490196,17.241379,25.490196,25.490196,25.490196,16.071429,16.071429,25.490196,31.914894,13.793103,27.45098,25.490196,25.490196,29.411765,23.529412,18.181818,18.181818,15.686275,18.518519,19.607843,17.241379,17.241379,22.727273,19.230769,11.538462,15.686275,15.686275,21.568627,15.517241,28.571429,35.714286,35.714286,37.5,32.142857,22,24,27.659574
NC_027994.1|YP_009168860.1_28|1-60aa,83.333333,81.666667,81.666667,85,95,85,96.666667,96.666667,98.333333,98.333333,98.333333,98.333333,96.666667,96.666667,96.666667,93.333333,81.666667,95,95,95,91.666667,90,95,95,100,100,91.666667,91.666667,92.307692,86.666667,88.333333,91.666667,90,88.333333,91.666667,88.333333,95,93.333333,95,95,95,95,95,95,95,91.666667,91.666667,93.333333,90,95,95,93.333333,95,92.307692,90,90,91.666667,92.307692,91.666667,93.333333,95,93.333333,95,95,95,95,95,93.333333,95,90,95,95,91.666667,93.333333,95,95,95,95,93.333333,95,98.333333,98.333333,83.333333,90,100,98.333333,95,95,95,95,88.333333,95,95,95,95,95,90,95,90,66.071429,23.214286,15.517241,25.490196,21.153846,21.568627,15.517241,15.517241,15.517241,15.517241,15.517241,15.517241,15.517241,25.490196,15.517241,21.568627,15.517241,27.45098,29.411765,16.363636,20.689655,20.689655,25.490196,15.517241,15.517241,13.793103,13.793103,13.793103,27.45098,25.490196,17.241379,25.490196,25.490196,25.490196,16.071429,16.071429,25.490196,31.914894,13.793103,27.45098,25.490196,25.490196,29.411765,23.529412,18.181818,18.181818,15.686275,18.518519,19.607843,17.241379,17.241379,22.727273,19.230769,11.538462,15.686275,15.686275,21.568627,15.517241,28.571429,35.714286,35.714286,37.5,32.142857,22,24,27.659574
NC_028698.1|YP_009191566.1_13|1-60aa,76.666667,76.666667,76.666667,78.333333,86.666667,83.333333,88.333333,88.333333,90,90,90,90,90,88.333333,88.333333,86.666667,78.333333,96.666667,95,95,86.666667,90,96.666667,96.666667,91.666667,91.666667,100,96.666667,96.153846,88.333333,90,100,98.333333,90,95,86.666667,86.666667,95,96.666667,95,96.666667,96.666667,95,96.666667,96.666667,96.666667,96.666667,98.333333,95,96.666667,96.666667,91.666667,96.666667,98.076923,95,96.666667,98.333333,98.076923,96.666667,98.333333,95,93.333333,95,95,95,95,96.666667,95,95,96.666667,96.666667,95,96.666667,98.333333,95,96.666667,96.666667,96.666667,93.333333,96.666667,90,90,85,85,91.666667,90,96.666667,96.666667,95,95,90,96.666667,96.666667,96.666667,96.666667,95,96.666667,95,96.666667,60.714286,21.052632,19.230769,25.490196,19.230769,21.568627,15.517241,19.230769,19.230769,19.230769,19.230769,19.230769,19.230769,25.490196,19.607843,21.568627,19.230769,27.45098,29.411765,20.754717,18.965517,18.965517,29.411765,19.230769,19.230769,13.793103,13.793103,13.793103,27.45098,25.490196,20.37037,23.529412,23.529412,25.490196,16.071429,16.071429,25.490196,29.787234,13.793103,27.45098,25.490196,25.490196,29.411765,23.529412,18.181818,20,29.545455,23.529412,14.814815,11.864407,11.864407,22.727273,21.153846,13.461538,15.384615,15.384615,21.153846,13.793103,25,30.357143,30.357143,32.142857,28.571429,22,22,25
NC_041991.1|YP_009608586.1_31|1-60aa,76.666667,76.666667,76.666667,80,86.666667,85,88.333333,90,90,91.666667,90,90,90,91.666667,91.666667,88.333333,80,96.666667,95,95,86.666667,90,96.666667,96.666667,91.666667,91.666667,96.666667,100,94.230769,88.333333,90,96.666667,98.333333,90,98.333333,86.666667,88.333333,95,96.666667,95,96.666667,96.666667,95,96.666667,96.666667,100,100,98.333333,98.333333,96.666667,96.666667,91.666667,96.666667,100,93.333333,98.333333,96.666667,100,95,98.333333,95,93.333333,95,95,95,95,96.666667,95,95,98.333333,96.666667,95,100,98.333333,95,96.666667,96.666667,96.666667,96.666667,96.666667,91.666667,91.666667,86.666667,85,91.666667,90,96.666667,96.666667,95,95,90,96.666667,96.666667,96.666667,96.666667,95,98.333333,95,98.333333,62.5,19.298246,19.230769,25.490196,21.153846,21.568627,15.517241,15.517241,15.517241,15.517241,15.517241,15.517241,15.517241,25.490196,15.517241,21.568627,15.517241,27.45098,18.965517,16.981132,18.965517,18.965517,29.411765,15.517241,15.517241,13.793103,13.793103,13.793103,27.45098,25.490196,17.241379,15.517241,15.517241,15.517241,16.071429,16.071429,15.517241,31.914894,13.793103,17.241379,15.517241,15.517241,29.411765,17.857143,18.181818,10.344828,15.686275,21.568627,17.647059,11.864407,11.864407,22.727273,20,13.461538,10.344828,10.344828,15.517241,13.793103,25,32.142857,32.142857,33.928571,30.357143,22,22,19.565217
NC_041992.1|YP_009608659.1_38|1-60aa,76.923077,76.923077,76.923077,80.769231,90.384615,80.769231,90.384615,88.461538,90.384615,90.384615,90.384615,90.384615,90.384615,88.461538,88.461538,86.538462,78.846154,96.153846,98.076923,98.076923,88.461538,94.230769,96.153846,96.153846,92.307692,92.307692,96.153846,94.230769,100,88.461538,90.384615,96.153846,94.230769,90.384615,96.153846,88.461538,88.461538,96.153846,96.153846,98.076923,96.153846,96.153846,98.076923,96.153846,96.153846,94.230769,94.230769,96.153846,94.230769,96.153846,96.153846,94.230769,96.153846,91.666667,100,94.230769,96.153846,91.666667,98.076923,96.153846,98.076923,98.076923,98.076923,98.076923,98.076923,98.076923,96.153846,96.153846,98.076923,94.230769,96.153846,98.076923,94.230769,96.153846,98.076923,96.153846,96.153846,96.153846,96.153846,96.153846,90.384615,90.384615,82.692308,86.538462,92.307692,90.384615,96.153846,96.153846,98.076923,98.076923,94.230769,96.153846,96.153846,96.153846,96.153846,98.076923,94.230769,98.076923,94.230769,64.285714,22.222222,19.230769,19.230769,28,19.230769,23.529412,23.529412,23.529412,23.529412,23.529412,23.529412,23.529412,19.230769,21.153846,19.230769,23.529412,21.428571,21.153846,17.54386,21.428571,21.428571,18.867925,23.529412,23.529412,10.344828,22,10.344828,21.428571,19.642857,21.568627,30.769231,30.769231,19.642857,21.428571,21.428571,23.214286,26.923077,10.344828,21.428571,19.642857,23.214286,28.571429,17.307692,23.404255,19.642857,19.642857,27.45098,21.428571,30,30,24,18.867925,12.5,12.5,12.5,21.428571,27.083333,23.529412,38.297872,33.333333,33.333333,31.372549,14.814815,22.641509,21.153846
NC_069146.1|NC_069146.1_rescuedCDS_001-rescued|1-60aa,75,75,75,76.666667,81.666667,78.333333,83.333333,83.333333,85,85,85,85,86.666667,83.333333,83.333333,83.333333,75,90,88.333333,88.333333,80,85,90,90,86.666667,86.666667,88.333333,88.333333,88.461538,100,98.333333,88.333333,86.666667,98.333333,86.666667,91.666667,81.666667,88.333333,90,88.333333,90,90,88.333333,90,90,88.333333,88.333333,90,86.666667,90,90,85,90,90.384615,85,86.666667,88.333333,90.384615,86.666667,90,88.333333,86.666667,88.333333,88.333333,88.333333,88.333333,90,88.333333,88.333333,86.666667,90,88.333333,88.333333,90,88.333333,90,90,90,86.666667,90,85,85,80,81.666667,86.666667,85,90,90,88.333333,88.333333,86.666667,90,90,90,90,88.333333,86.666667,88.333333,86.666667,58.928571,21.052632,19.230769,25.490196,26.923077,23.529412,23.214286,19.230769,19.230769,19.230769,19.230769,19.230769,19.230769,25.490196,23.529412,23.529412,19.230769,27.45098,29.411765,16.363636,25.490196,25.490196,19.642857,19.230769,19.230769,16.981132,17.857143,16.981132,27.45098,27.45098,28.846154,27.45098,27.45098,27.45098,17.857143,17.857143,27.45098,34.042553,16.981132,27.45098,27.45098,27.45098,31.372549,18.518519,17.857143,20,17.647059,18.518519,19.607843,25.581395,25.581395,22.727273,21.153846,17.857143,16.071429,17.857143,21.153846,20,24.561404,29.824561,29.824561,31.578947,28.571429,24,18,25.531915
NC_069147.1|YP_010582173.1_4|1-60aa,76.666667,76.666667,76.666667,78.333333,83.333333,80,85,85,86.666667,86.666667,86.666667,86.666667,88.333333,85,85,83.333333,76.666667,91.666667,90,90,81.666667,86.666667,91.666667,91.666667,88.333333,88.333333,90,90,90.384615,98.333333,100,90,88.333333,100,88.333333,93.333333,83.333333,90,91.666667,90,91.666667,91.666667,90,91.666667,91.666667,90,90,91.666667,88.333333,91.666667,91.666667,86.666667,91.666667,92.307692,86.666667,88.333333,90,92.307692,88.333333,91.666667,90,88.333333,90,90,90,90,91.666667,90,90,88.333333,91.666667,90,90,91.666667,90,91.666667,91.666667,91.666667,88.333333,91.666667,86.666667,86.666667,81.666667,80,88.333333,86.666667,91.666667,91.666667,90,90,88.333333,91.666667,91.666667,91.666667,91.666667,90,88.333333,90,88.333333,58.928571,21.052632,21.153846,27.45098,28.846154,23.529412,23.214286,21.153846,21.153846,21.153846,21.153846,21.153846,21.153846,27.45098,23.529412,23.529412,21.153846,27.45098,29.411765,14.545455,27.45098,27.45098,19.642857,21.153846,21.153846,23.076923,17.857143,23.076923,27.45098,27.45098,28.846154,27.45098,27.45098,27.45098,17.857143,17.857143,27.45098,34.042553,23.076923,27.45098,27.45098,27.45098,33.333333,18.518519,17.857143,20,17.647059,18.518519,19.607843,25.581395,25.581395,22.727273,21.153846,17.857143,16.071429,17.857143,21.153846,20,24.561404,29.824561,29.824561,31.578947,27.777778,24,20,23.404255
NC_069148.1|YP_010582256.1_23|1-60aa,76.666667,76.666667,76.666667,78.333333,86.666667,83.333333,88.333333,88.333333,90,90,90,90,90,88.333333,88.333333,86.666667,78.333333,96.666667,95,95,86.666667,90,96.666667,96.666667,91.666667,91.666667,100,96.666667,96.153846,88.333333,90,100,98.333333,90,95,86.666667,86.666667,95,96.666667,95,96.666667,96.666667,95,96.666667,96.666667,96.666667,96.666667,98.333333,95,96.666667,96.666667,91.666667,96.666667,98.076923,95,96.666667,98.333333,98.076923,96.666667,98.333333,95,93.333333,95,95,95,95,96.666667,95,95,96.666667,96.666667,95,96.666667,98.333333,95,96.666667,96.666667,96.666667,93.333333,96.666667,90,90,85,85,91.666667,90,96.666667,96.666667,95,95,90,96.666667,96.666667,96.666667,96.666667,95,96.666667,95,96.666667,60.714286,21.052632,19.230769,25.490196,19.230769,21.568627,15.517241,19.230769,19.230769,19.230769,19.230769,19.230769,19.230769,25.490196,19.607843,21.568627,19.230769,27.45098,29.411765,20.754717,18.965517,18.965517,29.411765,19.230769,19.230769,13.793103,13.793103,13.793103,27.45098,25.490196,20.37037,23.529412,23.529412,25.490196,16.071429,16.071429,25.490196,29.787234,13.793103,27.45098,25.490196,25.490196,29.411765,23.529412,18.181818,20,29.545455,23.529412,14.814815,11.864407,11.864407,22.727273,21.153846,13.461538,15.384615,15.384615,21.153846,13.793103,25,30.357143,30.357143,32.142857,28.571429,22,22,25
NC_069149.1|YP_010582355.1_57|1-60aa,75,75,75,78.333333,85,83.333333,86.666667,88.333333,88.333333,90,88.333333,88.333333,88.333333,90,90,86.666667,78.333333,95,93.333333,93.333333,85,88.333333,95,95,90,90,98.333333,98.333333,94.230769,86.666667,88.333333,98.333333,100,88.333333,96.666667,85,86.666667,93.333333,95,93.333333,95,95,93.333333,95,95,98.333333,98.333333,96.666667,96.666667,95,95,90,95,100,93.333333,98.333333,96.666667,100,95,96.666667,93.333333,91.666667,93.333333,93.333333,93.333333,93.333333,95,93.333333,93.333333,98.333333,95,93.333333,98.333333,96.666667,93.333333,95,95,95,95,95,90,90,85,83.333333,90,88.333333,95,95,93.333333,93.333333,88.333333,95,95,95,95,93.333333,98.333333,93.333333,98.333333,60.714286,19.298246,19.230769,25.490196,19.230769,21.568627,15.517241,15.517241,15.517241,15.517241,15.517241,15.517241,15.517241,25.490196,15.517241,21.568627,15.517241,27.45098,18.965517,20.754717,18.965517,18.965517,29.411765,15.517241,15.517241,13.793103,13.793103,13.793103,27.45098,25.490196,20.37037,25.490196,25.490196,15.517241,16.071429,16.071429,15.517241,29.787234,13.793103,17.241379,15.517241,15.517241,29.411765,17.857143,18.181818,10.344828,29.545455,21.73913,12.962963,11.864407,11.864407,22.727273,20,13.461538,15.384615,15.384615,21.153846,13.793103,25,30.357143,30.357143,32.142857,28.571429,22,22,19.565217
NC_069150.1|YP_010582402.1_29|1-60aa,76.666667,76.666667,76.666667,78.333333,83.333333,80,85,85,86.666667,86.666667,86.666667,86.666667,88.333333,85,85,83.333333,76.666667,91.666667,90,90,81.666667,86.666667,91.666667,91.666667,88.333333,88.333333,90,90,90.384615,98.333333,100,90,88.333333,100,88.333333,93.333333,83.333333,90,91.666667,90,91.666667,91.666667,90,91.666667,91.666667,90,90,91.666667,88.333333,91.666667,91.666667,86.666667,91.666667,92.307692,86.666667,88.333333,90,92.307692,88.333333,91.666667,90,88.333333,90,90,90,90,91.666667,90,90,88.333333,91.666667,90,90,91.666667,90,91.666667,91.666667,91.666667,88.333333,91.666667,86.666667,86.666667,81.666667,80,88.333333,86.666667,91.666667,91.666667,90,90,88.333333,91.666667,91.666667,91.666667,91.666667,90,88.333333,90,88.333333,58.928571,21.052632,21.153846,27.45098,28.846154,23.529412,23.214286,21.153846,21.153846,21.153846,21.153846,21.153846,21.153846,27.45098,23.529412,23.529412,21.153846,27.45098,29.411765,14.545455,27.45098,27.45098,19.642857,21.153846,21.153846,23.076923,17.857143,23.076923,27.45098,27.45098,28.846154,27.45098,27.45098,27.45098,17.857143,17.857143,27.45098,34.042553,23.076923,27.45098,27.45098,27.45098,33.333333,18.518519,17.857143,20,17.647059,18.518519,19.607843,25.581395,25.581395,22.727273,21.153846,17.857143,16.071429,17.857143,21.153846,20,24.561404,29.824561,29.824561,31.578947,27.777778,24,20,23.404255
NC_069151.1|YP_010582462.1_30|1-60aa,76.666667,76.666667,76.666667,80,86.666667,83.333333,88.333333,90,90,91.666667,90,90,90,91.666667,91.666667,88.333333,80,95,96.666667,96.666667,86.666667,91.666667,95,95,91.666667,91.666667,95,98.333333,96.153846,86.666667,88.333333,95,96.666667,88.333333,100,85,88.333333,93.333333,95,96.666667,95,95,96.666667,95,95,98.333333,98.333333,96.666667,96.666667,95,95,93.333333,95,98.076923,95,96.666667,95,98.076923,96.666667,96.666667,96.666667,95,96.666667,96.666667,96.666667,96.666667,95,93.333333,96.666667,96.666667,95,96.666667,98.333333,96.666667,96.666667,95,95,95,98.333333,95,91.666667,91.666667,85,85,91.666667,90,95,95,96.666667,96.666667,88.333333,95,95,95,95,96.666667,96.666667,96.666667,96.666667,62.5,19.298246,15.517241,25.490196,21.153846,21.568627,15.517241,15.517241,15.517241,15.517241,15.517241,15.517241,15.517241,25.490196,15.517241,21.568627,15.517241,27.45098,18.965517,16.981132,18.965517,18.965517,29.411765,15.517241,15.517241,13.793103,13.793103,13.793103,27.45098,25.490196,17.241379,15.517241,15.517241,15.517241,16.071429,16.071429,15.517241,31.914894,13.793103,17.241379,15.517241,15.517241,29.411765,26.086957,18.181818,8.62069,15.686275,21.568627,17.647059,13.559322,13.559322,22.727273,20,13.461538,10.344828,10.344828,15.517241,13.793103,25,32.142857,32.142857,33.928571,30.357143,22,22,21.73913
NC_069152.1|YP_010582526.1_31|1-60aa,76.666667,75,73.333333,78.333333,83.333333,78.333333,85,85,86.666667,86.666667,86.666667,86.666667,85,85,85,83.333333,75,90,88.333333,88.333333,80,85,90,90,88.333333,88.333333,86.666667,86.666667,88.461538,91.666667,93.333333,86.666667,85,93.333333,85,100,83.333333,90,90,88.333333,90,90,88.333333,90,90,86.666667,86.666667,88.333333,85,90,90,85,90,90.384615,83.333333,85,86.666667,90.384615,85,88.333333,88.333333,86.666667,88.333333,88.333333,88.333333,88.333333,90,88.333333,88.333333,85,90,88.333333,86.666667,88.333333,88.333333,90,90,90,86.666667,90,86.666667,86.666667,76.666667,80,88.333333,86.666667,90,90,88.333333,88.333333,86.666667,90,90,90,90,88.333333,85,88.333333,85,58.928571,21.052632,21.153846,21.153846,25,21.153846,28,21.153846,21.153846,21.153846,21.153846,21.153846,21.153846,21.153846,19.607843,21.153846,21.153846,25.490196,27.45098,16.071429,16.949153,16.949153,20,21.153846,21.153846,18.518519,18.867925,18.518519,25.490196,25.490196,26.923077,27.45098,27.45098,25.490196,15.254237,15.254237,27.45098,34.042553,18.518519,25.490196,25.490196,27.45098,31.372549,18.518519,23.076923,20,22.641509,18.867925,21.568627,27.906977,27.906977,22.727273,19.230769,19.230769,19.230769,19.230769,21.153846,27.272727,28.571429,29.824561,29.824561,31.578947,25.925926,26,20,26.086957
NC_069153.1|YP_010582609.1_31|1-60aa,80,81.666667,81.666667,86.666667,91.666667,81.666667,91.666667,93.333333,93.333333,95,93.333333,93.333333,91.666667,93.333333,93.333333,90,83.333333,90,90,90,90,85,90,90,95,95,86.666667,88.333333,88.461538,81.666667,83.333333,86.666667,86.666667,83.333333,88.333333,83.333333,100,88.333333,90,90,90,90,90,90,90,88.333333,88.333333,88.333333,86.666667,90,90,88.333333,90,88.461538,86.666667,86.666667,86.666667,88.461538,86.666667,88.333333,90,88.333333,90,90,90,90,90,88.333333,90,86.666667,90,90,88.333333,88.333333,90,90,90,90,90,90,95,95,80,86.666667,95,93.333333,90,90,90,90,83.333333,90,90,90,90,90,86.666667,90,86.666667,64.285714,21.428571,17.241379,25,25,17.241379,17.241379,24.528302,24.528302,24.528302,24.528302,24.528302,24.528302,25,23.529412,23.529412,24.528302,29.411765,31.372549,20,31.372549,31.372549,25,24.528302,24.528302,15.517241,13.793103,15.517241,29.411765,27.45098,21.428571,27.45098,27.45098,27.45098,28,28,27.45098,21.428571,15.517241,29.411765,27.45098,27.45098,26.923077,20,25.490196,21.818182,17.647059,18.518519,21.568627,18.965517,18.965517,22.727273,14.545455,16.981132,13.793103,13.793103,18.965517,17.241379,30.357143,37.5,37.5,39.285714,33.928571,32.608696,24,29.787234
NC_073169.1|YP_010745711.1_14|1-60aa,78.333333,78.333333,78.333333,80,88.333333,83.333333,90,90,91.666667,91.666667,91.666667,91.666667,91.666667,90,90,88.333333,80,98.333333,96.666667,96.666667,88.333333,91.666667,98.333333,98.333333,93.333333,93.333333,95,95,96.153846,88.333333,90,95,93.333333,90,93.333333,90,88.333333,100,98.333333,96.666667,98.333333,98.333333,96.666667,98.333333,98.333333,95,95,96.666667,93.333333,98.333333,98.333333,93.333333,98.333333,98.076923,91.666667,93.333333,95,98.076923,93.333333,96.666667,96.666667,95,96.666667,96.666667,96.666667,96.666667,98.333333,96.666667,96.666667,93.333333,98.333333,96.666667,95,96.666667,96.666667,98.333333,98.333333,98.333333,95,98.333333,91.666667,91.666667,85,86.666667,93.333333,91.666667,98.333333,98.333333,96.666667,96.666667,91.666667,98.333333,98.333333,98.333333,98.333333,96.666667,93.333333,96.666667,93.333333,64.285714,21.052632,19.230769,25.490196,21.153846,21.568627,24.528302,19.230769,19.230769,19.230769,19.230769,19.230769,19.230769,25.490196,19.607843,21.568627,19.230769,27.45098,29.411765,18.181818,18.965517,18.965517,21.428571,19.230769,19.230769,13.793103,13.793103,13.793103,27.45098,25.490196,22.222222,25.490196,25.490196,25.490196,16.071429,16.071429,25.490196,31.914894,13.793103,27.45098,25.490196,25.490196,29.411765,23.529412,18.181818,20,15.686275,18.518519,21.568627,13.559322,13.559322,27.272727,21.153846,13.461538,12.068966,20,17.241379,15.517241,25,32.142857,32.142857,33.928571,30.357143,22,22,25
NC_073172.1|YP_010745936.1_50|1-60aa,80,80,80,81.666667,90,85,91.666667,91.666667,93.333333,93.333333,93.333333,93.333333,93.333333,91.666667,91.666667,90,81.666667,100,98.333333,98.333333,90,93.333333,100,100,95,95,96.666667,96.666667,96.153846,90,91.666667,96.666667,95,91.666667,95,90,90,98.333333,100,98.333333,100,100,98.333333,100,100,96.666667,96.666667,98.333333,95,100,100,95,100,98.076923,93.333333,95,96.666667,98.076923,95,98.333333,98.333333,96.666667,98.333333,98.333333,98.333333,98.333333,100,98.333333,98.333333,95,100,98.333333,96.666667,98.333333,98.333333,100,100,100,96.666667,100,93.333333,93.333333,86.666667,88.333333,95,93.333333,100,100,98.333333,98.333333,93.333333,100,100,100,100,98.333333,95,98.333333,95,64.285714,21.052632,19.230769,25.490196,21.153846,21.568627,15.517241,19.607843,19.607843,19.607843,19.607843,19.607843,19.607843,25.490196,19.607843,21.568627,19.607843,27.45098,29.411765,18.181818,18.965517,18.965517,21.428571,19.607843,19.607843,13.793103,13.793103,13.793103,27.45098,25.490196,17.241379,25.490196,25.490196,25.490196,16.071429,16.071429,25.490196,31.914894,13.793103,27.45098,25.490196,25.490196,29.411765,23.529412,18.181818,20,15.686275,23.529412,21.568627,13.559322,13.559322,22.727273,21.153846,13.461538,12.068966,20,17.241379,15.517241,25,32.142857,32.142857,33.928571,30.357143,22,22,25
NC_073173.1|YP_010745997.1_46|1-60aa,80,80,80,81.666667,90,83.333333,91.666667,91.666667,93.333333,93.333333,93.333333,93.333333,93.333333,91.666667,91.666667,90,81.666667,98.333333,100,100,90,95,98.333333,98.333333,95,95,95,95,98.076923,88.333333,90,95,93.333333,90,96.666667,88.333333,90,96.666667,98.333333,100,98.333333,98.333333,100,98.333333,98.333333,95,95,96.666667,93.333333,98.333333,98.333333,96.666667,98.333333,96.153846,95,93.333333,95,96.153846,96.666667,96.666667,100,98.333333,100,100,100,100,98.333333,96.666667,100,93.333333,98.333333,100,95,96.666667,100,98.333333,98.333333,98.333333,98.333333,98.333333,93.333333,93.333333,85,88.333333,95,93.333333,98.333333,98.333333,100,100,91.666667,98.333333,98.333333,98.333333,98.333333,100,93.333333,100,93.333333,64.285714,21.052632,19.607843,25.490196,21.153846,21.568627,15.517241,19.607843,19.607843,19.607843,19.607843,19.607843,19.607843,25.490196,19.607843,21.568627,19.607843,27.45098,29.411765,18.181818,18.965517,18.965517,21.428571,19.607843,19.607843,13.793103,13.793103,13.793103,27.45098,25.490196,17.241379,25.490196,25.490196,25.490196,16.071429,16.071429,25.490196,31.914894,13.793103,27.45098,25.490196,25.490196,29.411765,23.529412,18.181818,18.181818,15.686275,23.529412,21.568627,15.254237,15.254237,30.232558,21.153846,13.461538,12.068966,15.686275,17.241379,15.517241,25,32.142857,32.142857,33.928571,30.357143,22,22,27.272727
NC_073174.1|YP_010746058.1_46|1-60aa,80,80,80,81.666667,90,85,91.666667,91.666667,93.333333,93.333333,93.333333,93.333333,93.333333,91.666667,91.666667,90,81.666667,100,98.333333,98.333333,90,93.333333,100,100,95,95,96.666667,96.666667,96.153846,90,91.666667,96.666667,95,91.666667,95,90,90,98.333333,100,98.333333,100,100,98.333333,100,100,96.666667,96.666667,98.333333,95,100,100,95,100,98.076923,93.333333,95,96.666667,98.076923,95,98.333333,98.333333,96.666667,98.333333,98.333333,98.333333,98.333333,100,98.333333,98.333333,95,100,98.333333,96.666667,98.333333,98.333333,100,100,100,96.666667,100,93.333333,93.333333,86.666667,88.333333,95,93.333333,100,100,98.333333,98.333333,93.333333,100,100,100,100,98.333333,95,98.333333,95,64.285714,21.052632,19.230769,25.490196,21.153846,21.568627,15.517241,19.607843,19.607843,19.607843,19.607843,19.607843,19.607843,25.490196,19.607843,21.568627,19.607843,27.45098,29.411765,18.181818,18.965517,18.965517,21.428571,19.607843,19.607843,13.793103,13.793103,13.793103,27.45098,25.490196,17.241379,25.490196,25.490196,25.490196,16.071429,16.071429,25.490196,31.914894,13.793103,27.45098,25.490196,25.490196,29.411765,23.529412,18.181818,20,15.686275,23.529412,21.568627,13.559322,13.559322,22.727273,21.153846,13.461538,12.068966,20,17.241379,15.517241,25,32.142857,32.142857,33.928571,30.357143,22,22,25
NC_073175.1|YP_010746105.1_33|1-60aa,80,80,80,81.666667,90,85,91.666667,91.666667,93.333333,93.333333,93.333333,93.333333,93.333333,91.666667,91.666667,90,81.666667,100,98.333333,98.333333,90,93.333333,100,100,95,95,96.666667,96.666667,96.153846,90,91.666667,96.666667,95,91.666667,95,90,90,98.333333,100,98.333333,100,100,98.333333,100,100,96.666667,96.666667,98.333333,95,100,100,95,100,98.076923,93.333333,95,96.666667,98.076923,95,98.333333,98.333333,96.666667,98.333333,98.333333,98.333333,98.333333,100,98.333333,98.333333,95,100,98.333333,96.666667,98.333333,98.333333,100,100,100,96.666667,100,93.333333,93.333333,86.666667,88.333333,95,93.333333,100,100,98.333333,98.333333,93.333333,100,100,100,100,98.333333,95,98.333333,95,64.285714,21.052632,19.230769,25.490196,21.153846,21.568627,15.517241,19.607843,19.607843,19.607843,19.607843,19.607843,19.607843,25.490196,19.607843,21.568627,19.607843,27.45098,29.411765,18.181818,18.965517,18.965517,21.428571,19.607843,19.607843,13.793103,13.793103,13.793103,27.45098,25.490196,17.241379,25.490196,25.490196,25.490196,16.071429,16.071429,25.490196,31.914894,13.793103,27.45098,25.490196,25.490196,29.411765,23.529412,18.181818,20,15.686275,23.529412,21.568627,13.559322,13.559322,22.727273,21.153846,13.461538,12.068966,20,17.241379,15.517241,25,32.142857,32.142857,33.928571,30.357143,22,22,25
NC_073176.1|YP_010746163.1_32|1-60aa,80,80,80,81.666667,90,83.333333,91.666667,91.666667,93.333333,93.333333,93.333333,93.333333,93.333333,91.666667,91.666667,90,81.666667,98.333333,100,100,90,95,98.333333,98.333333,95,95,95,95,98.076923,88.333333,90,95,93.333333,90,96.666667,88.333333,90,96.666667,98.333333,100,98.333333,98.333333,100,98.333333,98.333333,95,95,96.666667,93.333333,98.333333,98.333333,96.666667,98.333333,96.153846,95,93.333333,95,96.153846,96.666667,96.666667,100,98.333333,100,100,100,100,98.333333,96.666667,100,93.333333,98.333333,100,95,96.666667,100,98.333333,98.333333,98.333333,98.333333,98.333333,93.333333,93.333333,85,88.333333,95,93.333333,98.333333,98.333333,100,100,91.666667,98.333333,98.333333,98.333333,98.333333,100,93.333333,100,93.333333,64.285714,21.052632,19.607843,25.490196,21.153846,21.568627,15.517241,19.607843,19.607843,19.607843,19.607843,19.607843,19.607843,25.490196,19.607843,21.568627,19.607843,27.45098,29.411765,18.181818,18.965517,18.965517,21.428571,19.607843,19.607843,13.793103,13.793103,13.793103,27.45098,25.490196,17.241379,25.490196,25.490196,25.490196,16.071429,16.071429,25.490196,31.914894,13.793103,27.45098,25.490196,25.490196,29.411765,23.529412,18.181818,18.181818,15.686275,23.529412,21.568627,15.254237,15.254237,30.232558,21.153846,13.461538,12.068966,15.686275,17.241379,15.517241,25,32.142857,32.142857,33.928571,30.357143,22,22,27.272727
NC_073178.1|YP_010746292.1_35|1-60aa,80,80,80,81.666667,90,85,91.666667,91.666667,93.333333,93.333333,93.333333,93.333333,93.333333,91.666667,91.666667,90,81.666667,100,98.333333,98.333333,90,93.333333,100,100,95,95,96.666667,96.666667,96.153846,90,91.666667,96.666667,95,91.666667,95,90,90,98.333333,100,98.333333,100,100,98.333333,100,100,96.666667,96.666667,98.333333,95,100,100,95,100,98.076923,93.333333,95,96.666667,98.076923,95,98.333333,98.333333,96.666667,98.333333,98.333333,98.333333,98.333333,100,98.333333,98.333333,95,100,98.333333,96.666667,98.333333,98.333333,100,100,100,96.666667,100,93.333333,93.333333,86.666667,88.333333,95,93.333333,100,100,98.333333,98.333333,93.333333,100,100,100,100,98.333333,95,98.333333,95,64.285714,21.052632,19.230769,25.490196,21.153846,21.568627,15.517241,19.607843,19.607843,19.607843,19.607843,19.607843,19.607843,25.490196,19.607843,21.568627,19.607843,27.45098,29.411765,18.181818,18.965517,18.965517,21.428571,19.607843,19.607843,13.793103,13.793103,13.793103,27.45098,25.490196,17.241379,25.490196,25.490196,25.490196,16.071429,16.071429,25.490196,31.914894,13.793103,27.45098,25.490196,25.490196,29.411765,23.529412,18.181818,20,15.686275,23.529412,21.568627,13.559322,13.559322,22.727273,21.153846,13.461538,12.068966,20,17.241379,15.517241,25,32.142857,32.142857,33.928571,30.357143,22,22,25
NC_073179.1|YP_010746353.1_34|1-60aa,80,80,80,81.666667,90,85,91.666667,91.666667,93.333333,93.333333,93.333333,93.333333,93.333333,91.666667,91.666667,90,81.666667,100,98.333333,98.333333,90,93.333333,100,100,95,95,96.666667,96.666667,96.153846,90,91.666667,96.666667,95,91.666667,95,90,90,98.333333,100,98.333333,100,100,98.333333,100,100,96.666667,96.666667,98.333333,95,100,100,95,100,98.076923,93.333333,95,96.666667,98.076923,95,98.333333,98.333333,96.666667,98.333333,98.333333,98.333333,98.333333,100,98.333333,98.333333,95,100,98.333333,96.666667,98.333333,98.333333,100,100,100,96.666667,100,93.333333,93.333333,86.666667,88.333333,95,93.333333,100,100,98.333333,98.333333,93.333333,100,100,100,100,98.333333,95,98.333333,95,64.285714,21.052632,19.230769,25.490196,21.153846,21.568627,15.517241,19.607843,19.607843,19.607843,19.607843,19.607843,19.607843,25.490196,19.607843,21.568627,19.607843,27.45098,29.411765,18.181818,18.965517,18.965517,21.428571,19.607843,19.607843,13.793103,13.793103,13.793103,27.45098,25.490196,17.241379,25.490196,25.490196,25.490196,16.071429,16.071429,25.490196,31.914894,13.793103,27.45098,25.490196,25.490196,29.411765,23.529412,18.181818,20,15.686275,23.529412,21.568627,13.559322,13.559322,22.727273,21.153846,13.461538,12.068966,20,17.241379,15.517241,25,32.142857,32.142857,33.928571,30.357143,22,22,25
NC_073181.1|YP_010746472.1_34|1-60aa,76.666667,76.666667,76.666667,80,86.666667,85,88.333333,90,90,91.666667,90,90,90,91.666667,91.666667,88.333333,80,96.666667,95,95,86.666667,90,96.666667,96.666667,91.666667,91.666667,96.666667,100,94.230769,88.333333,90,96.666667,98.333333,90,98.333333,86.666667,88.333333,95,96.666667,95,96.666667,96.666667,95,96.666667,96.666667,100,100,98.333333,98.333333,96.666667,96.666667,91.666667,96.666667,100,93.333333,98.333333,96.666667,100,95,98.333333,95,93.333333,95,95,95,95,96.666667,95,95,98.333333,96.666667,95,100,98.333333,95,96.666667,96.666667,96.666667,96.666667,96.666667,91.666667,91.666667,86.666667,85,91.666667,90,96.666667,96.666667,95,95,90,96.666667,96.666667,96.666667,96.666667,95,98.333333,95,98.333333,62.5,19.298246,19.230769,25.490196,21.153846,21.568627,15.517241,15.517241,15.517241,15.517241,15.517241,15.517241,15.517241,25.490196,15.517241,21.568627,15.517241,27.45098,18.965517,16.981132,18.965517,18.965517,29.411765,15.517241,15.517241,13.793103,13.793103,13.793103,27.45098,25.490196,17.241379,15.517241,15.517241,15.517241,16.071429,16.071429,15.517241,31.914894,13.793103,17.241379,15.517241,15.517241,29.411765,17.857143,18.181818,10.344828,15.686275,21.568627,17.647059,11.864407,11.864407,22.727273,20,13.461538,10.344828,10.344828,15.517241,13.793103,25,32.142857,32.142857,33.928571,30.357143,22,22,19.565217
NC_073182.1|YP_010746529.1_33|1-60aa,76.666667,76.666667,76.666667,80,86.666667,85,88.333333,90,90,91.666667,90,90,90,91.666667,91.666667,88.333333,80,96.666667,95,95,86.666667,90,96.666667,96.666667,91.666667,91.666667,96.666667,100,94.230769,88.333333,90,96.666667,98.333333,90,98.333333,86.666667,88.333333,95,96.666667,95,96.666667,96.666667,95,96.666667,96.666667,100,100,98.333333,98.333333,96.666667,96.666667,91.666667,96.666667,100,93.333333,98.333333,96.666667,100,95,98.333333,95,93.333333,95,95,95,95,96.666667,95,95,98.333333,96.666667,95,100,98.333333,95,96.666667,96.666667,96.666667,96.666667,96.666667,91.666667,91.666667,86.666667,85,91.666667,90,96.666667,96.666667,95,95,90,96.666667,96.666667,96.666667,96.666667,95,98.333333,95,98.333333,62.5,19.298246,19.230769,25.490196,21.153846,21.568627,15.517241,15.517241,15.517241,15.517241,15.517241,15.517241,15.517241,25.490196,15.517241,21.568627,15.517241,27.45098,18.965517,16.981132,18.965517,18.965517,29.411765,15.517241,15.517241,13.793103,13.793103,13.793103,27.45098,25.490196,17.241379,15.517241,15.517241,15.517241,16.071429,16.071429,15.517241,31.914894,13.793103,17.241379,15.517241,15.517241,29.411765,17.857143,18.181818,10.344828,15.686275,21.568627,17.647059,11.864407,11.864407,22.727273,20,13.461538,10.344828,10.344828,15.517241,13.793103,25,32.142857,32.142857,33.928571,30.357143,22,22,19.565217
NC_073183.1|YP_010746573.1_20|1-60aa,78.333333,78.333333,78.333333,80,88.333333,85,90,90,91.666667,91.666667,91.666667,91.666667,91.666667,90,90,88.333333,80,98.333333,96.666667,96.666667,88.333333,91.666667,98.333333,98.333333,93.333333,93.333333,98.333333,98.333333,96.153846,90,91.666667,98.333333,96.666667,91.666667,96.666667,88.333333,88.333333,96.666667,98.333333,96.666667,98.333333,98.333333,96.666667,98.333333,98.333333,98.333333,98.333333,100,96.666667,98.333333,98.333333,93.333333,98.333333,98.076923,95,96.666667,98.333333,98.076923,96.666667,100,96.666667,95,96.666667,96.666667,96.666667,96.666667,98.333333,96.666667,96.666667,96.666667,98.333333,96.666667,98.333333,100,96.666667,98.333333,98.333333,98.333333,95,98.333333,91.666667,91.666667,86.666667,86.666667,93.333333,91.666667,98.333333,98.333333,96.666667,96.666667,91.666667,98.333333,98.333333,98.333333,98.333333,96.666667,96.666667,96.666667,96.666667,62.5,21.052632,19.230769,25.490196,21.153846,21.568627,15.517241,19.230769,19.230769,19.230769,19.230769,19.230769,19.230769,25.490196,19.607843,21.568627,19.230769,27.45098,29.411765,16.981132,18.965517,18.965517,29.411765,19.230769,19.230769,13.793103,13.793103,13.793103,27.45098,25.490196,17.241379,25.490196,25.490196,25.490196,16.071429,16.071429,25.490196,31.914894,13.793103,27.45098,25.490196,25.490196,29.411765,23.529412,18.181818,20,15.686275,23.529412,19.607843,11.864407,11.864407,22.727273,21.153846,13.461538,10.344828,18,15.517241,13.793103,25,32.142857,32.142857,33.928571,30.357143,22,22,25
NC_073184.1|YP_010746638.1_28|1-60aa,75,75,75,78.333333,85,83.333333,86.666667,88.333333,88.333333,90,88.333333,88.333333,88.333333,90,90,86.666667,78.333333,95,93.333333,93.333333,85,88.333333,95,95,90,90,95,98.333333,94.230769,86.666667,88.333333,95,96.666667,88.333333,96.666667,85,86.666667,93.333333,95,93.333333,95,95,93.333333,95,95,98.333333,98.333333,96.666667,100,95,95,90,95,100,91.666667,96.666667,95,100,93.333333,96.666667,93.333333,91.666667,93.333333,93.333333,93.333333,93.333333,95,93.333333,93.333333,96.666667,95,93.333333,98.333333,96.666667,93.333333,95,95,95,95,95,90,90,85,83.333333,90,88.333333,95,95,93.333333,93.333333,91.666667,95,95,95,95,93.333333,96.666667,93.333333,96.666667,62.5,19.298246,15.517241,25.490196,21.153846,21.568627,15.517241,15.517241,15.517241,15.517241,15.517241,15.517241,15.517241,25.490196,15.517241,21.568627,15.517241,27.45098,18.965517,16.981132,18.965517,18.965517,29.411765,15.517241,15.517241,13.793103,13.793103,13.793103,27.45098,25.490196,18.965517,15.517241,15.517241,15.517241,11.666667,11.666667,15.517241,31.914894,13.793103,17.241379,15.517241,15.517241,29.411765,17.857143,18.181818,10.344828,15.686275,21.568627,17.647059,11.864407,11.864407,27.906977,18,13.461538,15.09434,13.461538,20.754717,18.867925,25,32.142857,32.142857,33.928571,32.142857,24,22,19.565217
NC_073185.1|YP_010746671.1_2|1-60aa,80,80,80,81.666667,90,85,91.666667,91.666667,93.333333,93.333333,93.333333,93.333333,93.333333,91.666667,91.666667,90,81.666667,100,98.333333,98.333333,90,93.333333,100,100,95,95,96.666667,96.666667,96.153846,90,91.666667,96.666667,95,91.666667,95,90,90,98.333333,100,98.333333,100,100,98.333333,100,100,96.666667,96.666667,98.333333,95,100,100,95,100,98.076923,93.333333,95,96.666667,98.076923,95,98.333333,98.333333,96.666667,98.333333,98.333333,98.333333,98.333333,100,98.333333,98.333333,95,100,98.333333,96.666667,98.333333,98.333333,100,100,100,96.666667,100,93.333333,93.333333,86.666667,88.333333,95,93.333333,100,100,98.333333,98.333333,93.333333,100,100,100,100,98.333333,95,98.333333,95,64.285714,21.052632,19.230769,25.490196,21.153846,21.568627,15.517241,19.607843,19.607843,19.607843,19.607843,19.607843,19.607843,25.490196,19.607843,21.568627,19.607843,27.45098,29.411765,18.181818,18.965517,18.965517,21.428571,19.607843,19.607843,13.793103,13.793103,13.793103,27.45098,25.490196,17.241379,25.490196,25.490196,25.490196,16.071429,16.071429,25.490196,31.914894,13.793103,27.45098,25.490196,25.490196,29.411765,23.529412,18.181818,20,15.686275,23.529412,21.568627,13.559322,13.559322,22.727273,21.153846,13.461538,12.068966,20,17.241379,15.517241,25,32.142857,32.142857,33.928571,30.357143,22,22,25
NC_073186.1|YP_010746740.1_28|1-60aa,80,80,80,81.666667,90,85,91.666667,91.666667,93.333333,93.333333,93.333333,93.333333,93.333333,91.666667,91.666667,90,81.666667,100,98.333333,98.333333,90,93.333333,100,100,95,95,96.666667,96.666667,96.153846,90,91.666667,96.666667,95,91.666667,95,90,90,98.333333,100,98.333333,100,100,98.333333,100,100,96.666667,96.666667,98.333333,95,100,100,95,100,98.076923,93.333333,95,96.666667,98.076923,95,98.333333,98.333333,96.666667,98.333333,98.333333,98.333333,98.333333,100,98.333333,98.333333,95,100,98.333333,96.666667,98.333333,98.333333,100,100,100,96.666667,100,93.333333,93.333333,86.666667,88.333333,95,93.333333,100,100,98.333333,98.333333,93.333333,100,100,100,100,98.333333,95,98.333333,95,64.285714,21.052632,19.230769,25.490196,21.153846,21.568627,15.517241,19.607843,19.607843,19.607843,19.607843,19.607843,19.607843,25.490196,19.607843,21.568627,19.607843,27.45098,29.411765,18.181818,18.965517,18.965517,21.428571,19.607843,19.607843,13.793103,13.793103,13.793103,27.45098,25.490196,17.241379,25.490196,25.490196,25.490196,16.071429,16.071429,25.490196,31.914894,13.793103,27.45098,25.490196,25.490196,29.411765,23.529412,18.181818,20,15.686275,23.529412,21.568627,13.559322,13.559322,22.727273,21.153846,13.461538,12.068966,20,17.241379,15.517241,25,32.142857,32.142857,33.928571,30.357143,22,22,25
NC_073187.1|YP_010746794.1_22|1-60aa,81.666667,81.666667,81.666667,81.666667,88.333333,81.666667,90,90,91.666667,91.666667,91.666667,91.666667,91.666667,90,90,88.333333,83.333333,95,96.666667,96.666667,90,91.666667,95,95,93.333333,93.333333,91.666667,91.666667,94.230769,85,86.666667,91.666667,90,86.666667,93.333333,85,88.333333,93.333333,95,96.666667,95,95,96.666667,95,95,91.666667,91.666667,93.333333,90,95,95,100,95,92.307692,91.666667,90,91.666667,92.307692,93.333333,93.333333,96.666667,95,96.666667,96.666667,96.666667,96.666667,95,93.333333,96.666667,90,95,96.666667,91.666667,93.333333,96.666667,95,95,95,95,95,91.666667,91.666667,83.333333,88.333333,93.333333,91.666667,95,95,96.666667,96.666667,88.333333,95,95,95,95,96.666667,90,96.666667,90,62.5,21.052632,19.607843,23.529412,15.789474,21.568627,15.517241,19.607843,19.607843,19.607843,19.607843,19.607843,19.607843,23.529412,19.607843,21.568627,19.607843,27.45098,29.411765,18.181818,18.965517,18.965517,25.490196,19.607843,19.607843,23.529412,21.568627,21.568627,27.45098,25.490196,17.241379,25.490196,25.490196,25.490196,16.071429,16.071429,25.490196,31.914894,21.568627,27.45098,25.490196,25.490196,27.45098,25.490196,18.181818,18.181818,17.647059,18.518519,23.529412,16.949153,16.949153,22.727273,26,26.666667,26.666667,26.666667,22.641509,20.754717,26.785714,30.357143,30.357143,32.142857,28.571429,22,20,25
NC_073188.1|YP_010746878.1_52|1-60aa,80,80,80,81.666667,90,85,91.666667,91.666667,93.333333,93.333333,93.333333,93.333333,93.333333,91.666667,91.666667,90,81.666667,100,98.333333,98.333333,90,93.333333,100,100,95,95,96.666667,96.666667,96.153846,90,91.666667,96.666667,95,91.666667,95,90,90,98.333333,100,98.333333,100,100,98.333333,100,100,96.666667,96.666667,98.333333,95,100,100,95,100,98.076923,93.333333,95,96.666667,98.076923,95,98.333333,98.333333,96.666667,98.333333,98.333333,98.333333,98.333333,100,98.333333,98.333333,95,100,98.333333,96.666667,98.333333,98.333333,100,100,100,96.666667,100,93.333333,93.333333,86.666667,88.333333,95,93.333333,100,100,98.333333,98.333333,93.333333,100,100,100,100,98.333333,95,98.333333,95,64.285714,21.052632,19.230769,25.490196,21.153846,21.568627,15.517241,19.607843,19.607843,19.607843,19.607843,19.607843,19.607843,25.490196,19.607843,21.568627,19.607843,27.45098,29.411765,18.181818,18.965517,18.965517,21.428571,19.607843,19.607843,13.793103,13.793103,13.793103,27.45098,25.490196,17.241379,25.490196,25.490196,25.490196,16.071429,16.071429,25.490196,31.914894,13.793103,27.45098,25.490196,25.490196,29.411765,23.529412,18.181818,20,15.686275,23.529412,21.568627,13.559322,13.559322,22.727273,21.153846,13.461538,12.068966,20,17.241379,15.517241,25,32.142857,32.142857,33.928571,30.357143,22,22,25
NC_073189.1|YP_010746943.1_51|1-60aa,75,75,75,78.846154,86.538462,84.615385,90.384615,90.384615,90.384615,92.307692,90.384615,90.384615,90.384615,92.307692,92.307692,88.461538,78.846154,98.076923,96.153846,96.153846,86.538462,92.307692,98.076923,98.076923,92.307692,92.307692,98.076923,100,91.666667,90.384615,92.307692,98.076923,100,92.307692,98.076923,90.384615,88.461538,98.076923,98.076923,96.153846,98.076923,98.076923,96.153846,98.076923,98.076923,100,100,98.076923,100,98.076923,98.076923,92.307692,98.076923,100,94.230769,100,98.076923,100,96.153846,98.076923,96.153846,96.153846,96.153846,96.153846,96.153846,96.153846,98.076923,98.076923,96.153846,100,98.076923,96.153846,100,98.076923,96.153846,98.076923,98.076923,98.076923,98.076923,98.076923,92.307692,92.307692,86.538462,84.615385,92.307692,90.384615,98.076923,98.076923,96.153846,96.153846,96.153846,98.076923,98.076923,98.076923,98.076923,96.153846,100,96.153846,100,62.5,25,23.076923,23.076923,27.083333,21.153846,23.076923,23.076923,23.076923,23.076923,23.076923,23.076923,23.076923,21.153846,19.230769,21.153846,23.076923,21.428571,25.490196,13.559322,21.428571,21.428571,18.867925,23.076923,23.076923,15.686275,15.686275,15.686275,21.428571,19.642857,21.568627,30.769231,30.769231,19.642857,21.428571,21.428571,28.846154,26.923077,15.686275,21.428571,19.642857,28.846154,30.612245,24.444444,22,17.857143,25,29.411765,19.642857,26,26,24,20.754717,12.5,12.5,12.5,19.642857,16.071429,23.529412,31.372549,33.333333,33.333333,31.372549,16.666667,26.415094,18.518519
NC_073190.1|YP_010747008.1_54|1-60aa,76.666667,76.666667,76.666667,80,88.333333,80,86.666667,86.666667,88.333333,88.333333,88.333333,88.333333,88.333333,86.666667,86.666667,85,78.333333,93.333333,95,95,86.666667,90,93.333333,93.333333,90,90,95,93.333333,100,85,86.666667,95,93.333333,86.666667,95,83.333333,86.666667,91.666667,93.333333,95,93.333333,93.333333,95,93.333333,93.333333,93.333333,93.333333,95,91.666667,93.333333,93.333333,91.666667,93.333333,94.230769,100,95,96.666667,94.230769,98.333333,95,95,93.333333,95,95,95,95,93.333333,91.666667,95,95,93.333333,95,93.333333,95,95,93.333333,93.333333,93.333333,93.333333,93.333333,88.333333,88.333333,81.666667,85,90,88.333333,93.333333,93.333333,95,95,86.666667,93.333333,93.333333,93.333333,93.333333,95,95,95,95,62.5,21.052632,15.517241,23.529412,25,15.517241,15.517241,15.517241,15.517241,15.517241,15.517241,15.517241,15.517241,23.529412,21.568627,19.607843,15.517241,27.45098,29.411765,16.981132,27.45098,27.45098,21.428571,15.517241,15.517241,13.793103,13.793103,13.793103,27.45098,25.490196,20.37037,17.857143,17.857143,25.490196,16.071429,16.071429,19.642857,29.787234,13.793103,27.45098,25.490196,19.642857,27.45098,23.529412,20,10.344828,15.686275,18.518519,17.647059,30.232558,30.232558,30.232558,19.230769,13.461538,10.344828,13.461538,15.517241,13.793103,25,30.357143,30.357143,32.142857,28.571429,20,22,21.73913
NC_073191.1|YP_010747044.1_22|1-60aa,75,75,75,78.333333,85,83.333333,86.666667,88.333333,88.333333,90,88.333333,88.333333,88.333333,90,90,86.666667,78.333333,95,93.333333,93.333333,85,88.333333,95,95,90,90,96.666667,98.333333,94.230769,86.666667,88.333333,96.666667,98.333333,88.333333,96.666667,85,86.666667,93.333333,95,93.333333,95,95,93.333333,95,95,98.333333,98.333333,96.666667,96.666667,95,95,90,95,100,95,100,98.333333,100,96.666667,96.666667,93.333333,91.666667,93.333333,93.333333,93.333333,93.333333,95,93.333333,93.333333,100,95,93.333333,98.333333,96.666667,93.333333,95,95,95,95,95,90,90,85,83.333333,90,88.333333,95,95,93.333333,93.333333,88.333333,95,95,95,95,93.333333,100,93.333333,100,60.714286,19.298246,19.230769,25.490196,19.230769,21.568627,15.517241,15.517241,15.517241,15.517241,15.517241,15.517241,15.517241,25.490196,15.517241,21.568627,15.517241,27.45098,18.965517,16.981132,18.965517,18.965517,21.428571,15.517241,15.517241,13.793103,13.793103,13.793103,27.45098,25.490196,20.37037,25.490196,25.490196,15.517241,16.071429,16.071429,15.517241,29.787234,13.793103,17.241379,15.517241,15.517241,29.411765,17.857143,18.181818,10.344828,15.686275,16.666667,15.09434,11.864407,11.864407,22.727273,20,13.461538,10.344828,10.344828,15.517241,13.793103,25,30.357143,30.357143,32.142857,28.571429,22,22,19.565217
NC_073192.1|YP_010747091.1_2|1-60aa,76.666667,76.666667,76.666667,78.333333,86.666667,83.333333,88.333333,88.333333,90,90,90,90,90,88.333333,88.333333,86.666667,78.333333,96.666667,95,95,86.666667,90,96.666667,96.666667,91.666667,91.666667,98.333333,96.666667,96.153846,88.333333,90,98.333333,96.666667,90,95,86.666667,86.666667,95,96.666667,95,96.666667,96.666667,95,96.666667,96.666667,96.666667,96.666667,98.333333,95,96.666667,96.666667,91.666667,96.666667,98.076923,96.666667,98.333333,100,98.076923,98.333333,98.333333,95,93.333333,95,95,95,95,96.666667,95,95,98.333333,96.666667,95,96.666667,98.333333,95,96.666667,96.666667,96.666667,93.333333,96.666667,90,90,85,85,91.666667,90,96.666667,96.666667,95,95,90,96.666667,96.666667,96.666667,96.666667,95,98.333333,95,98.333333,60.714286,21.052632,19.230769,25.490196,19.230769,21.568627,15.517241,19.230769,19.230769,19.230769,19.230769,19.230769,19.230769,25.490196,19.607843,21.568627,19.230769,27.45098,29.411765,16.981132,18.965517,18.965517,21.428571,19.230769,19.230769,13.793103,13.793103,13.793103,27.45098,25.490196,20.37037,23.529412,23.529412,25.490196,16.071429,16.071429,25.490196,29.787234,13.793103,27.45098,25.490196,25.490196,29.411765,23.529412,18.181818,20,15.686275,18.518519,16.981132,11.864407,11.864407,22.727273,21.153846,13.461538,10.344828,18,15.517241,13.793103,25,30.357143,30.357143,32.142857,28.571429,22,22,25
NC_073193.1|YP_010747158.1_1|1-60aa,75,75,75,78.846154,86.538462,84.615385,90.384615,90.384615,90.384615,92.307692,90.384615,90.384615,90.384615,92.307692,92.307692,88.461538,78.846154,98.076923,96.153846,96.153846,86.538462,92.307692,98.076923,98.076923,92.307692,92.307692,98.076923,100,91.666667,90.384615,92.307692,98.076923,100,92.307692,98.076923,90.384615,88.461538,98.076923,98.076923,96.153846,98.076923,98.076923,96.153846,98.076923,98.076923,100,100,98.076923,100,98.076923,98.076923,92.307692,98.076923,100,94.230769,100,98.076923,100,96.153846,98.076923,96.153846,96.153846,96.153846,96.153846,96.153846,96.153846,98.076923,98.076923,96.153846,100,98.076923,96.153846,100,98.076923,96.153846,98.076923,98.076923,98.076923,98.076923,98.076923,92.307692,92.307692,86.538462,84.615385,92.307692,90.384615,98.076923,98.076923,96.153846,96.153846,96.153846,98.076923,98.076923,98.076923,98.076923,96.153846,100,96.153846,100,62.5,25,23.076923,23.076923,27.083333,21.153846,23.076923,23.076923,23.076923,23.076923,23.076923,23.076923,23.076923,21.153846,19.230769,21.153846,23.076923,21.428571,25.490196,13.559322,21.428571,21.428571,18.867925,23.076923,23.076923,15.686275,15.686275,15.686275,21.428571,19.642857,21.568627,30.769231,30.769231,19.642857,21.428571,21.428571,28.846154,26.923077,15.686275,21.428571,19.642857,28.846154,30.612245,24.444444,22,17.857143,25,29.411765,19.642857,26,26,24,20.754717,12.5,12.5,12.5,19.642857,16.071429,23.529412,31.372549,33.333333,33.333333,31.372549,16.666667,26.415094,18.518519
NC_073194.1|YP_010747278.1_59|1-60aa,76.666667,76.666667,76.666667,78.333333,86.666667,81.666667,88.333333,88.333333,90,90,90,90,90,88.333333,88.333333,86.666667,78.333333,95,96.666667,96.666667,86.666667,91.666667,95,95,91.666667,91.666667,96.666667,95,98.076923,86.666667,88.333333,96.666667,95,88.333333,96.666667,85,86.666667,93.333333,95,96.666667,95,95,96.666667,95,95,95,95,96.666667,93.333333,95,95,93.333333,95,96.153846,98.333333,96.666667,98.333333,96.153846,100,96.666667,96.666667,95,96.666667,96.666667,96.666667,96.666667,95,93.333333,96.666667,96.666667,95,96.666667,95,96.666667,96.666667,95,95,95,95,95,90,90,83.333333,85,91.666667,90,95,95,96.666667,96.666667,88.333333,95,95,95,95,96.666667,96.666667,96.666667,96.666667,60.714286,21.052632,17.307692,25.490196,19.230769,21.568627,15.517241,19.607843,19.607843,19.607843,19.607843,19.607843,19.607843,25.490196,19.607843,21.568627,19.607843,27.45098,29.411765,16.981132,18.965517,18.965517,21.428571,19.607843,19.607843,13.793103,13.793103,13.793103,27.45098,25.490196,20.37037,23.529412,23.529412,25.490196,16.071429,16.071429,25.490196,29.787234,13.793103,27.45098,25.490196,25.490196,29.411765,23.529412,18.181818,18.181818,15.686275,18.518519,17.647059,13.559322,13.559322,27.906977,21.153846,13.461538,10.344828,13.461538,15.517241,13.793103,25,30.357143,30.357143,32.142857,28.571429,22,22,27.272727
NC_073195.1|YP_010747311.1_32|1-60aa,78.333333,78.333333,78.333333,80,88.333333,85,90,90,91.666667,91.666667,91.666667,91.666667,91.666667,90,90,88.333333,80,98.333333,96.666667,96.666667,88.333333,91.666667,98.333333,98.333333,93.333333,93.333333,98.333333,98.333333,96.153846,90,91.666667,98.333333,96.666667,91.666667,96.666667,88.333333,88.333333,96.666667,98.333333,96.666667,98.333333,98.333333,96.666667,98.333333,98.333333,98.333333,98.333333,100,96.666667,98.333333,98.333333,93.333333,98.333333,98.076923,95,96.666667,98.333333,98.076923,96.666667,100,96.666667,95,96.666667,96.666667,96.666667,96.666667,98.333333,96.666667,96.666667,96.666667,98.333333,96.666667,98.333333,100,96.666667,98.333333,98.333333,98.333333,95,98.333333,91.666667,91.666667,86.666667,86.666667,93.333333,91.666667,98.333333,98.333333,96.666667,96.666667,91.666667,98.333333,98.333333,98.333333,98.333333,96.666667,96.666667,96.666667,96.666667,62.5,21.052632,19.230769,25.490196,21.153846,21.568627,15.517241,19.230769,19.230769,19.230769,19.230769,19.230769,19.230769,25.490196,19.607843,21.568627,19.230769,27.45098,29.411765,16.981132,18.965517,18.965517,29.411765,19.230769,19.230769,13.793103,13.793103,13.793103,27.45098,25.490196,17.241379,25.490196,25.490196,25.490196,16.071429,16.071429,25.490196,31.914894,13.793103,27.45098,25.490196,25.490196,29.411765,23.529412,18.181818,20,15.686275,23.529412,19.607843,11.864407,11.864407,22.727273,21.153846,13.461538,10.344828,18,15.517241,13.793103,25,32.142857,32.142857,33.928571,30.357143,22,22,25
NC_073196.1|YP_010747348.1_1|1-60aa,80,80,80,81.666667,90,83.333333,91.666667,91.666667,93.333333,93.333333,93.333333,93.333333,93.333333,91.666667,91.666667,90,81.666667,98.333333,100,100,90,95,98.333333,98.333333,95,95,95,95,98.076923,88.333333,90,95,93.333333,90,96.666667,88.333333,90,96.666667,98.333333,100,98.333333,98.333333,100,98.333333,98.333333,95,95,96.666667,93.333333,98.333333,98.333333,96.666667,98.333333,96.153846,95,93.333333,95,96.153846,96.666667,96.666667,100,98.333333,100,100,100,100,98.333333,96.666667,100,93.333333,98.333333,100,95,96.666667,100,98.333333,98.333333,98.333333,98.333333,98.333333,93.333333,93.333333,85,88.333333,95,93.333333,98.333333,98.333333,100,100,91.666667,98.333333,98.333333,98.333333,98.333333,100,93.333333,100,93.333333,64.285714,21.052632,19.607843,25.490196,21.153846,21.568627,15.517241,19.607843,19.607843,19.607843,19.607843,19.607843,19.607843,25.490196,19.607843,21.568627,19.607843,27.45098,29.411765,18.181818,18.965517,18.965517,21.428571,19.607843,19.607843,13.793103,13.793103,13.793103,27.45098,25.490196,17.241379,25.490196,25.490196,25.490196,16.071429,16.071429,25.490196,31.914894,13.793103,27.45098,25.490196,25.490196,29.411765,23.529412,18.181818,18.181818,15.686275,23.529412,21.568627,15.254237,15.254237,30.232558,21.153846,13.461538,12.068966,15.686275,17.241379,15.517241,25,32.142857,32.142857,33.928571,30.357143,22,22,27.272727
NC_073197.1|YP_010747414.1_2|1-60aa,78.333333,78.333333,78.333333,80,88.333333,81.666667,90,90,91.666667,91.666667,91.666667,91.666667,91.666667,90,90,88.333333,80,96.666667,98.333333,98.333333,88.333333,93.333333,96.666667,96.666667,93.333333,93.333333,93.333333,93.333333,98.076923,86.666667,88.333333,93.333333,91.666667,88.333333,95,86.666667,88.333333,95,96.666667,98.333333,96.666667,96.666667,98.333333,96.666667,96.666667,93.333333,93.333333,95,91.666667,96.666667,96.666667,95,96.666667,96.153846,93.333333,91.666667,93.333333,96.153846,95,95,98.333333,100,98.333333,98.333333,98.333333,98.333333,96.666667,96.666667,98.333333,91.666667,96.666667,98.333333,93.333333,95,98.333333,96.666667,96.666667,96.666667,96.666667,96.666667,91.666667,91.666667,83.333333,86.666667,93.333333,91.666667,96.666667,96.666667,98.333333,98.333333,90,96.666667,96.666667,96.666667,96.666667,98.333333,91.666667,98.333333,91.666667,66.071429,19.298246,21.568627,27.45098,23.076923,23.529412,17.241379,21.568627,21.568627,21.568627,21.568627,21.568627,21.568627,27.45098,21.568627,23.529412,21.568627,29.411765,31.372549,16.363636,20.689655,20.689655,21.428571,21.568627,21.568627,15.517241,15.517241,15.517241,29.411765,27.45098,18.965517,27.45098,27.45098,27.45098,16.071429,16.071429,27.45098,34.042553,15.517241,29.411765,27.45098,27.45098,31.372549,25.490196,20,20,13.72549,23.529412,23.529412,15.254237,15.254237,32.55814,21.153846,13.461538,12.068966,15.686275,17.241379,15.517241,25,33.928571,33.928571,35.714286,32.142857,24,20,29.545455
NC_073198.1|YP_010747527.1_55|1-60aa,80,80,80,81.666667,90,83.333333,91.666667,91.666667,93.333333,93.333333,93.333333,93.333333,93.333333,91.666667,91.666667,90,81.666667,98.333333,100,100,90,95,98.333333,98.333333,95,95,95,95,98.076923,88.333333,90,95,93.333333,90,96.666667,88.333333,90,96.666667,98.333333,100,98.333333,98.333333,100,98.333333,98.333333,95,95,96.666667,93.333333,98.333333,98.333333,96.666667,98.333333,96.153846,95,93.333333,95,96.153846,96.666667,96.666667,100,98.333333,100,100,100,100,98.333333,96.666667,100,93.333333,98.333333,100,95,96.666667,100,98.333333,98.333333,98.333333,98.333333,98.333333,93.333333,93.333333,85,88.333333,95,93.333333,98.333333,98.333333,100,100,91.666667,98.333333,98.333333,98.333333,98.333333,100,93.333333,100,93.333333,64.285714,21.052632,19.607843,25.490196,21.153846,21.568627,15.517241,19.607843,19.607843,19.607843,19.607843,19.607843,19.607843,25.490196,19.607843,21.568627,19.607843,27.45098,29.411765,18.181818,18.965517,18.965517,21.428571,19.607843,19.607843,13.793103,13.793103,13.793103,27.45098,25.490196,17.241379,25.490196,25.490196,25.490196,16.071429,16.071429,25.490196,31.914894,13.793103,27.45098,25.490196,25.490196,29.411765,23.529412,18.181818,18.181818,15.686275,23.529412,21.568627,15.254237,15.254237,30.232558,21.153846,13.461538,12.068966,15.686275,17.241379,15.517241,25,32.142857,32.142857,33.928571,30.357143,22,22,27.272727
NC_073199.1|YP_010747565.1_33|1-60aa,80,80,80,81.666667,90,83.333333,91.666667,91.666667,93.333333,93.333333,93.333333,93.333333,93.333333,91.666667,91.666667,90,81.666667,98.333333,100,100,90,95,98.333333,98.333333,95,95,95,95,98.076923,88.333333,90,95,93.333333,90,96.666667,88.333333,90,96.666667,98.333333,100,98.333333,98.333333,100,98.333333,98.333333,95,95,96.666667,93.333333,98.333333,98.333333,96.666667,98.333333,96.153846,95,93.333333,95,96.153846,96.666667,96.666667,100,98.333333,100,100,100,100,98.333333,96.666667,100,93.333333,98.333333,100,95,96.666667,100,98.333333,98.333333,98.333333,98.333333,98.333333,93.333333,93.333333,85,88.333333,95,93.333333,98.333333,98.333333,100,100,91.666667,98.333333,98.333333,98.333333,98.333333,100,93.333333,100,93.333333,64.285714,21.052632,19.607843,25.490196,21.153846,21.568627,15.517241,19.607843,19.607843,19.607843,19.607843,19.607843,19.607843,25.490196,19.607843,21.568627,19.607843,27.45098,29.411765,18.181818,18.965517,18.965517,21.428571,19.607843,19.607843,13.793103,13.793103,13.793103,27.45098,25.490196,17.241379,25.490196,25.490196,25.490196,16.071429,16.071429,25.490196,31.914894,13.793103,27.45098,25.490196,25.490196,29.411765,23.529412,18.181818,18.181818,15.686275,23.529412,21.568627,15.254237,15.254237,30.232558,21.153846,13.461538,12.068966,15.686275,17.241379,15.517241,25,32.142857,32.142857,33.928571,30.357143,22,22,27.272727
NC_073200.1|YP_010747631.1_35|1-60aa,80,80,80,81.666667,90,83.333333,91.666667,91.666667,93.333333,93.333333,93.333333,93.333333,93.333333,91.666667,91.666667,90,81.666667,98.333333,100,100,90,95,98.333333,98.333333,95,95,95,95,98.076923,88.333333,90,95,93.333333,90,96.666667,88.333333,90,96.666667,98.333333,100,98.333333,98.333333,100,98.333333,98.333333,95,95,96.666667,93.333333,98.333333,98.333333,96.666667,98.333333,96.153846,95,93.333333,95,96.153846,96.666667,96.666667,100,98.333333,100,100,100,100,98.333333,96.666667,100,93.333333,98.333333,100,95,96.666667,100,98.333333,98.333333,98.333333,98.333333,98.333333,93.333333,93.333333,85,88.333333,95,93.333333,98.333333,98.333333,100,100,91.666667,98.333333,98.333333,98.333333,98.333333,100,93.333333,100,93.333333,64.285714,21.052632,19.607843,25.490196,21.153846,21.568627,15.517241,19.607843,19.607843,19.607843,19.607843,19.607843,19.607843,25.490196,19.607843,21.568627,19.607843,27.45098,29.411765,18.181818,18.965517,18.965517,21.428571,19.607843,19.607843,13.793103,13.793103,13.793103,27.45098,25.490196,17.241379,25.490196,25.490196,25.490196,16.071429,16.071429,25.490196,31.914894,13.793103,27.45098,25.490196,25.490196,29.411765,23.529412,18.181818,18.181818,15.686275,23.529412,21.568627,15.254237,15.254237,30.232558,21.153846,13.461538,12.068966,15.686275,17.241379,15.517241,25,32.142857,32.142857,33.928571,30.357143,22,22,27.272727
NC_073201.1|YP_010747707.1_45|1-60aa,80,80,80,81.666667,90,83.333333,91.666667,91.666667,93.333333,93.333333,93.333333,93.333333,93.333333,91.666667,91.666667,90,81.666667,98.333333,100,100,90,95,98.333333,98.333333,95,95,95,95,98.076923,88.333333,90,95,93.333333,90,96.666667,88.333333,90,96.666667,98.333333,100,98.333333,98.333333,100,98.333333,98.333333,95,95,96.666667,93.333333,98.333333,98.333333,96.666667,98.333333,96.153846,95,93.333333,95,96.153846,96.666667,96.666667,100,98.333333,100,100,100,100,98.333333,96.666667,100,93.333333,98.333333,100,95,96.666667,100,98.333333,98.333333,98.333333,98.333333,98.333333,93.333333,93.333333,85,88.333333,95,93.333333,98.333333,98.333333,100,100,91.666667,98.333333,98.333333,98.333333,98.333333,100,93.333333,100,93.333333,64.285714,21.052632,19.607843,25.490196,21.153846,21.568627,15.517241,19.607843,19.607843,19.607843,19.607843,19.607843,19.607843,25.490196,19.607843,21.568627,19.607843,27.45098,29.411765,18.181818,18.965517,18.965517,21.428571,19.607843,19.607843,13.793103,13.793103,13.793103,27.45098,25.490196,17.241379,25.490196,25.490196,25.490196,16.071429,16.071429,25.490196,31.914894,13.793103,27.45098,25.490196,25.490196,29.411765,23.529412,18.181818,18.181818,15.686275,23.529412,21.568627,15.254237,15.254237,30.232558,21.153846,13.461538,12.068966,15.686275,17.241379,15.517241,25,32.142857,32.142857,33.928571,30.357143,22,22,27.272727
NC_073202.1|YP_010747776.1_51|1-60aa,80,80,80,81.666667,90,85,91.666667,91.666667,93.333333,93.333333,93.333333,93.333333,93.333333,91.666667,91.666667,90,81.666667,100,98.333333,98.333333,90,93.333333,100,100,95,95,96.666667,96.666667,96.153846,90,91.666667,96.666667,95,91.666667,95,90,90,98.333333,100,98.333333,100,100,98.333333,100,100,96.666667,96.666667,98.333333,95,100,100,95,100,98.076923,93.333333,95,96.666667,98.076923,95,98.333333,98.333333,96.666667,98.333333,98.333333,98.333333,98.333333,100,98.333333,98.333333,95,100,98.333333,96.666667,98.333333,98.333333,100,100,100,96.666667,100,93.333333,93.333333,86.666667,88.333333,95,93.333333,100,100,98.333333,98.333333,93.333333,100,100,100,100,98.333333,95,98.333333,95,64.285714,21.052632,19.230769,25.490196,21.153846,21.568627,15.517241,19.607843,19.607843,19.607843,19.607843,19.607843,19.607843,25.490196,19.607843,21.568627,19.607843,27.45098,29.411765,18.181818,18.965517,18.965517,21.428571,19.607843,19.607843,13.793103,13.793103,13.793103,27.45098,25.490196,17.241379,25.490196,25.490196,25.490196,16.071429,16.071429,25.490196,31.914894,13.793103,27.45098,25.490196,25.490196,29.411765,23.529412,18.181818,20,15.686275,23.529412,21.568627,13.559322,13.559322,22.727273,21.153846,13.461538,12.068966,20,17.241379,15.517241,25,32.142857,32.142857,33.928571,30.357143,22,22,25
NC_073203.1|YP_010747827.1_35|1-60aa,78.333333,78.333333,78.333333,80,88.333333,83.333333,90,90,91.666667,91.666667,91.666667,91.666667,91.666667,90,90,88.333333,80,98.333333,96.666667,96.666667,88.333333,91.666667,98.333333,98.333333,93.333333,93.333333,95,95,96.153846,88.333333,90,95,93.333333,90,93.333333,88.333333,88.333333,96.666667,98.333333,96.666667,98.333333,98.333333,96.666667,98.333333,98.333333,95,95,96.666667,93.333333,98.333333,98.333333,93.333333,98.333333,98.076923,91.666667,93.333333,95,98.076923,93.333333,96.666667,96.666667,96.666667,96.666667,96.666667,96.666667,96.666667,98.333333,100,96.666667,93.333333,98.333333,96.666667,95,96.666667,96.666667,98.333333,98.333333,98.333333,95,98.333333,91.666667,91.666667,85,86.666667,93.333333,91.666667,98.333333,98.333333,96.666667,96.666667,91.666667,98.333333,98.333333,98.333333,98.333333,96.666667,93.333333,96.666667,93.333333,64.285714,17.54386,23.913043,25.490196,21.153846,21.568627,15.517241,19.607843,19.607843,19.607843,19.607843,19.607843,19.607843,25.490196,19.607843,21.568627,19.607843,27.45098,29.411765,20,18.965517,18.965517,21.428571,19.607843,19.607843,13.793103,13.793103,13.793103,27.45098,25.490196,17.241379,25.490196,25.490196,25.490196,16.071429,16.071429,25.490196,31.914894,13.793103,27.45098,25.490196,25.490196,29.411765,24,21.568627,20,13.72549,21.568627,21.568627,13.559322,13.559322,22.727273,21.153846,26.666667,12.068966,20,17.241379,15.517241,25,32.142857,32.142857,33.928571,30.357143,22,20,25
NC_073207.1|YP_010748060.1_14|1-60aa,80,80,80,81.666667,90,83.333333,91.666667,91.666667,93.333333,93.333333,93.333333,93.333333,93.333333,91.666667,91.666667,90,81.666667,98.333333,100,100,90,95,98.333333,98.333333,95,95,95,95,98.076923,88.333333,90,95,93.333333,90,96.666667,88.333333,90,96.666667,98.333333,100,98.333333,98.333333,100,98.333333,98.333333,95,95,96.666667,93.333333,98.333333,98.333333,96.666667,98.333333,96.153846,95,93.333333,95,96.153846,96.666667,96.666667,100,98.333333,100,100,100,100,98.333333,96.666667,100,93.333333,98.333333,100,95,96.666667,100,98.333333,98.333333,98.333333,98.333333,98.333333,93.333333,93.333333,85,88.333333,95,93.333333,98.333333,98.333333,100,100,91.666667,98.333333,98.333333,98.333333,98.333333,100,93.333333,100,93.333333,64.285714,21.052632,19.607843,25.490196,21.153846,21.568627,15.517241,19.607843,19.607843,19.607843,19.607843,19.607843,19.607843,25.490196,19.607843,21.568627,19.607843,27.45098,29.411765,18.181818,18.965517,18.965517,21.428571,19.607843,19.607843,13.793103,13.793103,13.793103,27.45098,25.490196,17.241379,25.490196,25.490196,25.490196,16.071429,16.071429,25.490196,31.914894,13.793103,27.45098,25.490196,25.490196,29.411765,23.529412,18.181818,18.181818,15.686275,23.529412,21.568627,15.254237,15.254237,30.232558,21.153846,13.461538,12.068966,15.686275,17.241379,15.517241,25,32.142857,32.142857,33.928571,30.357143,22,22,27.272727
NC_073208.1|YP_010748121.1_22|1-60aa,75,75,75,78.333333,85,83.333333,86.666667,88.333333,88.333333,90,88.333333,88.333333,88.333333,90,90,86.666667,78.333333,95,93.333333,93.333333,85,88.333333,95,95,90,90,96.666667,98.333333,94.230769,86.666667,88.333333,96.666667,98.333333,88.333333,96.666667,85,86.666667,93.333333,95,93.333333,95,95,93.333333,95,95,98.333333,98.333333,96.666667,96.666667,95,95,90,95,100,95,100,98.333333,100,96.666667,96.666667,93.333333,91.666667,93.333333,93.333333,93.333333,93.333333,95,93.333333,93.333333,100,95,93.333333,98.333333,96.666667,93.333333,95,95,95,95,95,90,90,85,83.333333,90,88.333333,95,95,93.333333,93.333333,88.333333,95,95,95,95,93.333333,100,93.333333,100,60.714286,19.298246,19.230769,25.490196,19.230769,21.568627,15.517241,15.517241,15.517241,15.517241,15.517241,15.517241,15.517241,25.490196,15.517241,21.568627,15.517241,27.45098,18.965517,16.981132,18.965517,18.965517,21.428571,15.517241,15.517241,13.793103,13.793103,13.793103,27.45098,25.490196,20.37037,25.490196,25.490196,15.517241,16.071429,16.071429,15.517241,29.787234,13.793103,17.241379,15.517241,15.517241,29.411765,17.857143,18.181818,10.344828,15.686275,16.666667,15.09434,11.864407,11.864407,22.727273,20,13.461538,10.344828,10.344828,15.517241,13.793103,25,30.357143,30.357143,32.142857,28.571429,22,22,19.565217
NC_073209.1|YP_010748158.1_2|1-60aa,80,80,80,81.666667,90,85,91.666667,91.666667,93.333333,93.333333,93.333333,93.333333,93.333333,91.666667,91.666667,90,81.666667,100,98.333333,98.333333,90,93.333333,100,100,95,95,96.666667,96.666667,96.153846,90,91.666667,96.666667,95,91.666667,95,90,90,98.333333,100,98.333333,100,100,98.333333,100,100,96.666667,96.666667,98.333333,95,100,100,95,100,98.076923,93.333333,95,96.666667,98.076923,95,98.333333,98.333333,96.666667,98.333333,98.333333,98.333333,98.333333,100,98.333333,98.333333,95,100,98.333333,96.666667,98.333333,98.333333,100,100,100,96.666667,100,93.333333,93.333333,86.666667,88.333333,95,93.333333,100,100,98.333333,98.333333,93.333333,100,100,100,100,98.333333,95,98.333333,95,64.285714,21.052632,19.230769,25.490196,21.153846,21.568627,15.517241,19.607843,19.607843,19.607843,19.607843,19.607843,19.607843,25.490196,19.607843,21.568627,19.607843,27.45098,29.411765,18.181818,18.965517,18.965517,21.428571,19.607843,19.607843,13.793103,13.793103,13.793103,27.45098,25.490196,17.241379,25.490196,25.490196,25.490196,16.071429,16.071429,25.490196,31.914894,13.793103,27.45098,25.490196,25.490196,29.411765,23.529412,18.181818,20,15.686275,23.529412,21.568627,13.559322,13.559322,22.727273,21.153846,13.461538,12.068966,20,17.241379,15.517241,25,32.142857,32.142857,33.928571,30.357143,22,22,25
NC_073211.1|YP_010748302.1_41|1-60aa,80,80,80,81.666667,90,83.333333,91.666667,91.666667,93.333333,93.333333,93.333333,93.333333,93.333333,91.666667,91.666667,90,81.666667,98.333333,100,100,90,95,98.333333,98.333333,95,95,95,95,98.076923,88.333333,90,95,93.333333,90,96.666667,88.333333,90,96.666667,98.333333,100,98.333333,98.333333,100,98.333333,98.333333,95,95,96.666667,93.333333,98.333333,98.333333,96.666667,98.333333,96.153846,95,93.333333,95,96.153846,96.666667,96.666667,100,98.333333,100,100,100,100,98.333333,96.666667,100,93.333333,98.333333,100,95,96.666667,100,98.333333,98.333333,98.333333,98.333333,98.333333,93.333333,93.333333,85,88.333333,95,93.333333,98.333333,98.333333,100,100,91.666667,98.333333,98.333333,98.333333,98.333333,100,93.333333,100,93.333333,64.285714,21.052632,19.607843,25.490196,21.153846,21.568627,15.517241,19.607843,19.607843,19.607843,19.607843,19.607843,19.607843,25.490196,19.607843,21.568627,19.607843,27.45098,29.411765,18.181818,18.965517,18.965517,21.428571,19.607843,19.607843,13.793103,13.793103,13.793103,27.45098,25.490196,17.241379,25.490196,25.490196,25.490196,16.071429,16.071429,25.490196,31.914894,13.793103,27.45098,25.490196,25.490196,29.411765,23.529412,18.181818,18.181818,15.686275,23.529412,21.568627,15.254237,15.254237,30.232558,21.153846,13.461538,12.068966,15.686275,17.241379,15.517241,25,32.142857,32.142857,33.928571,30.357143,22,22,27.272727
NC_073212.1|YP_010748347.1_32|1-60aa,76.666667,76.666667,76.666667,80,86.666667,85,88.333333,90,90,91.666667,90,90,90,91.666667,91.666667,88.333333,80,96.666667,95,95,86.666667,90,96.666667,96.666667,91.666667,91.666667,96.666667,100,94.230769,88.333333,90,96.666667,98.333333,90,98.333333,86.666667,88.333333,95,96.666667,95,96.666667,96.666667,95,96.666667,96.666667,100,100,98.333333,98.333333,96.666667,96.666667,91.666667,96.666667,100,93.333333,98.333333,96.666667,100,95,98.333333,95,93.333333,95,95,95,95,96.666667,95,95,98.333333,96.666667,95,100,98.333333,95,96.666667,96.666667,96.666667,96.666667,96.666667,91.666667,91.666667,86.666667,85,91.666667,90,96.666667,96.666667,95,95,90,96.666667,96.666667,96.666667,96.666667,95,98.333333,95,98.333333,62.5,19.298246,19.230769,25.490196,21.153846,21.568627,15.517241,15.517241,15.517241,15.517241,15.517241,15.517241,15.517241,25.490196,15.517241,21.568627,15.517241,27.45098,18.965517,16.981132,18.965517,18.965517,29.411765,15.517241,15.517241,13.793103,13.793103,13.793103,27.45098,25.490196,17.241379,15.517241,15.517241,15.517241,16.071429,16.071429,15.517241,31.914894,13.793103,17.241379,15.517241,15.517241,29.411765,17.857143,18.181818,10.344828,15.686275,21.568627,17.647059,11.864407,11.864407,22.727273,20,13.461538,10.344828,10.344828,15.517241,13.793103,25,32.142857,32.142857,33.928571,30.357143,22,22,19.565217
NC_073213.1|YP_010748410.1_30|1-60aa,78.333333,78.333333,78.333333,80,88.333333,85,90,90,91.666667,91.666667,91.666667,91.666667,91.666667,90,90,88.333333,80,98.333333,96.666667,96.666667,88.333333,91.666667,98.333333,98.333333,93.333333,93.333333,98.333333,98.333333,96.153846,90,91.666667,98.333333,96.666667,91.666667,96.666667,88.333333,88.333333,96.666667,98.333333,96.666667,98.333333,98.333333,96.666667,98.333333,98.333333,98.333333,98.333333,100,96.666667,98.333333,98.333333,93.333333,98.333333,98.076923,95,96.666667,98.333333,98.076923,96.666667,100,96.666667,95,96.666667,96.666667,96.666667,96.666667,98.333333,96.666667,96.666667,96.666667,98.333333,96.666667,98.333333,100,96.666667,98.333333,98.333333,98.333333,95,98.333333,91.666667,91.666667,86.666667,86.666667,93.333333,91.666667,98.333333,98.333333,96.666667,96.666667,91.666667,98.333333,98.333333,98.333333,98.333333,96.666667,96.666667,96.666667,96.666667,62.5,21.052632,19.230769,25.490196,21.153846,21.568627,15.517241,19.230769,19.230769,19.230769,19.230769,19.230769,19.230769,25.490196,19.607843,21.568627,19.230769,27.45098,29.411765,16.981132,18.965517,18.965517,29.411765,19.230769,19.230769,13.793103,13.793103,13.793103,27.45098,25.490196,17.241379,25.490196,25.490196,25.490196,16.071429,16.071429,25.490196,31.914894,13.793103,27.45098,25.490196,25.490196,29.411765,23.529412,18.181818,20,15.686275,23.529412,19.607843,11.864407,11.864407,22.727273,21.153846,13.461538,10.344828,18,15.517241,13.793103,25,32.142857,32.142857,33.928571,30.357143,22,22,25
NC_073214.1|YP_010748485.1_42|1-60aa,80,80,80,81.666667,90,83.333333,91.666667,91.666667,93.333333,93.333333,93.333333,93.333333,93.333333,91.666667,91.666667,90,81.666667,98.333333,100,100,90,95,98.333333,98.333333,95,95,95,95,98.076923,88.333333,90,95,93.333333,90,96.666667,88.333333,90,96.666667,98.333333,100,98.333333,98.333333,100,98.333333,98.333333,95,95,96.666667,93.333333,98.333333,98.333333,96.666667,98.333333,96.153846,95,93.333333,95,96.153846,96.666667,96.666667,100,98.333333,100,100,100,100,98.333333,96.666667,100,93.333333,98.333333,100,95,96.666667,100,98.333333,98.333333,98.333333,98.333333,98.333333,93.333333,93.333333,85,88.333333,95,93.333333,98.333333,98.333333,100,100,91.666667,98.333333,98.333333,98.333333,98.333333,100,93.333333,100,93.333333,64.285714,21.052632,19.607843,25.490196,21.153846,21.568627,15.517241,19.607843,19.607843,19.607843,19.607843,19.607843,19.607843,25.490196,19.607843,21.568627,19.607843,27.45098,29.411765,18.181818,18.965517,18.965517,21.428571,19.607843,19.607843,13.793103,13.793103,13.793103,27.45098,25.490196,17.241379,25.490196,25.490196,25.490196,16.071429,16.071429,25.490196,31.914894,13.793103,27.45098,25.490196,25.490196,29.411765,23.529412,18.181818,18.181818,15.686275,23.529412,21.568627,15.254237,15.254237,30.232558,21.153846,13.461538,12.068966,15.686275,17.241379,15.517241,25,32.142857,32.142857,33.928571,30.357143,22,22,27.272727
NC_073215.1|YP_010748570.1_62|1-60aa,80,80,80,81.666667,90,85,91.666667,91.666667,93.333333,93.333333,93.333333,93.333333,93.333333,91.666667,91.666667,90,81.666667,100,98.333333,98.333333,90,93.333333,100,100,95,95,96.666667,96.666667,96.153846,90,91.666667,96.666667,95,91.666667,95,90,90,98.333333,100,98.333333,100,100,98.333333,100,100,96.666667,96.666667,98.333333,95,100,100,95,100,98.076923,93.333333,95,96.666667,98.076923,95,98.333333,98.333333,96.666667,98.333333,98.333333,98.333333,98.333333,100,98.333333,98.333333,95,100,98.333333,96.666667,98.333333,98.333333,100,100,100,96.666667,100,93.333333,93.333333,86.666667,88.333333,95,93.333333,100,100,98.333333,98.333333,93.333333,100,100,100,100,98.333333,95,98.333333,95,64.285714,21.052632,19.230769,25.490196,21.153846,21.568627,15.517241,19.607843,19.607843,19.607843,19.607843,19.607843,19.607843,25.490196,19.607843,21.568627,19.607843,27.45098,29.411765,18.181818,18.965517,18.965517,21.428571,19.607843,19.607843,13.793103,13.793103,13.793103,27.45098,25.490196,17.241379,25.490196,25.490196,25.490196,16.071429,16.071429,25.490196,31.914894,13.793103,27.45098,25.490196,25.490196,29.411765,23.529412,18.181818,20,15.686275,23.529412,21.568627,13.559322,13.559322,22.727273,21.153846,13.461538,12.068966,20,17.241379,15.517241,25,32.142857,32.142857,33.928571,30.357143,22,22,25
NC_073216.1|YP_010748571.1_1|1-60aa,80,80,80,81.666667,90,85,91.666667,91.666667,93.333333,93.333333,93.333333,93.333333,93.333333,91.666667,91.666667,90,81.666667,100,98.333333,98.333333,90,93.333333,100,100,95,95,96.666667,96.666667,96.153846,90,91.666667,96.666667,95,91.666667,95,90,90,98.333333,100,98.333333,100,100,98.333333,100,100,96.666667,96.666667,98.333333,95,100,100,95,100,98.076923,93.333333,95,96.666667,98.076923,95,98.333333,98.333333,96.666667,98.333333,98.333333,98.333333,98.333333,100,98.333333,98.333333,95,100,98.333333,96.666667,98.333333,98.333333,100,100,100,96.666667,100,93.333333,93.333333,86.666667,88.333333,95,93.333333,100,100,98.333333,98.333333,93.333333,100,100,100,100,98.333333,95,98.333333,95,64.285714,21.052632,19.230769,25.490196,21.153846,21.568627,15.517241,19.607843,19.607843,19.607843,19.607843,19.607843,19.607843,25.490196,19.607843,21.568627,19.607843,27.45098,29.411765,18.181818,18.965517,18.965517,21.428571,19.607843,19.607843,13.793103,13.793103,13.793103,27.45098,25.490196,17.241379,25.490196,25.490196,25.490196,16.071429,16.071429,25.490196,31.914894,13.793103,27.45098,25.490196,25.490196,29.411765,23.529412,18.181818,20,15.686275,23.529412,21.568627,13.559322,13.559322,22.727273,21.153846,13.461538,12.068966,20,17.241379,15.517241,25,32.142857,32.142857,33.928571,30.357143,22,22,25
NC_073217.1|YP_010748692.1_52|1-60aa,80,80,80,81.666667,90,85,91.666667,91.666667,93.333333,93.333333,93.333333,93.333333,93.333333,91.666667,91.666667,90,81.666667,100,98.333333,98.333333,90,93.333333,100,100,95,95,96.666667,96.666667,96.153846,90,91.666667,96.666667,95,91.666667,95,90,90,98.333333,100,98.333333,100,100,98.333333,100,100,96.666667,96.666667,98.333333,95,100,100,95,100,98.076923,93.333333,95,96.666667,98.076923,95,98.333333,98.333333,96.666667,98.333333,98.333333,98.333333,98.333333,100,98.333333,98.333333,95,100,98.333333,96.666667,98.333333,98.333333,100,100,100,96.666667,100,93.333333,93.333333,86.666667,88.333333,95,93.333333,100,100,98.333333,98.333333,93.333333,100,100,100,100,98.333333,95,98.333333,95,64.285714,21.052632,19.230769,25.490196,21.153846,21.568627,15.517241,19.607843,19.607843,19.607843,19.607843,19.607843,19.607843,25.490196,19.607843,21.568627,19.607843,27.45098,29.411765,18.181818,18.965517,18.965517,21.428571,19.607843,19.607843,13.793103,13.793103,13.793103,27.45098,25.490196,17.241379,25.490196,25.490196,25.490196,16.071429,16.071429,25.490196,31.914894,13.793103,27.45098,25.490196,25.490196,29.411765,23.529412,18.181818,20,15.686275,23.529412,21.568627,13.559322,13.559322,22.727273,21.153846,13.461538,12.068966,20,17.241379,15.517241,25,32.142857,32.142857,33.928571,30.357143,22,22,25
NC_073218.1|YP_010748753.1_42|1-60aa,78.333333,78.333333,78.333333,81.666667,88.333333,83.333333,90,91.666667,91.666667,93.333333,91.666667,91.666667,91.666667,93.333333,93.333333,90,81.666667,96.666667,98.333333,98.333333,88.333333,93.333333,96.666667,96.666667,93.333333,93.333333,93.333333,96.666667,96.153846,86.666667,88.333333,93.333333,95,88.333333,98.333333,86.666667,90,95,96.666667,98.333333,96.666667,96.666667,98.333333,96.666667,96.666667,96.666667,96.666667,95,95,96.666667,96.666667,95,96.666667,98.076923,93.333333,95,93.333333,98.076923,95,95,98.333333,96.666667,98.333333,98.333333,98.333333,98.333333,96.666667,95,98.333333,95,96.666667,98.333333,96.666667,95,98.333333,96.666667,96.666667,96.666667,100,96.666667,93.333333,93.333333,85,86.666667,93.333333,91.666667,96.666667,96.666667,98.333333,98.333333,90,96.666667,96.666667,96.666667,96.666667,98.333333,95,98.333333,95,64.285714,19.298246,15.517241,25.490196,21.153846,21.568627,15.517241,15.517241,15.517241,15.517241,15.517241,15.517241,15.517241,25.490196,15.517241,21.568627,15.517241,27.45098,18.965517,18.867925,18.965517,18.965517,21.428571,15.517241,15.517241,13.793103,13.793103,13.793103,27.45098,25.490196,17.241379,15.517241,15.517241,15.517241,16.071429,16.071429,15.517241,31.914894,13.793103,17.241379,15.517241,15.517241,29.411765,26.086957,18.181818,8.62069,15.686275,21.568627,19.607843,15.254237,15.254237,30.232558,20,13.461538,12.068966,12.068966,17.241379,15.517241,25,32.142857,32.142857,33.928571,30.357143,22,22,21.73913
NC_073219.1|YP_010748811.1_44|1-60aa,80,80,80,81.666667,90,85,91.666667,91.666667,93.333333,93.333333,93.333333,93.333333,93.333333,91.666667,91.666667,90,81.666667,100,98.333333,98.333333,90,93.333333,100,100,95,95,96.666667,96.666667,96.153846,90,91.666667,96.666667,95,91.666667,95,90,90,98.333333,100,98.333333,100,100,98.333333,100,100,96.666667,96.666667,98.333333,95,100,100,95,100,98.076923,93.333333,95,96.666667,98.076923,95,98.333333,98.333333,96.666667,98.333333,98.333333,98.333333,98.333333,100,98.333333,98.333333,95,100,98.333333,96.666667,98.333333,98.333333,100,100,100,96.666667,100,93.333333,93.333333,86.666667,88.333333,95,93.333333,100,100,98.333333,98.333333,93.333333,100,100,100,100,98.333333,95,98.333333,95,64.285714,21.052632,19.230769,25.490196,21.153846,21.568627,15.517241,19.607843,19.607843,19.607843,19.607843,19.607843,19.607843,25.490196,19.607843,21.568627,19.607843,27.45098,29.411765,18.181818,18.965517,18.965517,21.428571,19.607843,19.607843,13.793103,13.793103,13.793103,27.45098,25.490196,17.241379,25.490196,25.490196,25.490196,16.071429,16.071429,25.490196,31.914894,13.793103,27.45098,25.490196,25.490196,29.411765,23.529412,18.181818,20,15.686275,23.529412,21.568627,13.559322,13.559322,22.727273,21.153846,13.461538,12.068966,20,17.241379,15.517241,25,32.142857,32.142857,33.928571,30.357143,22,22,25
NC_073314.1|YP_010748878.1_52|1-60aa,81.666667,80,80,86.666667,93.333333,86.666667,95,96.666667,96.666667,100,96.666667,96.666667,95,96.666667,96.666667,95,81.666667,93.333333,93.333333,93.333333,90,88.333333,93.333333,93.333333,98.333333,98.333333,90,91.666667,90.384615,85,86.666667,90,90,86.666667,91.666667,86.666667,95,91.666667,93.333333,93.333333,93.333333,93.333333,93.333333,93.333333,93.333333,91.666667,91.666667,91.666667,90,93.333333,93.333333,91.666667,93.333333,92.307692,88.333333,90,90,92.307692,90,91.666667,93.333333,91.666667,93.333333,93.333333,93.333333,93.333333,93.333333,91.666667,93.333333,90,93.333333,93.333333,91.666667,91.666667,93.333333,93.333333,93.333333,93.333333,93.333333,93.333333,100,100,85,88.333333,98.333333,96.666667,93.333333,93.333333,93.333333,93.333333,86.666667,93.333333,93.333333,93.333333,93.333333,93.333333,90,93.333333,90,67.857143,21.428571,15.517241,25.490196,21.153846,21.568627,15.517241,15.517241,15.517241,15.517241,15.517241,15.517241,15.517241,25.490196,15.517241,21.568627,15.517241,27.45098,18.965517,16.363636,20.689655,20.689655,25.490196,15.517241,15.517241,13.793103,13.793103,13.793103,27.45098,25.490196,17.241379,15.517241,15.517241,15.517241,16.071429,16.071429,17.241379,31.914894,13.793103,17.241379,15.517241,17.241379,29.411765,14.545455,18.181818,8.62069,16.981132,24.489796,17.647059,17.241379,17.241379,22.727273,27.906977,15.09434,12.068966,15.686275,17.241379,15.517241,28.571429,35.714286,35.714286,37.5,32.142857,22,29.166667,27.659574
NC_073316.1|YP_010749013.1_34|1-60aa,81.666667,80,80,86.666667,93.333333,86.666667,95,96.666667,96.666667,100,96.666667,96.666667,95,96.666667,96.666667,95,81.666667,93.333333,93.333333,93.333333,90,88.333333,93.333333,93.333333,98.333333,98.333333,90,91.666667,90.384615,85,86.666667,90,90,86.666667,91.666667,86.666667,95,91.666667,93.333333,93.333333,93.333333,93.333333,93.333333,93.333333,93.333333,91.666667,91.666667,91.666667,90,93.333333,93.333333,91.666667,93.333333,92.307692,88.333333,90,90,92.307692,90,91.666667,93.333333,91.666667,93.333333,93.333333,93.333333,93.333333,93.333333,91.666667,93.333333,90,93.333333,93.333333,91.666667,91.666667,93.333333,93.333333,93.333333,93.333333,93.333333,93.333333,100,100,85,88.333333,98.333333,96.666667,93.333333,93.333333,93.333333,93.333333,86.666667,93.333333,93.333333,93.333333,93.333333,93.333333,90,93.333333,90,67.857143,21.428571,15.517241,25.490196,21.153846,21.568627,15.517241,15.517241,15.517241,15.517241,15.517241,15.517241,15.517241,25.490196,15.517241,21.568627,15.517241,27.45098,18.965517,16.363636,20.689655,20.689655,25.490196,15.517241,15.517241,13.793103,13.793103,13.793103,27.45098,25.490196,17.241379,15.517241,15.517241,15.517241,16.071429,16.071429,17.241379,31.914894,13.793103,17.241379,15.517241,17.241379,29.411765,14.545455,18.181818,8.62069,16.981132,24.489796,17.647059,17.241379,17.241379,22.727273,27.906977,15.09434,12.068966,15.686275,17.241379,15.517241,28.571429,35.714286,35.714286,37.5,32.142857,22,29.166667,27.659574
NC_073317.1|YP_010749088.1_32|1-60aa,71.666667,71.666667,71.666667,75,78.333333,93.333333,81.666667,83.333333,83.333333,85,81.666667,83.333333,85,81.666667,83.333333,81.666667,73.333333,86.666667,85,85,78.333333,80,86.666667,86.666667,83.333333,83.333333,85,86.666667,82.692308,80,81.666667,85,85,81.666667,85,76.666667,80,85,86.666667,85,86.666667,86.666667,85,86.666667,86.666667,86.666667,86.666667,86.666667,85,86.666667,86.666667,83.333333,86.666667,86.538462,81.666667,85,85,86.538462,83.333333,86.666667,85,83.333333,85,85,85,85,86.666667,85,85,85,86.666667,85,86.666667,86.666667,85,86.666667,86.666667,86.666667,85,86.666667,85,85,100,76.666667,83.333333,83.333333,86.666667,86.666667,85,85,80,86.666667,86.666667,86.666667,86.666667,85,85,85,85,57.142857,30.434783,19.230769,21.568627,17.54386,21.568627,19.230769,19.230769,19.230769,19.230769,19.230769,19.230769,19.230769,21.568627,17.54386,21.568627,19.230769,23.529412,24.074074,12.727273,18.965517,18.965517,21.428571,19.230769,19.230769,12.068966,23.529412,12.068966,23.529412,21.568627,22.222222,24,24,20.37037,19.230769,19.230769,26,27.659574,12.068966,22.222222,20.37037,26,25.490196,15.789474,14.035088,14.035088,17.857143,24.074074,16.666667,10.169492,10.169492,30.952381,22,6.896552,8.62069,8.62069,13.793103,12.068966,28.571429,32.142857,30.357143,32.142857,30.909091,19.230769,25,16.326531
NC_073321.1|YP_010749398.1_41|1-60aa,80,81.666667,80,83.333333,88.333333,75,86.666667,86.666667,88.333333,88.333333,88.333333,88.333333,88.333333,86.666667,86.666667,85,81.666667,88.333333,88.333333,88.333333,93.333333,83.333333,88.333333,88.333333,90,90,85,85,86.538462,81.666667,80,85,83.333333,80,85,80,86.666667,86.666667,88.333333,88.333333,88.333333,88.333333,88.333333,88.333333,88.333333,85,85,86.666667,83.333333,88.333333,88.333333,88.333333,88.333333,84.615385,85,83.333333,85,84.615385,85,86.666667,88.333333,86.666667,88.333333,88.333333,88.333333,88.333333,88.333333,86.666667,88.333333,83.333333,88.333333,88.333333,85,86.666667,88.333333,88.333333,88.333333,88.333333,86.666667,88.333333,88.333333,88.333333,76.666667,100,90,88.333333,88.333333,88.333333,88.333333,88.333333,81.666667,88.333333,88.333333,88.333333,88.333333,88.333333,83.333333,88.333333,83.333333,64.285714,23.214286,22.641509,17.857143,23.529412,22,19.642857,22.641509,22.641509,22.641509,22.641509,22.641509,22.641509,17.857143,22,22,22.641509,27.45098,29.411765,17.857143,25.490196,25.490196,19.642857,22.641509,22.641509,12.068966,14.285714,12.068966,27.45098,30.612245,21.428571,25.490196,25.490196,30.612245,16.071429,16.071429,28.571429,25.490196,12.068966,27.45098,30.612245,28.571429,25.490196,22,18.181818,20,26.086957,20.37037,28.26087,17.857143,17.857143,22.727273,20.408163,25.531915,18.181818,21.153846,15.517241,13.793103,25,30.357143,30.357143,33.928571,26.785714,22.916667,24,23.404255
NC_093712.1|YP_011217254.1_66|1-60aa,83.333333,81.666667,81.666667,85,95,85,96.666667,96.666667,98.333333,98.333333,98.333333,98.333333,96.666667,96.666667,96.666667,93.333333,81.666667,95,95,95,91.666667,90,95,95,100,100,91.666667,91.666667,92.307692,86.666667,88.333333,91.666667,90,88.333333,91.666667,88.333333,95,93.333333,95,95,95,95,95,95,95,91.666667,91.666667,93.333333,90,95,95,93.333333,95,92.307692,90,90,91.666667,92.307692,91.666667,93.333333,95,93.333333,95,95,95,95,95,93.333333,95,90,95,95,91.666667,93.333333,95,95,95,95,93.333333,95,98.333333,98.333333,83.333333,90,100,98.333333,95,95,95,95,88.333333,95,95,95,95,95,90,95,90,66.071429,23.214286,15.517241,25.490196,21.153846,21.568627,15.517241,15.517241,15.517241,15.517241,15.517241,15.517241,15.517241,25.490196,15.517241,21.568627,15.517241,27.45098,29.411765,16.363636,20.689655,20.689655,25.490196,15.517241,15.517241,13.793103,13.793103,13.793103,27.45098,25.490196,17.241379,25.490196,25.490196,25.490196,16.071429,16.071429,25.490196,31.914894,13.793103,27.45098,25.490196,25.490196,29.411765,23.529412,18.181818,18.181818,15.686275,18.518519,19.607843,17.241379,17.241379,22.727273,19.230769,11.538462,15.686275,15.686275,21.568627,15.517241,28.571429,35.714286,35.714286,37.5,32.142857,22,24,27.659574
NC_093713.1|YP_011217259.1_4|1-60aa,85,81.666667,81.666667,83.333333,93.333333,83.333333,98.333333,98.333333,100,96.666667,96.666667,100,95,95,98.333333,91.666667,80,93.333333,93.333333,93.333333,90,88.333333,93.333333,93.333333,98.333333,98.333333,90,90,90.384615,85,86.666667,90,88.333333,86.666667,90,86.666667,93.333333,91.666667,93.333333,93.333333,93.333333,93.333333,93.333333,93.333333,93.333333,90,90,91.666667,88.333333,93.333333,93.333333,91.666667,93.333333,90.384615,88.333333,88.333333,90,90.384615,90,91.666667,93.333333,91.666667,93.333333,93.333333,93.333333,93.333333,93.333333,91.666667,93.333333,88.333333,93.333333,93.333333,90,91.666667,93.333333,93.333333,93.333333,93.333333,91.666667,93.333333,96.666667,96.666667,83.333333,88.333333,98.333333,100,93.333333,93.333333,93.333333,93.333333,86.666667,93.333333,93.333333,93.333333,93.333333,93.333333,88.333333,93.333333,88.333333,64.285714,25,21.568627,25.490196,15.789474,27.45098,25,25,25,25,25,25,25,25.490196,25.490196,27.45098,25,27.45098,29.411765,16.363636,20.689655,20.689655,25.490196,25,25,13.793103,13.793103,13.793103,27.45098,25.490196,17.241379,25.490196,25.490196,25.490196,16.071429,16.071429,25.490196,31.914894,13.793103,27.45098,25.490196,25.490196,29.411765,23.529412,18.181818,16.981132,14.285714,18.518519,19.607843,19.642857,19.642857,22.727273,19.230769,21.568627,17.857143,17.857143,21.568627,15.517241,28.571429,33.928571,33.928571,35.714286,32.142857,22,24,27.659574
NC_016763.1|YP_005098157.1_61|1-60aa,80,80,80,81.666667,90,85,91.666667,91.666667,93.333333,93.333333,93.333333,93.333333,93.333333,91.666667,91.666667,90,81.666667,100,98.333333,98.333333,90,93.333333,100,100,95,95,96.666667,96.666667,96.153846,90,91.666667,96.666667,95,91.666667,95,90,90,98.333333,100,98.333333,100,100,98.333333,100,100,96.666667,96.666667,98.333333,95,100,100,95,100,98.076923,93.333333,95,96.666667,98.076923,95,98.333333,98.333333,96.666667,98.333333,98.333333,98.333333,98.333333,100,98.333333,98.333333,95,100,98.333333,96.666667,98.333333,98.333333,100,100,100,96.666667,100,93.333333,93.333333,86.666667,88.333333,95,93.333333,100,100,98.333333,98.333333,93.333333,100,100,100,100,98.333333,95,98.333333,95,64.285714,21.052632,19.230769,25.490196,21.153846,21.568627,15.517241,19.607843,19.607843,19.607843,19.607843,19.607843,19.607843,25.490196,19.607843,21.568627,19.607843,27.45098,29.411765,18.181818,18.965517,18.965517,21.428571,19.607843,19.607843,13.793103,13.793103,13.793103,27.45098,25.490196,17.241379,25.490196,25.490196,25.490196,16.071429,16.071429,25.490196,31.914894,13.793103,27.45098,25.490196,25.490196,29.411765,23.529412,18.181818,20,15.686275,23.529412,21.568627,13.559322,13.559322,22.727273,21.153846,13.461538,12.068966,20,17.241379,15.517241,25,32.142857,32.142857,33.928571,30.357143,22,22,25
NC_021317.1|YP_008058250.1_4|1-60aa,80,80,80,81.666667,90,85,91.666667,91.666667,93.333333,93.333333,93.333333,93.333333,93.333333,91.666667,91.666667,90,81.666667,100,98.333333,98.333333,90,93.333333,100,100,95,95,96.666667,96.666667,96.153846,90,91.666667,96.666667,95,91.666667,95,90,90,98.333333,100,98.333333,100,100,98.333333,100,100,96.666667,96.666667,98.333333,95,100,100,95,100,98.076923,93.333333,95,96.666667,98.076923,95,98.333333,98.333333,96.666667,98.333333,98.333333,98.333333,98.333333,100,98.333333,98.333333,95,100,98.333333,96.666667,98.333333,98.333333,100,100,100,96.666667,100,93.333333,93.333333,86.666667,88.333333,95,93.333333,100,100,98.333333,98.333333,93.333333,100,100,100,100,98.333333,95,98.333333,95,64.285714,21.052632,19.230769,25.490196,21.153846,21.568627,15.517241,19.607843,19.607843,19.607843,19.607843,19.607843,19.607843,25.490196,19.607843,21.568627,19.607843,27.45098,29.411765,18.181818,18.965517,18.965517,21.428571,19.607843,19.607843,13.793103,13.793103,13.793103,27.45098,25.490196,17.241379,25.490196,25.490196,25.490196,16.071429,16.071429,25.490196,31.914894,13.793103,27.45098,25.490196,25.490196,29.411765,23.529412,18.181818,20,15.686275,23.529412,21.568627,13.559322,13.559322,22.727273,21.153846,13.461538,12.068966,20,17.241379,15.517241,25,32.142857,32.142857,33.928571,30.357143,22,22,25
NC_023608.1|YP_009009956.1_32|1-60aa,80,80,80,81.666667,90,83.333333,91.666667,91.666667,93.333333,93.333333,93.333333,93.333333,93.333333,91.666667,91.666667,90,81.666667,98.333333,100,100,90,95,98.333333,98.333333,95,95,95,95,98.076923,88.333333,90,95,93.333333,90,96.666667,88.333333,90,96.666667,98.333333,100,98.333333,98.333333,100,98.333333,98.333333,95,95,96.666667,93.333333,98.333333,98.333333,96.666667,98.333333,96.153846,95,93.333333,95,96.153846,96.666667,96.666667,100,98.333333,100,100,100,100,98.333333,96.666667,100,93.333333,98.333333,100,95,96.666667,100,98.333333,98.333333,98.333333,98.333333,98.333333,93.333333,93.333333,85,88.333333,95,93.333333,98.333333,98.333333,100,100,91.666667,98.333333,98.333333,98.333333,98.333333,100,93.333333,100,93.333333,64.285714,21.052632,19.607843,25.490196,21.153846,21.568627,15.517241,19.607843,19.607843,19.607843,19.607843,19.607843,19.607843,25.490196,19.607843,21.568627,19.607843,27.45098,29.411765,18.181818,18.965517,18.965517,21.428571,19.607843,19.607843,13.793103,13.793103,13.793103,27.45098,25.490196,17.241379,25.490196,25.490196,25.490196,16.071429,16.071429,25.490196,31.914894,13.793103,27.45098,25.490196,25.490196,29.411765,23.529412,18.181818,18.181818,15.686275,23.529412,21.568627,15.254237,15.254237,30.232558,21.153846,13.461538,12.068966,15.686275,17.241379,15.517241,25,32.142857,32.142857,33.928571,30.357143,22,22,27.272727
NC_024204.1|YP_009035169.1_32|1-60aa,80,80,80,81.666667,90,83.333333,91.666667,91.666667,93.333333,93.333333,93.333333,93.333333,93.333333,91.666667,91.666667,90,81.666667,98.333333,100,100,90,95,98.333333,98.333333,95,95,95,95,98.076923,88.333333,90,95,93.333333,90,96.666667,88.333333,90,96.666667,98.333333,100,98.333333,98.333333,100,98.333333,98.333333,95,95,96.666667,93.333333,98.333333,98.333333,96.666667,98.333333,96.153846,95,93.333333,95,96.153846,96.666667,96.666667,100,98.333333,100,100,100,100,98.333333,96.666667,100,93.333333,98.333333,100,95,96.666667,100,98.333333,98.333333,98.333333,98.333333,98.333333,93.333333,93.333333,85,88.333333,95,93.333333,98.333333,98.333333,100,100,91.666667,98.333333,98.333333,98.333333,98.333333,100,93.333333,100,93.333333,64.285714,21.052632,19.607843,25.490196,21.153846,21.568627,15.517241,19.607843,19.607843,19.607843,19.607843,19.607843,19.607843,25.490196,19.607843,21.568627,19.607843,27.45098,29.411765,18.181818,18.965517,18.965517,21.428571,19.607843,19.607843,13.793103,13.793103,13.793103,27.45098,25.490196,17.241379,25.490196,25.490196,25.490196,16.071429,16.071429,25.490196,31.914894,13.793103,27.45098,25.490196,25.490196,29.411765,23.529412,18.181818,18.181818,15.686275,23.529412,21.568627,15.254237,15.254237,30.232558,21.153846,13.461538,12.068966,15.686275,17.241379,15.517241,25,32.142857,32.142857,33.928571,30.357143,22,22,27.272727
NC_026017.1|YP_009113179.1_32|1-60aa,73.333333,73.333333,73.333333,75,83.333333,78.333333,85,85,86.666667,86.666667,86.666667,86.666667,86.666667,85,85,85,75,93.333333,91.666667,91.666667,83.333333,90,93.333333,93.333333,88.333333,88.333333,90,90,94.230769,86.666667,88.333333,90,88.333333,88.333333,88.333333,86.666667,83.333333,91.666667,93.333333,91.666667,93.333333,93.333333,91.666667,93.333333,93.333333,90,90,91.666667,91.666667,93.333333,93.333333,88.333333,93.333333,96.153846,86.666667,88.333333,90,96.153846,88.333333,91.666667,91.666667,90,91.666667,91.666667,91.666667,91.666667,93.333333,91.666667,91.666667,88.333333,93.333333,91.666667,90,91.666667,91.666667,93.333333,93.333333,93.333333,90,93.333333,86.666667,86.666667,80,81.666667,88.333333,86.666667,93.333333,93.333333,91.666667,91.666667,100,93.333333,93.333333,93.333333,93.333333,91.666667,88.333333,91.666667,88.333333,62.5,21.052632,24.528302,27.45098,19.298246,23.529412,17.241379,24.528302,24.528302,24.528302,24.528302,24.528302,24.528302,27.45098,25,23.529412,24.528302,31.372549,33.333333,18.867925,20.689655,20.689655,25.454545,24.528302,24.528302,17.241379,15.517241,17.241379,31.372549,29.411765,20.689655,21.428571,21.428571,29.411765,17.857143,17.857143,21.428571,25,17.241379,31.372549,29.411765,21.428571,33.333333,31.111111,18.181818,12.068966,17.647059,26.530612,19.607843,15.254237,15.254237,27.272727,19.230769,15.517241,18.867925,18.867925,24.528302,22.641509,23.214286,30.357143,30.357143,32.142857,30.357143,26,22,25
NC_031021.1|YP_009280164.1_36|1-60aa,80,80,80,81.666667,90,85,91.666667,91.666667,93.333333,93.333333,93.333333,93.333333,93.333333,91.666667,91.666667,90,81.666667,100,98.333333,98.333333,90,93.333333,100,100,95,95,96.666667,96.666667,96.153846,90,91.666667,96.666667,95,91.666667,95,90,90,98.333333,100,98.333333,100,100,98.333333,100,100,96.666667,96.666667,98.333333,95,100,100,95,100,98.076923,93.333333,95,96.666667,98.076923,95,98.333333,98.333333,96.666667,98.333333,98.333333,98.333333,98.333333,100,98.333333,98.333333,95,100,98.333333,96.666667,98.333333,98.333333,100,100,100,96.666667,100,93.333333,93.333333,86.666667,88.333333,95,93.333333,100,100,98.333333,98.333333,93.333333,100,100,100,100,98.333333,95,98.333333,95,64.285714,21.052632,19.230769,25.490196,21.153846,21.568627,15.517241,19.607843,19.607843,19.607843,19.607843,19.607843,19.607843,25.490196,19.607843,21.568627,19.607843,27.45098,29.411765,18.181818,18.965517,18.965517,21.428571,19.607843,19.607843,13.793103,13.793103,13.793103,27.45098,25.490196,17.241379,25.490196,25.490196,25.490196,16.071429,16.071429,25.490196,31.914894,13.793103,27.45098,25.490196,25.490196,29.411765,23.529412,18.181818,20,15.686275,23.529412,21.568627,13.559322,13.559322,22.727273,21.153846,13.461538,12.068966,20,17.241379,15.517241,25,32.142857,32.142857,33.928571,30.357143,22,22,25
NC_031925.1|YP_009322852.1_45|1-60aa,80,80,80,81.666667,90,85,91.666667,91.666667,93.333333,93.333333,93.333333,93.333333,93.333333,91.666667,91.666667,90,81.666667,100,98.333333,98.333333,90,93.333333,100,100,95,95,96.666667,96.666667,96.153846,90,91.666667,96.666667,95,91.666667,95,90,90,98.333333,100,98.333333,100,100,98.333333,100,100,96.666667,96.666667,98.333333,95,100,100,95,100,98.076923,93.333333,95,96.666667,98.076923,95,98.333333,98.333333,96.666667,98.333333,98.333333,98.333333,98.333333,100,98.333333,98.333333,95,100,98.333333,96.666667,98.333333,98.333333,100,100,100,96.666667,100,93.333333,93.333333,86.666667,88.333333,95,93.333333,100,100,98.333333,98.333333,93.333333,100,100,100,100,98.333333,95,98.333333,95,64.285714,21.052632,19.230769,25.490196,21.153846,21.568627,15.517241,19.607843,19.607843,19.607843,19.607843,19.607843,19.607843,25.490196,19.607843,21.568627,19.607843,27.45098,29.411765,18.181818,18.965517,18.965517,21.428571,19.607843,19.607843,13.793103,13.793103,13.793103,27.45098,25.490196,17.241379,25.490196,25.490196,25.490196,16.071429,16.071429,25.490196,31.914894,13.793103,27.45098,25.490196,25.490196,29.411765,23.529412,18.181818,20,15.686275,23.529412,21.568627,13.559322,13.559322,22.727273,21.153846,13.461538,12.068966,20,17.241379,15.517241,25,32.142857,32.142857,33.928571,30.357143,22,22,25
NC_042065.1|YP_009617948.1_29|1-60aa,80,80,80,81.666667,90,85,91.666667,91.666667,93.333333,93.333333,93.333333,93.333333,93.333333,91.666667,91.666667,90,81.666667,100,98.333333,98.333333,90,93.333333,100,100,95,95,96.666667,96.666667,96.153846,90,91.666667,96.666667,95,91.666667,95,90,90,98.333333,100,98.333333,100,100,98.333333,100,100,96.666667,96.666667,98.333333,95,100,100,95,100,98.076923,93.333333,95,96.666667,98.076923,95,98.333333,98.333333,96.666667,98.333333,98.333333,98.333333,98.333333,100,98.333333,98.333333,95,100,98.333333,96.666667,98.333333,98.333333,100,100,100,96.666667,100,93.333333,93.333333,86.666667,88.333333,95,93.333333,100,100,98.333333,98.333333,93.333333,100,100,100,100,98.333333,95,98.333333,95,64.285714,21.052632,19.230769,25.490196,21.153846,21.568627,15.517241,19.607843,19.607843,19.607843,19.607843,19.607843,19.607843,25.490196,19.607843,21.568627,19.607843,27.45098,29.411765,18.181818,18.965517,18.965517,21.428571,19.607843,19.607843,13.793103,13.793103,13.793103,27.45098,25.490196,17.241379,25.490196,25.490196,25.490196,16.071429,16.071429,25.490196,31.914894,13.793103,27.45098,25.490196,25.490196,29.411765,23.529412,18.181818,20,15.686275,23.529412,21.568627,13.559322,13.559322,22.727273,21.153846,13.461538,12.068966,20,17.241379,15.517241,25,32.142857,32.142857,33.928571,30.357143,22,22,25
NC_073170.1|YP_010745798.1_34|1-60aa,80,80,80,81.666667,90,85,91.666667,91.666667,93.333333,93.333333,93.333333,93.333333,93.333333,91.666667,91.666667,90,81.666667,100,98.333333,98.333333,90,93.333333,100,100,95,95,96.666667,96.666667,96.153846,90,91.666667,96.666667,95,91.666667,95,90,90,98.333333,100,98.333333,100,100,98.333333,100,100,96.666667,96.666667,98.333333,95,100,100,95,100,98.076923,93.333333,95,96.666667,98.076923,95,98.333333,98.333333,96.666667,98.333333,98.333333,98.333333,98.333333,100,98.333333,98.333333,95,100,98.333333,96.666667,98.333333,98.333333,100,100,100,96.666667,100,93.333333,93.333333,86.666667,88.333333,95,93.333333,100,100,98.333333,98.333333,93.333333,100,100,100,100,98.333333,95,98.333333,95,64.285714,21.052632,19.230769,25.490196,21.153846,21.568627,15.517241,19.607843,19.607843,19.607843,19.607843,19.607843,19.607843,25.490196,19.607843,21.568627,19.607843,27.45098,29.411765,18.181818,18.965517,18.965517,21.428571,19.607843,19.607843,13.793103,13.793103,13.793103,27.45098,25.490196,17.241379,25.490196,25.490196,25.490196,16.071429,16.071429,25.490196,31.914894,13.793103,27.45098,25.490196,25.490196,29.411765,23.529412,18.181818,20,15.686275,23.529412,21.568627,13.559322,13.559322,22.727273,21.153846,13.461538,12.068966,20,17.241379,15.517241,25,32.142857,32.142857,33.928571,30.357143,22,22,25
NC_073204.1|YP_010747922.1_54|1-60aa,80,80,80,81.666667,90,83.333333,91.666667,91.666667,93.333333,93.333333,93.333333,93.333333,93.333333,91.666667,91.666667,90,81.666667,98.333333,100,100,90,95,98.333333,98.333333,95,95,95,95,98.076923,88.333333,90,95,93.333333,90,96.666667,88.333333,90,96.666667,98.333333,100,98.333333,98.333333,100,98.333333,98.333333,95,95,96.666667,93.333333,98.333333,98.333333,96.666667,98.333333,96.153846,95,93.333333,95,96.153846,96.666667,96.666667,100,98.333333,100,100,100,100,98.333333,96.666667,100,93.333333,98.333333,100,95,96.666667,100,98.333333,98.333333,98.333333,98.333333,98.333333,93.333333,93.333333,85,88.333333,95,93.333333,98.333333,98.333333,100,100,91.666667,98.333333,98.333333,98.333333,98.333333,100,93.333333,100,93.333333,64.285714,21.052632,19.607843,25.490196,21.153846,21.568627,15.517241,19.607843,19.607843,19.607843,19.607843,19.607843,19.607843,25.490196,19.607843,21.568627,19.607843,27.45098,29.411765,18.181818,18.965517,18.965517,21.428571,19.607843,19.607843,13.793103,13.793103,13.793103,27.45098,25.490196,17.241379,25.490196,25.490196,25.490196,16.071429,16.071429,25.490196,31.914894,13.793103,27.45098,25.490196,25.490196,29.411765,23.529412,18.181818,18.181818,15.686275,23.529412,21.568627,15.254237,15.254237,30.232558,21.153846,13.461538,12.068966,15.686275,17.241379,15.517241,25,32.142857,32.142857,33.928571,30.357143,22,22,27.272727
NC_073205.1|YP_010747962.1_35|1-60aa,75,75,75,78.333333,85,83.333333,86.666667,88.333333,88.333333,90,88.333333,88.333333,88.333333,90,90,86.666667,78.333333,95,93.333333,93.333333,85,88.333333,95,95,90,90,96.666667,98.333333,94.230769,86.666667,88.333333,96.666667,98.333333,88.333333,96.666667,85,86.666667,93.333333,95,93.333333,95,95,93.333333,95,95,98.333333,98.333333,96.666667,96.666667,95,95,90,95,100,95,100,98.333333,100,96.666667,96.666667,93.333333,91.666667,93.333333,93.333333,93.333333,93.333333,95,93.333333,93.333333,100,95,93.333333,98.333333,96.666667,93.333333,95,95,95,95,95,90,90,85,83.333333,90,88.333333,95,95,93.333333,93.333333,88.333333,95,95,95,95,93.333333,100,93.333333,100,60.714286,19.298246,19.230769,25.490196,19.230769,21.568627,15.517241,15.517241,15.517241,15.517241,15.517241,15.517241,15.517241,25.490196,15.517241,21.568627,15.517241,27.45098,18.965517,16.981132,18.965517,18.965517,21.428571,15.517241,15.517241,13.793103,13.793103,13.793103,27.45098,25.490196,20.37037,25.490196,25.490196,15.517241,16.071429,16.071429,15.517241,29.787234,13.793103,17.241379,15.517241,15.517241,29.411765,17.857143,18.181818,10.344828,15.686275,16.666667,15.09434,11.864407,11.864407,22.727273,20,13.461538,10.344828,10.344828,15.517241,13.793103,25,30.357143,30.357143,32.142857,28.571429,22,22,19.565217
NC_073206.1|YP_010748029.1_45|1-60aa,80,80,80,81.666667,90,83.333333,91.666667,91.666667,93.333333,93.333333,93.333333,93.333333,93.333333,91.666667,91.666667,90,81.666667,98.333333,100,100,90,95,98.333333,98.333333,95,95,95,95,98.076923,88.333333,90,95,93.333333,90,96.666667,88.333333,90,96.666667,98.333333,100,98.333333,98.333333,100,98.333333,98.333333,95,95,96.666667,93.333333,98.333333,98.333333,96.666667,98.333333,96.153846,95,93.333333,95,96.153846,96.666667,96.666667,100,98.333333,100,100,100,100,98.333333,96.666667,100,93.333333,98.333333,100,95,96.666667,100,98.333333,98.333333,98.333333,98.333333,98.333333,93.333333,93.333333,85,88.333333,95,93.333333,98.333333,98.333333,100,100,91.666667,98.333333,98.333333,98.333333,98.333333,100,93.333333,100,93.333333,64.285714,21.052632,19.607843,25.490196,21.153846,21.568627,15.517241,19.607843,19.607843,19.607843,19.607843,19.607843,19.607843,25.490196,19.607843,21.568627,19.607843,27.45098,29.411765,18.181818,18.965517,18.965517,21.428571,19.607843,19.607843,13.793103,13.793103,13.793103,27.45098,25.490196,17.241379,25.490196,25.490196,25.490196,16.071429,16.071429,25.490196,31.914894,13.793103,27.45098,25.490196,25.490196,29.411765,23.529412,18.181818,18.181818,15.686275,23.529412,21.568627,15.254237,15.254237,30.232558,21.153846,13.461538,12.068966,15.686275,17.241379,15.517241,25,32.142857,32.142857,33.928571,30.357143,22,22,27.272727
NC_073210.1|YP_010748234.1_19|1-60aa,75,75,75,78.333333,85,83.333333,86.666667,88.333333,88.333333,90,88.333333,88.333333,88.333333,90,90,86.666667,78.333333,95,93.333333,93.333333,85,88.333333,95,95,90,90,96.666667,98.333333,94.230769,86.666667,88.333333,96.666667,98.333333,88.333333,96.666667,85,86.666667,93.333333,95,93.333333,95,95,93.333333,95,95,98.333333,98.333333,96.666667,96.666667,95,95,90,95,100,95,100,98.333333,100,96.666667,96.666667,93.333333,91.666667,93.333333,93.333333,93.333333,93.333333,95,93.333333,93.333333,100,95,93.333333,98.333333,96.666667,93.333333,95,95,95,95,95,90,90,85,83.333333,90,88.333333,95,95,93.333333,93.333333,88.333333,95,95,95,95,93.333333,100,93.333333,100,60.714286,19.298246,19.230769,25.490196,19.230769,21.568627,15.517241,15.517241,15.517241,15.517241,15.517241,15.517241,15.517241,25.490196,15.517241,21.568627,15.517241,27.45098,18.965517,16.981132,18.965517,18.965517,21.428571,15.517241,15.517241,13.793103,13.793103,13.793103,27.45098,25.490196,20.37037,25.490196,25.490196,15.517241,16.071429,16.071429,15.517241,29.787234,13.793103,17.241379,15.517241,15.517241,29.411765,17.857143,18.181818,10.344828,15.686275,16.666667,15.09434,11.864407,11.864407,22.727273,20,13.461538,10.344828,10.344828,15.517241,13.793103,25,30.357143,30.357143,32.142857,28.571429,22,22,19.565217
NC_025466.1|YP_009103930.1_44|1-60aa,58.928571,58.928571,60.714286,62.5,66.071429,57.142857,64.285714,64.285714,64.285714,67.857143,64.285714,64.285714,66.071429,64.285714,64.285714,66.071429,60.714286,64.285714,64.285714,64.285714,64.285714,62.5,64.285714,64.285714,66.071429,66.071429,60.714286,62.5,64.285714,58.928571,58.928571,60.714286,60.714286,58.928571,62.5,58.928571,64.285714,64.285714,64.285714,64.285714,64.285714,64.285714,64.285714,64.285714,64.285714,62.5,62.5,62.5,62.5,64.285714,64.285714,62.5,64.285714,62.5,62.5,60.714286,60.714286,62.5,60.714286,62.5,64.285714,66.071429,64.285714,64.285714,64.285714,64.285714,64.285714,64.285714,64.285714,60.714286,64.285714,64.285714,62.5,62.5,64.285714,64.285714,64.285714,64.285714,64.285714,64.285714,67.857143,67.857143,57.142857,64.285714,66.071429,64.285714,64.285714,64.285714,64.285714,64.285714,62.5,64.285714,64.285714,64.285714,64.285714,64.285714,60.714286,64.285714,60.714286,100,40,20,18.181818,18.181818,20,20,20,20,20,20,20,20,18.181818,20,20,20,28.301887,25.454545,18.367347,26.923077,26.923077,19.298246,20,20,16.981132,14.545455,14.035088,28.301887,21.818182,20,22.222222,22.222222,21.818182,17.307692,17.307692,25.925926,21.818182,14.035088,28.846154,21.818182,25.925926,18.181818,12.068966,25.490196,21.428571,39.130435,25.925926,25.454545,16.666667,16.666667,25,28.888889,14.285714,14.285714,14.285714,16.071429,18.75,29.090909,27.272727,30.909091,30.909091,30.357143,16.666667,27.45098,22.222222
NC_025471.1|YP_009104269.1_32|1-60aa,26.315789,24.561404,26.315789,25.454545,23.214286,30.434783,29.090909,23.214286,25,21.428571,25,25,23.214286,19.642857,23.214286,17.54386,21.052632,21.052632,21.052632,21.052632,21.428571,21.052632,21.052632,21.052632,23.214286,23.214286,21.052632,19.298246,22.222222,21.052632,21.052632,21.052632,19.298246,21.052632,19.298246,21.052632,21.428571,21.052632,21.052632,21.052632,21.052632,21.052632,21.052632,21.052632,21.052632,19.298246,19.298246,21.052632,19.298246,21.052632,21.052632,21.052632,21.052632,25,21.052632,19.298246,21.052632,25,21.052632,21.052632,21.052632,19.298246,21.052632,21.052632,21.052632,21.052632,21.052632,17.54386,21.052632,19.298246,21.052632,21.052632,19.298246,21.052632,21.052632,21.052632,21.052632,21.052632,19.298246,21.052632,21.428571,21.428571,30.434783,23.214286,23.214286,25,21.052632,21.052632,21.052632,21.052632,21.052632,21.052632,21.052632,21.052632,21.052632,21.052632,19.298246,21.052632,19.298246,40,100,32.727273,36.363636,32.727273,32.727273,32.727273,32.727273,32.727273,32.727273,32.727273,32.727273,32.727273,32.727273,34.545455,34.545455,32.727273,38.181818,36.363636,39.02439,36.363636,36.363636,41.176471,32.727273,32.727273,43.636364,40,43.636364,38.181818,36.363636,40,41.818182,41.818182,38.181818,40.384615,40.384615,38.181818,34.545455,43.636364,36.363636,38.181818,40,34.545455,41.818182,43.636364,40,28,27.777778,24.528302,29.62963,29.62963,24,32.142857,35.185185,33.333333,33.333333,31.481481,33.333333,26.315789,27.083333,31.25,29.166667,30.357143,25,25.862069,20
NC_031918.1|YP_009322253.1_56|1-60aa,26.415094,20.689655,26.415094,18.965517,17.857143,19.230769,21.568627,21.568627,21.568627,15.517241,17.241379,21.568627,17.241379,15.517241,21.568627,15.517241,22.641509,19.230769,19.607843,19.607843,15.517241,23.913043,19.230769,19.230769,15.517241,15.517241,19.230769,19.230769,19.230769,19.230769,21.153846,19.230769,19.230769,21.153846,15.517241,21.153846,17.241379,19.230769,19.230769,19.607843,19.230769,19.230769,19.607843,19.230769,19.230769,19.230769,19.230769,19.230769,15.517241,19.230769,19.230769,19.607843,19.230769,23.076923,15.517241,19.230769,19.230769,23.076923,17.307692,19.230769,19.607843,21.568627,19.607843,19.607843,19.607843,19.607843,19.230769,23.913043,19.607843,19.230769,19.230769,19.607843,19.230769,19.230769,19.607843,19.230769,19.230769,19.230769,15.517241,19.230769,15.517241,15.517241,19.230769,22.641509,15.517241,21.568627,19.230769,19.230769,19.607843,19.607843,24.528302,19.230769,19.230769,19.230769,19.230769,19.607843,19.230769,19.607843,19.230769,20,32.727273,100,85,85,81.666667,96.666667,98.333333,98.333333,98.333333,98.333333,98.333333,98.333333,83.333333,85,86.666667,98.333333,56.666667,58.333333,63.043478,53.333333,53.333333,53.333333,98.333333,98.333333,43.333333,46.666667,43.333333,56.666667,53.333333,58.333333,58.333333,58.333333,56.666667,59.649123,59.649123,58.333333,55,43.333333,60,56.666667,58.333333,73.333333,53.333333,56.666667,56.666667,28.888889,19.565217,25,37.288136,37.288136,32.20339,37.288136,46.428571,38.983051,44.642857,40.677966,40.677966,19.298246,21.568627,28.26087,27.083333,29.62963,24.561404,30.188679,37.209302
NC_031924.1|YP_009322784.1_71|1-60aa,20.754717,27.45098,18.965517,28.571429,26.530612,19.607843,25.490196,25.490196,25.490196,25.490196,27.45098,25.490196,17.307692,25.490196,25.490196,23.529412,20.754717,25.490196,25.490196,25.490196,17.857143,33.333333,25.490196,25.490196,25.490196,25.490196,25.490196,25.490196,19.230769,25.490196,27.45098,25.490196,25.490196,27.45098,25.490196,21.153846,25,25.490196,25.490196,25.490196,25.490196,25.490196,25.490196,25.490196,25.490196,25.490196,25.490196,25.490196,25.490196,25.490196,25.490196,23.529412,25.490196,23.076923,23.529412,25.490196,25.490196,23.076923,25.490196,25.490196,25.490196,27.45098,25.490196,25.490196,25.490196,25.490196,25.490196,25.490196,25.490196,25.490196,25.490196,25.490196,25.490196,25.490196,25.490196,25.490196,25.490196,25.490196,25.490196,25.490196,25.490196,25.490196,21.568627,17.857143,25.490196,25.490196,25.490196,25.490196,25.490196,25.490196,27.45098,25.490196,25.490196,25.490196,25.490196,25.490196,25.490196,25.490196,25.490196,18.181818,36.363636,85,100,91.666667,91.666667,85,86.666667,86.666667,86.666667,86.666667,86.666667,86.666667,96.666667,95,96.666667,86.666667,68.333333,70,73.913043,65,65,61.666667,86.666667,86.666667,51.666667,56.666667,51.666667,68.333333,65,63.333333,68.333333,68.333333,68.333333,71.929825,71.929825,68.333333,65,51.666667,71.666667,68.333333,68.333333,83.333333,56.666667,60,58.333333,38.636364,24.489796,31.25,32.20339,32.20339,32.20339,45.614035,37.288136,37.288136,37.288136,37.288136,37.288136,21.052632,25,31.372549,31.372549,33.333333,28.070175,23.529412,17.857143
NC_054639.1|YP_010053351.1_68|1-60aa,34.042553,18.965517,28.301887,18.965517,28.846154,21.153846,15.789474,26.923077,15.789474,21.153846,23.076923,15.789474,15.517241,21.153846,21.153846,17.54386,20.754717,21.153846,21.153846,21.153846,24.528302,30.769231,21.153846,21.153846,21.153846,21.153846,19.230769,21.153846,28,26.923077,28.846154,19.230769,19.230769,28.846154,21.153846,25,25,21.153846,21.153846,21.153846,21.153846,21.153846,21.153846,21.153846,21.153846,21.153846,21.153846,21.153846,21.153846,21.153846,21.153846,15.789474,21.153846,27.083333,25,19.230769,19.230769,27.083333,19.230769,21.153846,21.153846,23.076923,21.153846,21.153846,21.153846,21.153846,21.153846,21.153846,21.153846,19.230769,21.153846,21.153846,21.153846,21.153846,21.153846,21.153846,21.153846,21.153846,21.153846,21.153846,21.153846,21.153846,17.54386,23.529412,21.153846,15.789474,21.153846,21.153846,21.153846,21.153846,19.298246,21.153846,21.153846,21.153846,21.153846,21.153846,19.230769,21.153846,19.230769,18.181818,32.727273,85,91.666667,100,85,85,86.666667,86.666667,86.666667,86.666667,86.666667,86.666667,90,88.333333,88.333333,86.666667,65,66.666667,69.565217,61.666667,61.666667,64.40678,86.666667,86.666667,50,51.666667,50,65,61.666667,65,68.333333,68.333333,65,68.421053,68.421053,68.333333,65,50,66.666667,65,68.333333,81.666667,56.666667,63.333333,58.333333,33.333333,24.489796,31.25,33.898305,33.898305,36.363636,45.614035,44.642857,38.983051,44.642857,38.983051,38.983051,22.807018,23.214286,24.561404,24.561404,21.428571,28.070175,32,34.883721
NC_054637.1|YP_010053157.1_33|1-60aa,18.965517,25.490196,21.428571,23.529412,19.298246,24.489796,27.45098,27.45098,27.45098,21.568627,27.45098,27.45098,21.568627,21.568627,27.45098,21.568627,25.490196,21.568627,21.568627,21.568627,19.607843,29.411765,21.568627,21.568627,21.568627,21.568627,21.568627,21.568627,19.230769,23.529412,23.529412,21.568627,21.568627,23.529412,21.568627,21.153846,17.241379,21.568627,21.568627,21.568627,21.568627,21.568627,21.568627,21.568627,21.568627,21.568627,21.568627,21.568627,21.568627,21.568627,21.568627,21.568627,21.568627,21.153846,15.517241,21.568627,21.568627,21.153846,21.568627,21.568627,21.568627,23.529412,21.568627,21.568627,21.568627,21.568627,21.568627,21.568627,21.568627,21.568627,21.568627,21.568627,21.568627,21.568627,21.568627,21.568627,21.568627,21.568627,21.568627,21.568627,21.568627,21.568627,21.568627,22,21.568627,27.45098,21.568627,21.568627,21.568627,21.568627,23.529412,21.568627,21.568627,21.568627,21.568627,21.568627,21.568627,21.568627,21.568627,20,32.727273,81.666667,91.666667,85,100,83.333333,83.333333,83.333333,83.333333,83.333333,83.333333,83.333333,95,93.333333,95,83.333333,66.666667,68.333333,73.913043,65,65,65,83.333333,83.333333,50,55,50,66.666667,63.333333,61.666667,66.666667,66.666667,66.666667,70.175439,70.175439,66.666667,65,50,68.333333,66.666667,66.666667,78.333333,58.333333,63.333333,61.666667,26.530612,18.367347,25,30.508475,30.508475,30.508475,40.350877,35.59322,35.59322,35.59322,35.59322,35.59322,25.490196,29.411765,31.372549,33.333333,29.411765,28.070175,25.454545,19.642857
NC_054640.1|YP_010053424.1_51|1-60aa,26.415094,20.689655,26.415094,18.965517,21.428571,19.230769,25,25,25,15.517241,17.241379,25,17.241379,15.517241,25,15.517241,23.214286,15.517241,15.517241,15.517241,15.517241,21.73913,15.517241,15.517241,15.517241,15.517241,15.517241,15.517241,23.529412,23.214286,23.214286,15.517241,15.517241,23.214286,15.517241,28,17.241379,24.528302,15.517241,15.517241,15.517241,15.517241,15.517241,15.517241,15.517241,15.517241,15.517241,15.517241,15.517241,15.517241,15.517241,15.517241,15.517241,23.076923,15.517241,15.517241,15.517241,23.076923,15.517241,15.517241,15.517241,17.241379,15.517241,15.517241,15.517241,15.517241,15.517241,15.517241,15.517241,15.517241,15.517241,15.517241,15.517241,15.517241,15.517241,15.517241,15.517241,15.517241,15.517241,15.517241,15.517241,15.517241,19.230769,19.642857,15.517241,25,15.517241,15.517241,15.517241,15.517241,17.241379,15.517241,15.517241,15.517241,15.517241,15.517241,15.517241,15.517241,15.517241,20,32.727273,96.666667,85,85,83.333333,100,98.333333,98.333333,98.333333,98.333333,98.333333,98.333333,83.333333,85,86.666667,98.333333,60,61.666667,63.043478,56.666667,56.666667,53.333333,98.333333,98.333333,43.333333,48.333333,43.333333,60,56.666667,61.666667,61.666667,61.666667,60,63.157895,63.157895,61.666667,58.333333,43.333333,63.333333,60,61.666667,73.333333,55,58.333333,56.666667,28.888889,26.829268,18.518519,37.288136,37.288136,32.20339,37.288136,46.428571,38.983051,44.642857,40.677966,40.677966,26.415094,26.415094,30.188679,30.188679,30.188679,30.909091,32.075472,17.857143
NC_054642.1|YP_010053568.1_35|1-60aa,26.415094,20.689655,26.415094,18.965517,17.857143,19.230769,25,25,25,15.517241,17.241379,25,17.241379,15.517241,25,15.517241,22.641509,19.607843,19.607843,19.607843,15.517241,21.73913,19.607843,19.607843,15.517241,15.517241,19.230769,15.517241,23.529412,19.230769,21.153846,19.230769,15.517241,21.153846,15.517241,21.153846,24.528302,19.230769,19.607843,19.607843,19.607843,19.607843,19.607843,19.607843,19.607843,15.517241,15.517241,19.230769,15.517241,19.607843,19.607843,19.607843,19.607843,23.076923,15.517241,15.517241,19.230769,23.076923,19.607843,19.230769,19.607843,21.568627,19.607843,19.607843,19.607843,19.607843,19.607843,19.607843,19.607843,15.517241,19.607843,19.607843,15.517241,19.230769,19.607843,19.607843,19.607843,19.607843,15.517241,19.607843,15.517241,15.517241,19.230769,22.641509,15.517241,25,19.607843,19.607843,19.607843,19.607843,24.528302,19.607843,19.607843,19.607843,19.607843,19.607843,15.517241,19.607843,15.517241,20,32.727273,98.333333,86.666667,86.666667,83.333333,98.333333,100,100,100,100,100,100,85,86.666667,88.333333,100,58.333333,60,63.043478,55,55,53.333333,100,100,43.333333,48.333333,43.333333,58.333333,55,60,60,60,58.333333,61.403509,61.403509,60,56.666667,43.333333,61.666667,58.333333,60,75,55,58.333333,56.666667,28.888889,19.565217,25,37.288136,37.288136,32.20339,37.288136,46.428571,38.983051,44.642857,40.677966,40.677966,19.298246,21.73913,28.26087,29.411765,28.26087,30.909091,32.075472,37.209302
NC_054644.1|YP_010053744.1_61|1-60aa,26.415094,20.689655,26.415094,18.965517,17.857143,19.230769,25,25,25,15.517241,17.241379,25,17.241379,15.517241,25,15.517241,22.641509,19.607843,19.607843,19.607843,15.517241,21.73913,19.607843,19.607843,15.517241,15.517241,19.230769,15.517241,23.529412,19.230769,21.153846,19.230769,15.517241,21.153846,15.517241,21.153846,24.528302,19.230769,19.607843,19.607843,19.607843,19.607843,19.607843,19.607843,19.607843,15.517241,15.517241,19.230769,15.517241,19.607843,19.607843,19.607843,19.607843,23.076923,15.517241,15.517241,19.230769,23.076923,19.607843,19.230769,19.607843,21.568627,19.607843,19.607843,19.607843,19.607843,19.607843,19.607843,19.607843,15.517241,19.607843,19.607843,15.517241,19.230769,19.607843,19.607843,19.607843,19.607843,15.517241,19.607843,15.517241,15.517241,19.230769,22.641509,15.517241,25,19.607843,19.607843,19.607843,19.607843,24.528302,19.607843,19.607843,19.607843,19.607843,19.607843,15.517241,19.607843,15.517241,20,32.727273,98.333333,86.666667,86.666667,83.333333,98.333333,100,100,100,100,100,100,85,86.666667,88.333333,100,58.333333,60,63.043478,55,55,53.333333,100,100,43.333333,48.333333,43.333333,58.333333,55,60,60,60,58.333333,61.403509,61.403509,60,56.666667,43.333333,61.666667,58.333333,60,75,55,58.333333,56.666667,28.888889,19.565217,25,37.288136,37.288136,32.20339,37.288136,46.428571,38.983051,44.642857,40.677966,40.677966,19.298246,21.73913,28.26087,29.411765,28.26087,30.909091,32.075472,37.209302
NC_054645.1|YP_010053774.1_9|1-60aa,26.415094,20.689655,26.415094,18.965517,17.857143,19.230769,25,25,25,15.517241,17.241379,25,17.241379,15.517241,25,15.517241,22.641509,19.607843,19.607843,19.607843,15.517241,21.73913,19.607843,19.607843,15.517241,15.517241,19.230769,15.517241,23.529412,19.230769,21.153846,19.230769,15.517241,21.153846,15.517241,21.153846,24.528302,19.230769,19.607843,19.607843,19.607843,19.607843,19.607843,19.607843,19.607843,15.517241,15.517241,19.230769,15.517241,19.607843,19.607843,19.607843,19.607843,23.076923,15.517241,15.517241,19.230769,23.076923,19.607843,19.230769,19.607843,21.568627,19.607843,19.607843,19.607843,19.607843,19.607843,19.607843,19.607843,15.517241,19.607843,19.607843,15.517241,19.230769,19.607843,19.607843,19.607843,19.607843,15.517241,19.607843,15.517241,15.517241,19.230769,22.641509,15.517241,25,19.607843,19.607843,19.607843,19.607843,24.528302,19.607843,19.607843,19.607843,19.607843,19.607843,15.517241,19.607843,15.517241,20,32.727273,98.333333,86.666667,86.666667,83.333333,98.333333,100,100,100,100,100,100,85,86.666667,88.333333,100,58.333333,60,63.043478,55,55,53.333333,100,100,43.333333,48.333333,43.333333,58.333333,55,60,60,60,58.333333,61.403509,61.403509,60,56.666667,43.333333,61.666667,58.333333,60,75,55,58.333333,56.666667,28.888889,19.565217,25,37.288136,37.288136,32.20339,37.288136,46.428571,38.983051,44.642857,40.677966,40.677966,19.298246,21.73913,28.26087,29.411765,28.26087,30.909091,32.075472,37.209302
NC_054646.1|YP_010053895.1_43|1-60aa,26.415094,20.689655,26.415094,18.965517,17.857143,19.230769,25,25,25,15.517241,17.241379,25,17.241379,15.517241,25,15.517241,22.641509,19.607843,19.607843,19.607843,15.517241,21.73913,19.607843,19.607843,15.517241,15.517241,19.230769,15.517241,23.529412,19.230769,21.153846,19.230769,15.517241,21.153846,15.517241,21.153846,24.528302,19.230769,19.607843,19.607843,19.607843,19.607843,19.607843,19.607843,19.607843,15.517241,15.517241,19.230769,15.517241,19.607843,19.607843,19.607843,19.607843,23.076923,15.517241,15.517241,19.230769,23.076923,19.607843,19.230769,19.607843,21.568627,19.607843,19.607843,19.607843,19.607843,19.607843,19.607843,19.607843,15.517241,19.607843,19.607843,15.517241,19.230769,19.607843,19.607843,19.607843,19.607843,15.517241,19.607843,15.517241,15.517241,19.230769,22.641509,15.517241,25,19.607843,19.607843,19.607843,19.607843,24.528302,19.607843,19.607843,19.607843,19.607843,19.607843,15.517241,19.607843,15.517241,20,32.727273,98.333333,86.666667,86.666667,83.333333,98.333333,100,100,100,100,100,100,85,86.666667,88.333333,100,58.333333,60,63.043478,55,55,53.333333,100,100,43.333333,48.333333,43.333333,58.333333,55,60,60,60,58.333333,61.403509,61.403509,60,56.666667,43.333333,61.666667,58.333333,60,75,55,58.333333,56.666667,28.888889,19.565217,25,37.288136,37.288136,32.20339,37.288136,46.428571,38.983051,44.642857,40.677966,40.677966,19.298246,21.73913,28.26087,29.411765,28.26087,30.909091,32.075472,37.209302
NC_054647.1|YP_010053947.1_12|1-60aa,26.415094,20.689655,26.415094,18.965517,17.857143,19.230769,25,25,25,15.517241,17.241379,25,17.241379,15.517241,25,15.517241,22.641509,19.607843,19.607843,19.607843,15.517241,21.73913,19.607843,19.607843,15.517241,15.517241,19.230769,15.517241,23.529412,19.230769,21.153846,19.230769,15.517241,21.153846,15.517241,21.153846,24.528302,19.230769,19.607843,19.607843,19.607843,19.607843,19.607843,19.607843,19.607843,15.517241,15.517241,19.230769,15.517241,19.607843,19.607843,19.607843,19.607843,23.076923,15.517241,15.517241,19.230769,23.076923,19.607843,19.230769,19.607843,21.568627,19.607843,19.607843,19.607843,19.607843,19.607843,19.607843,19.607843,15.517241,19.607843,19.607843,15.517241,19.230769,19.607843,19.607843,19.607843,19.607843,15.517241,19.607843,15.517241,15.517241,19.230769,22.641509,15.517241,25,19.607843,19.607843,19.607843,19.607843,24.528302,19.607843,19.607843,19.607843,19.607843,19.607843,15.517241,19.607843,15.517241,20,32.727273,98.333333,86.666667,86.666667,83.333333,98.333333,100,100,100,100,100,100,85,86.666667,88.333333,100,58.333333,60,63.043478,55,55,53.333333,100,100,43.333333,48.333333,43.333333,58.333333,55,60,60,60,58.333333,61.403509,61.403509,60,56.666667,43.333333,61.666667,58.333333,60,75,55,58.333333,56.666667,28.888889,19.565217,25,37.288136,37.288136,32.20339,37.288136,46.428571,38.983051,44.642857,40.677966,40.677966,19.298246,21.73913,28.26087,29.411765,28.26087,30.909091,32.075472,37.209302
NC_054648.1|YP_010054086.1_66|1-60aa,26.415094,20.689655,26.415094,18.965517,17.857143,19.230769,25,25,25,15.517241,17.241379,25,17.241379,15.517241,25,15.517241,22.641509,19.607843,19.607843,19.607843,15.517241,21.73913,19.607843,19.607843,15.517241,15.517241,19.230769,15.517241,23.529412,19.230769,21.153846,19.230769,15.517241,21.153846,15.517241,21.153846,24.528302,19.230769,19.607843,19.607843,19.607843,19.607843,19.607843,19.607843,19.607843,15.517241,15.517241,19.230769,15.517241,19.607843,19.607843,19.607843,19.607843,23.076923,15.517241,15.517241,19.230769,23.076923,19.607843,19.230769,19.607843,21.568627,19.607843,19.607843,19.607843,19.607843,19.607843,19.607843,19.607843,15.517241,19.607843,19.607843,15.517241,19.230769,19.607843,19.607843,19.607843,19.607843,15.517241,19.607843,15.517241,15.517241,19.230769,22.641509,15.517241,25,19.607843,19.607843,19.607843,19.607843,24.528302,19.607843,19.607843,19.607843,19.607843,19.607843,15.517241,19.607843,15.517241,20,32.727273,98.333333,86.666667,86.666667,83.333333,98.333333,100,100,100,100,100,100,85,86.666667,88.333333,100,58.333333,60,63.043478,55,55,53.333333,100,100,43.333333,48.333333,43.333333,58.333333,55,60,60,60,58.333333,61.403509,61.403509,60,56.666667,43.333333,61.666667,58.333333,60,75,55,58.333333,56.666667,28.888889,19.565217,25,37.288136,37.288136,32.20339,37.288136,46.428571,38.983051,44.642857,40.677966,40.677966,19.298246,21.73913,28.26087,29.411765,28.26087,30.909091,32.075472,37.209302
NC_054649.1|YP_010054109.1_1|1-60aa,13.793103,27.45098,18.965517,28.571429,26.530612,19.607843,25.490196,25.490196,25.490196,25.490196,27.45098,25.490196,17.307692,25.490196,25.490196,23.529412,23.529412,25.490196,25.490196,25.490196,17.857143,33.333333,25.490196,25.490196,25.490196,25.490196,25.490196,25.490196,19.230769,25.490196,27.45098,25.490196,25.490196,27.45098,25.490196,21.153846,25,25.490196,25.490196,25.490196,25.490196,25.490196,25.490196,25.490196,25.490196,25.490196,25.490196,25.490196,25.490196,25.490196,25.490196,23.529412,25.490196,21.153846,23.529412,25.490196,25.490196,21.153846,25.490196,25.490196,25.490196,27.45098,25.490196,25.490196,25.490196,25.490196,25.490196,25.490196,25.490196,25.490196,25.490196,25.490196,25.490196,25.490196,25.490196,25.490196,25.490196,25.490196,25.490196,25.490196,25.490196,25.490196,21.568627,17.857143,25.490196,25.490196,25.490196,25.490196,25.490196,25.490196,27.45098,25.490196,25.490196,25.490196,25.490196,25.490196,25.490196,25.490196,25.490196,18.181818,32.727273,83.333333,96.666667,90,95,83.333333,85,85,85,85,85,85,100,95,96.666667,85,68.333333,70,73.913043,66.666667,66.666667,63.333333,85,85,51.666667,56.666667,51.666667,68.333333,65,63.333333,68.333333,68.333333,68.333333,71.929825,71.929825,70,66.666667,51.666667,70,68.333333,70,83.333333,55,60,58.333333,28.571429,24.489796,31.25,32.20339,32.20339,38.181818,43.859649,37.288136,37.288136,37.288136,37.288136,37.288136,21.052632,33.333333,31.372549,33.333333,33.333333,29.824561,25.454545,17.857143
NC_054650.1|YP_010054216.1_20|1-60aa,25.925926,20.689655,20.689655,25.490196,26,17.857143,25.490196,25.490196,25.490196,15.517241,25.490196,25.490196,17.241379,15.517241,25.490196,15.517241,25.490196,19.607843,19.607843,19.607843,19.607843,27.45098,19.607843,19.607843,15.517241,15.517241,19.607843,15.517241,21.153846,23.529412,23.529412,19.607843,15.517241,23.529412,15.517241,19.607843,23.529412,19.607843,19.607843,19.607843,19.607843,19.607843,19.607843,19.607843,19.607843,15.517241,15.517241,19.607843,15.517241,19.607843,19.607843,19.607843,19.607843,19.230769,21.568627,15.517241,19.607843,19.230769,19.607843,19.607843,19.607843,21.568627,19.607843,19.607843,19.607843,19.607843,19.607843,19.607843,19.607843,15.517241,19.607843,19.607843,15.517241,19.607843,19.607843,19.607843,19.607843,19.607843,15.517241,19.607843,15.517241,15.517241,17.54386,22,15.517241,25.490196,19.607843,19.607843,19.607843,19.607843,25,19.607843,19.607843,19.607843,19.607843,19.607843,15.517241,19.607843,15.517241,20,34.545455,85,95,88.333333,93.333333,85,86.666667,86.666667,86.666667,86.666667,86.666667,86.666667,95,100,98.333333,86.666667,66.666667,68.333333,73.913043,63.333333,63.333333,63.333333,86.666667,86.666667,50,53.333333,50,66.666667,63.333333,61.666667,66.666667,66.666667,66.666667,70.175439,70.175439,66.666667,65,50,70,66.666667,66.666667,80,58.333333,61.666667,60,31.111111,24.489796,31.25,30.508475,30.508475,32.20339,43.859649,35.59322,35.59322,35.59322,35.59322,35.59322,27.777778,33.333333,24.561404,26.315789,33.333333,28.070175,25.454545,34.883721
NC_054651.1|YP_010054278.1_3|1-60aa,25.925926,25.490196,20.689655,23.529412,19.298246,24.489796,27.45098,27.45098,27.45098,21.568627,27.45098,27.45098,21.568627,21.568627,27.45098,21.568627,25.490196,21.568627,21.568627,21.568627,19.607843,29.411765,21.568627,21.568627,21.568627,21.568627,21.568627,21.568627,19.230769,23.529412,23.529412,21.568627,21.568627,23.529412,21.568627,21.153846,23.529412,21.568627,21.568627,21.568627,21.568627,21.568627,21.568627,21.568627,21.568627,21.568627,21.568627,21.568627,21.568627,21.568627,21.568627,21.568627,21.568627,21.153846,19.607843,21.568627,21.568627,21.153846,21.568627,21.568627,21.568627,23.529412,21.568627,21.568627,21.568627,21.568627,21.568627,21.568627,21.568627,21.568627,21.568627,21.568627,21.568627,21.568627,21.568627,21.568627,21.568627,21.568627,21.568627,21.568627,21.568627,21.568627,21.568627,22,21.568627,27.45098,21.568627,21.568627,21.568627,21.568627,23.529412,21.568627,21.568627,21.568627,21.568627,21.568627,21.568627,21.568627,21.568627,20,34.545455,86.666667,96.666667,88.333333,95,86.666667,88.333333,88.333333,88.333333,88.333333,88.333333,88.333333,96.666667,98.333333,100,88.333333,66.666667,68.333333,73.913043,63.333333,63.333333,63.333333,88.333333,88.333333,50,55,50,66.666667,63.333333,61.666667,66.666667,66.666667,66.666667,70.175439,70.175439,66.666667,65,50,70,66.666667,66.666667,81.666667,58.333333,61.666667,60,28.888889,22.44898,29.166667,30.508475,30.508475,32.20339,43.859649,35.59322,35.59322,35.59322,35.59322,35.59322,25.925926,33.333333,31.372549,33.333333,33.333333,28.070175,23.529412,19.642857
NC_070846.1|YP_010657373.1_6|1-60aa,26.415094,20.689655,26.415094,18.965517,17.857143,19.230769,25,25,25,15.517241,17.241379,25,17.241379,15.517241,25,15.517241,22.641509,19.607843,19.607843,19.607843,15.517241,21.73913,19.607843,19.607843,15.517241,15.517241,19.230769,15.517241,23.529412,19.230769,21.153846,19.230769,15.517241,21.153846,15.517241,21.153846,24.528302,19.230769,19.607843,19.607843,19.607843,19.607843,19.607843,19.607843,19.607843,15.517241,15.517241,19.230769,15.517241,19.607843,19.607843,19.607843,19.607843,23.076923,15.517241,15.517241,19.230769,23.076923,19.607843,19.230769,19.607843,21.568627,19.607843,19.607843,19.607843,19.607843,19.607843,19.607843,19.607843,15.517241,19.607843,19.607843,15.517241,19.230769,19.607843,19.607843,19.607843,19.607843,15.517241,19.607843,15.517241,15.517241,19.230769,22.641509,15.517241,25,19.607843,19.607843,19.607843,19.607843,24.528302,19.607843,19.607843,19.607843,19.607843,19.607843,15.517241,19.607843,15.517241,20,32.727273,98.333333,86.666667,86.666667,83.333333,98.333333,100,100,100,100,100,100,85,86.666667,88.333333,100,58.333333,60,63.043478,55,55,53.333333,100,100,43.333333,48.333333,43.333333,58.333333,55,60,60,60,58.333333,61.403509,61.403509,60,56.666667,43.333333,61.666667,58.333333,60,75,55,58.333333,56.666667,28.888889,19.565217,25,37.288136,37.288136,32.20339,37.288136,46.428571,38.983051,44.642857,40.677966,40.677966,19.298246,21.73913,28.26087,29.411765,28.26087,30.909091,32.075472,37.209302
NC_071144.1|NC_071144.1_rescuedCDS_001-rescued|1-60aa,29.62963,29.411765,20.689655,29.411765,27.45098,26,27.45098,27.45098,27.45098,27.45098,29.411765,27.45098,18.965517,27.45098,27.45098,27.45098,24.074074,27.45098,27.45098,27.45098,27.45098,21.428571,27.45098,27.45098,27.45098,27.45098,27.45098,27.45098,21.428571,27.45098,27.45098,27.45098,27.45098,27.45098,27.45098,25.490196,29.411765,27.45098,27.45098,27.45098,27.45098,27.45098,27.45098,27.45098,27.45098,27.45098,27.45098,27.45098,27.45098,27.45098,27.45098,27.45098,27.45098,21.428571,27.45098,27.45098,27.45098,21.428571,27.45098,27.45098,27.45098,29.411765,27.45098,27.45098,27.45098,27.45098,27.45098,27.45098,27.45098,27.45098,27.45098,27.45098,27.45098,27.45098,27.45098,27.45098,27.45098,27.45098,27.45098,27.45098,27.45098,27.45098,23.529412,27.45098,27.45098,27.45098,27.45098,27.45098,27.45098,27.45098,31.372549,27.45098,27.45098,27.45098,27.45098,27.45098,27.45098,27.45098,27.45098,28.301887,38.181818,56.666667,68.333333,65,66.666667,60,58.333333,58.333333,58.333333,58.333333,58.333333,58.333333,68.333333,66.666667,66.666667,58.333333,100,90,71.73913,95,95,56.666667,58.333333,58.333333,46.666667,50,46.666667,100,90,85,90,90,90,96.491228,96.491228,88.333333,86.666667,46.666667,96.666667,90,88.333333,68.333333,55,56.666667,53.333333,30.612245,22.807018,22.222222,32.20339,32.20339,35.185185,44.067797,40.677966,40.677966,40.677966,38.983051,38.983051,24.528302,22.222222,25.925926,22.222222,24.074074,28.070175,23.636364,19.298246
NC_071145.1|YP_010685201.1_21|1-60aa,31.481481,22.413793,22.413793,20.689655,17.241379,21.428571,29.411765,29.411765,29.411765,18.965517,31.372549,29.411765,20.689655,18.965517,18.965517,29.411765,25,29.411765,29.411765,29.411765,29.411765,29.411765,29.411765,29.411765,29.411765,29.411765,29.411765,18.965517,21.153846,29.411765,29.411765,29.411765,18.965517,29.411765,18.965517,27.45098,31.372549,29.411765,29.411765,29.411765,29.411765,29.411765,29.411765,29.411765,29.411765,18.965517,18.965517,29.411765,18.965517,29.411765,29.411765,29.411765,29.411765,25.490196,29.411765,18.965517,29.411765,25.490196,29.411765,29.411765,29.411765,31.372549,29.411765,29.411765,29.411765,29.411765,29.411765,29.411765,29.411765,18.965517,29.411765,29.411765,18.965517,29.411765,29.411765,29.411765,29.411765,29.411765,18.965517,29.411765,18.965517,18.965517,24.074074,29.411765,29.411765,29.411765,29.411765,29.411765,29.411765,29.411765,33.333333,29.411765,29.411765,29.411765,29.411765,29.411765,18.965517,29.411765,18.965517,25.454545,36.363636,58.333333,70,66.666667,68.333333,61.666667,60,60,60,60,60,60,70,68.333333,68.333333,60,90,100,71.73913,85,85,56.666667,60,60,48.333333,51.666667,48.333333,90,85,83.333333,88.333333,88.333333,88.333333,94.736842,94.736842,85,81.666667,48.333333,90,88.333333,85,66.666667,53.333333,53.333333,51.666667,30.612245,21.052632,21.052632,35.59322,35.59322,35.185185,45.762712,44.067797,44.067797,44.067797,42.372881,40.677966,27.272727,29.090909,27.777778,29.090909,24.074074,28.070175,23.636364,15.789474
NC_010495.1|YP_001742077.1_40|1-60aa,17.857143,17.857143,17.857143,18.181818,20,10.909091,16.363636,16.363636,16.363636,16.363636,22.641509,16.363636,20.754717,16.363636,16.363636,20,23.636364,18.181818,18.181818,18.181818,20,21.818182,18.181818,18.181818,16.363636,16.363636,20.754717,16.981132,17.54386,16.363636,14.545455,20.754717,20.754717,14.545455,16.981132,16.071429,20,18.181818,18.181818,18.181818,18.181818,18.181818,18.181818,18.181818,18.181818,16.981132,16.981132,16.981132,16.981132,18.181818,18.181818,18.181818,18.181818,13.559322,16.981132,16.981132,16.981132,13.559322,16.981132,16.981132,18.181818,16.363636,18.181818,18.181818,18.181818,18.181818,18.181818,20,18.181818,16.981132,18.181818,18.181818,16.981132,16.981132,18.181818,18.181818,18.181818,18.181818,18.867925,18.181818,16.363636,16.363636,12.727273,17.857143,16.363636,16.363636,18.181818,18.181818,18.181818,18.181818,18.867925,18.181818,18.181818,18.181818,18.181818,18.181818,16.981132,18.181818,16.981132,18.367347,39.02439,63.043478,73.913043,69.565217,73.913043,63.043478,63.043478,63.043478,63.043478,63.043478,63.043478,63.043478,73.913043,73.913043,73.913043,63.043478,71.73913,71.73913,100,71.73913,71.73913,97.826087,63.043478,63.043478,56.521739,56.521739,56.521739,71.73913,69.565217,65.217391,69.565217,69.565217,71.73913,71.428571,71.428571,73.913043,69.565217,56.521739,71.73913,71.73913,73.913043,71.73913,65.217391,71.73913,69.565217,30,28,18.333333,41.304348,41.304348,39.130435,42.222222,41.304348,41.304348,41.304348,41.304348,41.304348,25,15.789474,19.230769,23.529412,20,15.517241,28.888889,23.636364
NC_021534.1|YP_008126228.1_64|1-60aa,22.413793,18.965517,18.965517,20.689655,18.965517,23.214286,20.689655,20.689655,20.689655,20.689655,20.689655,20.689655,18.965517,20.689655,20.689655,20.689655,22.222222,18.965517,18.965517,18.965517,27.45098,18.644068,18.965517,18.965517,20.689655,20.689655,18.965517,18.965517,21.428571,25.490196,27.45098,18.965517,18.965517,27.45098,18.965517,16.949153,31.372549,18.965517,18.965517,18.965517,18.965517,18.965517,18.965517,18.965517,18.965517,18.965517,18.965517,18.965517,18.965517,18.965517,18.965517,18.965517,18.965517,21.428571,27.45098,18.965517,18.965517,21.428571,18.965517,18.965517,18.965517,20.689655,18.965517,18.965517,18.965517,18.965517,18.965517,18.965517,18.965517,18.965517,18.965517,18.965517,18.965517,18.965517,18.965517,18.965517,18.965517,18.965517,18.965517,18.965517,20.689655,20.689655,18.965517,25.490196,20.689655,20.689655,18.965517,18.965517,18.965517,18.965517,20.689655,18.965517,18.965517,18.965517,18.965517,18.965517,18.965517,18.965517,18.965517,26.923077,36.363636,53.333333,65,61.666667,65,56.666667,55,55,55,55,55,55,66.666667,63.333333,63.333333,55,95,85,71.73913,100,100,53.333333,55,55,46.666667,50,46.666667,95,86.666667,80,85,85,85,91.22807,91.22807,86.666667,83.333333,46.666667,93.333333,85,86.666667,65,53.333333,55,51.666667,25.862069,22.807018,22.222222,32.20339,32.20339,30.909091,40.677966,38.983051,38.983051,38.983051,37.288136,37.288136,24.528302,29.090909,24.074074,29.090909,22.222222,29.824561,21.818182,17.54386
NC_042037.1|YP_009614662.1_66|1-60aa,22.413793,18.965517,18.965517,20.689655,18.965517,23.214286,20.689655,20.689655,20.689655,20.689655,20.689655,20.689655,18.965517,20.689655,20.689655,20.689655,22.222222,18.965517,18.965517,18.965517,27.45098,18.644068,18.965517,18.965517,20.689655,20.689655,18.965517,18.965517,21.428571,25.490196,27.45098,18.965517,18.965517,27.45098,18.965517,16.949153,31.372549,18.965517,18.965517,18.965517,18.965517,18.965517,18.965517,18.965517,18.965517,18.965517,18.965517,18.965517,18.965517,18.965517,18.965517,18.965517,18.965517,21.428571,27.45098,18.965517,18.965517,21.428571,18.965517,18.965517,18.965517,20.689655,18.965517,18.965517,18.965517,18.965517,18.965517,18.965517,18.965517,18.965517,18.965517,18.965517,18.965517,18.965517,18.965517,18.965517,18.965517,18.965517,18.965517,18.965517,20.689655,20.689655,18.965517,25.490196,20.689655,20.689655,18.965517,18.965517,18.965517,18.965517,20.689655,18.965517,18.965517,18.965517,18.965517,18.965517,18.965517,18.965517,18.965517,26.923077,36.363636,53.333333,65,61.666667,65,56.666667,55,55,55,55,55,55,66.666667,63.333333,63.333333,55,95,85,71.73913,100,100,53.333333,55,55,46.666667,50,46.666667,95,86.666667,80,85,85,85,91.22807,91.22807,86.666667,83.333333,46.666667,93.333333,85,86.666667,65,53.333333,55,51.666667,25.862069,22.807018,22.222222,32.20339,32.20339,30.909091,40.677966,38.983051,38.983051,38.983051,37.288136,37.288136,24.528302,29.090909,24.074074,29.090909,22.222222,29.824561,21.818182,17.54386
NC_054638.1|YP_010053264.1_54|1-60aa,25.490196,18.965517,20.689655,17.241379,25.490196,19.230769,25.490196,25.490196,25.490196,25.490196,23.076923,25.490196,16.981132,25.490196,25.490196,25.490196,27.45098,21.428571,21.428571,21.428571,17.857143,21.428571,21.428571,21.428571,25.490196,25.490196,29.411765,29.411765,18.867925,19.642857,19.642857,29.411765,29.411765,19.642857,29.411765,20,25,21.428571,21.428571,21.428571,21.428571,21.428571,21.428571,21.428571,21.428571,29.411765,29.411765,29.411765,29.411765,21.428571,21.428571,25.490196,21.428571,18.867925,21.428571,21.428571,21.428571,18.867925,21.428571,29.411765,21.428571,21.428571,21.428571,21.428571,21.428571,21.428571,21.428571,21.428571,21.428571,21.428571,21.428571,21.428571,29.411765,29.411765,21.428571,21.428571,21.428571,21.428571,21.428571,21.428571,25.490196,25.490196,21.428571,19.642857,25.490196,25.490196,21.428571,21.428571,21.428571,21.428571,25.454545,21.428571,21.428571,21.428571,21.428571,21.428571,21.428571,21.428571,21.428571,19.298246,41.176471,53.333333,61.666667,64.40678,65,53.333333,53.333333,53.333333,53.333333,53.333333,53.333333,53.333333,63.333333,63.333333,63.333333,53.333333,56.666667,56.666667,97.826087,53.333333,53.333333,100,53.333333,53.333333,45,45,45,56.666667,56.666667,53.333333,55,55,58.333333,61.403509,61.403509,56.666667,56.666667,45,62.068966,58.333333,56.666667,60,55,65,63.333333,22.44898,17.857143,28.26087,28.813559,28.813559,30.508475,37.288136,33.898305,33.898305,33.898305,35.59322,33.898305,31.372549,27.45098,27.45098,29.411765,29.411765,29.824561,23.214286,30.232558
NC_054641.1|YP_010053506.1_58|1-60aa,26.415094,20.689655,26.415094,18.965517,17.857143,19.230769,25,25,25,15.517241,17.241379,25,17.241379,15.517241,25,15.517241,22.641509,19.607843,19.607843,19.607843,15.517241,21.73913,19.607843,19.607843,15.517241,15.517241,19.230769,15.517241,23.529412,19.230769,21.153846,19.230769,15.517241,21.153846,15.517241,21.153846,24.528302,19.230769,19.607843,19.607843,19.607843,19.607843,19.607843,19.607843,19.607843,15.517241,15.517241,19.230769,15.517241,19.607843,19.607843,19.607843,19.607843,23.076923,15.517241,15.517241,19.230769,23.076923,19.607843,19.230769,19.607843,21.568627,19.607843,19.607843,19.607843,19.607843,19.607843,19.607843,19.607843,15.517241,19.607843,19.607843,15.517241,19.230769,19.607843,19.607843,19.607843,19.607843,15.517241,19.607843,15.517241,15.517241,19.230769,22.641509,15.517241,25,19.607843,19.607843,19.607843,19.607843,24.528302,19.607843,19.607843,19.607843,19.607843,19.607843,15.517241,19.607843,15.517241,20,32.727273,98.333333,86.666667,86.666667,83.333333,98.333333,100,100,100,100,100,100,85,86.666667,88.333333,100,58.333333,60,63.043478,55,55,53.333333,100,100,43.333333,48.333333,43.333333,58.333333,55,60,60,60,58.333333,61.403509,61.403509,60,56.666667,43.333333,61.666667,58.333333,60,75,55,58.333333,56.666667,28.888889,19.565217,25,37.288136,37.288136,32.20339,37.288136,46.428571,38.983051,44.642857,40.677966,40.677966,19.298246,21.73913,28.26087,29.411765,28.26087,30.909091,32.075472,37.209302
NC_054643.1|NC_054643.1_rescuedCDS_001-rescued|1-60aa,26.415094,20.689655,26.415094,18.965517,17.857143,19.230769,25,25,25,15.517241,17.241379,25,17.241379,15.517241,25,15.517241,22.641509,19.607843,19.607843,19.607843,15.517241,21.73913,19.607843,19.607843,15.517241,15.517241,19.230769,15.517241,23.529412,19.230769,21.153846,19.230769,15.517241,21.153846,15.517241,21.153846,24.528302,19.230769,19.607843,19.607843,19.607843,19.607843,19.607843,19.607843,19.607843,15.517241,15.517241,19.230769,15.517241,19.607843,19.607843,19.607843,19.607843,23.076923,15.517241,15.517241,19.230769,23.076923,19.607843,19.230769,19.607843,21.568627,19.607843,19.607843,19.607843,19.607843,19.607843,19.607843,19.607843,15.517241,19.607843,19.607843,15.517241,19.230769,19.607843,19.607843,19.607843,19.607843,15.517241,19.607843,15.517241,15.517241,19.230769,22.641509,15.517241,25,19.607843,19.607843,19.607843,19.607843,24.528302,19.607843,19.607843,19.607843,19.607843,19.607843,15.517241,19.607843,15.517241,20,32.727273,98.333333,86.666667,86.666667,83.333333,98.333333,100,100,100,100,100,100,85,86.666667,88.333333,100,58.333333,60,63.043478,55,55,53.333333,100,100,43.333333,48.333333,43.333333,58.333333,55,60,60,60,58.333333,61.403509,61.403509,60,56.666667,43.333333,61.666667,58.333333,60,75,55,58.333333,56.666667,28.888889,19.565217,25,37.288136,37.288136,32.20339,37.288136,46.428571,38.983051,44.642857,40.677966,40.677966,19.298246,21.73913,28.26087,29.411765,28.26087,30.909091,32.075472,37.209302
NC_054652.1|YP_010054359.1_8|1-60aa,13.793103,20.754717,24.528302,13.793103,13.793103,13.793103,13.793103,13.793103,13.793103,13.793103,13.793103,13.793103,12.068966,13.793103,13.793103,13.793103,25,13.793103,13.793103,13.793103,12.068966,15.254237,13.793103,13.793103,13.793103,13.793103,13.793103,13.793103,10.344828,16.981132,23.076923,13.793103,13.793103,23.076923,13.793103,18.518519,15.517241,13.793103,13.793103,13.793103,13.793103,13.793103,13.793103,13.793103,13.793103,13.793103,13.793103,13.793103,13.793103,13.793103,13.793103,23.529412,13.793103,15.686275,13.793103,13.793103,13.793103,15.686275,13.793103,13.793103,13.793103,15.517241,13.793103,13.793103,13.793103,13.793103,13.793103,13.793103,13.793103,13.793103,13.793103,13.793103,13.793103,13.793103,13.793103,13.793103,13.793103,13.793103,13.793103,13.793103,13.793103,13.793103,12.068966,12.068966,13.793103,13.793103,13.793103,13.793103,13.793103,13.793103,17.241379,13.793103,13.793103,13.793103,13.793103,13.793103,13.793103,13.793103,13.793103,16.981132,43.636364,43.333333,51.666667,50,50,43.333333,43.333333,43.333333,43.333333,43.333333,43.333333,43.333333,51.666667,50,50,43.333333,46.666667,48.333333,56.521739,46.666667,46.666667,45,43.333333,43.333333,100,91.666667,98.333333,46.666667,46.666667,45,48.333333,48.333333,50,56.140351,56.140351,45,43.333333,98.333333,48.333333,50,45,46.666667,41.666667,48.333333,51.666667,30.612245,24.489796,27.083333,28.813559,28.813559,30.909091,33.898305,33.898305,33.898305,33.898305,33.898305,32.20339,25.925926,27.45098,22.807018,31.372549,25.490196,28.070175,31.372549,24.528302
NC_054653.1|YP_010054425.1_10|1-60aa,13.793103,12.068966,19.642857,13.793103,13.793103,12.068966,13.793103,13.793103,13.793103,13.793103,13.793103,13.793103,12.068966,13.793103,13.793103,13.793103,25,13.793103,13.793103,13.793103,14.285714,15.254237,13.793103,13.793103,13.793103,13.793103,13.793103,13.793103,22,17.857143,17.857143,13.793103,13.793103,17.857143,13.793103,18.867925,13.793103,13.793103,13.793103,13.793103,13.793103,13.793103,13.793103,13.793103,13.793103,13.793103,13.793103,13.793103,13.793103,13.793103,13.793103,21.568627,13.793103,15.686275,13.793103,13.793103,13.793103,15.686275,13.793103,13.793103,13.793103,15.517241,13.793103,13.793103,13.793103,13.793103,13.793103,13.793103,13.793103,13.793103,13.793103,13.793103,13.793103,13.793103,13.793103,13.793103,13.793103,13.793103,13.793103,13.793103,13.793103,13.793103,23.529412,14.285714,13.793103,13.793103,13.793103,13.793103,13.793103,13.793103,15.517241,13.793103,13.793103,13.793103,13.793103,13.793103,13.793103,13.793103,13.793103,14.545455,40,46.666667,56.666667,51.666667,55,48.333333,48.333333,48.333333,48.333333,48.333333,48.333333,48.333333,56.666667,53.333333,55,48.333333,50,51.666667,56.521739,50,50,45,48.333333,48.333333,91.666667,100,93.333333,50,50,48.333333,51.666667,51.666667,53.333333,59.649123,59.649123,48.333333,46.666667,93.333333,51.666667,53.333333,48.333333,51.666667,40,46.666667,46.666667,30.612245,30.612245,27.083333,28.813559,28.813559,30.909091,32.20339,32.20339,32.20339,32.20339,33.898305,32.20339,25.925926,27.45098,25.925926,31.372549,25.490196,28.070175,23.529412,22.641509
NC_054654.1|YP_010054546.1_53|1-60aa,13.793103,20.754717,24.528302,13.793103,13.793103,13.793103,13.793103,13.793103,13.793103,13.793103,13.793103,13.793103,12.068966,13.793103,13.793103,13.793103,25,13.793103,13.793103,13.793103,12.068966,15.254237,13.793103,13.793103,13.793103,13.793103,13.793103,13.793103,10.344828,16.981132,23.076923,13.793103,13.793103,23.076923,13.793103,18.518519,15.517241,13.793103,13.793103,13.793103,13.793103,13.793103,13.793103,13.793103,13.793103,13.793103,13.793103,13.793103,13.793103,13.793103,13.793103,21.568627,13.793103,15.686275,13.793103,13.793103,13.793103,15.686275,13.793103,13.793103,13.793103,15.517241,13.793103,13.793103,13.793103,13.793103,13.793103,13.793103,13.793103,13.793103,13.793103,13.793103,13.793103,13.793103,13.793103,13.793103,13.793103,13.793103,13.793103,13.793103,13.793103,13.793103,12.068966,12.068966,13.793103,13.793103,13.793103,13.793103,13.793103,13.793103,17.241379,13.793103,13.793103,13.793103,13.793103,13.793103,13.793103,13.793103,13.793103,14.035088,43.636364,43.333333,51.666667,50,50,43.333333,43.333333,43.333333,43.333333,43.333333,43.333333,43.333333,51.666667,50,50,43.333333,46.666667,48.333333,56.521739,46.666667,46.666667,45,43.333333,43.333333,98.333333,93.333333,100,46.666667,46.666667,45,48.333333,48.333333,50,56.140351,56.140351,45,43.333333,100,48.333333,50,45,46.666667,41.666667,48.333333,51.666667,30.612245,30.612245,27.083333,28.813559,28.813559,30.909091,33.898305,33.898305,33.898305,33.898305,33.898305,32.20339,25.925926,27.45098,22.807018,31.372549,25.490196,28.070175,25.490196,24.528302
NC_071142.1|YP_010684979.1_56|1-60aa,29.62963,29.411765,20.689655,29.411765,27.45098,26,27.45098,27.45098,27.45098,27.45098,29.411765,27.45098,18.965517,27.45098,27.45098,27.45098,24.074074,27.45098,27.45098,27.45098,27.45098,21.428571,27.45098,27.45098,27.45098,27.45098,27.45098,27.45098,21.428571,27.45098,27.45098,27.45098,27.45098,27.45098,27.45098,25.490196,29.411765,27.45098,27.45098,27.45098,27.45098,27.45098,27.45098,27.45098,27.45098,27.45098,27.45098,27.45098,27.45098,27.45098,27.45098,27.45098,27.45098,21.428571,27.45098,27.45098,27.45098,21.428571,27.45098,27.45098,27.45098,29.411765,27.45098,27.45098,27.45098,27.45098,27.45098,27.45098,27.45098,27.45098,27.45098,27.45098,27.45098,27.45098,27.45098,27.45098,27.45098,27.45098,27.45098,27.45098,27.45098,27.45098,23.529412,27.45098,27.45098,27.45098,27.45098,27.45098,27.45098,27.45098,31.372549,27.45098,27.45098,27.45098,27.45098,27.45098,27.45098,27.45098,27.45098,28.301887,38.181818,56.666667,68.333333,65,66.666667,60,58.333333,58.333333,58.333333,58.333333,58.333333,58.333333,68.333333,66.666667,66.666667,58.333333,100,90,71.73913,95,95,56.666667,58.333333,58.333333,46.666667,50,46.666667,100,90,85,90,90,90,96.491228,96.491228,88.333333,86.666667,46.666667,96.666667,90,88.333333,68.333333,55,56.666667,53.333333,30.612245,22.807018,22.222222,32.20339,32.20339,35.185185,44.067797,40.677966,40.677966,40.677966,38.983051,38.983051,24.528302,22.222222,25.925926,22.222222,24.074074,28.070175,23.636364,19.298246
NC_071143.1|YP_010685010.1_7|1-60aa,29.62963,24.074074,22.222222,25.925926,25.490196,24,25.490196,25.490196,25.490196,25.490196,27.45098,25.490196,17.241379,25.490196,25.490196,25.490196,25.925926,25.490196,25.490196,25.490196,22.222222,21.428571,25.490196,25.490196,25.490196,25.490196,25.490196,25.490196,19.642857,27.45098,27.45098,25.490196,25.490196,27.45098,25.490196,25.490196,27.45098,25.490196,25.490196,25.490196,25.490196,25.490196,25.490196,25.490196,25.490196,25.490196,25.490196,25.490196,25.490196,25.490196,25.490196,25.490196,25.490196,19.642857,25.490196,25.490196,25.490196,19.642857,25.490196,25.490196,25.490196,27.45098,25.490196,25.490196,25.490196,25.490196,25.490196,25.490196,25.490196,25.490196,25.490196,25.490196,25.490196,25.490196,25.490196,25.490196,25.490196,25.490196,25.490196,25.490196,25.490196,25.490196,21.568627,30.612245,25.490196,25.490196,25.490196,25.490196,25.490196,25.490196,29.411765,25.490196,25.490196,25.490196,25.490196,25.490196,25.490196,25.490196,25.490196,21.818182,36.363636,53.333333,65,61.666667,63.333333,56.666667,55,55,55,55,55,55,65,63.333333,63.333333,55,90,85,69.565217,86.666667,86.666667,56.666667,55,55,46.666667,50,46.666667,90,100,90,88.333333,88.333333,96.666667,96.491228,96.491228,83.333333,90,46.666667,86.666667,96.666667,83.333333,66.666667,55,51.666667,51.666667,32.075472,24.561404,22.222222,32.20339,32.20339,28.813559,40.677966,37.288136,38.983051,37.288136,38.983051,41.071429,26.415094,24.074074,27.777778,24.074074,25.925926,28.070175,18.965517,15.789474
NC_071146.1|YP_010685299.1_41|1-60aa,20.689655,26.785714,23.214286,25,17.241379,17.857143,17.241379,17.241379,17.241379,17.241379,15.517241,17.241379,18.965517,17.241379,17.241379,17.241379,25.925926,17.241379,17.241379,17.241379,23.214286,18.644068,17.241379,17.241379,17.241379,17.241379,20.37037,17.241379,21.568627,28.846154,28.846154,20.37037,20.37037,28.846154,17.241379,26.923077,21.428571,22.222222,17.241379,17.241379,17.241379,17.241379,17.241379,17.241379,17.241379,17.241379,17.241379,17.241379,18.965517,17.241379,17.241379,17.241379,17.241379,21.568627,20.37037,20.37037,20.37037,21.568627,20.37037,17.241379,17.241379,18.965517,17.241379,17.241379,17.241379,17.241379,17.241379,17.241379,17.241379,20.37037,17.241379,17.241379,17.241379,17.241379,17.241379,17.241379,17.241379,17.241379,17.241379,17.241379,17.241379,17.241379,22.222222,21.428571,17.241379,17.241379,17.241379,17.241379,17.241379,17.241379,20.689655,17.241379,17.241379,17.241379,17.241379,17.241379,20.37037,17.241379,20.37037,20,40,58.333333,63.333333,65,61.666667,61.666667,60,60,60,60,60,60,63.333333,61.666667,61.666667,60,85,83.333333,65.217391,80,80,53.333333,60,60,45,48.333333,45,85,90,100,91.666667,91.666667,93.333333,94.736842,94.736842,86.666667,86.666667,45,85,93.333333,85,66.666667,55,53.333333,51.666667,32.653061,28.571429,18.518519,35.59322,35.59322,30.508475,47.457627,44.067797,44.067797,42.372881,44.067797,40.677966,29.090909,27.272727,31.372549,33.962264,36.363636,28.070175,29.787234,20.37037
NC_071147.1|YP_010685343.1_5|1-60aa,27.777778,18.965517,18.965517,20.754717,19.642857,24,25.490196,25.490196,25.490196,15.517241,27.45098,25.490196,17.241379,15.517241,15.517241,25.490196,23.214286,25.490196,25.490196,25.490196,19.642857,29.411765,25.490196,25.490196,25.490196,25.490196,23.529412,15.517241,30.769231,27.45098,27.45098,23.529412,25.490196,27.45098,15.517241,27.45098,27.45098,25.490196,25.490196,25.490196,25.490196,25.490196,25.490196,25.490196,25.490196,15.517241,15.517241,25.490196,15.517241,25.490196,25.490196,25.490196,25.490196,30.769231,17.857143,25.490196,23.529412,30.769231,23.529412,25.490196,25.490196,27.45098,25.490196,25.490196,25.490196,25.490196,25.490196,25.490196,25.490196,25.490196,25.490196,25.490196,15.517241,25.490196,25.490196,25.490196,25.490196,25.490196,15.517241,25.490196,15.517241,15.517241,24,25.490196,25.490196,25.490196,25.490196,25.490196,25.490196,25.490196,21.428571,25.490196,25.490196,25.490196,25.490196,25.490196,25.490196,25.490196,25.490196,22.222222,41.818182,58.333333,68.333333,68.333333,66.666667,61.666667,60,60,60,60,60,60,68.333333,66.666667,66.666667,60,90,88.333333,69.565217,85,85,55,60,60,48.333333,51.666667,48.333333,90,88.333333,91.666667,100,100,91.666667,96.491228,96.491228,93.333333,85,48.333333,90,91.666667,91.666667,71.666667,56.666667,56.666667,53.333333,34.693878,26.315789,20.37037,35.59322,35.59322,28.813559,47.457627,42.372881,44.067797,42.372881,44.067797,40.677966,26.415094,22.222222,27.777778,22.222222,27.777778,28.070175,29.787234,24.074074
NC_071148.1|YP_010685463.1_47|1-60aa,27.777778,18.965517,18.965517,20.754717,19.642857,24,25.490196,25.490196,25.490196,15.517241,27.45098,25.490196,17.241379,15.517241,15.517241,25.490196,23.214286,25.490196,25.490196,25.490196,19.642857,29.411765,25.490196,25.490196,25.490196,25.490196,23.529412,15.517241,30.769231,27.45098,27.45098,23.529412,25.490196,27.45098,15.517241,27.45098,27.45098,25.490196,25.490196,25.490196,25.490196,25.490196,25.490196,25.490196,25.490196,15.517241,15.517241,25.490196,15.517241,25.490196,25.490196,25.490196,25.490196,30.769231,17.857143,25.490196,23.529412,30.769231,23.529412,25.490196,25.490196,27.45098,25.490196,25.490196,25.490196,25.490196,25.490196,25.490196,25.490196,25.490196,25.490196,25.490196,15.517241,25.490196,25.490196,25.490196,25.490196,25.490196,15.517241,25.490196,15.517241,15.517241,24,25.490196,25.490196,25.490196,25.490196,25.490196,25.490196,25.490196,21.428571,25.490196,25.490196,25.490196,25.490196,25.490196,25.490196,25.490196,25.490196,22.222222,41.818182,58.333333,68.333333,68.333333,66.666667,61.666667,60,60,60,60,60,60,68.333333,66.666667,66.666667,60,90,88.333333,69.565217,85,85,55,60,60,48.333333,51.666667,48.333333,90,88.333333,91.666667,100,100,91.666667,96.491228,96.491228,93.333333,85,48.333333,90,91.666667,91.666667,71.666667,56.666667,56.666667,53.333333,34.693878,26.315789,20.37037,35.59322,35.59322,28.813559,47.457627,42.372881,44.067797,42.372881,44.067797,40.677966,26.415094,22.222222,27.777778,22.222222,27.777778,28.070175,29.787234,24.074074
NC_071149.1|YP_010685565.1_71|1-60aa,29.62963,25,23.214286,23.214286,15.517241,17.857143,25.490196,25.490196,25.490196,15.517241,27.45098,25.490196,17.241379,15.517241,15.517241,25.490196,25.925926,25.490196,25.490196,25.490196,32.653061,21.428571,25.490196,25.490196,25.490196,25.490196,25.490196,15.517241,19.642857,27.45098,27.45098,25.490196,15.517241,27.45098,15.517241,25.490196,27.45098,25.490196,25.490196,25.490196,25.490196,25.490196,25.490196,25.490196,25.490196,15.517241,15.517241,25.490196,15.517241,25.490196,25.490196,25.490196,25.490196,19.642857,25.490196,15.517241,25.490196,19.642857,25.490196,25.490196,25.490196,27.45098,25.490196,25.490196,25.490196,25.490196,25.490196,25.490196,25.490196,15.517241,25.490196,25.490196,15.517241,25.490196,25.490196,25.490196,25.490196,25.490196,15.517241,25.490196,15.517241,15.517241,20.37037,30.612245,25.490196,25.490196,25.490196,25.490196,25.490196,25.490196,29.411765,25.490196,25.490196,25.490196,25.490196,25.490196,15.517241,25.490196,15.517241,21.818182,38.181818,56.666667,68.333333,65,66.666667,60,58.333333,58.333333,58.333333,58.333333,58.333333,58.333333,68.333333,66.666667,66.666667,58.333333,90,88.333333,71.73913,85,85,58.333333,58.333333,58.333333,50,53.333333,50,90,96.666667,93.333333,91.666667,91.666667,100,100,100,86.666667,86.666667,50,90,100,86.666667,68.333333,56.666667,53.333333,53.333333,32.653061,22.807018,20.37037,35.59322,35.59322,30.508475,44.067797,40.677966,42.372881,40.677966,42.372881,44.642857,27.272727,24.074074,27.777778,24.074074,25.925926,28.070175,17.241379,15.789474
NC_071150.1|YP_010685651.1_73|1-60aa,28.846154,17.857143,17.857143,17.857143,16.071429,21.153846,11.666667,16.071429,16.071429,16.071429,26,16.071429,24,16.071429,16.071429,16.071429,19.642857,16.071429,16.071429,16.071429,16.071429,17.857143,16.071429,16.071429,16.071429,16.071429,16.071429,16.071429,21.428571,17.857143,17.857143,16.071429,16.071429,17.857143,16.071429,15.254237,28,16.071429,16.071429,16.071429,16.071429,16.071429,16.071429,16.071429,16.071429,16.071429,16.071429,16.071429,11.666667,16.071429,16.071429,16.071429,16.071429,21.428571,16.071429,16.071429,16.071429,21.428571,16.071429,16.071429,16.071429,16.071429,16.071429,16.071429,16.071429,16.071429,16.071429,16.071429,16.071429,16.071429,16.071429,16.071429,16.071429,16.071429,16.071429,16.071429,16.071429,16.071429,16.071429,16.071429,16.071429,16.071429,19.230769,16.071429,16.071429,16.071429,16.071429,16.071429,16.071429,16.071429,17.857143,16.071429,16.071429,16.071429,16.071429,16.071429,16.071429,16.071429,16.071429,17.307692,40.384615,59.649123,71.929825,68.421053,70.175439,63.157895,61.403509,61.403509,61.403509,61.403509,61.403509,61.403509,71.929825,70.175439,70.175439,61.403509,96.491228,94.736842,71.428571,91.22807,91.22807,61.403509,61.403509,61.403509,56.140351,59.649123,56.140351,96.491228,96.491228,94.736842,96.491228,96.491228,100,100,100,91.22807,89.473684,56.140351,96.491228,100,91.22807,71.929825,56.140351,56.140351,56.140351,32.608696,31.481481,20.37037,36.842105,36.842105,35.185185,44.642857,42.105263,43.859649,42.105263,43.859649,40.350877,24.528302,20.37037,25.925926,20.37037,24.074074,25.454545,21.428571,26.086957
NC_071151.1|YP_010685723.1_61|1-60aa,28.846154,17.857143,17.857143,17.857143,16.071429,21.153846,11.666667,16.071429,16.071429,16.071429,26,16.071429,24,16.071429,16.071429,16.071429,19.642857,16.071429,16.071429,16.071429,16.071429,17.857143,16.071429,16.071429,16.071429,16.071429,16.071429,16.071429,21.428571,17.857143,17.857143,16.071429,16.071429,17.857143,16.071429,15.254237,28,16.071429,16.071429,16.071429,16.071429,16.071429,16.071429,16.071429,16.071429,16.071429,16.071429,16.071429,11.666667,16.071429,16.071429,16.071429,16.071429,21.428571,16.071429,16.071429,16.071429,21.428571,16.071429,16.071429,16.071429,16.071429,16.071429,16.071429,16.071429,16.071429,16.071429,16.071429,16.071429,16.071429,16.071429,16.071429,16.071429,16.071429,16.071429,16.071429,16.071429,16.071429,16.071429,16.071429,16.071429,16.071429,19.230769,16.071429,16.071429,16.071429,16.071429,16.071429,16.071429,16.071429,17.857143,16.071429,16.071429,16.071429,16.071429,16.071429,16.071429,16.071429,16.071429,17.307692,40.384615,59.649123,71.929825,68.421053,70.175439,63.157895,61.403509,61.403509,61.403509,61.403509,61.403509,61.403509,71.929825,70.175439,70.175439,61.403509,96.491228,94.736842,71.428571,91.22807,91.22807,61.403509,61.403509,61.403509,56.140351,59.649123,56.140351,96.491228,96.491228,94.736842,96.491228,96.491228,100,100,100,91.22807,89.473684,56.140351,96.491228,100,91.22807,71.929825,56.140351,56.140351,56.140351,32.608696,31.481481,20.37037,36.842105,36.842105,35.185185,44.642857,42.105263,43.859649,42.105263,43.859649,40.350877,24.528302,20.37037,25.925926,20.37037,24.074074,25.454545,21.428571,26.086957
NC_071152.1|YP_010685767.1_34|1-60aa,27.777778,18.965517,18.965517,18.965517,19.642857,26,25.490196,25.490196,25.490196,17.241379,27.45098,25.490196,17.241379,15.517241,15.517241,17.241379,23.214286,25.490196,25.490196,25.490196,19.642857,21.428571,25.490196,25.490196,25.490196,25.490196,25.490196,15.517241,23.214286,27.45098,27.45098,25.490196,15.517241,27.45098,15.517241,27.45098,27.45098,25.490196,25.490196,25.490196,25.490196,25.490196,25.490196,25.490196,25.490196,15.517241,15.517241,25.490196,15.517241,25.490196,25.490196,25.490196,25.490196,28.846154,19.642857,15.517241,25.490196,28.846154,25.490196,25.490196,25.490196,27.45098,25.490196,25.490196,25.490196,25.490196,25.490196,25.490196,25.490196,15.517241,25.490196,25.490196,15.517241,25.490196,25.490196,25.490196,25.490196,25.490196,15.517241,25.490196,17.241379,17.241379,26,28.571429,25.490196,25.490196,25.490196,25.490196,25.490196,25.490196,21.428571,25.490196,25.490196,25.490196,25.490196,25.490196,15.517241,25.490196,15.517241,25.925926,38.181818,58.333333,68.333333,68.333333,66.666667,61.666667,60,60,60,60,60,60,70,66.666667,66.666667,60,88.333333,85,73.913043,86.666667,86.666667,56.666667,60,60,45,48.333333,45,88.333333,83.333333,86.666667,93.333333,93.333333,86.666667,91.22807,91.22807,100,81.666667,45,90,86.666667,98.333333,73.333333,56.666667,58.333333,50,34.693878,30.357143,22.222222,35.59322,35.59322,28.813559,47.457627,42.372881,44.067797,42.372881,44.067797,40.677966,26.415094,22.222222,27.777778,22.222222,25.925926,28.070175,29.787234,24.074074
NC_071153.1|YP_010685872.1_61|1-60aa,25.454545,31.914894,24.074074,25,16.071429,30.434783,31.914894,31.914894,31.914894,31.914894,34.042553,31.914894,29.787234,31.914894,31.914894,31.914894,25,31.914894,31.914894,31.914894,25.490196,34.042553,31.914894,31.914894,31.914894,31.914894,29.787234,31.914894,26.923077,34.042553,34.042553,29.787234,29.787234,34.042553,31.914894,34.042553,21.428571,31.914894,31.914894,31.914894,31.914894,31.914894,31.914894,31.914894,31.914894,31.914894,31.914894,31.914894,31.914894,31.914894,31.914894,31.914894,31.914894,26.923077,29.787234,29.787234,29.787234,26.923077,29.787234,31.914894,31.914894,34.042553,31.914894,31.914894,31.914894,31.914894,31.914894,31.914894,31.914894,29.787234,31.914894,31.914894,31.914894,31.914894,31.914894,31.914894,31.914894,31.914894,31.914894,31.914894,31.914894,31.914894,27.659574,25.490196,31.914894,31.914894,31.914894,31.914894,31.914894,31.914894,25,31.914894,31.914894,31.914894,31.914894,31.914894,29.787234,31.914894,29.787234,21.818182,34.545455,55,65,65,65,58.333333,56.666667,56.666667,56.666667,56.666667,56.666667,56.666667,66.666667,65,65,56.666667,86.666667,81.666667,69.565217,83.333333,83.333333,56.666667,56.666667,56.666667,43.333333,46.666667,43.333333,86.666667,90,86.666667,85,85,86.666667,89.473684,89.473684,81.666667,100,43.333333,83.333333,86.666667,80,65,53.333333,51.666667,46.666667,32.653061,24.561404,22.222222,28.813559,28.813559,32.727273,42.372881,37.288136,37.288136,37.288136,42.857143,37.288136,28.301887,24.528302,25.925926,22.222222,29.62963,29.824561,25.925926,24.074074
NC_071154.1|YP_010685913.1_19|1-60aa,13.793103,20.754717,24.528302,13.793103,13.793103,13.793103,13.793103,13.793103,13.793103,13.793103,13.793103,13.793103,12.068966,13.793103,13.793103,13.793103,25,13.793103,13.793103,13.793103,12.068966,15.254237,13.793103,13.793103,13.793103,13.793103,13.793103,13.793103,10.344828,16.981132,23.076923,13.793103,13.793103,23.076923,13.793103,18.518519,15.517241,13.793103,13.793103,13.793103,13.793103,13.793103,13.793103,13.793103,13.793103,13.793103,13.793103,13.793103,13.793103,13.793103,13.793103,21.568627,13.793103,15.686275,13.793103,13.793103,13.793103,15.686275,13.793103,13.793103,13.793103,15.517241,13.793103,13.793103,13.793103,13.793103,13.793103,13.793103,13.793103,13.793103,13.793103,13.793103,13.793103,13.793103,13.793103,13.793103,13.793103,13.793103,13.793103,13.793103,13.793103,13.793103,12.068966,12.068966,13.793103,13.793103,13.793103,13.793103,13.793103,13.793103,17.241379,13.793103,13.793103,13.793103,13.793103,13.793103,13.793103,13.793103,13.793103,14.035088,43.636364,43.333333,51.666667,50,50,43.333333,43.333333,43.333333,43.333333,43.333333,43.333333,43.333333,51.666667,50,50,43.333333,46.666667,48.333333,56.521739,46.666667,46.666667,45,43.333333,43.333333,98.333333,93.333333,100,46.666667,46.666667,45,48.333333,48.333333,50,56.140351,56.140351,45,43.333333,100,48.333333,50,45,46.666667,41.666667,48.333333,51.666667,30.612245,30.612245,27.083333,28.813559,28.813559,30.909091,33.898305,33.898305,33.898305,33.898305,33.898305,32.20339,25.925926,27.45098,22.807018,31.372549,25.490196,28.070175,25.490196,24.528302
NC_071155.1|YP_010686028.1_56|1-60aa,29.62963,20.689655,20.689655,18.965517,17.241379,19.642857,27.45098,27.45098,27.45098,17.241379,29.411765,27.45098,18.965517,17.241379,17.241379,27.45098,24.074074,27.45098,27.45098,27.45098,27.45098,21.428571,27.45098,27.45098,27.45098,27.45098,27.45098,17.241379,21.428571,27.45098,27.45098,27.45098,17.241379,27.45098,17.241379,25.490196,29.411765,27.45098,27.45098,27.45098,27.45098,27.45098,27.45098,27.45098,27.45098,17.241379,17.241379,27.45098,17.241379,27.45098,27.45098,27.45098,27.45098,21.428571,27.45098,17.241379,27.45098,21.428571,27.45098,27.45098,27.45098,29.411765,27.45098,27.45098,27.45098,27.45098,27.45098,27.45098,27.45098,17.241379,27.45098,27.45098,17.241379,27.45098,27.45098,27.45098,27.45098,27.45098,17.241379,27.45098,17.241379,17.241379,22.222222,27.45098,27.45098,27.45098,27.45098,27.45098,27.45098,27.45098,31.372549,27.45098,27.45098,27.45098,27.45098,27.45098,17.241379,27.45098,17.241379,28.846154,36.363636,60,71.666667,66.666667,68.333333,63.333333,61.666667,61.666667,61.666667,61.666667,61.666667,61.666667,70,70,70,61.666667,96.666667,90,71.73913,93.333333,93.333333,62.068966,61.666667,61.666667,48.333333,51.666667,48.333333,96.666667,86.666667,85,90,90,90,96.491228,96.491228,90,83.333333,48.333333,100,90,90,68.333333,56.666667,56.666667,53.333333,30.612245,21.052632,25,33.898305,33.898305,30.508475,44.067797,42.372881,42.372881,42.372881,40.677966,40.677966,25.454545,22.222222,25.925926,22.222222,24.074074,28.070175,20,24.528302
NC_071156.1|YP_010686111.1_60|1-60aa,29.62963,25,23.214286,23.214286,15.517241,17.857143,25.490196,25.490196,25.490196,15.517241,27.45098,25.490196,17.241379,15.517241,15.517241,25.490196,25.925926,25.490196,25.490196,25.490196,32.653061,21.428571,25.490196,25.490196,25.490196,25.490196,25.490196,15.517241,19.642857,27.45098,27.45098,25.490196,15.517241,27.45098,15.517241,25.490196,27.45098,25.490196,25.490196,25.490196,25.490196,25.490196,25.490196,25.490196,25.490196,15.517241,15.517241,25.490196,15.517241,25.490196,25.490196,25.490196,25.490196,19.642857,25.490196,15.517241,25.490196,19.642857,25.490196,25.490196,25.490196,27.45098,25.490196,25.490196,25.490196,25.490196,25.490196,25.490196,25.490196,15.517241,25.490196,25.490196,15.517241,25.490196,25.490196,25.490196,25.490196,25.490196,15.517241,25.490196,15.517241,15.517241,20.37037,30.612245,25.490196,25.490196,25.490196,25.490196,25.490196,25.490196,29.411765,25.490196,25.490196,25.490196,25.490196,25.490196,15.517241,25.490196,15.517241,21.818182,38.181818,56.666667,68.333333,65,66.666667,60,58.333333,58.333333,58.333333,58.333333,58.333333,58.333333,68.333333,66.666667,66.666667,58.333333,90,88.333333,71.73913,85,85,58.333333,58.333333,58.333333,50,53.333333,50,90,96.666667,93.333333,91.666667,91.666667,100,100,100,86.666667,86.666667,50,90,100,86.666667,68.333333,56.666667,53.333333,53.333333,32.653061,22.807018,20.37037,35.59322,35.59322,30.508475,44.067797,40.677966,42.372881,40.677966,42.372881,44.642857,27.272727,24.074074,27.777778,24.074074,25.925926,28.070175,17.241379,15.789474
NC_071157.1|YP_010686186.1_55|1-60aa,25.454545,18.965517,18.965517,18.965517,19.642857,26,25.490196,25.490196,25.490196,17.241379,27.45098,25.490196,17.241379,15.517241,15.517241,17.241379,23.214286,25.490196,25.490196,25.490196,19.642857,21.428571,25.490196,25.490196,25.490196,25.490196,25.490196,15.517241,23.214286,27.45098,27.45098,25.490196,15.517241,27.45098,15.517241,27.45098,27.45098,25.490196,25.490196,25.490196,25.490196,25.490196,25.490196,25.490196,25.490196,15.517241,15.517241,25.490196,15.517241,25.490196,25.490196,25.490196,25.490196,28.846154,19.642857,15.517241,25.490196,28.846154,25.490196,25.490196,25.490196,27.45098,25.490196,25.490196,25.490196,25.490196,25.490196,25.490196,25.490196,15.517241,25.490196,25.490196,15.517241,25.490196,25.490196,25.490196,25.490196,25.490196,15.517241,25.490196,17.241379,17.241379,26,28.571429,25.490196,25.490196,25.490196,25.490196,25.490196,25.490196,21.428571,25.490196,25.490196,25.490196,25.490196,25.490196,15.517241,25.490196,15.517241,25.925926,40,58.333333,68.333333,68.333333,66.666667,61.666667,60,60,60,60,60,60,70,66.666667,66.666667,60,88.333333,85,73.913043,86.666667,86.666667,56.666667,60,60,45,48.333333,45,88.333333,83.333333,85,91.666667,91.666667,86.666667,91.22807,91.22807,98.333333,80,45,90,86.666667,100,73.333333,56.666667,60,50,32.653061,28.571429,22.222222,37.288136,37.288136,28.813559,47.457627,42.372881,44.067797,42.372881,45.762712,42.372881,26.415094,22.222222,27.777778,22.222222,24.074074,28.070175,29.787234,22.222222
NC_054636.1|YP_010053057.1_13|1-60aa,17.241379,29.411765,23.214286,30.612245,29.411765,23.529412,31.372549,29.411765,29.411765,29.411765,31.372549,29.411765,21.153846,29.411765,29.411765,27.45098,23.214286,29.411765,29.411765,29.411765,19.642857,31.372549,29.411765,29.411765,29.411765,29.411765,29.411765,29.411765,28.571429,31.372549,33.333333,29.411765,29.411765,33.333333,29.411765,31.372549,26.923077,29.411765,29.411765,29.411765,29.411765,29.411765,29.411765,29.411765,29.411765,29.411765,29.411765,29.411765,29.411765,29.411765,29.411765,27.45098,29.411765,30.612245,27.45098,29.411765,29.411765,30.612245,29.411765,29.411765,29.411765,31.372549,29.411765,29.411765,29.411765,29.411765,29.411765,29.411765,29.411765,29.411765,29.411765,29.411765,29.411765,29.411765,29.411765,29.411765,29.411765,29.411765,29.411765,29.411765,29.411765,29.411765,25.490196,25.490196,29.411765,29.411765,29.411765,29.411765,29.411765,29.411765,33.333333,29.411765,29.411765,29.411765,29.411765,29.411765,29.411765,29.411765,29.411765,18.181818,34.545455,73.333333,83.333333,81.666667,78.333333,73.333333,75,75,75,75,75,75,83.333333,80,81.666667,75,68.333333,66.666667,71.73913,65,65,60,75,75,46.666667,51.666667,46.666667,68.333333,66.666667,66.666667,71.666667,71.666667,68.333333,71.929825,71.929825,73.333333,65,46.666667,68.333333,68.333333,73.333333,100,56.666667,60,53.333333,35.555556,28.571429,31.25,32.20339,32.20339,38.888889,40.677966,38.983051,40.677966,38.983051,38.983051,37.288136,24.561404,27.777778,27.777778,33.333333,35.294118,28.070175,27.659574,28.846154
NC_048198.1|YP_009824051.1_21|1-60aa,27.45098,25.490196,25.490196,13.793103,16.363636,13.793103,26.530612,10.344828,23.529412,14.545455,23.529412,23.529412,12.068966,10.344828,10.344828,20,20.754717,23.529412,23.529412,23.529412,22,25.490196,23.529412,23.529412,23.529412,23.529412,23.529412,17.857143,17.307692,18.518519,18.518519,23.529412,17.857143,18.518519,26.086957,18.518519,20,23.529412,23.529412,23.529412,23.529412,23.529412,23.529412,23.529412,23.529412,17.857143,17.857143,23.529412,17.857143,23.529412,23.529412,25.490196,23.529412,24.444444,23.529412,17.857143,23.529412,24.444444,23.529412,23.529412,23.529412,25.490196,23.529412,23.529412,23.529412,23.529412,23.529412,24,23.529412,17.857143,23.529412,23.529412,17.857143,23.529412,23.529412,23.529412,23.529412,23.529412,26.086957,23.529412,14.545455,14.545455,15.789474,22,23.529412,23.529412,23.529412,23.529412,23.529412,23.529412,31.111111,23.529412,23.529412,23.529412,23.529412,23.529412,17.857143,23.529412,17.857143,12.068966,41.818182,53.333333,56.666667,56.666667,58.333333,55,55,55,55,55,55,55,55,58.333333,58.333333,55,55,53.333333,65.217391,53.333333,53.333333,55,55,55,41.666667,40,41.666667,55,55,55,56.666667,56.666667,56.666667,56.140351,56.140351,56.666667,53.333333,41.666667,56.666667,56.666667,56.666667,56.666667,100,73.333333,75,30.612245,30.612245,27.659574,35.185185,35.185185,23.728814,35.59322,37.931034,37.5,37.931034,37.5,36.842105,29.411765,23.529412,25.490196,25.490196,30,26.315789,34.693878,37.5
NC_019927.1|YP_007237576.1_2|1-60aa,16.363636,21.818182,18.181818,17.241379,21.818182,15.517241,20.754717,18.181818,18.181818,18.181818,13.793103,18.181818,13.793103,12.068966,18.181818,19.230769,31.818182,18.181818,18.181818,18.181818,13.793103,18.181818,18.181818,18.181818,18.181818,18.181818,18.181818,18.181818,23.404255,17.857143,17.857143,18.181818,18.181818,17.857143,18.181818,23.076923,25.490196,18.181818,18.181818,18.181818,18.181818,18.181818,18.181818,18.181818,18.181818,18.181818,18.181818,18.181818,18.181818,18.181818,18.181818,18.181818,18.181818,22,20,18.181818,18.181818,22,18.181818,18.181818,18.181818,20,18.181818,18.181818,18.181818,18.181818,18.181818,21.568627,18.181818,18.181818,18.181818,18.181818,18.181818,18.181818,18.181818,18.181818,18.181818,18.181818,18.181818,18.181818,18.181818,18.181818,14.035088,18.181818,18.181818,18.181818,18.181818,18.181818,18.181818,18.181818,18.181818,18.181818,18.181818,18.181818,18.181818,18.181818,18.181818,18.181818,18.181818,25.490196,43.636364,56.666667,60,63.333333,63.333333,58.333333,58.333333,58.333333,58.333333,58.333333,58.333333,58.333333,60,61.666667,61.666667,58.333333,56.666667,53.333333,71.73913,55,55,65,58.333333,58.333333,48.333333,46.666667,48.333333,56.666667,51.666667,53.333333,56.666667,56.666667,53.333333,56.140351,56.140351,58.333333,51.666667,48.333333,56.666667,53.333333,60,60,73.333333,100,80,34.042553,29.787234,31.914894,28.813559,28.813559,23.728814,40.350877,44.444444,44.444444,44.444444,35.59322,35.59322,29.411765,34.782609,32.608696,34.782609,27.083333,33.333333,23.529412,32
NC_071003.1|YP_010675373.1_25|1-60aa,16.981132,16.981132,22.641509,12.068966,12.068966,12.068966,16.981132,18.867925,16.981132,8.62069,18.181818,16.981132,20,18.867925,8.62069,26.530612,20,20,18.181818,18.181818,18.181818,10.344828,20,20,18.181818,18.181818,20,10.344828,19.642857,20,20,20,10.344828,20,8.62069,20,21.818182,20,20,18.181818,20,20,18.181818,20,20,10.344828,10.344828,20,10.344828,20,20,18.181818,20,17.857143,10.344828,10.344828,20,17.857143,18.181818,20,18.181818,20,18.181818,18.181818,18.181818,18.181818,20,20,18.181818,10.344828,20,18.181818,10.344828,20,18.181818,20,20,20,8.62069,20,8.62069,8.62069,14.035088,20,18.181818,16.981132,20,20,18.181818,18.181818,12.068966,20,20,20,20,18.181818,10.344828,18.181818,10.344828,21.428571,40,56.666667,58.333333,58.333333,61.666667,56.666667,56.666667,56.666667,56.666667,56.666667,56.666667,56.666667,58.333333,60,60,56.666667,53.333333,51.666667,69.565217,51.666667,51.666667,63.333333,56.666667,56.666667,51.666667,46.666667,51.666667,53.333333,51.666667,51.666667,53.333333,53.333333,53.333333,56.140351,56.140351,50,46.666667,51.666667,53.333333,53.333333,50,53.333333,75,80,100,32.653061,26.086957,24.489796,28.070175,28.070175,23.728814,35.087719,37.037037,37.037037,37.037037,31.578947,33.333333,23.529412,31.914894,31.914894,31.914894,25,31.578947,24.528302,29.787234
NC_070824.1|NC_070824.1_rescuedCDS_001-rescued|1-60aa,25.925926,25.925926,25.925926,24.489796,15.686275,16.071429,42.857143,14.285714,14.285714,16.981132,34.090909,14.285714,15.686275,12.962963,40.47619,16.981132,20.754717,15.686275,15.686275,15.686275,24.489796,17.647059,15.686275,15.686275,15.686275,15.686275,29.545455,15.686275,19.642857,17.647059,17.647059,29.545455,29.545455,17.647059,15.686275,22.641509,17.647059,15.686275,15.686275,15.686275,15.686275,15.686275,15.686275,15.686275,15.686275,15.686275,15.686275,15.686275,15.686275,15.686275,15.686275,17.647059,15.686275,25,15.686275,15.686275,15.686275,25,15.686275,15.686275,15.686275,13.72549,15.686275,15.686275,15.686275,15.686275,15.686275,13.72549,15.686275,15.686275,15.686275,15.686275,15.686275,15.686275,15.686275,15.686275,15.686275,15.686275,15.686275,15.686275,16.981132,16.981132,17.857143,26.086957,15.686275,14.285714,15.686275,15.686275,15.686275,15.686275,17.647059,15.686275,15.686275,15.686275,15.686275,15.686275,15.686275,15.686275,15.686275,39.130435,28,28.888889,38.636364,33.333333,26.530612,28.888889,28.888889,28.888889,28.888889,28.888889,28.888889,28.888889,28.571429,31.111111,28.888889,28.888889,30.612245,30.612245,30,25.862069,25.862069,22.44898,28.888889,28.888889,30.612245,30.612245,30.612245,30.612245,32.075472,32.653061,34.693878,34.693878,32.653061,32.608696,32.608696,34.693878,32.653061,30.612245,30.612245,32.653061,32.653061,35.555556,30.612245,34.042553,32.653061,100,56.666667,67.346939,31.914894,31.914894,24.444444,35.416667,23.404255,27.659574,23.404255,27.083333,25.531915,22.807018,19.298246,22.807018,21.428571,18.965517,24.528302,25.454545,26.086957
NC_028819.1|YP_009200196.1_10|1-60aa,23.913043,20.37037,18.518519,20.37037,18.518519,24.489796,18.518519,16.666667,18.518519,24.489796,18.518519,18.518519,18.518519,16.666667,16.666667,24.489796,19.565217,23.529412,23.529412,23.529412,22.222222,23.529412,23.529412,23.529412,18.518519,18.518519,23.529412,21.568627,27.45098,18.518519,18.518519,23.529412,21.73913,18.518519,21.568627,18.867925,18.518519,18.518519,23.529412,23.529412,23.529412,23.529412,23.529412,23.529412,23.529412,21.568627,21.568627,23.529412,21.568627,23.529412,23.529412,18.518519,23.529412,29.411765,18.518519,16.666667,18.518519,29.411765,18.518519,23.529412,23.529412,23.529412,23.529412,23.529412,23.529412,23.529412,23.529412,21.568627,23.529412,16.666667,23.529412,23.529412,21.568627,23.529412,23.529412,23.529412,23.529412,23.529412,21.568627,23.529412,24.489796,24.489796,24.074074,20.37037,18.518519,18.518519,23.529412,23.529412,23.529412,23.529412,26.530612,23.529412,23.529412,23.529412,23.529412,23.529412,16.666667,23.529412,16.666667,25.925926,27.777778,19.565217,24.489796,24.489796,18.367347,26.829268,19.565217,19.565217,19.565217,19.565217,19.565217,19.565217,24.489796,24.489796,22.44898,19.565217,22.807018,21.052632,28,22.807018,22.807018,17.857143,19.565217,19.565217,24.489796,30.612245,30.612245,22.807018,24.561404,28.571429,26.315789,26.315789,22.807018,31.481481,31.481481,30.357143,24.561404,30.612245,21.052632,22.807018,28.571429,28.571429,30.612245,29.787234,26.086957,56.666667,100,41.666667,27.659574,27.659574,33.333333,35.416667,26.666667,26.666667,26.666667,27.659574,31.914894,21.052632,18.181818,23.636364,20,21.428571,26.530612,26,31.25
NC_070822.1|YP_010655183.1_19|1-60aa,25,21.568627,24,19.607843,19.607843,17.647059,19.607843,24.444444,19.607843,17.647059,19.607843,19.607843,19.607843,17.647059,17.647059,17.647059,30,21.568627,21.568627,21.568627,28.26087,21.568627,21.568627,21.568627,19.607843,19.607843,14.814815,17.647059,21.428571,19.607843,19.607843,14.814815,12.962963,19.607843,17.647059,21.568627,21.568627,21.568627,21.568627,21.568627,21.568627,21.568627,21.568627,21.568627,21.568627,17.647059,17.647059,19.607843,17.647059,21.568627,21.568627,23.529412,21.568627,19.642857,17.647059,15.09434,16.981132,19.642857,17.647059,19.607843,21.568627,23.529412,21.568627,21.568627,21.568627,21.568627,21.568627,21.568627,21.568627,15.09434,21.568627,21.568627,17.647059,19.607843,21.568627,21.568627,21.568627,21.568627,19.607843,21.568627,17.647059,17.647059,16.666667,28.26087,19.607843,19.607843,21.568627,21.568627,21.568627,21.568627,19.607843,21.568627,21.568627,21.568627,21.568627,21.568627,15.09434,21.568627,15.09434,25.454545,24.528302,25,31.25,31.25,25,18.518519,25,25,25,25,25,25,31.25,31.25,29.166667,25,22.222222,21.052632,18.333333,22.222222,22.222222,28.26087,25,25,27.083333,27.083333,27.083333,22.222222,22.222222,18.518519,20.37037,20.37037,20.37037,20.37037,20.37037,22.222222,22.222222,27.083333,25,20.37037,22.222222,31.25,27.659574,31.914894,24.489796,67.346939,41.666667,100,25.531915,25.531915,18,32.653061,25.531915,27.659574,25.531915,29.787234,31.914894,20,18.518519,18.518519,17.857143,18.965517,6.666667,18,17.241379
NC_002484.2|NP_061523.1_26|1-60aa,15.254237,21.428571,21.428571,18.965517,34.883721,17.54386,19.642857,19.642857,19.642857,17.241379,18.965517,19.642857,13.559322,17.241379,17.241379,17.241379,17.54386,13.559322,15.254237,15.254237,17.857143,32.55814,13.559322,13.559322,17.241379,17.241379,11.864407,11.864407,30,25.581395,25.581395,11.864407,11.864407,25.581395,13.559322,27.906977,18.965517,13.559322,13.559322,15.254237,13.559322,13.559322,15.254237,13.559322,13.559322,11.864407,11.864407,11.864407,11.864407,13.559322,13.559322,16.949153,13.559322,26,30.232558,11.864407,11.864407,26,13.559322,11.864407,15.254237,15.254237,15.254237,15.254237,15.254237,15.254237,13.559322,13.559322,15.254237,11.864407,13.559322,15.254237,11.864407,11.864407,15.254237,13.559322,13.559322,13.559322,15.254237,13.559322,17.241379,17.241379,10.169492,17.857143,17.241379,19.642857,13.559322,13.559322,15.254237,15.254237,15.254237,13.559322,13.559322,13.559322,13.559322,15.254237,11.864407,15.254237,11.864407,16.666667,29.62963,37.288136,32.20339,33.898305,30.508475,37.288136,37.288136,37.288136,37.288136,37.288136,37.288136,37.288136,32.20339,30.508475,30.508475,37.288136,32.20339,35.59322,41.304348,32.20339,32.20339,28.813559,37.288136,37.288136,28.813559,28.813559,28.813559,32.20339,32.20339,35.59322,35.59322,35.59322,35.59322,36.842105,36.842105,35.59322,28.813559,28.813559,33.898305,35.59322,37.288136,32.20339,35.185185,28.813559,28.070175,31.914894,27.659574,25.531915,100,100,60.714286,37.931034,64.40678,61.666667,60,75,70,21.153846,29.62963,30.188679,30.188679,27.45098,19.642857,20,21.276596
NC_016765.1|YP_005098229.1_26|1-60aa,15.254237,21.428571,21.428571,18.965517,34.883721,17.54386,19.642857,19.642857,19.642857,17.241379,18.965517,19.642857,13.559322,17.241379,17.241379,17.241379,17.54386,13.559322,15.254237,15.254237,17.857143,32.55814,13.559322,13.559322,17.241379,17.241379,11.864407,11.864407,30,25.581395,25.581395,11.864407,11.864407,25.581395,13.559322,27.906977,18.965517,13.559322,13.559322,15.254237,13.559322,13.559322,15.254237,13.559322,13.559322,11.864407,11.864407,11.864407,11.864407,13.559322,13.559322,16.949153,13.559322,26,30.232558,11.864407,11.864407,26,13.559322,11.864407,15.254237,15.254237,15.254237,15.254237,15.254237,15.254237,13.559322,13.559322,15.254237,11.864407,13.559322,15.254237,11.864407,11.864407,15.254237,13.559322,13.559322,13.559322,15.254237,13.559322,17.241379,17.241379,10.169492,17.857143,17.241379,19.642857,13.559322,13.559322,15.254237,15.254237,15.254237,13.559322,13.559322,13.559322,13.559322,15.254237,11.864407,15.254237,11.864407,16.666667,29.62963,37.288136,32.20339,33.898305,30.508475,37.288136,37.288136,37.288136,37.288136,37.288136,37.288136,37.288136,32.20339,30.508475,30.508475,37.288136,32.20339,35.59322,41.304348,32.20339,32.20339,28.813559,37.288136,37.288136,28.813559,28.813559,28.813559,32.20339,32.20339,35.59322,35.59322,35.59322,35.59322,36.842105,36.842105,35.59322,28.813559,28.813559,33.898305,35.59322,37.288136,32.20339,35.185185,28.813559,28.070175,31.914894,27.659574,25.531915,100,100,60.714286,37.931034,64.40678,61.666667,60,75,70,21.153846,29.62963,30.188679,30.188679,27.45098,19.642857,20,21.276596
NC_011373.1|YP_002284357.1_23|1-60aa,20,22.727273,20,22.727273,25,22.727273,25,22.727273,22.727273,22.727273,22.727273,22.727273,22.727273,22.727273,22.727273,22.727273,20,22.727273,30.232558,30.232558,20.454545,27.906977,22.727273,22.727273,22.727273,22.727273,22.727273,22.727273,24,22.727273,22.727273,22.727273,22.727273,22.727273,22.727273,22.727273,22.727273,27.272727,22.727273,30.232558,22.727273,22.727273,30.232558,22.727273,22.727273,22.727273,22.727273,22.727273,27.906977,22.727273,22.727273,22.727273,22.727273,24,30.232558,22.727273,22.727273,24,27.906977,22.727273,30.232558,32.55814,30.232558,30.232558,30.232558,30.232558,22.727273,22.727273,30.232558,22.727273,22.727273,30.232558,22.727273,22.727273,30.232558,22.727273,22.727273,22.727273,30.232558,22.727273,22.727273,22.727273,30.952381,22.727273,22.727273,22.727273,22.727273,22.727273,30.232558,30.232558,27.272727,22.727273,22.727273,22.727273,22.727273,30.232558,22.727273,30.232558,22.727273,25,24,32.20339,32.20339,36.363636,30.508475,32.20339,32.20339,32.20339,32.20339,32.20339,32.20339,32.20339,38.181818,32.20339,32.20339,32.20339,35.185185,35.185185,39.130435,30.909091,30.909091,30.508475,32.20339,32.20339,30.909091,30.909091,30.909091,35.185185,28.813559,30.508475,28.813559,28.813559,30.508475,35.185185,35.185185,28.813559,32.727273,30.909091,30.508475,30.508475,28.813559,38.888889,23.728814,23.728814,23.728814,24.444444,33.333333,18,60.714286,60.714286,100,41.509434,52.727273,52.727273,52.727273,50,48.214286,20.754717,27.777778,29.62963,27.777778,26.415094,24.074074,14.545455,14
NC_029066.1|YP_009222847.1_77|1-60aa,12.962963,22,24,28.26087,20,24.489796,19.230769,19.230769,19.230769,27.906977,21.153846,19.230769,19.230769,22,18,27.906977,20.408163,21.153846,21.153846,21.153846,20.408163,21.153846,21.153846,21.153846,19.230769,19.230769,21.153846,20,18.867925,21.153846,21.153846,21.153846,20,21.153846,20,19.230769,14.545455,21.153846,21.153846,21.153846,21.153846,21.153846,21.153846,21.153846,21.153846,20,20,21.153846,18,21.153846,21.153846,26,21.153846,20.754717,19.230769,20,21.153846,20.754717,21.153846,21.153846,21.153846,21.153846,21.153846,21.153846,21.153846,21.153846,21.153846,21.153846,21.153846,20,21.153846,21.153846,20,21.153846,21.153846,21.153846,21.153846,21.153846,20,21.153846,27.906977,27.906977,22,20.408163,19.230769,19.230769,21.153846,21.153846,21.153846,21.153846,19.230769,21.153846,21.153846,21.153846,21.153846,21.153846,20,21.153846,20,28.888889,32.142857,37.288136,45.614035,45.614035,40.350877,37.288136,37.288136,37.288136,37.288136,37.288136,37.288136,37.288136,43.859649,43.859649,43.859649,37.288136,44.067797,45.762712,42.222222,40.677966,40.677966,37.288136,37.288136,37.288136,33.898305,32.20339,33.898305,44.067797,40.677966,47.457627,47.457627,47.457627,44.067797,44.642857,44.642857,47.457627,42.372881,33.898305,44.067797,44.067797,47.457627,40.677966,35.59322,40.350877,35.087719,35.416667,35.416667,32.653061,37.931034,37.931034,41.509434,100,44.827586,46.551724,46.551724,48.275862,52.727273,15.517241,15.789474,13.793103,13.793103,17.241379,17.241379,26.415094,32.692308
NC_030929.1|YP_009275526.1_39|1-60aa,15.384615,20,17.857143,16.981132,21.568627,20.408163,11.538462,21.568627,21.568627,15.09434,22.222222,21.568627,11.538462,24.444444,21.153846,22.222222,16.071429,13.461538,13.461538,13.461538,26.666667,19.230769,13.461538,13.461538,11.538462,11.538462,13.461538,13.461538,12.5,17.857143,17.857143,13.461538,13.461538,17.857143,13.461538,19.230769,16.981132,13.461538,13.461538,13.461538,13.461538,13.461538,13.461538,13.461538,13.461538,13.461538,13.461538,13.461538,13.461538,13.461538,13.461538,26.666667,13.461538,12.5,13.461538,13.461538,13.461538,12.5,13.461538,13.461538,13.461538,13.461538,13.461538,13.461538,13.461538,13.461538,13.461538,26.666667,13.461538,13.461538,13.461538,13.461538,13.461538,13.461538,13.461538,13.461538,13.461538,13.461538,13.461538,13.461538,15.09434,15.09434,6.896552,25.531915,11.538462,21.568627,13.461538,13.461538,13.461538,13.461538,15.517241,13.461538,13.461538,13.461538,13.461538,13.461538,13.461538,13.461538,13.461538,14.285714,35.185185,46.428571,37.288136,44.642857,35.59322,46.428571,46.428571,46.428571,46.428571,46.428571,46.428571,46.428571,37.288136,35.59322,35.59322,46.428571,40.677966,44.067797,41.304348,38.983051,38.983051,33.898305,46.428571,46.428571,33.898305,32.20339,33.898305,40.677966,37.288136,44.067797,42.372881,42.372881,40.677966,42.105263,42.105263,42.372881,37.288136,33.898305,42.372881,40.677966,42.372881,38.983051,37.931034,44.444444,37.037037,23.404255,26.666667,25.531915,64.40678,64.40678,52.727273,44.827586,100,96.666667,98.333333,76.666667,76.666667,23.636364,25.925926,27.777778,25.925926,28.846154,31.372549,15.517241,26.923077
NC_016762.1|YP_005098088.1_61|1-60aa,19.607843,22,19.642857,13.793103,17.857143,8.62069,17.857143,17.857143,17.857143,12.068966,18.181818,17.857143,15.686275,20,17.54386,17.647059,20,12.068966,12.068966,12.068966,22,21.568627,12.068966,12.068966,15.686275,15.686275,15.384615,10.344828,12.5,16.071429,16.071429,15.384615,15.384615,16.071429,10.344828,19.230769,13.793103,12.068966,12.068966,12.068966,12.068966,12.068966,12.068966,12.068966,12.068966,10.344828,10.344828,10.344828,15.09434,12.068966,12.068966,26.666667,12.068966,12.5,10.344828,10.344828,10.344828,12.5,10.344828,10.344828,12.068966,12.068966,12.068966,12.068966,12.068966,12.068966,12.068966,12.068966,12.068966,10.344828,12.068966,12.068966,10.344828,10.344828,12.068966,12.068966,12.068966,12.068966,12.068966,12.068966,12.068966,12.068966,8.62069,18.181818,15.686275,17.857143,12.068966,12.068966,12.068966,12.068966,18.867925,12.068966,12.068966,12.068966,12.068966,12.068966,10.344828,12.068966,10.344828,14.285714,33.333333,38.983051,37.288136,38.983051,35.59322,38.983051,38.983051,38.983051,38.983051,38.983051,38.983051,38.983051,37.288136,35.59322,35.59322,38.983051,40.677966,44.067797,41.304348,38.983051,38.983051,33.898305,38.983051,38.983051,33.898305,32.20339,33.898305,40.677966,38.983051,44.067797,44.067797,44.067797,42.372881,43.859649,43.859649,44.067797,37.288136,33.898305,42.372881,42.372881,44.067797,40.677966,37.5,44.444444,37.037037,27.659574,26.666667,27.659574,61.666667,61.666667,52.727273,46.551724,96.666667,100,98.333333,80,78.333333,23.636364,25.925926,27.777778,32,28.846154,31.372549,17.241379,26.923077
NC_074663.1|YP_010773403.1_13|1-60aa,19.607843,22,19.642857,13.793103,15.686275,8.62069,17.857143,17.857143,17.857143,15.686275,18,17.857143,15.686275,20,15.686275,17.647059,20,20,15.686275,15.686275,22,21.568627,20,20,15.686275,15.686275,15.384615,10.344828,12.5,17.857143,17.857143,15.384615,15.384615,17.857143,10.344828,19.230769,13.793103,20,20,15.686275,20,20,15.686275,20,20,10.344828,10.344828,18,13.461538,20,20,26.666667,20,12.5,13.461538,10.344828,18,12.5,13.461538,18,15.686275,15.686275,15.686275,15.686275,15.686275,15.686275,20,20,15.686275,10.344828,20,15.686275,10.344828,18,15.686275,20,20,20,12.068966,20,15.686275,15.686275,8.62069,21.153846,15.686275,17.857143,20,20,15.686275,15.686275,18.867925,20,20,20,20,15.686275,10.344828,15.686275,10.344828,14.285714,33.333333,44.642857,37.288136,44.642857,35.59322,44.642857,44.642857,44.642857,44.642857,44.642857,44.642857,44.642857,37.288136,35.59322,35.59322,44.642857,40.677966,44.067797,41.304348,38.983051,38.983051,33.898305,44.642857,44.642857,33.898305,32.20339,33.898305,40.677966,37.288136,42.372881,42.372881,42.372881,40.677966,42.105263,42.105263,42.372881,37.288136,33.898305,42.372881,40.677966,42.372881,38.983051,37.931034,44.444444,37.037037,23.404255,26.666667,25.531915,60,60,52.727273,46.551724,98.333333,98.333333,100,78.333333,78.333333,23.636364,25.925926,27.777778,25.925926,28.846154,31.372549,15.517241,26.923077
NC_074664.1|YP_010773486.1_18|1-60aa,23.529412,18.965517,21.428571,18.965517,21.568627,24.489796,21.568627,21.568627,21.568627,17.241379,21.818182,21.568627,21.568627,17.241379,21.568627,23.529412,17.241379,17.241379,17.241379,17.241379,17.241379,23.529412,17.241379,17.241379,21.568627,21.568627,21.153846,15.517241,21.428571,21.153846,21.153846,21.153846,21.153846,21.153846,15.517241,21.153846,18.965517,17.241379,17.241379,17.241379,17.241379,17.241379,17.241379,17.241379,17.241379,15.517241,15.517241,15.517241,20.754717,17.241379,17.241379,22.641509,17.241379,19.642857,15.517241,15.517241,15.517241,19.642857,15.517241,15.517241,17.241379,17.241379,17.241379,17.241379,17.241379,17.241379,17.241379,17.241379,17.241379,15.517241,17.241379,17.241379,15.517241,15.517241,17.241379,17.241379,17.241379,17.241379,17.241379,17.241379,17.241379,17.241379,13.793103,15.517241,21.568627,21.568627,17.241379,17.241379,17.241379,17.241379,24.528302,17.241379,17.241379,17.241379,17.241379,17.241379,15.517241,17.241379,15.517241,16.071429,31.481481,40.677966,37.288136,38.983051,35.59322,40.677966,40.677966,40.677966,40.677966,40.677966,40.677966,40.677966,37.288136,35.59322,35.59322,40.677966,38.983051,42.372881,41.304348,37.288136,37.288136,35.59322,40.677966,40.677966,33.898305,33.898305,33.898305,38.983051,38.983051,44.067797,44.067797,44.067797,42.372881,43.859649,43.859649,44.067797,42.857143,33.898305,40.677966,42.372881,45.762712,38.983051,37.5,35.59322,31.578947,27.083333,27.659574,29.787234,75,75,50,48.275862,76.666667,80,78.333333,100,90,20,27.777778,29.62963,27.777778,26.923077,27.45098,18.965517,14
NC_030909.1|YP_009273700.1_18|1-60aa,17.241379,17.241379,15.517241,17.241379,15.517241,10.344828,15.517241,15.517241,15.517241,15.517241,17.857143,15.517241,11.864407,15.517241,15.517241,16.981132,15.517241,15.517241,15.517241,15.517241,15.517241,22.641509,15.517241,15.517241,15.517241,15.517241,13.793103,13.793103,27.083333,20,20,13.793103,13.793103,20,13.793103,27.272727,17.241379,15.517241,15.517241,15.517241,15.517241,15.517241,15.517241,15.517241,15.517241,13.793103,13.793103,13.793103,18.867925,15.517241,15.517241,20.754717,15.517241,16.071429,13.793103,13.793103,13.793103,16.071429,13.793103,13.793103,15.517241,15.517241,15.517241,15.517241,15.517241,15.517241,15.517241,15.517241,15.517241,13.793103,15.517241,15.517241,13.793103,13.793103,15.517241,15.517241,15.517241,15.517241,15.517241,15.517241,15.517241,15.517241,12.068966,13.793103,15.517241,15.517241,15.517241,15.517241,15.517241,15.517241,22.641509,15.517241,15.517241,15.517241,15.517241,15.517241,13.793103,15.517241,13.793103,18.75,33.333333,40.677966,37.288136,38.983051,35.59322,40.677966,40.677966,40.677966,40.677966,40.677966,40.677966,40.677966,37.288136,35.59322,35.59322,40.677966,38.983051,40.677966,41.304348,37.288136,37.288136,33.898305,40.677966,40.677966,32.20339,32.20339,32.20339,38.983051,41.071429,40.677966,40.677966,40.677966,44.642857,40.350877,40.350877,40.677966,37.288136,32.20339,40.677966,44.642857,42.372881,37.288136,36.842105,35.59322,33.333333,25.531915,31.914894,31.914894,70,70,48.214286,52.727273,76.666667,78.333333,78.333333,90,100,21.568627,27.777778,29.62963,27.777778,26.923077,25.490196,15.517241,16
NC_041925.1|YP_009600629.1_47|1-60aa,32.142857,26.785714,28.571429,28.571429,25,32.142857,28.571429,28.571429,28.571429,28.571429,25,28.571429,28.571429,28.571429,28.571429,25,28.571429,25,25,25,21.428571,28.301887,25,25,28.571429,28.571429,25,25,23.529412,24.561404,24.561404,25,25,24.561404,25,28.571429,30.357143,25,25,25,25,25,25,25,25,25,25,25,25,25,25,26.785714,25,23.529412,25,25,25,23.529412,25,25,25,25,25,25,25,25,25,25,25,25,25,25,25,25,25,25,25,25,25,25,28.571429,28.571429,28.571429,25,28.571429,28.571429,25,25,25,25,23.214286,25,25,25,25,25,25,25,25,29.090909,26.315789,19.298246,21.052632,22.807018,25.490196,26.415094,19.298246,19.298246,19.298246,19.298246,19.298246,19.298246,21.052632,27.777778,25.925926,19.298246,24.528302,27.272727,25,24.528302,24.528302,31.372549,19.298246,19.298246,25.925926,25.925926,25.925926,24.528302,26.415094,29.090909,26.415094,26.415094,27.272727,24.528302,24.528302,26.415094,28.301887,25.925926,25.454545,27.272727,26.415094,24.561404,29.411765,29.411765,23.529412,22.807018,21.052632,20,21.153846,21.153846,20.754717,15.517241,23.636364,23.636364,23.636364,20,21.568627,100,60,56.666667,58.333333,51.666667,22.413793,26,28.571429
NC_025443.1|YP_009101225.1_55|1-60aa,32.142857,30.357143,30.357143,30.357143,32.142857,32.142857,33.928571,33.928571,33.928571,35.714286,33.928571,33.928571,35.714286,35.714286,33.928571,37.5,30.357143,32.142857,32.142857,32.142857,28.571429,30.357143,32.142857,32.142857,35.714286,35.714286,30.357143,32.142857,38.297872,29.824561,29.824561,30.357143,30.357143,29.824561,32.142857,29.824561,37.5,32.142857,32.142857,32.142857,32.142857,32.142857,32.142857,32.142857,32.142857,32.142857,32.142857,32.142857,32.142857,32.142857,32.142857,30.357143,32.142857,31.372549,30.357143,30.357143,30.357143,31.372549,30.357143,32.142857,32.142857,33.928571,32.142857,32.142857,32.142857,32.142857,32.142857,32.142857,32.142857,30.357143,32.142857,32.142857,32.142857,32.142857,32.142857,32.142857,32.142857,32.142857,32.142857,32.142857,35.714286,35.714286,32.142857,30.357143,35.714286,33.928571,32.142857,32.142857,32.142857,32.142857,30.357143,32.142857,32.142857,32.142857,32.142857,32.142857,30.357143,32.142857,30.357143,27.272727,27.083333,21.568627,25,23.214286,29.411765,26.415094,21.73913,21.73913,21.73913,21.73913,21.73913,21.73913,33.333333,33.333333,33.333333,21.73913,22.222222,29.090909,15.789474,29.090909,29.090909,27.45098,21.73913,21.73913,27.45098,27.45098,27.45098,22.222222,24.074074,27.272727,22.222222,22.222222,24.074074,20.37037,20.37037,22.222222,24.528302,27.45098,22.222222,24.074074,22.222222,27.777778,23.529412,34.782609,31.914894,19.298246,18.181818,18.518519,29.62963,29.62963,27.777778,15.789474,25.925926,25.925926,25.925926,27.777778,27.777778,60,100,90,93.333333,75,24.137931,25,23.076923
NC_042062.1|YP_009617884.1_55|1-60aa,28.070175,30.357143,32.142857,30.357143,33.928571,30.357143,33.928571,33.928571,33.928571,35.714286,33.928571,33.928571,35.714286,35.714286,33.928571,37.5,30.357143,32.142857,32.142857,32.142857,28.571429,30.357143,32.142857,32.142857,35.714286,35.714286,30.357143,32.142857,33.333333,29.824561,29.824561,30.357143,30.357143,29.824561,32.142857,29.824561,37.5,32.142857,32.142857,32.142857,32.142857,32.142857,32.142857,32.142857,32.142857,32.142857,32.142857,32.142857,32.142857,32.142857,32.142857,30.357143,32.142857,33.333333,30.357143,30.357143,30.357143,33.333333,30.357143,32.142857,32.142857,33.928571,32.142857,32.142857,32.142857,32.142857,32.142857,32.142857,32.142857,30.357143,32.142857,32.142857,32.142857,32.142857,32.142857,32.142857,32.142857,32.142857,32.142857,32.142857,35.714286,35.714286,30.357143,30.357143,35.714286,33.928571,32.142857,32.142857,32.142857,32.142857,30.357143,32.142857,32.142857,32.142857,32.142857,32.142857,30.357143,32.142857,30.357143,30.909091,31.25,28.26087,31.372549,24.561404,31.372549,30.188679,28.26087,28.26087,28.26087,28.26087,28.26087,28.26087,31.372549,24.561404,31.372549,28.26087,25.925926,27.777778,19.230769,24.074074,24.074074,27.45098,28.26087,28.26087,22.807018,25.925926,22.807018,25.925926,27.777778,31.372549,27.777778,27.777778,27.777778,25.925926,25.925926,27.777778,25.925926,22.807018,25.925926,27.777778,27.777778,27.777778,25.490196,32.608696,31.914894,22.807018,23.636364,18.518519,30.188679,30.188679,29.62963,13.793103,27.777778,27.777778,27.777778,29.62963,29.62963,56.666667,90,100,93.333333,76.666667,24.137931,26,32.653061
NC_047786.1|YP_009787825.1_51|1-60aa,29.824561,32.142857,32.142857,32.142857,33.928571,32.142857,35.714286,35.714286,35.714286,37.5,35.714286,35.714286,37.5,37.5,35.714286,39.285714,32.142857,33.928571,33.928571,33.928571,30.357143,32.142857,33.928571,33.928571,37.5,37.5,32.142857,33.928571,33.333333,31.578947,31.578947,32.142857,32.142857,31.578947,33.928571,31.578947,39.285714,33.928571,33.928571,33.928571,33.928571,33.928571,33.928571,33.928571,33.928571,33.928571,33.928571,33.928571,33.928571,33.928571,33.928571,32.142857,33.928571,33.333333,32.142857,32.142857,32.142857,33.333333,32.142857,33.928571,33.928571,35.714286,33.928571,33.928571,33.928571,33.928571,33.928571,33.928571,33.928571,32.142857,33.928571,33.928571,33.928571,33.928571,33.928571,33.928571,33.928571,33.928571,33.928571,33.928571,37.5,37.5,32.142857,33.928571,37.5,35.714286,33.928571,33.928571,33.928571,33.928571,32.142857,33.928571,33.928571,33.928571,33.928571,33.928571,32.142857,33.928571,32.142857,30.909091,29.166667,27.083333,31.372549,24.561404,33.333333,30.188679,29.411765,29.411765,29.411765,29.411765,29.411765,29.411765,33.333333,26.315789,33.333333,29.411765,22.222222,29.090909,23.529412,29.090909,29.090909,29.411765,29.411765,29.411765,31.372549,31.372549,31.372549,22.222222,24.074074,33.962264,22.222222,22.222222,24.074074,20.37037,20.37037,22.222222,22.222222,31.372549,22.222222,24.074074,22.222222,33.333333,25.490196,34.782609,31.914894,21.428571,20,17.857143,30.188679,30.188679,27.777778,13.793103,25.925926,32,25.925926,27.777778,27.777778,58.333333,93.333333,93.333333,100,76.666667,24.137931,28,32.653061
NC_071011.1|YP_010676313.1_56|1-60aa,28.571429,31.034483,28.571429,26.785714,28.571429,26.785714,32.142857,32.142857,32.142857,32.142857,30.357143,32.142857,32.142857,32.142857,32.142857,32.142857,26.785714,30.357143,30.357143,30.357143,26.785714,25.862069,30.357143,30.357143,32.142857,32.142857,28.571429,30.357143,31.372549,28.571429,27.777778,28.571429,28.571429,27.777778,30.357143,25.925926,33.928571,30.357143,30.357143,30.357143,30.357143,30.357143,30.357143,30.357143,30.357143,30.357143,30.357143,30.357143,32.142857,30.357143,30.357143,28.571429,30.357143,31.372549,28.571429,28.571429,28.571429,31.372549,28.571429,30.357143,30.357143,32.142857,30.357143,30.357143,30.357143,30.357143,30.357143,30.357143,30.357143,28.571429,30.357143,30.357143,30.357143,30.357143,30.357143,30.357143,30.357143,30.357143,30.357143,30.357143,32.142857,32.142857,30.909091,26.785714,32.142857,32.142857,30.357143,30.357143,30.357143,30.357143,30.357143,30.357143,30.357143,30.357143,30.357143,30.357143,28.571429,30.357143,28.571429,30.357143,30.357143,29.62963,33.333333,21.428571,29.411765,30.188679,28.26087,28.26087,28.26087,28.26087,28.26087,28.26087,33.333333,33.333333,33.333333,28.26087,24.074074,24.074074,20,22.222222,22.222222,29.411765,28.26087,28.26087,25.490196,25.490196,25.490196,24.074074,25.925926,36.363636,27.777778,27.777778,25.925926,24.074074,24.074074,25.925926,29.62963,25.490196,24.074074,25.925926,24.074074,35.294118,30,27.083333,25,18.965517,21.428571,18.965517,27.45098,27.45098,26.415094,17.241379,28.846154,28.846154,28.846154,26.923077,26.923077,51.666667,75,76.666667,76.666667,100,22.413793,23.076923,34.693878
NC_070772.1|YP_010649714.1_27|1-60aa,17.241379,21.428571,27.083333,21.428571,17.857143,29.166667,22,22,22,22,20,22,22,22,22,22,20.833333,22,22,22,24.444444,22,22,22,22,22,22,22,14.814815,24,24,22,22,24,22,26,32.608696,22,22,22,22,22,22,22,22,22,22,22,24,22,22,22,22,16.666667,20,22,22,16.666667,22,22,22,24,22,22,22,22,22,22,22,22,22,22,22,22,22,22,22,22,22,22,22,22,19.230769,22.916667,22,22,22,22,22,22,26,22,22,22,22,22,22,22,22,16.666667,25,24.561404,28.070175,28.070175,28.070175,30.909091,30.909091,30.909091,30.909091,30.909091,30.909091,30.909091,29.824561,28.070175,28.070175,30.909091,28.070175,28.070175,15.517241,29.824561,29.824561,29.824561,30.909091,30.909091,28.070175,28.070175,28.070175,28.070175,28.070175,28.070175,28.070175,28.070175,28.070175,25.454545,25.454545,28.070175,29.824561,28.070175,28.070175,28.070175,28.070175,28.070175,26.315789,33.333333,31.578947,24.528302,26.530612,6.666667,19.642857,19.642857,24.074074,17.241379,31.372549,31.372549,31.372549,27.45098,25.490196,22.413793,24.137931,24.137931,24.137931,22.413793,100,23.636364,17.54386
NC_031098.1|YP_009289769.1_30|1-60aa,25.454545,22.807018,21.052632,26,22,25,22.807018,24,24,29.166667,24,24,24,24,24,29.166667,29.090909,22,22,22,24,22,22,22,24,24,22,22,22.641509,18,20,22,22,20,22,20,24,22,22,22,22,22,22,22,22,22,22,22,22,22,22,20,22,26.415094,22,22,22,26.415094,22,22,22,20,22,22,22,22,22,20,22,22,22,22,22,22,22,22,22,22,22,22,29.166667,29.166667,25,24,24,24,22,22,22,22,22,22,22,22,22,22,22,22,22,27.45098,25.862069,30.188679,23.529412,32,25.454545,32.075472,32.075472,32.075472,32.075472,32.075472,32.075472,32.075472,25.454545,25.454545,23.529412,32.075472,23.636364,23.636364,28.888889,21.818182,21.818182,23.214286,32.075472,32.075472,31.372549,23.529412,25.490196,23.636364,18.965517,29.787234,29.787234,29.787234,17.241379,21.428571,21.428571,29.787234,25.925926,25.490196,20,17.241379,29.787234,27.659574,34.693878,23.529412,24.528302,25.454545,26,18,20,20,14.545455,26.415094,15.517241,17.241379,15.517241,18.965517,15.517241,26,25,26,28,23.076923,23.636364,100,16.363636
NC_073031.1|YP_010738745.1_18|1-60aa,32.608696,25.531915,25.531915,27.659574,27.659574,19.565217,28.571429,27.659574,27.659574,27.659574,27.659574,27.659574,28.571429,27.659574,27.659574,21.276596,27.659574,25,27.272727,27.272727,17.857143,23.404255,25,25,27.659574,27.659574,25,19.565217,21.153846,25.531915,23.404255,25,19.565217,23.404255,21.73913,26.086957,29.787234,25,25,27.272727,25,25,27.272727,25,25,19.565217,19.565217,25,19.565217,25,25,25,25,18.518519,21.73913,19.565217,25,18.518519,27.272727,25,27.272727,29.545455,27.272727,27.272727,27.272727,27.272727,25,25,27.272727,19.565217,25,27.272727,19.565217,25,27.272727,25,25,25,21.73913,25,27.659574,27.659574,16.326531,23.404255,27.659574,27.659574,25,25,27.272727,27.272727,25,25,25,25,25,27.272727,19.565217,27.272727,19.565217,22.222222,20,37.209302,17.857143,34.883721,19.642857,17.857143,37.209302,37.209302,37.209302,37.209302,37.209302,37.209302,17.857143,34.883721,19.642857,37.209302,19.298246,15.789474,23.636364,17.54386,17.54386,30.232558,37.209302,37.209302,24.528302,22.641509,24.528302,19.298246,15.789474,20.37037,24.074074,24.074074,15.789474,26.086957,26.086957,24.074074,24.074074,24.528302,24.528302,15.789474,22.222222,28.846154,37.5,32,29.787234,26.086957,31.25,17.241379,21.276596,21.276596,14,32.692308,26.923077,26.923077,26.923077,14,16,28.571429,23.076923,32.653061,32.653061,34.693878,17.54386,16.363636,100