#                                                                                                                                                                              --- full sequence --- -------------- this domain -------------   hmm coord   ali coord   env coord
# target name                                                                                                       accession   tlen query name              accession   qlen   E-value  score  bias   #  of  c-Evalue  i-Evalue  score  bias  from    to  from    to  from    to  acc description of target
#                                                                                               ------------------- ---------- -----    -------------------- ---------- ----- --------- ------ ----- --- --- --------- --------- ------ ----- ----- ----- ----- ----- ----- ----- ---- ---------------------
NC_073321.1|YP_010749394.1_37|[Escherichia_phage_ZCEC5]hypothetical_protein|20117..20617|166                        -            166 cl_100seqs_9reps_msa_cr -            148   2.5e-87  295.0   0.2   1   1   6.4e-91   2.8e-87  294.9   0.2     1   148    10   159    10   159 1.00 aa
NC_073325.1|YP_010749670.1_4|[Escherichia_phage_vB_EcoS_XY1]minor_tail_protein|complement(3811..5211)|466           -            466 cl_100seqs_9reps_msa_cr -            148   3.3e-87  294.6   0.2   1   1   1.7e-90   7.5e-87  293.5   0.2     1   148    10   159    10   159 1.00 aa
NC_041897.1|YP_009597306.1_26|[Escherichia_phage_K1ind1]hypothetical_protein|16991..18391|466                       -            466 cl_100seqs_9reps_msa_cr -            148   3.5e-87  294.6   0.2   1   1   2.1e-90   9.1e-87  293.2   0.2     1   148    10   159    10   159 1.00 aa
NC_093712.1|YP_011217191.1_3|[Escherichia_phage_L_AB-2017]hypothetical_protein|complement(1052..1552)|166           -            166 cl_100seqs_9reps_msa_cr -            148     8e-87  293.4   0.2   1   1   2.1e-90   9.1e-87  293.2   0.2     1   148    10   159    10   159 1.00 aa
NC_073314.1|YP_010748874.1_48|[Escherichia_virus_fEg-Eco19]hypothetical_protein|24956..25456|166                    -            166 cl_100seqs_9reps_msa_cr -            148     8e-87  293.4   0.2   1   1   2.1e-90   9.1e-87  293.2   0.2     1   148    10   159    10   159 1.00 aa
NC_073324.1|YP_010749624.1_44|[Escherichia_phage_vB_EcoS-22664BS2]hypothetical_protein|22068..23465|465             -            465 cl_100seqs_9reps_msa_cr -            148     1e-86  293.1   0.3   1   1   4.9e-90   2.1e-86  292.0   0.3     1   148    10   159    10   159 1.00 aa
NC_042084.1|YP_009620106.1_26|[Escherichia_phage_VB_EcoS-Golestan]hypothetical_protein|17370..18788|472             -            472 cl_100seqs_9reps_msa_cr -            148   1.3e-86  292.7   0.3   1   1     3e-90   1.3e-86  292.7   0.3     1   148    10   159    10   159 1.00 aa
NC_073323.1|YP_010749527.1_27|[Escherichia_phage_vB_EcoS-phiEc3]minor_tail_protein|17198..18616|472                 -            472 cl_100seqs_9reps_msa_cr -            148   1.3e-86  292.7   0.3   1   1     3e-90   1.3e-86  292.7   0.3     1   148    10   159    10   159 1.00 aa
NC_093713.1|YP_011217263.1_8|[Escherichia_phage_P_AB-2017]hypothetical_protein|complement(8713..9213)|166           -            166 cl_100seqs_9reps_msa_cr -            148   1.6e-86  292.4   0.2   1   1   4.1e-90   1.8e-86  292.3   0.2     1   148    10   159    10   159 1.00 aa
NC_027993.1|YP_009168807.1_27|[Escherichia_phage_K1G]hypothetical_protein|17937..18437|166                          -            166 cl_100seqs_9reps_msa_cr -            148   1.7e-86  292.3   0.2   1   1   4.4e-90   1.9e-86  292.2   0.2     1   148    10   159    10   159 1.00 aa
NC_027994.1|YP_009168856.1_24|[Escherichia_phage_K1H]hypothetical_protein|16248..16748|166                          -            166 cl_100seqs_9reps_msa_cr -            148   1.7e-86  292.3   0.2   1   1   4.4e-90   1.9e-86  292.2   0.2     1   148    10   159    10   159 1.00 aa
NC_073316.1|YP_010749009.1_30|[Escherichia_phage_vB_EcoS_fFiEco02]hypothetical_protein|19687..20187|166             -            166 cl_100seqs_9reps_msa_cr -            148   6.1e-86  290.5   0.2   1   1   1.6e-89   6.9e-86  290.4   0.2     1   148    10   159    10   159 0.99 aa
NC_041898.1|YP_009597357.1_26|[Escherichia_phage_K1ind2]hypothetical_protein|16992..18392|466                       -            466 cl_100seqs_9reps_msa_cr -            148   6.3e-86  290.5   0.3   1   1   3.8e-89   1.7e-85  289.1   0.3     1   148    10   159    10   159 1.00 aa
NC_073197.1|YP_010747470.1_58|[Salmonella_phage_vB_SenS_ER23]hypothetical_protein|40103..40603|166                  -            166 cl_100seqs_9reps_msa_cr -            148   7.6e-86  290.2   0.2   1   1     2e-89   8.6e-86  290.1   0.2     1   148    10   159    10   159 0.99 aa
NC_073198.1|YP_010747531.1_59|[Salmonella_phage_vB_SenS_ER21]hypothetical_protein|complement(40052..40552)|166      -            166 cl_100seqs_9reps_msa_cr -            148   7.6e-86  290.2   0.2   1   1     2e-89   8.6e-86  290.1   0.2     1   148    10   159    10   159 0.99 aa
NC_073199.1|YP_010747561.1_29|[Salmonella_phage_S102]hypothetical_protein|19783..20283|166                          -            166 cl_100seqs_9reps_msa_cr -            148   7.6e-86  290.2   0.2   1   1     2e-89   8.6e-86  290.1   0.2     1   148    10   159    10   159 0.99 aa
NC_073317.1|YP_010749084.1_28|[Escherichia_phage_vB_EcoS_fPoEco01]hypothetical_protein|18289..18789|166             -            166 cl_100seqs_9reps_msa_cr -            148   8.6e-86  290.1   0.2   1   1   2.2e-89   9.7e-86  289.9   0.2     1   148    10   159    10   159 0.99 aa
NC_006940.2|YP_308655.1_54|[Salmonella_phage_SS3e]hypothetical_protein|complement(36137..36637)|166                 -            166 cl_100seqs_9reps_msa_cr -            148   9.6e-86  289.9   0.2   1   1   2.5e-89   1.1e-85  289.7   0.2     1   148    10   159    10   159 0.99 aa
NC_073212.1|YP_010748343.1_28|[Salmonella_phage_ZCSE9]hypothetical_protein|19068..19568|166                         -            166 cl_100seqs_9reps_msa_cr -            148   9.6e-86  289.9   0.2   1   1   2.5e-89   1.1e-85  289.7   0.2     1   148    10   159    10   159 0.99 aa
NC_073191.1|YP_010747048.1_26|[Salmonella_phage_vB_SenS-EnJE6]hypothetical_protein|complement(19818..20318)|166     -            166 cl_100seqs_9reps_msa_cr -            148   9.9e-86  289.9   0.1   1   1   2.5e-89   1.1e-85  289.7   0.1     1   148    10   159    10   159 1.00 aa
NC_073318.1|YP_010749194.1_61|[Escherichia_phage_NTEC3]hypothetical_protein|complement(34314..35714)|466            -            466 cl_100seqs_9reps_msa_cr -            148   1.4e-85  289.4   1.1   1   1   4.1e-89   1.8e-85  289.0   0.2     1   148    10   159    10   159 1.00 aa
NC_073184.1|YP_010746642.1_32|[Salmonella_phage_F12013]tail_protein|complement(23758..24258)|166                    -            166 cl_100seqs_9reps_msa_cr -            148   1.4e-85  289.3   0.1   1   1   3.7e-89   1.6e-85  289.2   0.1     1   148    10   159    10   159 0.99 aa
NC_073196.1|YP_010747352.1_5|[Salmonella_phage_NBSal006]hypothetical_protein|complement(3960..4460)|166             -            166 cl_100seqs_9reps_msa_cr -            148   1.5e-85  289.3   0.2   1   1   3.7e-89   1.6e-85  289.2   0.2     1   148    10   159    10   159 0.99 aa
NC_073213.1|YP_010748406.1_26|[Salmonella_phage_vB_SenS_SB3]hypothetical_protein|17765..18265|166                   -            166 cl_100seqs_9reps_msa_cr -            148   1.5e-85  289.3   0.2   1   1   3.7e-89   1.6e-85  289.2   0.2     1   148    10   159    10   159 0.99 aa
NC_019539.1|YP_007010481.1_28|[Salmonella_phage_vB_SenS-Ent1]hypothetical_protein|18977..19477|166                  -            166 cl_100seqs_9reps_msa_cr -            148   1.6e-85  289.2   0.2   1   1   4.1e-89   1.8e-85  289.0   0.2     1   148    10   159    10   159 0.99 aa
NC_073179.1|YP_010746349.1_30|[Salmonella_phage_vB_SenS_TUMS_E4]hypothetical_protein|20065..20565|166               -            166 cl_100seqs_9reps_msa_cr -            148   1.6e-85  289.2   0.2   1   1   4.1e-89   1.8e-85  289.0   0.2     1   148    10   159    10   159 0.99 aa
NC_073181.1|YP_010746468.1_30|[Salmonella_phage_5sent1]minor_tail_protein|19967..20467|166                          -            166 cl_100seqs_9reps_msa_cr -            148   1.6e-85  289.2   0.2   1   1   4.1e-89   1.8e-85  289.0   0.2     1   148    10   159    10   159 0.99 aa
NC_073182.1|YP_010746525.1_29|[Salmonella_virus_VSe103]hypothetical_protein|19773..20273|166                        -            166 cl_100seqs_9reps_msa_cr -            148   1.6e-85  289.2   0.2   1   1   4.1e-89   1.8e-85  289.0   0.2     1   148    10   159    10   159 0.99 aa
NC_073185.1|YP_010746711.1_42|[Salmonella_phage_PBSE191]hypothetical_protein|39461..39961|166                       -            166 cl_100seqs_9reps_msa_cr -            148   1.6e-85  289.2   0.2   1   1   4.1e-89   1.8e-85  289.0   0.2     1   148    10   159    10   159 0.99 aa
NC_073315.1|YP_010748930.1_28|[Escherichia_phage_vB_EcoS_fFiEco03]hypothetical_protein|17935..19305|456             -            456 cl_100seqs_9reps_msa_cr -            148     2e-85  288.9   0.1   1   1   1.1e-88   4.8e-85  287.6   0.1     1   148     3   150     3   150 1.00 aa
NC_073215.1|YP_010748512.1_4|[Salmonella_phage_SGPC]tail_protein|complement(1472..1972)|166                         -            166 cl_100seqs_9reps_msa_cr -            148     2e-85  288.8   0.2   1   1   5.2e-89   2.3e-85  288.7   0.2     1   148    10   159    10   159 0.99 aa
NC_022752.1|YP_008767027.1_28|[Salmonella_phage_SETP13]hypothetical_protein|18112..18612|166                        -            166 cl_100seqs_9reps_msa_cr -            148   2.1e-85  288.8   0.2   1   1   5.4e-89   2.4e-85  288.6   0.2     1   148    10   159    10   159 1.00 aa
NC_073174.1|YP_010746054.1_42|[Salmonella_phage_wast]hypothetical_protein|23773..24273|166                          -            166 cl_100seqs_9reps_msa_cr -            148   2.1e-85  288.8   0.2   1   1   5.4e-89   2.4e-85  288.6   0.2     1   148    10   159    10   159 1.00 aa
NC_073187.1|YP_010746797.1_25|[Salmonella_phage_vB_SenS-EnJE1]hypothetical_protein|complement(22305..22805)|166     -            166 cl_100seqs_9reps_msa_cr -            148   2.1e-85  288.8   0.2   1   1   5.4e-89   2.4e-85  288.6   0.2     1   148    10   159    10   159 1.00 aa
NC_073173.1|YP_010745993.1_42|[Salmonella_phage_blauehaus]hypothetical_protein|23963..24463|166                     -            166 cl_100seqs_9reps_msa_cr -            148   2.1e-85  288.8   0.1   1   1   5.4e-89   2.4e-85  288.6   0.1     1   148    10   159    10   159 1.00 aa
NC_073178.1|YP_010746288.1_31|[Salmonella_phage_vB_SenS_TUMS_E19]hypothetical_protein|20086..20586|166              -            166 cl_100seqs_9reps_msa_cr -            148   2.1e-85  288.8   0.1   1   1   5.4e-89   2.4e-85  288.6   0.1     1   148    10   159    10   159 1.00 aa
NC_073186.1|YP_010746744.1_32|[Salmonella_phage_vB_SenS_PVP-SE2]hypothetical_protein|complement(23538..24038)|166   -            166 cl_100seqs_9reps_msa_cr -            148   2.1e-85  288.8   0.1   1   1   5.4e-89   2.4e-85  288.6   0.1     1   148    10   159    10   159 1.00 aa
NC_073200.1|YP_010747627.1_31|[Salmonella_phage_S100]hypothetical_protein|20810..21310|166                          -            166 cl_100seqs_9reps_msa_cr -            148   2.1e-85  288.8   0.1   1   1   5.4e-89   2.4e-85  288.6   0.1     1   148    10   159    10   159 1.00 aa
NC_073201.1|YP_010747703.1_41|[Salmonella_phage_dunkel]hypothetical_protein|25780..26280|166                        -            166 cl_100seqs_9reps_msa_cr -            148   2.1e-85  288.8   0.1   1   1   5.4e-89   2.4e-85  288.6   0.1     1   148    10   159    10   159 1.00 aa
NC_073202.1|YP_010747772.1_47|[Salmonella_phage_celemicas]hypothetical_protein|25526..26026|166                     -            166 cl_100seqs_9reps_msa_cr -            148   2.1e-85  288.8   0.1   1   1   5.4e-89   2.4e-85  288.6   0.1     1   148    10   159    10   159 1.00 aa
NC_073203.1|YP_010747823.1_31|[Salmonella_phage_MET_P1_001_43]hypothetical_protein|19249..19749|166                 -            166 cl_100seqs_9reps_msa_cr -            148   2.1e-85  288.8   0.1   1   1   5.4e-89   2.4e-85  288.6   0.1     1   148    10   159    10   159 1.00 aa
NC_073209.1|YP_010748162.1_6|[Salmonella_phage_GRNsp50]hypothetical_protein|complement(5544..6044)|166              -            166 cl_100seqs_9reps_msa_cr -            148   2.1e-85  288.8   0.1   1   1   5.4e-89   2.4e-85  288.6   0.1     1   148    10   159    10   159 1.00 aa
NC_073183.1|YP_010746577.1_24|[Salmonella_phage_NBSal007]hypothetical_protein|complement(21183..21683)|166          -            166 cl_100seqs_9reps_msa_cr -            148   2.6e-85  288.5   0.1   1   1   6.5e-89   2.9e-85  288.4   0.1     1   148    10   159    10   159 1.00 aa
NC_073194.1|YP_010747222.1_3|[Salmonella_phage_vB_SalP_LDW16]hypothetical_protein|complement(1350..1850)|166        -            166 cl_100seqs_9reps_msa_cr -            148   2.7e-85  288.5   0.2   1   1   6.8e-89     3e-85  288.3   0.2     1   148    10   159    10   159 1.00 aa
NC_073319.1|YP_010749258.1_53|[Escherichia_phage_SZH-1]hypothetical_protein|complement(25719..26192)|157            -            157 cl_100seqs_9reps_msa_cr -            148   2.8e-85  288.4   0.1   1   1     7e-89   3.1e-85  288.2   0.1     1   148     3   150     3   150 1.00 aa
NC_048181.1|YP_009821861.1_25|[Raoultella_phage_RP180]hypothetical_protein|19172..19666|164                         -            164 cl_100seqs_9reps_msa_cr -            148   3.5e-85  288.1   0.0   1   1   8.9e-89   3.9e-85  287.9   0.0     1   148    10   157    10   157 1.00 aa
NC_073216.1|YP_010748575.1_5|[Salmonella_phage_STP03]hypothetical_protein|complement(5491..5991)|166                -            166 cl_100seqs_9reps_msa_cr -            148   3.8e-85  288.0   0.2   1   1   9.8e-89   4.3e-85  287.8   0.2     1   148    10   159    10   159 0.99 aa
NC_073169.1|YP_010745715.1_18|[Salmonella_phage_SS5]hypothetical_protein|complement(15759..16259)|166               -            166 cl_100seqs_9reps_msa_cr -            148     4e-85  287.9   0.1   1   1     1e-88   4.6e-85  287.7   0.1     1   148    10   159    10   159 1.00 aa
NC_073176.1|YP_010746159.1_28|[Salmonella_virus_VSe101]hypothetical_protein|19414..19914|166                        -            166 cl_100seqs_9reps_msa_cr -            148   4.5e-85  287.7   0.2   1   1   1.1e-88     5e-85  287.6   0.2     1   148    10   159    10   159 1.00 aa
NC_073208.1|YP_010748125.1_26|[Salmonella_phage_SLMP1]hypothetical_protein|complement(20699..21199)|166             -            166 cl_100seqs_9reps_msa_cr -            148   4.5e-85  287.7   0.2   1   1   1.1e-88     5e-85  287.6   0.2     1   148    10   159    10   159 1.00 aa
NC_073211.1|YP_010748298.1_37|[Salmonella_phage_T102]hypothetical_protein|22571..23071|166                          -            166 cl_100seqs_9reps_msa_cr -            148   4.5e-85  287.7   0.2   1   1   1.1e-88     5e-85  287.6   0.2     1   148    10   159    10   159 1.00 aa
NC_069146.1|YP_010582164.1_57|[Salmonella_phage_St162]hypothetical_protein|36455..36955|166                         -            166 cl_100seqs_9reps_msa_cr -            148   5.3e-85  287.5   0.3   1   1   1.4e-88     6e-85  287.3   0.3     1   148    10   159    10   159 1.00 aa
NC_069148.1|YP_010582260.1_27|[Salmonella_phage_TS6]hypothetical_protein|complement(19322..19822)|166               -            166 cl_100seqs_9reps_msa_cr -            148   5.3e-85  287.5   0.3   1   1   1.4e-88     6e-85  287.3   0.3     1   148    10   159    10   159 1.00 aa
NC_069149.1|YP_010582359.1_61|[Salmonella_phage_vB_SenTO17]hypothetical_protein|complement(31844..32344)|166        -            166 cl_100seqs_9reps_msa_cr -            148   5.3e-85  287.5   0.3   1   1   1.4e-88     6e-85  287.3   0.3     1   148    10   159    10   159 1.00 aa
NC_069150.1|YP_010582406.1_33|[Salmonella_phage_vB_STM-ZS]hypothetical_protein|complement(22605..23105)|166         -            166 cl_100seqs_9reps_msa_cr -            148   5.3e-85  287.5   0.3   1   1   1.4e-88     6e-85  287.3   0.3     1   148    10   159    10   159 1.00 aa
NC_069151.1|YP_010582466.1_34|[Salmonella_phage_vB_SenS_SE1]hypothetical_protein|complement(21758..22258)|166       -            166 cl_100seqs_9reps_msa_cr -            148   5.3e-85  287.5   0.3   1   1   1.4e-88     6e-85  287.3   0.3     1   148    10   159    10   159 1.00 aa
NC_073322.1|YP_010749475.1_46|[Escherichia_phage_vB_EcoS-Ro145c2YLVW]hypothetical_protein|23553..24026|157          -            157 cl_100seqs_9reps_msa_cr -            148   5.4e-85  287.5   0.1   1   1   1.4e-88   6.1e-85  287.3   0.1     1   148     3   150     3   150 1.00 aa
NC_073175.1|YP_010746101.1_29|[Salmonella_virus_VSt10]hypothetical_protein|19072..19572|166                         -            166 cl_100seqs_9reps_msa_cr -            148   5.4e-85  287.5   0.2   1   1   1.4e-88   6.1e-85  287.3   0.2     1   148    10   159    10   159 0.99 aa
NC_041992.1|YP_009608663.1_42|[Salmonella_phage_wksl3]hypothetical_protein|complement(27064..27564)|166             -            166 cl_100seqs_9reps_msa_cr -            148   5.5e-85  287.4   0.1   1   1   1.4e-88   6.2e-85  287.3   0.1     1   148    10   159    10   159 0.99 aa
NC_073195.1|YP_010747307.1_28|[Salmonella_phage_Shelanagig]hypothetical_protein|18443..18943|166                    -            166 cl_100seqs_9reps_msa_cr -            148     6e-85  287.3   0.1   1   1   1.5e-88   6.7e-85  287.2   0.1     1   148    10   159    10   159 1.00 aa
NC_028698.1|YP_009191569.1_16|[Salmonella_phage_f18SE]hypothetical_protein|complement(15923..16423)|166             -            166 cl_100seqs_9reps_msa_cr -            148   6.5e-85  287.2   0.2   1   1   1.7e-88   7.3e-85  287.0   0.2     1   148    10   159    10   159 0.99 aa
NC_073188.1|YP_010746874.1_48|[Salmonella_phage_vB_SenS_S532]hypothetical_protein|24316..24816|166                  -            166 cl_100seqs_9reps_msa_cr -            148   6.7e-85  287.2   0.2   1   1   1.7e-88   7.5e-85  287.0   0.2     1   148    10   159    10   159 1.00 aa
NC_073189.1|YP_010746947.1_55|[Salmonella_phage_JD01]hypothetical_protein|complement(38045..38545)|166              -            166 cl_100seqs_9reps_msa_cr -            148   6.7e-85  287.2   0.2   1   1   1.7e-88   7.5e-85  287.0   0.2     1   148    10   159    10   159 1.00 aa
NC_073190.1|YP_010747004.1_50|[Salmonella_phage_vB_SenS_S528]hypothetical_protein|24404..24904|166                  -            166 cl_100seqs_9reps_msa_cr -            148   6.7e-85  287.2   0.2   1   1   1.7e-88   7.5e-85  287.0   0.2     1   148    10   159    10   159 1.00 aa
NC_073192.1|YP_010747095.1_6|[Salmonella_phage_F118P13]hypothetical_protein|complement(5673..6173)|166              -            166 cl_100seqs_9reps_msa_cr -            148   6.7e-85  287.2   0.2   1   1   1.7e-88   7.5e-85  287.0   0.2     1   148    10   159    10   159 1.00 aa
NC_073193.1|YP_010747216.1_59|[Salmonella_phage_vB_SalS-S10]hypothetical_protein|39171..39671|166                   -            166 cl_100seqs_9reps_msa_cr -            148   6.7e-85  287.2   0.2   1   1   1.7e-88   7.5e-85  287.0   0.2     1   148    10   159    10   159 1.00 aa
NC_073207.1|YP_010748064.1_18|[Salmonella_phage_SHWT1]hypothetical_protein|complement(17411..17911)|166             -            166 cl_100seqs_9reps_msa_cr -            148   6.7e-85  287.2   0.2   1   1   1.7e-88   7.5e-85  287.0   0.2     1   148    10   159    10   159 1.00 aa
NC_021777.1|YP_008239738.1_29|[Salmonella_phage_Jersey]hypothetical_protein|20172..20672|166                        -            166 cl_100seqs_9reps_msa_cr -            148   7.2e-85  287.1   0.2   1   1   1.8e-88   8.1e-85  286.9   0.2     1   148    10   159    10   159 0.99 aa
NC_073320.1|YP_010749347.1_61|[Escherichia_phage_26]hypothetical_protein|32941..33414|157                           -            157 cl_100seqs_9reps_msa_cr -            148   7.8e-85  287.0   0.0   1   1     2e-88   8.7e-85  286.8   0.0     1   148     3   150     3   150 1.00 aa
NC_073172.1|YP_010745932.1_46|[Salmonella_phage_skrot]hypothetical_protein|24902..25402|166                         -            166 cl_100seqs_9reps_msa_cr -            148   9.9e-85  286.6   0.2   1   1   2.5e-88   1.1e-84  286.5   0.2     1   148    10   159    10   159 1.00 aa
NC_009232.2|YP_001110816.2_27|[Salmonella_phage_SETP3]hypothetical_protein|18460..18960|166                         -            166 cl_100seqs_9reps_msa_cr -            148   1.1e-84  286.5   0.2   1   1   2.8e-88   1.2e-84  286.3   0.2     1   148    10   159    10   159 1.00 aa
NC_041991.1|YP_009608582.1_27|[Salmonella_phage_vB_SenS_AG11]hypothetical_protein|17728..18228|166                  -            166 cl_100seqs_9reps_msa_cr -            148   1.2e-84  286.3   0.2   1   1   3.1e-88   1.4e-84  286.2   0.2     1   148    10   159    10   159 0.99 aa
NC_073214.1|YP_010748481.1_38|[Salmonella_phage_vB_SenS_ER1]hypothetical_protein|21670..22170|166                   -            166 cl_100seqs_9reps_msa_cr -            148   1.3e-84  286.2   0.2   1   1   3.3e-88   1.5e-84  286.1   0.2     1   148    10   159    10   159 1.00 aa
NC_073217.1|YP_010748688.1_48|[Salmonella_phage_pink]hypothetical_protein|25082..25582|166                          -            166 cl_100seqs_9reps_msa_cr -            148   1.3e-84  286.2   0.2   1   1   3.3e-88   1.5e-84  286.1   0.2     1   148    10   159    10   159 1.00 aa
NC_022754.1|YP_008767198.1_27|[Salmonella_phage_SETP7]hypothetical_protein|17572..18072|166                         -            166 cl_100seqs_9reps_msa_cr -            148   1.7e-84  285.8   0.2   1   1   4.4e-88     2e-84  285.7   0.2     1   148    10   159    10   159 0.99 aa
NC_069147.1|YP_010582233.1_64|[Salmonella_phage_GRNsp27]hypothetical_protein|40507..41007|166                       -            166 cl_100seqs_9reps_msa_cr -            148   1.9e-84  285.7   0.3   1   1   4.9e-88   2.2e-84  285.5   0.3     1   148    10   159    10   159 1.00 aa
NC_073218.1|YP_010748749.1_38|[Salmonella_phage_demigod]hypothetical_protein|24667..25167|166                       -            166 cl_100seqs_9reps_msa_cr -            148   2.9e-84  285.1   0.1   1   1   7.5e-88   3.3e-84  284.9   0.1     1   148    10   159    10   159 1.00 aa
NC_073219.1|YP_010748806.1_39|[Salmonella_phage_sidste]hypothetical_protein|23863..24363|166                        -            166 cl_100seqs_9reps_msa_cr -            148   2.9e-84  285.1   0.1   1   1   7.5e-88   3.3e-84  284.9   0.1     1   148    10   159    10   159 1.00 aa
NC_021775.1|YP_008239652.1_55|[Salmonella_phage_FSL_SP-031]hypothetical_protein|36428..36928|166                    -            166 cl_100seqs_9reps_msa_cr -            148   3.9e-84  284.7   0.2   1   1   9.9e-88   4.4e-84  284.5   0.2     1   148    10   159    10   159 1.00 aa
NC_069153.1|YP_010582605.1_27|[Salmonella_virus_VSiP]hypothetical_protein|18017..18517|166                          -            166 cl_100seqs_9reps_msa_cr -            148   7.6e-84  283.7   0.3   1   1     2e-87   8.6e-84  283.6   0.3     1   148    10   159    10   159 1.00 aa
NC_069152.1|YP_010582522.1_27|[Salmonella_phage_Shemara]hypothetical_protein|18129..18629|166                       -            166 cl_100seqs_9reps_msa_cr -            148   6.5e-83  280.7   0.4   1   1   1.7e-86   7.3e-83  280.6   0.4     1   148    10   159    10   159 1.00 aa
NC_069154.1|YP_010582691.1_40|[Klebsiella_phage_VLCpiS11a]virion_structural_protein|complement(25256..25750)|164    -            164 cl_100seqs_9reps_msa_cr -            148   1.4e-80  273.2   0.2   1   1   3.5e-84   1.5e-80  273.0   0.2     1   148    10   157    10   157 1.00 aa
NC_069156.1|YP_010582773.1_5|[Serratia_phage_vB_SmaM-Otaku]hypothetical_protein|complement(4881..5375)|164          -            164 cl_100seqs_9reps_msa_cr -            148   1.4e-79  270.0   0.1   1   1   3.5e-83   1.5e-79  269.8   0.1     1   148    10   157    10   157 1.00 aa
NC_021317.1|YP_008058254.1_8|[Salmonella_phage_L13]hypothetical_protein|complement(7496..7939)|147                  -            147 cl_100seqs_9reps_msa_cr -            148   3.4e-78  265.4   0.3   1   1   8.5e-82   3.7e-78  265.3   0.3    11   148     1   140     1   140 0.99 aa
NC_023608.1|YP_009009952.1_28|[Salmonella_phage_vB_SenS-Ent2]hypothetical_protein|19095..19538|147                  -            147 cl_100seqs_9reps_msa_cr -            148   3.4e-78  265.4   0.3   1   1   8.5e-82   3.7e-78  265.3   0.3    11   148     1   140     1   140 0.99 aa
NC_024204.1|YP_009035165.1_28|[Salmonella_phage_vB_SenS-Ent3]hypothetical_protein|19099..19542|147                  -            147 cl_100seqs_9reps_msa_cr -            148   3.4e-78  265.4   0.3   1   1   8.5e-82   3.7e-78  265.3   0.3    11   148     1   140     1   140 0.99 aa
NC_031021.1|YP_009280168.1_40|[Salmonella_phage_MA12]hypothetical_protein|complement(28634..29077)|147              -            147 cl_100seqs_9reps_msa_cr -            148   3.4e-78  265.4   0.3   1   1   8.5e-82   3.7e-78  265.3   0.3    11   148     1   140     1   140 0.99 aa
NC_016763.1|YP_005098153.1_57|[Salmonella_phage_SE2]hypothetical_protein|37051..37494|147                           -            147 cl_100seqs_9reps_msa_cr -            148   4.4e-78  265.0   0.3   1   1   1.1e-81   4.9e-78  264.9   0.3    11   148     1   140     1   140 0.99 aa
NC_073170.1|YP_010745802.1_38|[Salmonella_phage_SE-W109]hypothetical_protein|complement(24001..24444)|147           -            147 cl_100seqs_9reps_msa_cr -            148   4.4e-78  265.0   0.3   1   1   1.1e-81   4.9e-78  264.9   0.3    11   148     1   140     1   140 0.99 aa
NC_069155.1|YP_010582758.1_50|[Serratia_phage_Tsm2]hypothetical_protein|30094..30588|164                            -            164 cl_100seqs_9reps_msa_cr -            148   6.3e-78  264.5   0.0   1   1   1.6e-81   7.1e-78  264.4   0.0     1   148    10   157    10   157 1.00 aa
NC_073210.1|YP_010748238.1_23|[Salmonella_phage_fmb-p1]hypothetical_protein|complement(23471..23914)|147            -            147 cl_100seqs_9reps_msa_cr -            148   9.3e-78  264.0   0.3   1   1   2.4e-81     1e-77  263.8   0.3    11   148     1   140     1   140 1.00 aa
NC_073205.1|YP_010747958.1_31|[Salmonella_phage_LP31]hypothetical_protein|20982..21425|147                          -            147 cl_100seqs_9reps_msa_cr -            148   1.4e-77  263.4   0.2   1   1   3.5e-81   1.5e-77  263.3   0.2    11   148     1   140     1   140 1.00 aa
NC_028695.2|YP_009191448.1_40|[Enterobacter_phage_phiEap-2]hypothetical_protein|21610..22104|164                    -            164 cl_100seqs_9reps_msa_cr -            148   2.4e-77  262.6   0.1   1   1   6.2e-81   2.7e-77  262.5   0.1     1   148    10   157    10   157 1.00 aa
NC_021563.1|YP_008130357.1_64|[Serratia_phage_Eta]hypothetical_protein|36442..36936|164                             -            164 cl_100seqs_9reps_msa_cr -            148   2.5e-77  262.6   0.1   1   1   6.4e-81   2.8e-77  262.4   0.1     1   148    10   157    10   157 1.00 aa
NC_073206.1|YP_010748033.1_49|[Salmonella_phage_CTH7]hypothetical_protein|complement(32715..33158)|147              -            147 cl_100seqs_9reps_msa_cr -            148     4e-77  261.9   0.2   1   1     1e-80   4.4e-77  261.8   0.2    11   148     1   140     1   140 1.00 aa
NC_026017.1|YP_009113175.1_28|[Salmonella_phage_LSPA1]hypothetical_protein|19764..20207|147                         -            147 cl_100seqs_9reps_msa_cr -            148   8.9e-77  260.8   0.3   1   1   2.3e-80   9.9e-77  260.7   0.3    11   148     1   140     1   140 0.99 aa
NC_025466.1|YP_009103926.1_40|[Shewanella_sp._phage_3/49]hypothetical_protein|23325..23825|166                      -            166 cl_100seqs_9reps_msa_cr -            148   4.9e-76  258.4   0.2   1   1   1.4e-79   6.1e-76  258.1   0.2     1   146    10   155    10   156 0.99 aa
NC_031925.1|YP_009322856.1_49|[Salmonella_phage_BPS11Q3]hypothetical_protein|complement(33054..33497)|147           -            147 cl_100seqs_9reps_msa_cr -            148   8.7e-76  257.6   0.2   1   1   2.2e-79   9.7e-76  257.4   0.2    11   148     1   140     1   140 1.00 aa
NC_073204.1|YP_010747918.1_50|[Salmonella_phage_LPSE1]hypothetical_protein|33185..33628|147                         -            147 cl_100seqs_9reps_msa_cr -            148   8.7e-76  257.6   0.2   1   1   2.2e-79   9.7e-76  257.4   0.2    11   148     1   140     1   140 1.00 aa
NC_042065.1|YP_009617944.1_25|[Salmonella_phage_FSL_SP-101]hypothetical_protein|17112..17555|147                    -            147 cl_100seqs_9reps_msa_cr -            148     2e-75  256.4   0.2   1   1   5.1e-79   2.2e-75  256.3   0.2    11   148     1   140     1   140 0.99 aa
NC_070772.1|YP_010649711.1_24|[Vibrio_phage_Seahorse]hypothetical_protein|20900..21397|165                          -            165 cl_100seqs_9reps_msa_cr -            148   0.00033   25.4   0.0   1   1   9.5e-08   0.00042   25.0   0.0     7   138    25   153    20   160 0.85 aa
NC_025443.1|YP_009101221.1_51|[Salmonella_phage_9NA]virion_structural_protein|28178..28681|167                      -            167 cl_100seqs_9reps_msa_cr -            148    0.0028   22.3   0.0   1   1   8.6e-07    0.0038   21.9   0.0     9   138    24   151     8   156 0.79 aa
NC_042062.1|YP_009617880.1_51|[Salmonella_phage_SP069]hypothetical_protein|29434..29937|167                         -            167 cl_100seqs_9reps_msa_cr -            148     0.003   22.3   0.0   1   1   9.3e-07    0.0041   21.8   0.0     9   138    24   151     8   155 0.79 aa
NC_047786.1|YP_009787821.1_47|[Salmonella_phage_vB_SenS_Sasha]virion_structural_protein|27788..28291|167            -            167 cl_100seqs_9reps_msa_cr -            148     0.042   18.5   0.0   1   1   1.3e-05     0.056   18.1   0.0     9   138    24   151    20   156 0.74 aa
NC_071039.1|YP_010678940.1_207|[Pseudomonas_phage_vB_PaeM_PA5oct]UvsX-like_recombinase|136457..137728|423           -            423 cl_100seqs_9reps_msa_cr -            148     0.079   17.6   0.1   1   1     4e-05      0.18   16.5   0.1    15   109    19   116    10   141 0.83 aa
NC_071011.1|YP_010676308.1_51|[Klebsiella_phage_vB_KpnS-Carvaje]virion_structural_protein|27754..28257|167          -            167 cl_100seqs_9reps_msa_cr -            148      0.38   15.4   0.0   1   1    0.0002      0.88   14.2   0.0    19    93    34   110    23   157 0.77 aa
NC_030916.1|YP_009274401.1_60|[Tsukamurella_phage_TPA4]hypothetical_protein|42608..42820|70                         -             70 cl_100seqs_9reps_msa_cr -            148      0.78   14.4   0.3   1   1    0.0002      0.87   14.2   0.3    74   108    31    65    21    70 0.86 aa
NC_031027.1|YP_009280951.1_148|[Bacillus_phage_SageFayge]hypothetical_protein|98082..98345|87                       -             87 cl_100seqs_9reps_msa_cr -            148       1.6   13.4   0.0   1   1    0.0004       1.7   13.3   0.0    79   137    19    78     4    84 0.85 aa
NC_070855.1|YP_010658278.1_67|[Rhizobium_phage_RHEph22]single-stranded_DNA-binding_protein|40266..41000|244         -            244 cl_100seqs_9reps_msa_cr -            148       1.8   13.2   0.0   1   2      0.14     6e+02    5.0   0.0    60    97    42    81    33   115 0.80 aa
NC_070855.1|YP_010658278.1_67|[Rhizobium_phage_RHEph22]single-stranded_DNA-binding_protein|40266..41000|244         -            244 cl_100seqs_9reps_msa_cr -            148       1.8   13.2   0.0   2   2     0.072   3.2e+02    5.9   0.0    37    67   124   154   118   160 0.92 aa
NC_061441.1|YP_010300037.1_276|[Erwinia_phage_pEa_SNUABM_16]hypothetical_protein|220845..221180|111                 -            111 cl_100seqs_9reps_msa_cr -            148       1.8   13.2   0.0   1   1    0.0005       2.2   12.9   0.0    30   114    17    98     4   108 0.80 aa
NC_048182.1|YP_009822165.1_265|[Edwardsiella_phage_pEt-SU]hypothetical_protein|263621..264238|205                   -            205 cl_100seqs_9reps_msa_cr -            148       2.2   12.9   0.1   1   1   0.00077       3.4   12.3   0.1    18    84   141   204   123   205 0.88 aa
NC_047854.1|YP_009792295.1_3|[Cronobacter_phage_ESSI-2]hypothetical_protein|complement(1902..2450)|182              -            182 cl_100seqs_9reps_msa_cr -            148       2.5   12.7   0.1   1   2       6.5   2.8e+04   -0.4   0.0    77   104    15    39     2    60 0.71 aa
NC_047854.1|YP_009792295.1_3|[Cronobacter_phage_ESSI-2]hypothetical_protein|complement(1902..2450)|182              -            182 cl_100seqs_9reps_msa_cr -            148       2.5   12.7   0.1   2   2    0.0023        10   10.8   0.0    47   116    63   132    57   141 0.76 aa
NC_077214.1|YP_010806079.1_11|[Poseidoniales_virus_YSH_150918]superfamily_I_DNA_or_RNA_helicase|8026..9480|484      -            484 cl_100seqs_9reps_msa_cr -            148       2.6   12.7   0.0   1   1    0.0011       4.9   11.8   0.0    55   128   321   395   302   405 0.86 aa
NC_070963.1|YP_010670311.1_336|[Synechococcus_phage_S-SRM01]hypothetical_protein|223380..224024|214                 -            214 cl_100seqs_9reps_msa_cr -            148       2.7   12.7   0.0   1   1    0.0011       4.7   11.9   0.0    27   102   107   185    89   203 0.84 aa
NC_031006.1|YP_009278167.1_146|[Bacillus_phage_DIGNKC]hypothetical_protein|98618..98863|81                          -             81 cl_100seqs_9reps_msa_cr -            148         3   12.5   0.0   1   1   0.00075       3.3   12.4   0.0    80   137    14    72     6    79 0.84 aa
NC_024213.1|YP_009036592.1_143|[Bacillus_phage_Hakuna]hypothetical_protein|97090..97335|81                          -             81 cl_100seqs_9reps_msa_cr -            148       3.7   12.2   0.0   1   1   0.00097       4.3   12.0   0.0    79   137    13    72     6    78 0.85 aa
NC_031037.1|YP_009282542.1_150|[Bacillus_phage_Nigalana]hypothetical_protein|99161..99406|81                        -             81 cl_100seqs_9reps_msa_cr -            148       3.7   12.2   0.0   1   1   0.00097       4.3   12.0   0.0    79   137    13    72     6    78 0.85 aa
NC_031070.1|YP_009287026.1_150|[Bacillus_phage_Nemo]hypothetical_protein|98759..99004|81                            -             81 cl_100seqs_9reps_msa_cr -            148       3.7   12.2   0.0   1   1   0.00097       4.3   12.0   0.0    79   137    13    72     6    78 0.85 aa
NC_024211.1|YP_009036215.1_144|[Bacillus_phage_Megatron]hypothetical_protein|98033..98296|87                        -             87 cl_100seqs_9reps_msa_cr -            148         4   12.1   0.0   1   1     0.001       4.4   12.0   0.0    79   137    19    78     5    84 0.86 aa
NC_031049.1|YP_009284474.1_146|[Bacillus_phage_NotTheCreek]hypothetical_protein|98123..98386|87                     -             87 cl_100seqs_9reps_msa_cr -            148         4   12.1   0.0   1   1     0.001       4.4   12.0   0.0    79   137    19    78     5    84 0.86 aa
NC_028944.1|YP_009212089.1_149|[Bacillus_phage_Eyuki]hypothetical_protein|98418..98684|88                           -             88 cl_100seqs_9reps_msa_cr -            148         4   12.1   0.0   1   1     0.001       4.4   11.9   0.0    79   137    20    79     3    85 0.84 aa
NC_031054.1|YP_009285093.1_151|[Bacillus_phage_DirtyBetty]hypothetical_protein|98374..98640|88                      -             88 cl_100seqs_9reps_msa_cr -            148         4   12.1   0.0   1   1     0.001       4.4   11.9   0.0    79   137    20    79     3    85 0.84 aa
NC_041884.1|YP_009596096.1_264|[Acinetobacter_phage_vB_AbaM_ME3]hypothetical_protein|complement(196235..196645)|136 -            136 cl_100seqs_9reps_msa_cr -            148       4.7   11.9   0.0   1   1    0.0013       5.8   11.6   0.0    42   114    16    93    11   127 0.71 aa
NC_054651.1|YP_010054281.1_6|[Escherichia_phage_C1]hypothetical_protein|complement(6554..7027)|157                          -            157 cl_45seqs_6reps_msa_cr -            153   1.1e-81  276.7   2.0   1   1   2.1e-85   1.3e-81  276.4   2.0     1   153     7   154     7   154 0.99 aa
NC_054637.1|YP_010053153.1_29|[Escherichia_phage_vB_EcoS_Sa179lw]hypothetical_protein|15910..16383|157                      -            157 cl_45seqs_6reps_msa_cr -            153   2.2e-81  275.7   3.1   1   1     4e-85   2.5e-81  275.5   3.1     1   153     7   154     7   154 0.99 aa
NC_054650.1|YP_010054212.1_16|[Shigella_phage_DS8]hypothetical_protein|8852..9325|157                                       -            157 cl_45seqs_6reps_msa_cr -            153   2.8e-81  275.4   1.8   1   1   5.1e-85   3.2e-81  275.2   1.8     1   153     7   154     7   154 0.99 aa
NC_054647.1|YP_010053951.1_16|[Salmonella_phage_Akira]hypothetical_protein|complement(13949..14422)|157                     -            157 cl_45seqs_6reps_msa_cr -            153   2.8e-81  275.4   2.5   1   1   5.1e-85   3.2e-81  275.2   2.5     1   153     7   154     7   154 0.99 aa
NC_054648.1|YP_010054082.1_62|[Salmonella_phage_vB_Se_STGO-35-1]minor_tail_protein|29548..30021|157                         -            157 cl_45seqs_6reps_msa_cr -            153   3.1e-81  275.2   2.2   1   1   5.7e-85   3.6e-81  275.0   2.2     1   153     7   154     7   154 0.99 aa
NC_021534.1|YP_008126232.1_68|[Vibrio_phage_pYD38-A]hypothetical_protein|complement(39512..39982)|156                       -            156 cl_45seqs_6reps_msa_cr -            153   5.4e-81  274.4   2.6   1   1     1e-84   6.3e-81  274.2   2.6     1   153     6   153     6   153 0.99 aa
NC_042037.1|YP_009614658.1_62|[Aeromonas_phage_pIS4-A]hypothetical_protein|32456..32926|156                                 -            156 cl_45seqs_6reps_msa_cr -            153   5.4e-81  274.4   2.6   1   1     1e-84   6.3e-81  274.2   2.6     1   153     6   153     6   153 0.99 aa
NC_071143.1|YP_010685006.1_3|[Flyfo_siphovirus_Tbat1_6]hypothetical_protein|3131..3601|156                                  -            156 cl_45seqs_6reps_msa_cr -            153   5.4e-81  274.4   2.6   1   1     1e-84   6.3e-81  274.2   2.6     1   153     6   153     6   153 0.99 aa
NC_031918.1|YP_009322249.1_52|[Salmonella_phage_64795_sal3]hypothetical_protein|27290..27772|160                            -            160 cl_45seqs_6reps_msa_cr -            153   5.9e-81  274.3   2.2   1   1   1.1e-84   6.8e-81  274.1   2.2     1   153    10   157    10   157 0.99 aa
NC_031924.1|YP_009322780.1_67|[Salmonella_phage_IME207]hypothetical_protein|28806..29282|158                                -            158 cl_45seqs_6reps_msa_cr -            153   7.7e-81  273.9   2.1   1   1   1.4e-84     9e-81  273.7   2.1     1   153     7   154     7   154 0.99 aa
NC_071142.1|YP_010684975.1_52|[Klebsiella_phage_VLCpiS13d]virion_structural_protein|25572..26042|156                        -            156 cl_45seqs_6reps_msa_cr -            153   8.4e-81  273.8   2.8   1   1   1.5e-84   9.7e-81  273.6   2.8     1   153     6   153     6   153 0.99 aa
NC_071149.1|YP_010685562.1_68|[Klebsiella_phage_vB_Kpn_ZCKp20p]baseplate_wedge_protein|32709..33179|156                     -            156 cl_45seqs_6reps_msa_cr -            153   1.7e-80  272.8   2.4   1   1   3.1e-84     2e-80  272.6   2.4     1   153     6   153     6   153 0.99 aa
NC_071150.1|YP_010685647.1_69|[Klebsiella_phage_ZCKP8]minor_tail_protein|32402..32872|156                                   -            156 cl_45seqs_6reps_msa_cr -            153   1.7e-80  272.8   2.4   1   1   3.1e-84     2e-80  272.6   2.4     1   153     6   153     6   153 0.99 aa
NC_071151.1|YP_010685719.1_57|[Klebsiella_phage_vB_Kpn_ZC2]minor_tail_protein|32717..33187|156                              -            156 cl_45seqs_6reps_msa_cr -            153   1.7e-80  272.8   2.4   1   1   3.1e-84     2e-80  272.6   2.4     1   153     6   153     6   153 0.99 aa
NC_071156.1|YP_010686107.1_56|[Klebsiella_phage_6991]hypothetical_protein|28567..29037|156                                  -            156 cl_45seqs_6reps_msa_cr -            153   1.7e-80  272.8   2.4   1   1   3.1e-84     2e-80  272.6   2.4     1   153     6   153     6   153 0.99 aa
NC_054653.1|YP_010054428.1_13|[Klebsiella_virus_KpV2811]hypothetical_protein|complement(13683..14153)|156                   -            156 cl_45seqs_6reps_msa_cr -            153   1.9e-80  272.7   2.8   1   1   3.3e-84   2.1e-80  272.5   2.8     1   153     6   153     6   153 1.00 aa
NC_010495.1|YP_001742072.1_35|[Salmonella_phage_Vi_II-E1]hypothetical_protein|24365..24835|156                              -            156 cl_45seqs_6reps_msa_cr -            153   1.9e-80  272.7   1.9   1   1   3.5e-84   2.2e-80  272.5   1.9     1   153     6   153     6   153 0.99 aa
NC_070846.1|YP_010657369.1_2|[Salmonella_phage_LPSTLL]hypothetical_protein|1594..2067|157                                   -            157 cl_45seqs_6reps_msa_cr -            153   2.2e-80  272.5   1.9   1   1   4.1e-84   2.6e-80  272.3   1.9     1   153     6   153     6   153 0.99 aa
NC_054639.1|YP_010053346.1_63|[Salmonella_phage_Skate]hypothetical_protein|28397..28873|158                                 -            158 cl_45seqs_6reps_msa_cr -            153   3.2e-80  271.9   1.7   1   1     6e-84   3.8e-80  271.7   1.7     1   153     7   154     7   154 0.99 aa
NC_071146.1|YP_010685295.1_37|[Klebsiella_phage_vB_KpnS_MK54]minor_tail_protein|19423..19893|156                            -            156 cl_45seqs_6reps_msa_cr -            153   3.5e-80  271.8   2.4   1   1   6.5e-84   4.1e-80  271.6   2.4     1   153     6   153     6   153 0.99 aa
NC_054643.1|YP_010053681.1_76|[Salmonella_phage_SeSz-2]hypothetical_protein|39846..40316|156                                -            156 cl_45seqs_6reps_msa_cr -            153   4.3e-80  271.5   2.1   1   1   7.7e-84   4.8e-80  271.4   2.1     1   153     6   153     6   153 0.99 aa
NC_054642.1|YP_010053565.1_32|[Salmonella_phage_Seszw_1]hypothetical_protein|17534..18007|157                               -            157 cl_45seqs_6reps_msa_cr -            153   4.4e-80  271.5   2.1   1   1   7.9e-84     5e-80  271.3   2.1     1   153     7   154     7   154 0.99 aa
NC_054636.1|YP_010053061.1_17|[Shigella_phage_Sf11_SMD-2017]hypothetical_protein|complement(13880..15253)|457               -            457 cl_45seqs_6reps_msa_cr -            153     5e-80  271.3   1.9   1   1     8e-84     5e-80  271.3   1.9     1   153     7   154     7   154 0.99 aa
NC_071157.1|YP_010686190.1_59|[Klebsiella_phage_VLCpiS13c]virion_structural_protein|complement(35238..35708)|156            -            156 cl_45seqs_6reps_msa_cr -            153   5.6e-80  271.2   2.4   1   1     1e-83   6.5e-80  270.9   2.4     1   153     6   153     6   153 0.99 aa
NC_054641.1|YP_010053509.1_61|[Salmonella_virus_KFS-SE2]hypothetical_protein|complement(34627..35097)|156                   -            156 cl_45seqs_6reps_msa_cr -            153   5.6e-80  271.1   2.0   1   1   1.1e-83   6.7e-80  270.9   2.0     1   151     6   151     6   153 0.99 aa
NC_071155.1|YP_010686024.1_52|[Klebsiella_phage_VLCpiS13b]virion_structural_protein|26421..26891|156                        -            156 cl_45seqs_6reps_msa_cr -            153   7.7e-80  270.7   2.4   1   1   1.4e-83     9e-80  270.5   2.4     1   153     6   153     6   153 0.99 aa
NC_054652.1|YP_010054356.1_5|[Klebsiella_phage_YX3973]hypothetical_protein|6251..6721|156                                   -            156 cl_45seqs_6reps_msa_cr -            153   1.1e-79  270.2   2.8   1   1   1.9e-83   1.2e-79  270.1   2.8     1   153     6   153     6   153 1.00 aa
NC_054654.1|YP_010054542.1_49|[Klebsiella_phage_vB_KpnS_ZX4]hypothetical_protein|25749..26219|156                           -            156 cl_45seqs_6reps_msa_cr -            153   1.1e-79  270.2   2.8   1   1   1.9e-83   1.2e-79  270.1   2.8     1   153     6   153     6   153 1.00 aa
NC_071154.1|YP_010685917.1_23|[Klebsiella_phage_BUCT541]hypothetical_protein|complement(17295..17765)|156                   -            156 cl_45seqs_6reps_msa_cr -            153   1.1e-79  270.2   2.8   1   1   1.9e-83   1.2e-79  270.1   2.8     1   153     6   153     6   153 1.00 aa
NC_054638.1|YP_010053258.1_48|[Salmonella_phage_vB_SenS_SB28]hypothetical_protein|24344..24814|156                          -            156 cl_45seqs_6reps_msa_cr -            153   1.1e-79  270.1   2.4   1   1   2.1e-83   1.3e-79  269.9   2.4     1   153     6   153     6   153 0.99 aa
NC_071153.1|YP_010685868.1_57|[Klebsiella_phage_BUCT610]hypothetical_protein|27338..27808|156                               -            156 cl_45seqs_6reps_msa_cr -            153   1.6e-79  269.7   2.1   1   1     3e-83   1.9e-79  269.4   2.1     1   153     6   153     6   153 0.99 aa
NC_071003.1|YP_010675369.1_21|[Enterobacter_phage_vB_EclS_CobraSix]hypothetical_protein|14964..15461|165                    -            165 cl_45seqs_6reps_msa_cr -            153   1.7e-79  269.6   0.7   1   1   3.1e-83   1.9e-79  269.4   0.7     1   151     7   157     7   162 0.99 aa
NC_071145.1|YP_010685197.1_17|[Klebsiella_phage_VLCpiS13e]virion_structural_protein|10270..10743|157                        -            157 cl_45seqs_6reps_msa_cr -            153   6.2e-79  267.8   1.9   1   1   1.2e-82   7.2e-79  267.5   1.9     1   153     7   154     7   154 0.99 aa
NC_019927.1|YP_007237618.1_44|[Cronobacter_phage_ENT47670]hypothetical_protein|46209..46706|165                             -            165 cl_45seqs_6reps_msa_cr -            153   1.4e-78  266.6   1.2   1   1   2.5e-82   1.6e-78  266.4   1.2     1   151     7   157     7   162 0.98 aa
NC_054644.1|YP_010053740.1_57|[Salmonella_virus_VSt472]hypothetical_protein|28620..29093|157                                -            157 cl_45seqs_6reps_msa_cr -            153   2.8e-78  265.7   1.9   1   1   5.1e-82   3.2e-78  265.4   1.9     1   153     7   154     7   154 0.99 aa
NC_054645.1|YP_010053778.1_13|[Salmonella_phage_LPST10]hypothetical_protein|complement(11731..12204)|157                    -            157 cl_45seqs_6reps_msa_cr -            153   2.8e-78  265.7   1.9   1   1   5.1e-82   3.2e-78  265.4   1.9     1   153     7   154     7   154 0.99 aa
NC_054646.1|YP_010053891.1_39|[Salmonella_phage_VB_StyS_BS5]hypothetical_protein|19802..20275|157                           -            157 cl_45seqs_6reps_msa_cr -            153   2.8e-78  265.7   1.9   1   1   5.1e-82   3.2e-78  265.4   1.9     1   153     7   154     7   154 0.99 aa
NC_071144.1|YP_010685103.1_4|[Klebsiella_phage_VLCpiS13f]virion_structural_protein|complement(4718..5191)|157               -            157 cl_45seqs_6reps_msa_cr -            153   2.3e-77  262.7   1.6   1   1   4.3e-81   2.7e-77  262.4   1.6     1   153     7   154     7   154 0.99 aa
NC_054640.1|YP_010053420.1_47|[Salmonella_phage_Segz_1]hypothetical_protein|23514..23987|157                                -            157 cl_45seqs_6reps_msa_cr -            153   2.4e-77  262.6   1.5   1   1   4.4e-81   2.8e-77  262.4   1.5     1   153     7   154     7   154 0.99 aa
NC_071152.1|YP_010685763.1_30|[Klebsiella_phage_VLCpiS13a]virion_structural_protein|17455..17925|156                        -            156 cl_45seqs_6reps_msa_cr -            153   4.5e-77  261.7   1.2   1   1   8.3e-81   5.3e-77  261.5   1.2     1   153     6   153     6   153 0.99 aa
NC_054649.1|YP_010054112.1_4|[Escherichia_phage_vB_EcoS_swi2]hypothetical_protein|complement(5668..6141)|157                -            157 cl_45seqs_6reps_msa_cr -            153   6.9e-77  261.1   2.5   1   1   1.3e-80     8e-77  260.9   2.5     1   153     7   154     7   154 0.99 aa
NC_048198.1|YP_009824047.1_17|[Erwinia_phage_vB_EhrS_59]hypothetical_protein|14104..14601|165                               -            165 cl_45seqs_6reps_msa_cr -            153   1.4e-76  260.1   1.9   1   1   2.5e-80   1.6e-76  259.9   1.9     1   151     6   157     6   162 0.98 aa
NC_025471.1|YP_009104265.1_28|[Idiomarinaceae_phage_Phi1M2-2]virion_structural_protein|16209..16694|161                     -            161 cl_45seqs_6reps_msa_cr -            153   4.9e-62  212.9   0.0   1   1   8.6e-66   5.4e-62  212.7   0.0     1   153     5   159     5   159 1.00 aa
NC_071147.1|YP_010685339.1_1|[Klebsiella_phage_KP591P1]hypothetical_protein|428..712|94                                     -             94 cl_45seqs_6reps_msa_cr -            153   1.5e-45  159.3   0.8   1   1   2.8e-49   1.8e-45  159.1   0.8    58   153     1    91     1    91 0.99 aa
NC_071148.1|YP_010685459.1_43|[Klebsiella_phage_KP591P3]hypothetical_protein|23566..23850|94                                -             94 cl_45seqs_6reps_msa_cr -            153   1.5e-45  159.3   0.8   1   1   2.8e-49   1.8e-45  159.1   0.8    58   153     1    91     1    91 0.99 aa
NC_016762.1|YP_005098084.1_57|[Pseudomonas_phage_phi297]virion_structural_protein|37368..37835|155                          -            155 cl_45seqs_6reps_msa_cr -            153   2.3e-10   45.1   0.0   1   1   4.3e-14   2.7e-10   44.8   0.0     1   153     5   149     5   149 0.91 aa
NC_074664.1|YP_010773482.1_14|[Pseudomonas_phage_BUCT566]hypothetical_protein|10993..11460|155                              -            155 cl_45seqs_6reps_msa_cr -            153   3.5e-10   44.5   0.0   1   1   6.7e-14   4.2e-10   44.2   0.0     1   153     5   149     5   149 0.90 aa
NC_030929.1|YP_009275521.1_34|[Pseudomonas_phage_JBD44]virion_structural_protein|21460..21927|155                           -            155 cl_45seqs_6reps_msa_cr -            153   4.2e-10   44.2   0.0   1   1   8.1e-14   5.1e-10   44.0   0.0     1   153     5   149     5   149 0.90 aa
NC_074663.1|YP_010773399.1_9|[Pseudomonas_phage_vB_Pae_LC3I3]hypothetical_protein|6635..7102|155                            -            155 cl_45seqs_6reps_msa_cr -            153   4.2e-10   44.2   0.0   1   1   8.1e-14   5.1e-10   44.0   0.0     1   153     5   149     5   149 0.90 aa
NC_020846.1|YP_007674000.1_38|[Vibrio_phage_pYD21-A]virion_structural_protein|24843..25325|160                              -            160 cl_45seqs_6reps_msa_cr -            153   1.9e-09   42.1   0.0   1   1   3.8e-13   2.4e-09   41.8   0.0     1   126     7   134     7   150 0.89 aa
NC_030909.1|YP_009273704.1_22|[Pseudomonas_phage_YMC11/07/P54_PAE_BP]virion_structural_protein|complement(17708..18106)|132 -            132 cl_45seqs_6reps_msa_cr -            153   4.1e-08   37.8   0.0   1   1   7.9e-12     5e-08   37.5   0.0    28   153     9   126     3   126 0.85 aa
NC_028834.1|YP_009201754.1_20|[Achromobacter_phage_83-24]hypothetical_protein|15509..16585|358                              -            358 cl_45seqs_6reps_msa_cr -            153   6.2e-08   37.2   0.1   1   2   6.6e-06     0.042   18.3   0.0     2    79     8    83     6    95 0.87 aa
NC_028834.1|YP_009201754.1_20|[Achromobacter_phage_83-24]hypothetical_protein|15509..16585|358                              -            358 cl_45seqs_6reps_msa_cr -            153   6.2e-08   37.2   0.1   2   2   2.1e-05      0.13   16.6   0.0     1   100   135   233   135   252 0.86 aa
NC_029033.1|YP_009220355.1_54|[Achromobacter_phage_phiAxp-1]virion_structural_protein|33078..34382|434                      -            434 cl_45seqs_6reps_msa_cr -            153   1.9e-07   35.6   0.1   1   2   1.6e-06      0.01   20.3   0.0     2    98     8    99     7   115 0.87 aa
NC_029033.1|YP_009220355.1_54|[Achromobacter_phage_phiAxp-1]virion_structural_protein|33078..34382|434                      -            434 cl_45seqs_6reps_msa_cr -            153   1.9e-07   35.6   0.1   2   2   0.00024       1.5   13.2   0.0     1   101   133   231   133   241 0.88 aa
NC_070823.1|YP_010655299.1_73|[Pseudoalteromonas_phage_vB_PspS-H40/1]hypothetical_protein|44860..45306|148                  -            148 cl_45seqs_6reps_msa_cr -            153     1e-05   30.0   0.2   1   1     2e-09   1.2e-05   29.7   0.2    11   131    13   124     6   144 0.80 aa
NC_070823.1|YP_010655298.1_72|[Pseudoalteromonas_phage_vB_PspS-H40/1]hypothetical_protein|44459..44860|133                  -            133 cl_45seqs_6reps_msa_cr -            153     2e-05   29.1   0.0   1   1   3.7e-09   2.4e-05   28.8   0.0     1   118     7   120     7   124 0.88 aa
NC_028768.1|YP_009196207.1_22|[Achromobacter_phage_JWX]virion_structural_protein|16122..17195|357                           -            357 cl_45seqs_6reps_msa_cr -            153   9.9e-05   26.8   0.0   1   2   0.00094       5.9   11.3   0.0     2    88     8    92     7   105 0.80 aa
NC_028768.1|YP_009196207.1_22|[Achromobacter_phage_JWX]virion_structural_protein|16122..17195|357                           -            357 cl_45seqs_6reps_msa_cr -            153   9.9e-05   26.8   0.0   2   2   0.00026       1.6   13.1   0.0     1    98   134   230   134   241 0.82 aa
NC_009447.1|YP_001210237.1_17|[Burkholderia_phage_BcepGomr]virion_structural_protein|13816..14934|372                       -            372 cl_45seqs_6reps_msa_cr -            153    0.0002   25.8   0.8   1   2     0.001       6.6   11.1   0.1     2   104     9   105     8   118 0.89 aa
NC_009447.1|YP_001210237.1_17|[Burkholderia_phage_BcepGomr]virion_structural_protein|13816..14934|372                       -            372 cl_45seqs_6reps_msa_cr -            153    0.0002   25.8   0.8   2   2   0.00024       1.5   13.2   0.1     1   115   132   242   129   254 0.88 aa
NC_002484.2|NP_061517.1_20|[Pseudomonas_phage_D3]virion_structural_protein|13793..14272|159                                 -            159 cl_45seqs_6reps_msa_cr -            153   0.00037   24.9   0.0   1   1   1.8e-07    0.0012   23.3   0.0     8   153    11   153     6   153 0.77 aa
NC_016765.1|YP_005098223.1_20|[Pseudomonas_phage_PMG1]virion_structural_protein|13837..14316|159                            -            159 cl_45seqs_6reps_msa_cr -            153   0.00037   24.9   0.0   1   1   1.8e-07    0.0012   23.3   0.0     8   153    11   153     6   153 0.77 aa
NC_029066.1|YP_009222842.1_72|[Pseudomonas_phage_PS-1]virion_structural_protein|40548..41054|168                            -            168 cl_45seqs_6reps_msa_cr -            153    0.0015   23.0   0.1   1   2      0.68   4.3e+03    2.0   0.0    82   100    30    48    15    49 0.81 aa
NC_029066.1|YP_009222842.1_72|[Pseudomonas_phage_PS-1]virion_structural_protein|40548..41054|168                            -            168 cl_45seqs_6reps_msa_cr -            153    0.0015   23.0   0.1   2   2   1.8e-06     0.011   20.1   0.1    42   115    46   115    36   147 0.77 aa
NC_011373.1|YP_002284353.1_19|[Pseudomonas_phage_PAJU2]virion_structural_protein|14682..15146|154                           -            154 cl_45seqs_6reps_msa_cr -            153    0.0018   22.7   0.1   1   1   1.2e-06    0.0076   20.7   0.1    37   104    40   108    22   152 0.80 aa
NC_070822.1|YP_010655179.1_15|[Pseudoalteromonas_phage_TW1]hypothetical_protein|8086..8556|156                              -            156 cl_45seqs_6reps_msa_cr -            153    0.0066   20.9   0.2   1   1   1.1e-06    0.0071   20.8   0.2    27   153    33   155    10   155 0.85 aa
NC_028819.1|YP_009200200.1_14|[Pseudoalteromonas_phage_H103]virion_structural_protein|complement(10119..10595)|158          -            158 cl_45seqs_6reps_msa_cr -            153     0.014   19.8   0.1   1   1   2.4e-06     0.015   19.7   0.1    12   123    19   125     9   156 0.79 aa
NC_070824.1|YP_010655303.1_4|[Pseudoalteromonas_phage_C7]hypothetical_protein|complement(4549..5016)|155                    -            155 cl_45seqs_6reps_msa_cr -            153      0.17   16.3   0.1   1   1   3.1e-05       0.2   16.1   0.1    70   153    73   153    28   153 0.76 aa
NC_016165.1|YP_004934695.1_52|[Rhodobacter_phage_RcapMu]virion_structural_protein|31713..32135|140                          -            140 cl_45seqs_6reps_msa_cr -            153      0.33   15.4   0.0   1   1   6.6e-05      0.42   15.0   0.0     1    61     7    67     7    87 0.92 aa
NC_020839.1|YP_007673206.1_6|[Rhodobacter_phage_RC1]virion_structural_protein|complement(6559..6981)|140                    -            140 cl_45seqs_6reps_msa_cr -            153      0.45   14.9   0.0   1   1   9.2e-05      0.58   14.6   0.0     1    76     7    80     7    87 0.94 aa
NC_020866.1|YP_007676430.1_51|[Rhodovulum_phage_RS1]virion_structural_protein|32787..33209|140                              -            140 cl_45seqs_6reps_msa_cr -            153      0.45   14.9   0.0   1   1   9.2e-05      0.58   14.6   0.0     1    76     7    80     7    87 0.94 aa
NC_029065.1|YP_009222627.1_29|[Pseudomonas_phage_VCM]HNH_endonuclease|complement(13089..13481)|130                          -            130 cl_45seqs_6reps_msa_cr -            153       1.4   13.4   0.0   1   1   0.00027       1.7   13.0   0.0    37   132    14   113     8   126 0.81 aa
NC_020083.1|YP_007349018.1_39|[Serratia_phage_phiMAM1]putative_pectate_lyase|37008..37754|248                               -            248 cl_45seqs_6reps_msa_cr -            153       1.7   13.0   0.6   1   1   0.00059       3.7   12.0   0.0    98   135   137   175   130   184 0.86 aa
NC_048736.1|YP_009841906.1_38|[Serratia_phage_vB_SmaA_3M]putative_pectate_lyase|37893..38639|248                            -            248 cl_45seqs_6reps_msa_cr -            153         2   12.8   0.1   1   1    0.0006       3.8   11.9   0.1    99   134   138   174   133   183 0.87 aa
NC_048784.1|YP_009848465.1_75|[Rhodococcus_phage_Whack]hypothetical_protein|48217..48450|77                                 -             77 cl_45seqs_6reps_msa_cr -            153       2.3   12.6   0.1   1   2    0.0011       6.8   11.1   0.0    48    71    12    35     4    49 0.84 aa
NC_048784.1|YP_009848465.1_75|[Rhodococcus_phage_Whack]hypothetical_protein|48217..48450|77                                 -             77 cl_45seqs_6reps_msa_cr -            153       2.3   12.6   0.1   2   2       2.7   1.7e+04    0.1   0.0   132   150    53    71    35    74 0.64 aa
NC_019542.1|YP_007010656.1_13|[Pectobacterium_phage_PP1]hypothetical_protein|10400..10657|85                                -             85 cl_45seqs_6reps_msa_cr -            153       2.6   12.5   0.0   1   1   0.00049       3.1   12.2   0.0    99   141    31    74    24    84 0.87 aa
NC_070623.1|YP_010644254.1_19|[Bacillus_phage_vB_BspS_SplendidRed]hypothetical_protein|complement(8132..8473)|113           -            113 cl_45seqs_6reps_msa_cr -            153       2.7   12.4   0.0   1   1   0.00072       4.6   11.7   0.0    64    91     9    36     5    52 0.82 aa
NC_018856.1|YP_006907371.1_81|[Bacillus_phage_Bastille]hypothetical_protein|70999..71163|54                                 -             54 cl_45seqs_6reps_msa_cr -            153         3   12.3   0.0   1   1   0.00053       3.4   12.1   0.0    65   109     7    51     3    53 0.90 aa
NC_024205.1|YP_009035337.1_140|[Bacillus_phage_Hoody_T]hypothetical_protein|96277..96441|54                                 -             54 cl_45seqs_6reps_msa_cr -            153         3   12.3   0.0   1   1   0.00053       3.4   12.1   0.0    65   109     7    51     3    53 0.90 aa
NC_024207.1|YP_009035666.1_145|[Bacillus_phage_Evoli]hypothetical_protein|96358..96522|54                                   -             54 cl_45seqs_6reps_msa_cr -            153         3   12.3   0.0   1   1   0.00053       3.4   12.1   0.0    65   109     7    51     3    53 0.90 aa
NC_024216.1|YP_009037044.1_141|[Bacillus_phage_CAM003]hypothetical_protein|96798..96962|54                                  -             54 cl_45seqs_6reps_msa_cr -            153         3   12.3   0.0   1   1   0.00053       3.4   12.1   0.0    65   109     7    51     3    53 0.90 aa
NC_022085.1|YP_008430545.1_29|[Mycobacterium_phage_Goku]hypothetical_protein|28262..28690|142                               -            142 cl_45seqs_6reps_msa_cr -            153       3.1   12.2   0.5   1   1   0.00083       5.2   11.5   0.5    75   123    63   118    42   131 0.73 aa
NC_028785.1|YP_009197697.1_29|[Mycobacterium_phage_NelitzaMV]hypothetical_protein|28617..29045|142                          -            142 cl_45seqs_6reps_msa_cr -            153       3.1   12.2   0.5   1   1   0.00083       5.2   11.5   0.5    75   123    63   118    42   131 0.73 aa
NC_029079.1|YP_009224296.1_28|[Mycobacterium_phage_Dusk]hypothetical_protein|28201..28629|142                               -            142 cl_45seqs_6reps_msa_cr -            153       3.1   12.2   0.5   1   1   0.00083       5.2   11.5   0.5    75   123    63   118    42   131 0.73 aa
NC_041846.1|YP_009591189.1_29|[Mycobacterium_phage_Bask21]hypothetical_protein|27727..28155|142                             -            142 cl_45seqs_6reps_msa_cr -            153       3.1   12.2   0.5   1   1   0.00083       5.2   11.5   0.5    75   123    63   118    42   131 0.73 aa
NC_041850.1|YP_009591569.1_29|[Mycobacterium_phage_Eureka]hypothetical_protein|28533..28961|142                             -            142 cl_45seqs_6reps_msa_cr -            153       3.1   12.2   0.5   1   1   0.00083       5.2   11.5   0.5    75   123    63   118    42   131 0.73 aa
NC_041987.1|YP_009607958.1_28|[Mycobacterium_phage_SirDuracell]hypothetical_protein|27214..27642|142                        -            142 cl_45seqs_6reps_msa_cr -            153       3.1   12.2   0.5   1   1   0.00083       5.2   11.5   0.5    75   123    63   118    42   131 0.73 aa
NC_067214.1|YP_010509983.1_30|[uncultured_phage_cr82_1]VOG3488|complement(38222..38683)|153                                 -            153 cl_45seqs_6reps_msa_cr -            153       3.2   12.1   0.1   1   2     0.016     1e+02    7.3   0.0    95   147    15    71     8    75 0.80 aa
NC_067214.1|YP_010509983.1_30|[uncultured_phage_cr82_1]VOG3488|complement(38222..38683)|153                                 -            153 cl_45seqs_6reps_msa_cr -            153       3.2   12.1   0.1   2   2      0.34   2.1e+03    3.0   0.0    99   126   117   144    81   147 0.84 aa
NC_070971.1|YP_010671790.1_27|[Pseudomonas_virus_PBPA162]hypothetical_protein|complement(21915..22742)|275                  -            275 cl_45seqs_6reps_msa_cr -            153       4.1   11.8   0.0   1   2    0.0016        10   10.5   0.0     1    74     3    74     3   110 0.77 aa
NC_070971.1|YP_010671790.1_27|[Pseudomonas_virus_PBPA162]hypothetical_protein|complement(21915..22742)|275                  -            275 cl_45seqs_6reps_msa_cr -            153       4.1   11.8   0.0   2   2       8.4   5.3e+04   -1.5   0.0    39    67   167   193   128   232 0.57 aa
NC_070970.1|YP_010671701.1_28|[Pseudomonas_phage_Iggy]hypothetical_protein|20297..21124|275                                 -            275 cl_45seqs_6reps_msa_cr -            153       4.3   11.8   0.0   1   2    0.0016        10   10.5   0.0     1    74     3    74     3   110 0.77 aa
NC_070970.1|YP_010671701.1_28|[Pseudomonas_phage_Iggy]hypothetical_protein|20297..21124|275                                 -            275 cl_45seqs_6reps_msa_cr -            153       4.3   11.8   0.0   2   2         9   5.7e+04   -1.6   0.0    39    64   167   192   128   231 0.57 aa
NC_030929.1|YP_009275521.1_34|[Pseudomonas_phage_JBD44]virion_structural_protein|21460..21927|155                           -            155 cl_8seqs_3reps_msa_cr -            149   2.4e-84  285.5   0.3   1   1   4.7e-88   2.7e-84  285.4   0.3     1   149     1   149     1   149 1.00 aa
NC_074663.1|YP_010773399.1_9|[Pseudomonas_phage_vB_Pae_LC3I3]hypothetical_protein|6635..7102|155                            -            155 cl_8seqs_3reps_msa_cr -            149   2.4e-84  285.5   0.3   1   1   4.7e-88   2.7e-84  285.4   0.3     1   149     1   149     1   149 1.00 aa
NC_016762.1|YP_005098084.1_57|[Pseudomonas_phage_phi297]virion_structural_protein|37368..37835|155                          -            155 cl_8seqs_3reps_msa_cr -            149   1.7e-83  282.8   0.2   1   1   3.2e-87   1.8e-83  282.7   0.2     1   149     1   149     1   149 1.00 aa
NC_074664.1|YP_010773482.1_14|[Pseudomonas_phage_BUCT566]hypothetical_protein|10993..11460|155                              -            155 cl_8seqs_3reps_msa_cr -            149     6e-82  277.8   0.4   1   1   1.2e-85   6.7e-82  277.6   0.4     1   149     1   149     1   149 1.00 aa
NC_029066.1|YP_009222842.1_72|[Pseudomonas_phage_PS-1]virion_structural_protein|40548..41054|168                            -            168 cl_8seqs_3reps_msa_cr -            149   2.5e-79  269.3   1.5   1   2   3.8e-82   2.2e-78  266.2   1.0     1   149     1   147     1   147 1.00 aa
NC_029066.1|YP_009222842.1_72|[Pseudomonas_phage_PS-1]virion_structural_protein|40548..41054|168                            -            168 cl_8seqs_3reps_msa_cr -            149   2.5e-79  269.3   1.5   2   2       1.2   6.9e+03    1.7   0.0   135   149   153   167   149   167 0.82 aa
NC_011373.1|YP_002284353.1_19|[Pseudomonas_phage_PAJU2]virion_structural_protein|14682..15146|154                           -            154 cl_8seqs_3reps_msa_cr -            149     7e-78  264.6   0.3   1   1   1.4e-81   7.8e-78  264.4   0.3     1   149     1   152     1   152 0.98 aa
NC_002484.2|NP_061517.1_20|[Pseudomonas_phage_D3]virion_structural_protein|13793..14272|159                                 -            159 cl_8seqs_3reps_msa_cr -            149   2.3e-71  243.4   0.2   1   1   4.4e-75   2.5e-71  243.3   0.2     1   149     1   153     1   153 0.98 aa
NC_016765.1|YP_005098223.1_20|[Pseudomonas_phage_PMG1]virion_structural_protein|13837..14316|159                            -            159 cl_8seqs_3reps_msa_cr -            149   2.3e-71  243.4   0.2   1   1   4.4e-75   2.5e-71  243.3   0.2     1   149     1   153     1   153 0.98 aa
NC_030909.1|YP_009273704.1_22|[Pseudomonas_phage_YMC11/07/P54_PAE_BP]virion_structural_protein|complement(17708..18106)|132 -            132 cl_8seqs_3reps_msa_cr -            149   6.3e-69  235.5   0.2   1   1   1.2e-72     7e-69  235.4   0.2    24   149     1   126     1   126 1.00 aa
NC_028834.1|YP_009201754.1_20|[Achromobacter_phage_83-24]hypothetical_protein|15509..16585|358                              -            358 cl_8seqs_3reps_msa_cr -            149   2.4e-21   81.1   0.1   1   2   1.1e-11   6.2e-08   37.6   0.0     4   115     5   117     2   123 0.88 aa
NC_028834.1|YP_009201754.1_20|[Achromobacter_phage_83-24]hypothetical_protein|15509..16585|358                              -            358 cl_8seqs_3reps_msa_cr -            149   2.4e-21   81.1   0.1   2   2   8.9e-13   5.2e-09   41.1   0.0     3   122   133   253   131   266 0.91 aa
NC_028768.1|YP_009196207.1_22|[Achromobacter_phage_JWX]virion_structural_protein|16122..17195|357                           -            357 cl_8seqs_3reps_msa_cr -            149   3.4e-21   80.6   0.1   1   2     1e-12   5.9e-09   40.9   0.1     4   116     5   117     2   124 0.86 aa
NC_028768.1|YP_009196207.1_22|[Achromobacter_phage_JWX]virion_structural_protein|16122..17195|357                           -            357 cl_8seqs_3reps_msa_cr -            149   3.4e-21   80.6   0.1   2   2   1.1e-11   6.6e-08   37.5   0.0     5   123   134   253   130   261 0.88 aa
NC_029033.1|YP_009220355.1_54|[Achromobacter_phage_phiAxp-1]virion_structural_protein|33078..34382|434                      -            434 cl_8seqs_3reps_msa_cr -            149   1.2e-20   78.8   1.2   1   2   1.6e-13     9e-10   43.5   0.1     3   118     4   118     2   125 0.89 aa
NC_029033.1|YP_009220355.1_54|[Achromobacter_phage_phiAxp-1]virion_structural_protein|33078..34382|434                      -            434 cl_8seqs_3reps_msa_cr -            149   1.2e-20   78.8   1.2   2   2   1.2e-10   7.2e-07   34.1   0.1     2   127   130   255   129   274 0.89 aa
NC_009447.1|YP_001210237.1_17|[Burkholderia_phage_BcepGomr]virion_structural_protein|13816..14934|372                       -            372 cl_8seqs_3reps_msa_cr -            149   4.7e-13   54.2   0.4   1   2   1.3e-07   0.00077   24.3   0.1     6    78     9    81     5   117 0.79 aa
NC_009447.1|YP_001210237.1_17|[Burkholderia_phage_BcepGomr]virion_structural_protein|13816..14934|372                       -            372 cl_8seqs_3reps_msa_cr -            149   4.7e-13   54.2   0.4   2   2   8.7e-09     5e-05   28.1   0.0     3   122   130   247   128   256 0.89 aa
NC_070970.1|YP_010671701.1_28|[Pseudomonas_phage_Iggy]hypothetical_protein|20297..21124|275                                 -            275 cl_8seqs_3reps_msa_cr -            149   1.2e-11   49.6   0.1   1   2   1.1e-11   6.5e-08   37.5   0.0     4    79     2    77     1    97 0.95 aa
NC_070970.1|YP_010671701.1_28|[Pseudomonas_phage_Iggy]hypothetical_protein|20297..21124|275                                 -            275 cl_8seqs_3reps_msa_cr -            149   1.2e-11   49.6   0.1   2   2    0.0029        16   10.2   0.0     4    97   127   222   124   245 0.82 aa
NC_070971.1|YP_010671790.1_27|[Pseudomonas_virus_PBPA162]hypothetical_protein|complement(21915..22742)|275                  -            275 cl_8seqs_3reps_msa_cr -            149   2.1e-11   48.9   0.1   1   2   1.1e-11   6.5e-08   37.5   0.0     4    79     2    77     1    97 0.95 aa
NC_070971.1|YP_010671790.1_27|[Pseudomonas_virus_PBPA162]hypothetical_protein|complement(21915..22742)|275                  -            275 cl_8seqs_3reps_msa_cr -            149   2.1e-11   48.9   0.1   2   2    0.0047        27    9.5   0.0     4    97   127   222   124   245 0.82 aa
NC_025471.1|YP_009104265.1_28|[Idiomarinaceae_phage_Phi1M2-2]virion_structural_protein|16209..16694|161                     -            161 cl_8seqs_3reps_msa_cr -            149   1.8e-10   45.8   0.0   1   1   4.6e-14   2.7e-10   45.2   0.0     1   129     1   131     1   159 0.74 aa
NC_020839.1|YP_007673206.1_6|[Rhodobacter_phage_RC1]virion_structural_protein|complement(6559..6981)|140                    -            140 cl_8seqs_3reps_msa_cr -            149   2.8e-09   41.9   0.0   1   1   5.9e-13   3.4e-09   41.7   0.0     3    85     5    87     3   112 0.94 aa
NC_020866.1|YP_007676430.1_51|[Rhodovulum_phage_RS1]virion_structural_protein|32787..33209|140                              -            140 cl_8seqs_3reps_msa_cr -            149   2.8e-09   41.9   0.0   1   1   5.9e-13   3.4e-09   41.7   0.0     3    85     5    87     3   112 0.94 aa
NC_016165.1|YP_004934695.1_52|[Rhodobacter_phage_RcapMu]virion_structural_protein|31713..32135|140                          -            140 cl_8seqs_3reps_msa_cr -            149   3.8e-09   41.5   0.0   1   1   8.6e-13     5e-09   41.1   0.0     4   108     6   112     4   117 0.89 aa
NC_054653.1|YP_010054428.1_13|[Klebsiella_virus_KpV2811]hypothetical_protein|complement(13683..14153)|156                   -            156 cl_8seqs_3reps_msa_cr -            149   3.6e-07   35.1   0.6   1   1   7.6e-11   4.4e-07   34.8   0.6     2   149     3   153     2   153 0.88 aa
NC_054652.1|YP_010054356.1_5|[Klebsiella_phage_YX3973]hypothetical_protein|6251..6721|156                                   -            156 cl_8seqs_3reps_msa_cr -            149   1.9e-06   32.8   0.5   1   1     4e-10   2.3e-06   32.5   0.5     2   149     3   153     2   153 0.88 aa
NC_054654.1|YP_010054542.1_49|[Klebsiella_phage_vB_KpnS_ZX4]hypothetical_protein|25749..26219|156                           -            156 cl_8seqs_3reps_msa_cr -            149   1.9e-06   32.8   0.5   1   1     4e-10   2.3e-06   32.5   0.5     2   149     3   153     2   153 0.88 aa
NC_071154.1|YP_010685917.1_23|[Klebsiella_phage_BUCT541]hypothetical_protein|complement(17295..17765)|156                   -            156 cl_8seqs_3reps_msa_cr -            149   1.9e-06   32.8   0.5   1   1     4e-10   2.3e-06   32.5   0.5     2   149     3   153     2   153 0.88 aa
NC_073031.1|YP_010738739.1_12|[Janthinobacterium_phage_vB_JliS-Donnerlittchen]hypothetical_protein|6881..7357|158           -            158 cl_8seqs_3reps_msa_cr -            149   2.4e-06   32.4   0.0   1   1   4.8e-10   2.8e-06   32.2   0.0     1    93     1    93     1   121 0.87 aa
NC_024217.1|YP_009037310.1_120|[Nitrincola_phage_1M3-16]hypothetical_protein|complement(64505..64858)|117                   -            117 cl_8seqs_3reps_msa_cr -            149   8.7e-06   30.6   0.0   1   1   1.6e-09   9.3e-06   30.5   0.0     4    84     5    86     1   111 0.82 aa
NC_048198.1|YP_009824047.1_17|[Erwinia_phage_vB_EhrS_59]hypothetical_protein|14104..14601|165                               -            165 cl_8seqs_3reps_msa_cr -            149   1.4e-05   29.9   0.1   1   1     3e-09   1.7e-05   29.6   0.1     2   118     3   122     2   137 0.73 aa
NC_071142.1|YP_010684975.1_52|[Klebsiella_phage_VLCpiS13d]virion_structural_protein|25572..26042|156                        -            156 cl_8seqs_3reps_msa_cr -            149   1.4e-05   29.9   0.1   1   1   3.4e-09     2e-05   29.5   0.1     2   103     3   107     2   126 0.87 aa
NC_021534.1|YP_008126232.1_68|[Vibrio_phage_pYD38-A]hypothetical_protein|complement(39512..39982)|156                       -            156 cl_8seqs_3reps_msa_cr -            149   1.4e-05   29.9   0.1   1   1   3.4e-09     2e-05   29.5   0.1     2   103     3   107     2   126 0.87 aa
NC_042037.1|YP_009614658.1_62|[Aeromonas_phage_pIS4-A]hypothetical_protein|32456..32926|156                                 -            156 cl_8seqs_3reps_msa_cr -            149   1.4e-05   29.9   0.1   1   1   3.4e-09     2e-05   29.5   0.1     2   103     3   107     2   126 0.87 aa
NC_071143.1|YP_010685006.1_3|[Flyfo_siphovirus_Tbat1_6]hypothetical_protein|3131..3601|156                                  -            156 cl_8seqs_3reps_msa_cr -            149   1.4e-05   29.9   0.1   1   1   3.4e-09     2e-05   29.5   0.1     2   103     3   107     2   126 0.87 aa
NC_071149.1|YP_010685562.1_68|[Klebsiella_phage_vB_Kpn_ZCKp20p]baseplate_wedge_protein|32709..33179|156                     -            156 cl_8seqs_3reps_msa_cr -            149   1.8e-05   29.6   0.1   1   1   4.3e-09   2.5e-05   29.1   0.1     2   103     3   107     2   126 0.86 aa
NC_071150.1|YP_010685647.1_69|[Klebsiella_phage_ZCKP8]minor_tail_protein|32402..32872|156                                   -            156 cl_8seqs_3reps_msa_cr -            149   1.8e-05   29.6   0.1   1   1   4.3e-09   2.5e-05   29.1   0.1     2   103     3   107     2   126 0.86 aa
NC_071151.1|YP_010685719.1_57|[Klebsiella_phage_vB_Kpn_ZC2]minor_tail_protein|32717..33187|156                              -            156 cl_8seqs_3reps_msa_cr -            149   1.8e-05   29.6   0.1   1   1   4.3e-09   2.5e-05   29.1   0.1     2   103     3   107     2   126 0.86 aa
NC_071156.1|YP_010686107.1_56|[Klebsiella_phage_6991]hypothetical_protein|28567..29037|156                                  -            156 cl_8seqs_3reps_msa_cr -            149   1.8e-05   29.6   0.1   1   1   4.3e-09   2.5e-05   29.1   0.1     2   103     3   107     2   126 0.86 aa
NC_071155.1|YP_010686024.1_52|[Klebsiella_phage_VLCpiS13b]virion_structural_protein|26421..26891|156                        -            156 cl_8seqs_3reps_msa_cr -            149   2.7e-05   29.0   0.3   1   1   5.6e-09   3.2e-05   28.8   0.3     2   102     3   106     2   153 0.87 aa
NC_071146.1|YP_010685295.1_37|[Klebsiella_phage_vB_KpnS_MK54]minor_tail_protein|19423..19893|156                            -            156 cl_8seqs_3reps_msa_cr -            149   2.8e-05   28.9   0.1   1   1   6.7e-09   3.9e-05   28.5   0.1     2   103     3   107     2   126 0.86 aa
NC_071157.1|YP_010686190.1_59|[Klebsiella_phage_VLCpiS13c]virion_structural_protein|complement(35238..35708)|156            -            156 cl_8seqs_3reps_msa_cr -            149     3e-05   28.9   0.1   1   1   7.1e-09   4.1e-05   28.4   0.1     2   103     3   107     2   126 0.87 aa
NC_031924.1|YP_009322780.1_67|[Salmonella_phage_IME207]hypothetical_protein|28806..29282|158                                -            158 cl_8seqs_3reps_msa_cr -            149   3.9e-05   28.5   0.2   1   1     8e-09   4.6e-05   28.2   0.2     1   105     3   110     3   154 0.80 aa
NC_019541.1|YP_007010627.1_46|[Acinetobacter_phage_YMC/09/02/B1251]virion_structural_protein|33893..34291|132               -            132 cl_8seqs_3reps_msa_cr -            149   5.3e-05   28.0   0.0   1   1   1.1e-08   6.5e-05   27.8   0.0    11   124     8   122     2   130 0.83 aa
NC_054641.1|YP_010053509.1_61|[Salmonella_virus_KFS-SE2]hypothetical_protein|complement(34627..35097)|156                   -            156 cl_8seqs_3reps_msa_cr -            149   5.7e-05   27.9   0.2   1   1   1.3e-08   7.3e-05   27.6   0.2     2   101     3   105     1   125 0.86 aa
NC_071153.1|YP_010685868.1_57|[Klebsiella_phage_BUCT610]hypothetical_protein|27338..27808|156                               -            156 cl_8seqs_3reps_msa_cr -            149   5.8e-05   27.9   0.1   1   1   1.4e-08   8.1e-05   27.5   0.1     2   103     3   107     2   126 0.87 aa
NC_054648.1|YP_010054082.1_62|[Salmonella_phage_vB_Se_STGO-35-1]minor_tail_protein|29548..30021|157                         -            157 cl_8seqs_3reps_msa_cr -            149   7.1e-05   27.6   0.1   1   1   1.6e-08   9.2e-05   27.3   0.1     1   101     3   106     3   128 0.87 aa
NC_054639.1|YP_010053346.1_63|[Salmonella_phage_Skate]hypothetical_protein|28397..28873|158                                 -            158 cl_8seqs_3reps_msa_cr -            149   8.7e-05   27.3   0.2   1   1   1.8e-08    0.0001   27.1   0.2     1   105     3   110     3   154 0.80 aa
NC_054642.1|YP_010053565.1_32|[Salmonella_phage_Seszw_1]hypothetical_protein|17534..18007|157                               -            157 cl_8seqs_3reps_msa_cr -            149   9.6e-05   27.2   0.1   1   1   1.9e-08   0.00011   27.0   0.1     1   102     3   107     3   141 0.87 aa
NC_070846.1|YP_010657369.1_2|[Salmonella_phage_LPSTLL]hypothetical_protein|1594..2067|157                                   -            157 cl_8seqs_3reps_msa_cr -            149   9.9e-05   27.2   0.3   1   1     2e-08   0.00011   27.0   0.3     2   105     3   109     1   153 0.80 aa
NC_054651.1|YP_010054281.1_6|[Escherichia_phage_C1]hypothetical_protein|complement(6554..7027)|157                          -            157 cl_8seqs_3reps_msa_cr -            149    0.0001   27.1   0.2   1   1     2e-08   0.00012   26.9   0.2     1   101     3   106     3   152 0.88 aa
NC_054647.1|YP_010053951.1_16|[Salmonella_phage_Akira]hypothetical_protein|complement(13949..14422)|157                     -            157 cl_8seqs_3reps_msa_cr -            149   0.00013   26.8   0.2   1   1   2.5e-08   0.00015   26.6   0.2     1   102     3   107     3   152 0.88 aa
NC_071145.1|YP_010685197.1_17|[Klebsiella_phage_VLCpiS13e]virion_structural_protein|10270..10743|157                        -            157 cl_8seqs_3reps_msa_cr -            149   0.00013   26.8   0.1   1   1     3e-08   0.00017   26.4   0.1     2   104     4   109     3   127 0.85 aa
NC_019927.1|YP_007237618.1_44|[Cronobacter_phage_ENT47670]hypothetical_protein|46209..46706|165                             -            165 cl_8seqs_3reps_msa_cr -            149   0.00014   26.7   0.1   1   1   3.1e-08   0.00018   26.3   0.1     2   102     4   107     3   122 0.73 aa
NC_054638.1|YP_010053258.1_48|[Salmonella_phage_vB_SenS_SB28]hypothetical_protein|24344..24814|156                          -            156 cl_8seqs_3reps_msa_cr -            149   0.00016   26.5   0.2   1   1   3.1e-08   0.00018   26.3   0.2     2   102     3   106     1   140 0.87 aa
NC_031059.1|YP_009285933.1_48|[Rhodovulum_phage_vB_RhkS_P1]virion_structural_protein|27232..27588|118                       -            118 cl_8seqs_3reps_msa_cr -            149   0.00019   26.3   0.2   1   1   3.7e-08   0.00022   26.1   0.2     1    88     1    90     1   103 0.84 aa
NC_054643.1|YP_010053681.1_76|[Salmonella_phage_SeSz-2]hypothetical_protein|39846..40316|156                                -            156 cl_8seqs_3reps_msa_cr -            149   0.00019   26.3   0.1   1   1   3.7e-08   0.00021   26.1   0.1     2   102     3   106     1   140 0.87 aa
NC_054637.1|YP_010053153.1_29|[Escherichia_phage_vB_EcoS_Sa179lw]hypothetical_protein|15910..16383|157                      -            157 cl_8seqs_3reps_msa_cr -            149   0.00019   26.2   0.1   1   1   4.5e-08   0.00026   25.8   0.1     2   101     4   106     3   128 0.87 aa
NC_054650.1|YP_010054212.1_16|[Shigella_phage_DS8]hypothetical_protein|8852..9325|157                                       -            157 cl_8seqs_3reps_msa_cr -            149   0.00022   26.1   0.1   1   1     5e-08   0.00029   25.7   0.1     1   101     3   106     3   128 0.87 aa
NC_071144.1|YP_010685103.1_4|[Klebsiella_phage_VLCpiS13f]virion_structural_protein|complement(4718..5191)|157               -            157 cl_8seqs_3reps_msa_cr -            149   0.00025   25.9   0.1   1   1   4.9e-08   0.00028   25.7   0.1     2   102     4   107     3   152 0.87 aa
NC_010495.1|YP_001742072.1_35|[Salmonella_phage_Vi_II-E1]hypothetical_protein|24365..24835|156                              -            156 cl_8seqs_3reps_msa_cr -            149   0.00032   25.5   0.1   1   1   7.1e-08   0.00041   25.2   0.1     2   101     3   105     1   127 0.86 aa
NC_071152.1|YP_010685763.1_30|[Klebsiella_phage_VLCpiS13a]virion_structural_protein|17455..17925|156                        -            156 cl_8seqs_3reps_msa_cr -            149   0.00037   25.3   0.1   1   1   8.9e-08   0.00051   24.9   0.1     2   103     3   107     2   126 0.84 aa
NC_019933.2|YP_007238089.1_19|[Xanthomonas_phage_CP1]virion_structural_protein|14827..15189|120                             -            120 cl_8seqs_3reps_msa_cr -            149   0.00075   24.3   0.1   1   1   1.8e-07     0.001   23.9   0.0    12    80    11    79     1   102 0.79 aa
NC_054649.1|YP_010054112.1_4|[Escherichia_phage_vB_EcoS_swi2]hypothetical_protein|complement(5668..6141)|157                -            157 cl_8seqs_3reps_msa_cr -            149   0.00077   24.3   0.2   1   1   1.5e-07   0.00087   24.1   0.2     2   101     4   106     3   149 0.87 aa
NC_054640.1|YP_010053420.1_47|[Salmonella_phage_Segz_1]hypothetical_protein|23514..23987|157                                -            157 cl_8seqs_3reps_msa_cr -            149    0.0008   24.2   0.1   1   1   1.5e-07   0.00089   24.1   0.1     2   102     4   107     3   154 0.84 aa
NC_031918.1|YP_009322249.1_52|[Salmonella_phage_64795_sal3]hypothetical_protein|27290..27772|160                            -            160 cl_8seqs_3reps_msa_cr -            149   0.00091   24.0   0.1   1   1   2.1e-07    0.0012   23.6   0.1     2   101     7   109     6   131 0.85 aa
NC_054644.1|YP_010053740.1_57|[Salmonella_virus_VSt472]hypothetical_protein|28620..29093|157                                -            157 cl_8seqs_3reps_msa_cr -            149   0.00092   24.0   0.1   1   1   2.1e-07    0.0012   23.7   0.1     2   101     4   106     3   128 0.85 aa
NC_054645.1|YP_010053778.1_13|[Salmonella_phage_LPST10]hypothetical_protein|complement(11731..12204)|157                    -            157 cl_8seqs_3reps_msa_cr -            149   0.00092   24.0   0.1   1   1   2.1e-07    0.0012   23.7   0.1     2   101     4   106     3   128 0.85 aa
NC_054646.1|YP_010053891.1_39|[Salmonella_phage_VB_StyS_BS5]hypothetical_protein|19802..20275|157                           -            157 cl_8seqs_3reps_msa_cr -            149   0.00092   24.0   0.1   1   1   2.1e-07    0.0012   23.7   0.1     2   101     4   106     3   128 0.85 aa
NC_071003.1|YP_010675369.1_21|[Enterobacter_phage_vB_EclS_CobraSix]hypothetical_protein|14964..15461|165                    -            165 cl_8seqs_3reps_msa_cr -            149     0.001   23.9   0.1   1   1   2.2e-07    0.0012   23.6   0.1     2   102     4   107     3   136 0.76 aa
NC_054636.1|YP_010053061.1_17|[Shigella_phage_Sf11_SMD-2017]hypothetical_protein|complement(13880..15253)|457               -            457 cl_8seqs_3reps_msa_cr -            149     0.003   22.4   0.1   1   1   9.7e-07    0.0056   21.5   0.1     1   100     3   105     3   127 0.86 aa
NC_012742.1|YP_002922631.1_17|[Xanthomonas_phage_phiL7]virion_structural_protein|13581..13940|119                           -            119 cl_8seqs_3reps_msa_cr -            149    0.0043   21.9   0.0   1   1   8.2e-07    0.0047   21.7   0.0    11   102    10    99     1   114 0.77 aa
NC_069154.1|YP_010582691.1_40|[Klebsiella_phage_VLCpiS11a]virion_structural_protein|complement(25256..25750)|164            -            164 cl_8seqs_3reps_msa_cr -            149     0.019   19.8   0.0   1   1   4.2e-06     0.024   19.4   0.0     3   101     5   102     3   134 0.77 aa
NC_041925.1|YP_009600624.1_42|[Proteus_phage_VB_PmiS-Isfahan]hypothetical_protein|25971..26468|165                          -            165 cl_8seqs_3reps_msa_cr -            149     0.022   19.6   0.0   1   1   4.6e-06     0.027   19.3   0.0     4    95    10   102     7   137 0.81 aa
NC_048181.1|YP_009821861.1_25|[Raoultella_phage_RP180]hypothetical_protein|19172..19666|164                                 -            164 cl_8seqs_3reps_msa_cr -            149     0.023   19.5   0.0   1   1   4.8e-06     0.027   19.2   0.0     3   114     5   116     3   135 0.80 aa
NC_028695.2|YP_009191448.1_40|[Enterobacter_phage_phiEap-2]hypothetical_protein|21610..22104|164                            -            164 cl_8seqs_3reps_msa_cr -            149     0.026   19.3   0.0   1   1   6.1e-06     0.035   18.9   0.0     4   111     6   111     4   136 0.72 aa
NC_004902.1|NP_858966.1_19|[Xanthomonas_phage_Xp10]virion_structural_protein|13362..13718|118                               -            118 cl_8seqs_3reps_msa_cr -            149     0.029   19.2   0.0   1   1   5.6e-06     0.032   19.0   0.0    12    99    11    96     1   105 0.77 aa
NC_028819.1|YP_009200200.1_14|[Pseudoalteromonas_phage_H103]virion_structural_protein|complement(10119..10595)|158          -            158 cl_8seqs_3reps_msa_cr -            149     0.031   19.1   0.1   1   1   9.9e-06     0.057   18.2   0.1    30   101    33   102     5   156 0.76 aa
NC_009543.1|YP_001285688.1_16|[Xanthomonas_phage_Xop411]virion_structural_protein|12401..12757|118                          -            118 cl_8seqs_3reps_msa_cr -            149     0.043   18.6   0.0   1   1   8.9e-06     0.052   18.4   0.0    13    99    12    96     2   105 0.78 aa
NC_020846.1|YP_007674000.1_38|[Vibrio_phage_pYD21-A]virion_structural_protein|24843..25325|160                              -            160 cl_8seqs_3reps_msa_cr -            149     0.045   18.5   0.0   1   1   9.8e-06     0.056   18.2   0.0     2   123     4   129     3   144 0.80 aa
NC_007709.1|YP_453576.1_18|[Xanthomonas_phage_OP1]virion_structural_protein|13552..13905|117                                -            117 cl_8seqs_3reps_msa_cr -            149     0.073   17.9   0.0   1   1   1.5e-05     0.087   17.6   0.0    13   100    12    97     2   106 0.80 aa
NC_073319.1|YP_010749258.1_53|[Escherichia_phage_SZH-1]hypothetical_protein|complement(25719..26192)|157                    -            157 cl_8seqs_3reps_msa_cr -            149     0.076   17.8   0.0   1   1   1.6e-05     0.092   17.5   0.0    12   115     7   110     2   128 0.82 aa
NC_073320.1|YP_010749347.1_61|[Escherichia_phage_26]hypothetical_protein|32941..33414|157                                   -            157 cl_8seqs_3reps_msa_cr -            149     0.082   17.7   0.0   1   1   1.7e-05     0.097   17.5   0.0    12   115     7   110     2   128 0.81 aa
NC_073322.1|YP_010749475.1_46|[Escherichia_phage_vB_EcoS-Ro145c2YLVW]hypothetical_protein|23553..24026|157                  -            157 cl_8seqs_3reps_msa_cr -            149       0.1   17.4   0.0   1   1   2.1e-05      0.12   17.1   0.0    12   114     7   109     2   128 0.80 aa
NC_031098.1|YP_009289765.1_26|[Acinetobacter_phage_vB_AbaS_TRS1]virion_structural_protein|16790..17257|155                  -            155 cl_8seqs_3reps_msa_cr -            149      0.11   17.3   0.0   1   1   2.4e-05      0.14   16.9   0.0    19    96    16    93     4   112 0.83 aa
NC_021563.1|YP_008130357.1_64|[Serratia_phage_Eta]hypothetical_protein|36442..36936|164                                     -            164 cl_8seqs_3reps_msa_cr -            149      0.15   16.9   0.0   1   1     3e-05      0.17   16.6   0.0     3   115     5   117     3   133 0.83 aa
NC_069156.1|YP_010582773.1_5|[Serratia_phage_vB_SmaM-Otaku]hypothetical_protein|complement(4881..5375)|164                  -            164 cl_8seqs_3reps_msa_cr -            149      0.15   16.9   0.0   1   1   3.2e-05      0.18   16.6   0.0     3   115     5   117     3   134 0.81 aa
NC_070824.1|YP_010655303.1_4|[Pseudoalteromonas_phage_C7]hypothetical_protein|complement(4549..5016)|155                    -            155 cl_8seqs_3reps_msa_cr -            149      0.26   16.1   0.0   1   1   8.8e-05      0.51   15.1   0.0    43   149    46   153    29   153 0.70 aa
NC_070822.1|YP_010655179.1_15|[Pseudoalteromonas_phage_TW1]hypothetical_protein|8086..8556|156                              -            156 cl_8seqs_3reps_msa_cr -            149      0.28   16.0   0.0   1   1   6.9e-05       0.4   15.5   0.0    25    90    29    91     6   114 0.79 aa
NC_073315.1|YP_010748930.1_28|[Escherichia_phage_vB_EcoS_fFiEco03]hypothetical_protein|17935..19305|456                     -            456 cl_8seqs_3reps_msa_cr -            149      0.65   14.8   0.0   1   1   0.00024       1.4   13.7   0.0    12   114     7   109     2   127 0.80 aa
NC_069155.1|YP_010582758.1_50|[Serratia_phage_Tsm2]hypothetical_protein|30094..30588|164                                    -            164 cl_8seqs_3reps_msa_cr -            149      0.76   14.6   0.0   1   1   0.00016      0.93   14.3   0.0     3   114     5   116     3   132 0.84 aa
NC_070823.1|YP_010655299.1_73|[Pseudoalteromonas_phage_vB_PspS-H40/1]hypothetical_protein|44860..45306|148                  -            148 cl_8seqs_3reps_msa_cr -            149      0.78   14.5   0.0   1   1   0.00018         1   14.1   0.0    49   149    46   144    32   144 0.81 aa
NC_048165.1|YP_009820249.1_14|[Microbacterium_phage_Fireman]hypothetical_protein|5680..6012|110                             -            110 cl_8seqs_3reps_msa_cr -            149       1.6   13.5   0.0   1   1   0.00031       1.8   13.4   0.0    43   111    10    79     6   105 0.82 aa
NC_069153.1|YP_010582605.1_27|[Salmonella_virus_VSiP]hypothetical_protein|18017..18517|166                                  -            166 cl_8seqs_3reps_msa_cr -            149       1.7   13.4   0.0   1   1    0.0004       2.3   13.0   0.0     4   113     6   115     4   129 0.73 aa
NC_007024.1|YP_239288.1_20|[Xanthomonas_phage_Xp15]virion_structural_protein|16353..16724|123                               -            123 cl_8seqs_3reps_msa_cr -            149       1.7   13.4   0.0   1   1   0.00036       2.1   13.2   0.0    22    70    21    70     5    98 0.80 aa
NC_021775.1|YP_008239652.1_55|[Salmonella_phage_FSL_SP-031]hypothetical_protein|36428..36928|166                            -            166 cl_8seqs_3reps_msa_cr -            149       2.2   13.1   0.0   1   1   0.00049       2.8   12.7   0.0     4   113     6   115     4   130 0.74 aa
NC_073461.1|YP_010754597.1_129|[Streptomyces_phage_Gilgamesh]hypothetical_protein|113144..113527|127                        -            127 cl_8seqs_3reps_msa_cr -            149       2.3   13.0   0.3   1   1   0.00075       4.3   12.1   0.3    17    65    61   110    54   119 0.86 aa
NC_054965.1|YP_010078876.1_61|[Klebsiella_phage_LASTA]hypothetical_protein|54082..54897|271                                 -            271 cl_8seqs_3reps_msa_cr -            149       3.2   12.5   0.0   1   1     0.001       5.8   11.7   0.0    57   109   199   257   186   269 0.83 aa
NC_049379.1|YP_009876120.1_1|[Vibrio_phage_vB_VspP_pVa5]N4_gp69_like_protein|86..781|231                                    -            231 cl_8seqs_3reps_msa_cr -            149       5.1   11.9   0.0   1   1    0.0015       8.5   11.2   0.0    67   146    61   142    46   145 0.85 aa
NC_041925.1|YP_009600624.1_42|[Proteus_phage_VB_PmiS-Isfahan]hypothetical_protein|25971..26468|165             -            165 cl_5seqs_2reps_msa_cr -            160   1.5e-97  328.7   0.3   1   1  5.7e-102   1.6e-97  328.6   0.3     1   160     3   162     3   162 1.00 aa
NC_071011.1|YP_010676308.1_51|[Klebsiella_phage_vB_KpnS-Carvaje]virion_structural_protein|27754..28257|167     -            167 cl_5seqs_2reps_msa_cr -            160     2e-94  318.5   0.0   1   1   7.9e-99   2.2e-94  318.3   0.0     1   160     5   164     5   164 1.00 aa
NC_047786.1|YP_009787821.1_47|[Salmonella_phage_vB_SenS_Sasha]virion_structural_protein|27788..28291|167       -            167 cl_5seqs_2reps_msa_cr -            160   5.2e-83  281.4   0.0   1   1     2e-87   5.8e-83  281.2   0.0     1   160     5   164     5   164 1.00 aa
NC_042062.1|YP_009617880.1_51|[Salmonella_phage_SP069]hypothetical_protein|29434..29937|167                    -            167 cl_5seqs_2reps_msa_cr -            160   6.2e-81  274.6   0.0   1   1   2.4e-85     7e-81  274.5   0.0     1   160     5   164     5   164 1.00 aa
NC_025443.1|YP_009101221.1_51|[Salmonella_phage_9NA]virion_structural_protein|28178..28681|167                 -            167 cl_5seqs_2reps_msa_cr -            160   2.1e-80  272.9   0.0   1   1   8.3e-85   2.4e-80  272.8   0.0     1   160     5   164     5   164 1.00 aa
NC_070772.1|YP_010649711.1_24|[Vibrio_phage_Seahorse]hypothetical_protein|20900..21397|165                     -            165 cl_5seqs_2reps_msa_cr -            160   2.5e-07   35.4   0.0   1   1   1.1e-11     3e-07   35.1   0.0     4   154    11   160     8   163 0.86 aa
NC_021563.1|YP_008130357.1_64|[Serratia_phage_Eta]hypothetical_protein|36442..36936|164                        -            164 cl_5seqs_2reps_msa_cr -            160   8.9e-05   27.1   0.0   1   1   3.9e-09   0.00011   26.8   0.0    19   160    17   160     5   160 0.81 aa
NC_069155.1|YP_010582758.1_50|[Serratia_phage_Tsm2]hypothetical_protein|30094..30588|164                       -            164 cl_5seqs_2reps_msa_cr -            160   0.00038   25.0   0.0   1   1   1.6e-08   0.00046   24.8   0.0    19   160    17   160     5   160 0.80 aa
NC_069156.1|YP_010582773.1_5|[Serratia_phage_vB_SmaM-Otaku]hypothetical_protein|complement(4881..5375)|164     -            164 cl_5seqs_2reps_msa_cr -            160   0.00059   24.4   0.0   1   1   2.5e-08    0.0007   24.2   0.0    19   148    17   148     5   160 0.80 aa
NC_028695.2|YP_009191448.1_40|[Enterobacter_phage_phiEap-2]hypothetical_protein|21610..22104|164               -            164 cl_5seqs_2reps_msa_cr -            160     0.011   20.3   0.0   1   1   4.3e-07     0.012   20.1   0.0    19   148    17   148     5   160 0.76 aa
NC_073319.1|YP_010749258.1_53|[Escherichia_phage_SZH-1]hypothetical_protein|complement(25719..26192)|157       -            157 cl_5seqs_2reps_msa_cr -            160      0.07   17.7   0.0   1   1   2.7e-06     0.078   17.5   0.0    19   147    10   140     2   153 0.73 aa
NC_025466.1|YP_009103926.1_40|[Shewanella_sp._phage_3/49]hypothetical_protein|23325..23825|166                 -            166 cl_5seqs_2reps_msa_cr -            160     0.084   17.4   0.0   1   1   3.7e-06      0.11   17.1   0.0    25   105    23   101     2   150 0.73 aa
NC_073320.1|YP_010749347.1_61|[Escherichia_phage_26]hypothetical_protein|32941..33414|157                      -            157 cl_5seqs_2reps_msa_cr -            160     0.087   17.4   0.0   1   1   3.4e-06     0.097   17.2   0.0    19   147    10   140     2   153 0.73 aa
NC_048181.1|YP_009821861.1_25|[Raoultella_phage_RP180]hypothetical_protein|19172..19666|164                    -            164 cl_5seqs_2reps_msa_cr -            160      0.14   16.7   0.0   1   1   5.5e-06      0.16   16.5   0.0    19   145    17   145     7   160 0.71 aa
NC_073322.1|YP_010749475.1_46|[Escherichia_phage_vB_EcoS-Ro145c2YLVW]hypothetical_protein|23553..24026|157     -            157 cl_5seqs_2reps_msa_cr -            160      0.28   15.7   0.0   1   1   1.1e-05      0.31   15.6   0.0    19   146    10   139     2   153 0.71 aa
NC_015157.1|YP_004251021.1_80|[Vibrio_phage_ICP1]HNH_homing_endonuclease|complement(40689..41411)|240          -            240 cl_5seqs_2reps_msa_cr -            160       1.1   13.8   0.1   1   2       7.4   2.1e+05   -3.4   0.0   138   157    90   109    85   111 0.79 aa
NC_015157.1|YP_004251021.1_80|[Vibrio_phage_ICP1]HNH_homing_endonuclease|complement(40689..41411)|240          -            240 cl_5seqs_2reps_msa_cr -            160       1.1   13.8   0.1   2   2   6.9e-05         2   13.0   0.0    63   104   177   218   124   229 0.88 aa
NC_071150.1|YP_010685616.1_38|[Klebsiella_phage_ZCKP8]MarR_family_transcrition_regulator|15358..15864|168      -            168 cl_5seqs_2reps_msa_cr -            160       2.8   12.5   0.0   1   1   0.00015       4.4   11.8   0.0   107   142     7    42     2    61 0.83 aa
NC_071151.1|YP_010685693.1_31|[Klebsiella_phage_vB_Kpn_ZC2]MarR_family_transcrition_regulator|15750..16256|168 -            168 cl_5seqs_2reps_msa_cr -            160       2.8   12.5   0.0   1   1   0.00015       4.4   11.8   0.0   107   142     7    42     2    61 0.83 aa
NC_041911.1|YP_009598729.1_36|[Ralstonia_phage_RP12]hypothetical_protein|complement(35102..35875)|257          -            257 cl_5seqs_2reps_msa_cr -            160       5.9   11.4   0.0   1   1    0.0003       8.5   10.9   0.0    40    94    93   146    56   161 0.88 aa
NC_031098.1|YP_009289765.1_26|[Acinetobacter_phage_vB_AbaS_TRS1]virion_structural_protein|16790..17257|155        -            155 cl_1_TRS1            -            155  1.4e-108  364.1   0.7   1   1  4.3e-113  1.6e-108  364.0   0.7     1   155     1   155     1   155 1.00 aa
NC_019541.1|YP_007010627.1_46|[Acinetobacter_phage_YMC/09/02/B1251]virion_structural_protein|33893..34291|132     -            132 cl_1_TRS1            -            155   1.2e-10   46.1   0.4   1   1   3.5e-15   1.3e-10   46.0   0.4     1   128     1   130     1   132 0.87 aa
NC_073031.1|YP_010738739.1_12|[Janthinobacterium_phage_vB_JliS-Donnerlittchen]hypothetical_protein|6881..7357|158 -            158 cl_1_TRS1            -            155     0.033   18.7   0.0   1   1   1.3e-06     0.048   18.1   0.0     6   119     9   122     6   145 0.84 aa
NC_069154.1|YP_010582691.1_40|[Klebsiella_phage_VLCpiS11a]virion_structural_protein|complement(25256..25750)|164  -            164 cl_1_TRS1            -            155      0.27   15.7   0.0   1   1   8.8e-06      0.32   15.5   0.0     7   117    12   122     8   152 0.78 aa
NC_028755.1|YP_009194936.1_121|[Citrobacter_phage_Margaery]hypothetical_protein|complement(70912..71202)|96       -             96 cl_1_TRS1            -            155       2.1   12.8   0.0   1   1   6.1e-05       2.2   12.7   0.0    80   136     8    61     1    83 0.80 aa
NC_054725.1|YP_010059420.1_170|[Gordonia_phage_Skog]hydrolase|93334..94971|545                                    -            545 cl_1_TRS1            -            155       2.5   12.6   0.0   1   1   0.00013       4.6   11.7   0.0    91   134   207   249   197   264 0.85 aa
NC_070824.1|YP_010655318.1_19|[Pseudoalteromonas_phage_C7]hypothetical_protein|complement(13271..13615)|114       -            114 cl_1_TRS1            -            155       2.7   12.4   0.0   1   1   7.7e-05       2.8   12.4   0.0    53    98    33    79     3   100 0.71 aa
NC_029013.1|YP_009218750.1_212|[Citrobacter_phage_IME-CF2]hypothetical_protein|complement(137690..138505)|271     -            271 cl_1_TRS1            -            155       3.3   12.2   0.0   1   1   0.00014       4.9   11.6   0.0    67   115   134   181   110   224 0.83 aa
NC_054723.1|YP_010058895.1_106|[Gordonia_phage_Pupper]hypothetical_protein|62280..63914|544                       -            544 cl_1_TRS1            -            155       3.3   12.2   0.0   1   1   0.00018       6.4   11.2   0.0    91   134   206   248   196   263 0.86 aa
NC_009015.1|YP_001039723.1_39|[Burkholderia_phage_BcepF1]hypothetical_protein|13233..13520|95                     -             95 cl_1_TRS1            -            155       3.6   12.1   0.0   1   1   0.00011         4   11.9   0.0    79   129    25    75     3    83 0.89 aa
NC_025414.1|YP_009097857.1_255|[Citrobacter_phage_Miller]hypothetical_protein|158077..158943|288                  -            288 cl_1_TRS1            -            155       3.6   12.0   0.0   1   1   0.00015       5.4   11.5   0.0    67   115   151   198   128   241 0.82 aa
NC_023711.1|YP_009014288.1_26|[Mycobacterium_phage_Oline]hypothetical_protein|complement(19341..19682)|113        -            113 cl_1_TRS1            -            155       4.1   11.9   0.0   1   1   0.00012       4.5   11.7   0.0    85   133    41    89    13   105 0.84 aa
NC_048100.1|YP_009815891.1_62|[Arthrobacter_phage_Kepler]hypothetical_protein|35121..35264|47                     -             47 cl_1_TRS1            -            155       5.9   11.4   0.0   1   1   0.00016       5.9   11.4   0.0    89   108    16    35     3    43 0.84 aa
NC_048099.1|YP_009815817.1_60|[Arthrobacter_phage_Coral]hypothetical_protein|34907..35050|47                      -             47 cl_1_TRS1            -            155         6   11.3   0.0   1   1   0.00017         6   11.3   0.0    89   108    16    35     4    43 0.84 aa
NC_025447.1|YP_009101815.1_221|[Escherichia_phage_121Q]hypothetical_protein|114984..115163|59                     -             59 cl_1_TRS1            -            155         9   10.8   0.5   1   1   0.00025       8.9   10.8   0.5    56    95     8    48     1    56 0.77 aa
NC_070772.1|YP_010649711.1_24|[Vibrio_phage_Seahorse]hypothetical_protein|20900..21397|165                        -            165 cl_1_Seahorse        -            165  2.3e-117  393.4   0.1   1   1  3.9e-121  2.5e-117  393.2   0.1     1   165     1   165     1   165 1.00 aa
NC_042062.1|YP_009617880.1_51|[Salmonella_phage_SP069]hypothetical_protein|29434..29937|167                       -            167 cl_1_Seahorse        -            165   7.1e-07   34.0   0.0   1   1   1.4e-10   8.7e-07   33.7   0.0    13   158    10   156     2   160 0.83 aa
NC_025443.1|YP_009101221.1_51|[Salmonella_phage_9NA]virion_structural_protein|28178..28681|167                    -            167 cl_1_Seahorse        -            165   2.7e-06   32.1   0.0   1   1   5.2e-10   3.4e-06   31.8   0.0    13   157    10   155     2   159 0.83 aa
NC_069156.1|YP_010582773.1_5|[Serratia_phage_vB_SmaM-Otaku]hypothetical_protein|complement(4881..5375)|164        -            164 cl_1_Seahorse        -            165   6.1e-06   30.9   0.0   1   1   1.2e-09   7.6e-06   30.6   0.0    22   153    13   147     2   155 0.82 aa
NC_069155.1|YP_010582758.1_50|[Serratia_phage_Tsm2]hypothetical_protein|30094..30588|164                          -            164 cl_1_Seahorse        -            165   1.1e-05   30.1   0.0   1   1   2.2e-09   1.4e-05   29.7   0.0    22   153    13   147     2   155 0.81 aa
NC_041925.1|YP_009600624.1_42|[Proteus_phage_VB_PmiS-Isfahan]hypothetical_protein|25971..26468|165                -            165 cl_1_Seahorse        -            165   1.7e-05   29.5   0.0   1   1   3.2e-09     2e-05   29.2   0.0    12   160     7   156     2   159 0.84 aa
NC_047786.1|YP_009787821.1_47|[Salmonella_phage_vB_SenS_Sasha]virion_structural_protein|27788..28291|167          -            167 cl_1_Seahorse        -            165   3.3e-05   28.5   0.0   1   1   6.4e-09   4.1e-05   28.2   0.0    13   158    10   156     2   159 0.83 aa
NC_021563.1|YP_008130357.1_64|[Serratia_phage_Eta]hypothetical_protein|36442..36936|164                           -            164 cl_1_Seahorse        -            165   6.5e-05   27.6   0.0   1   1   1.3e-08   8.1e-05   27.3   0.0    22   157    13   151     2   158 0.80 aa
NC_071011.1|YP_010676308.1_51|[Klebsiella_phage_vB_KpnS-Carvaje]virion_structural_protein|27754..28257|167        -            167 cl_1_Seahorse        -            165    0.0067   21.0   0.0   1   1   1.3e-06    0.0084   20.7   0.0    13   158    10   156     2   161 0.81 aa
NC_073320.1|YP_010749347.1_61|[Escherichia_phage_26]hypothetical_protein|32941..33414|157                         -            157 cl_1_Seahorse        -            165     0.028   19.0   0.0   1   1   5.5e-06     0.035   18.7   0.0    25   149     9   136     4   145 0.82 aa
NC_048181.1|YP_009821861.1_25|[Raoultella_phage_RP180]hypothetical_protein|19172..19666|164                       -            164 cl_1_Seahorse        -            165     0.034   18.7   0.0   1   1   6.6e-06     0.043   18.4   0.0    25   149    16   143     4   152 0.80 aa
NC_073316.1|YP_010749009.1_30|[Escherichia_phage_vB_EcoS_fFiEco02]hypothetical_protein|19687..20187|166           -            166 cl_1_Seahorse        -            165     0.038   18.6   0.0   1   1   7.4e-06     0.047   18.3   0.0    24   153    15   149     3   156 0.82 aa
NC_025466.1|YP_009103926.1_40|[Shewanella_sp._phage_3/49]hypothetical_protein|23325..23825|166                    -            166 cl_1_Seahorse        -            165     0.041   18.5   0.0   1   1   7.9e-06     0.051   18.2   0.0    25   153    16   147     3   154 0.77 aa
NC_069152.1|YP_010582522.1_27|[Salmonella_phage_Shemara]hypothetical_protein|18129..18629|166                     -            166 cl_1_Seahorse        -            165     0.049   18.2   0.0   1   1   9.3e-06      0.06   18.0   0.0    27   149    18   145     6   153 0.77 aa
NC_073188.1|YP_010746874.1_48|[Salmonella_phage_vB_SenS_S532]hypothetical_protein|24316..24816|166                -            166 cl_1_Seahorse        -            165     0.049   18.2   0.0   1   1   9.8e-06     0.063   17.9   0.0    25   148    16   144     8   153 0.82 aa
NC_073189.1|YP_010746947.1_55|[Salmonella_phage_JD01]hypothetical_protein|complement(38045..38545)|166            -            166 cl_1_Seahorse        -            165     0.049   18.2   0.0   1   1   9.8e-06     0.063   17.9   0.0    25   148    16   144     8   153 0.82 aa
NC_073190.1|YP_010747004.1_50|[Salmonella_phage_vB_SenS_S528]hypothetical_protein|24404..24904|166                -            166 cl_1_Seahorse        -            165     0.049   18.2   0.0   1   1   9.8e-06     0.063   17.9   0.0    25   148    16   144     8   153 0.82 aa
NC_073192.1|YP_010747095.1_6|[Salmonella_phage_F118P13]hypothetical_protein|complement(5673..6173)|166            -            166 cl_1_Seahorse        -            165     0.049   18.2   0.0   1   1   9.8e-06     0.063   17.9   0.0    25   148    16   144     8   153 0.82 aa
NC_073193.1|YP_010747216.1_59|[Salmonella_phage_vB_SalS-S10]hypothetical_protein|39171..39671|166                 -            166 cl_1_Seahorse        -            165     0.049   18.2   0.0   1   1   9.8e-06     0.063   17.9   0.0    25   148    16   144     8   153 0.82 aa
NC_073207.1|YP_010748064.1_18|[Salmonella_phage_SHWT1]hypothetical_protein|complement(17411..17911)|166           -            166 cl_1_Seahorse        -            165     0.049   18.2   0.0   1   1   9.8e-06     0.063   17.9   0.0    25   148    16   144     8   153 0.82 aa
NC_073314.1|YP_010748874.1_48|[Escherichia_virus_fEg-Eco19]hypothetical_protein|24956..25456|166                  -            166 cl_1_Seahorse        -            165     0.049   18.2   0.0   1   1     9e-06     0.058   18.0   0.0    13   153     4   149     1   156 0.81 aa
NC_073319.1|YP_010749258.1_53|[Escherichia_phage_SZH-1]hypothetical_protein|complement(25719..26192)|157          -            157 cl_1_Seahorse        -            165     0.054   18.1   0.0   1   1   1.1e-05      0.07   17.7   0.0    25   149     9   136     4   145 0.80 aa
NC_073322.1|YP_010749475.1_46|[Escherichia_phage_vB_EcoS-Ro145c2YLVW]hypothetical_protein|23553..24026|157        -            157 cl_1_Seahorse        -            165     0.072   17.7   0.0   1   1   1.4e-05     0.092   17.3   0.0    25   149     9   136     4   145 0.81 aa
NC_073317.1|YP_010749084.1_28|[Escherichia_phage_vB_EcoS_fPoEco01]hypothetical_protein|18289..18789|166           -            166 cl_1_Seahorse        -            165     0.078   17.6   0.0   1   1   1.5e-05       0.1   17.2   0.0    24   153    15   149     3   156 0.82 aa
NC_093713.1|YP_011217263.1_8|[Escherichia_phage_P_AB-2017]hypothetical_protein|complement(8713..9213)|166         -            166 cl_1_Seahorse        -            165      0.09   17.4   0.0   1   1   1.8e-05      0.11   17.0   0.0    24   153    15   149     3   156 0.82 aa
NC_020853.1|YP_007674948.1_51|[Loktanella_phage_pCB2051-A]hypothetical_protein|complement(41648..41905)|85        -             85 cl_1_Seahorse        -            165     0.091   17.4   0.0   1   1   1.6e-05       0.1   17.2   0.0    75   137    25    85    10    85 0.82 aa
NC_073218.1|YP_010748749.1_38|[Salmonella_phage_demigod]hypothetical_protein|24667..25167|166                     -            166 cl_1_Seahorse        -            165     0.092   17.3   0.0   1   1   1.8e-05      0.12   17.0   0.0    26   148    17   144     8   153 0.81 aa
NC_073219.1|YP_010748806.1_39|[Salmonella_phage_sidste]hypothetical_protein|23863..24363|166                      -            166 cl_1_Seahorse        -            165     0.092   17.3   0.0   1   1   1.8e-05      0.12   17.0   0.0    26   148    17   144     8   153 0.81 aa
NC_093712.1|YP_011217191.1_3|[Escherichia_phage_L_AB-2017]hypothetical_protein|complement(1052..1552)|166         -            166 cl_1_Seahorse        -            165     0.095   17.3   0.0   1   1   1.9e-05      0.12   16.9   0.0    24   153    15   149     3   156 0.82 aa
NC_073175.1|YP_010746101.1_29|[Salmonella_virus_VSt10]hypothetical_protein|19072..19572|166                       -            166 cl_1_Seahorse        -            165     0.096   17.3   0.0   1   1   1.9e-05      0.12   17.0   0.0    26   148    17   144     8   153 0.81 aa
NC_009232.2|YP_001110816.2_27|[Salmonella_phage_SETP3]hypothetical_protein|18460..18960|166                       -            166 cl_1_Seahorse        -            165     0.098   17.3   0.0   1   1   1.9e-05      0.12   16.9   0.0    26   148    17   144     8   153 0.82 aa
NC_006940.2|YP_308655.1_54|[Salmonella_phage_SS3e]hypothetical_protein|complement(36137..36637)|166               -            166 cl_1_Seahorse        -            165      0.12   17.0   0.0   1   1   2.3e-05      0.15   16.7   0.0    26   148    17   144     8   153 0.81 aa
NC_073212.1|YP_010748343.1_28|[Salmonella_phage_ZCSE9]hypothetical_protein|19068..19568|166                       -            166 cl_1_Seahorse        -            165      0.12   17.0   0.0   1   1   2.3e-05      0.15   16.7   0.0    26   148    17   144     8   153 0.81 aa
NC_073194.1|YP_010747222.1_3|[Salmonella_phage_vB_SalP_LDW16]hypothetical_protein|complement(1350..1850)|166      -            166 cl_1_Seahorse        -            165      0.12   16.9   0.0   1   1   2.4e-05      0.16   16.6   0.0    26   148    17   144     8   153 0.81 aa
NC_073205.1|YP_010747958.1_31|[Salmonella_phage_LP31]hypothetical_protein|20982..21425|147                        -            147 cl_1_Seahorse        -            165      0.12   16.9   0.0   1   1   2.4e-05      0.16   16.6   0.0    35   148     7   125     2   135 0.82 aa
NC_073191.1|YP_010747048.1_26|[Salmonella_phage_vB_SenS-EnJE6]hypothetical_protein|complement(19818..20318)|166   -            166 cl_1_Seahorse        -            165      0.13   16.9   0.0   1   1   2.5e-05      0.16   16.6   0.0    26   148    17   144     8   153 0.81 aa
NC_069153.1|YP_010582605.1_27|[Salmonella_virus_VSiP]hypothetical_protein|18017..18517|166                        -            166 cl_1_Seahorse        -            165      0.18   16.4   0.0   1   1   3.5e-05      0.22   16.1   0.0    28   148    19   144     6   152 0.78 aa
NC_041992.1|YP_009608663.1_42|[Salmonella_phage_wksl3]hypothetical_protein|complement(27064..27564)|166           -            166 cl_1_Seahorse        -            165      0.18   16.4   0.0   1   1   3.6e-05      0.23   16.1   0.0    26   148    17   144     8   153 0.82 aa
NC_073196.1|YP_010747352.1_5|[Salmonella_phage_NBSal006]hypothetical_protein|complement(3960..4460)|166           -            166 cl_1_Seahorse        -            165      0.19   16.3   0.0   1   1   3.8e-05      0.24   16.0   0.0    26   148    17   144     8   153 0.81 aa
NC_073213.1|YP_010748406.1_26|[Salmonella_phage_vB_SenS_SB3]hypothetical_protein|17765..18265|166                 -            166 cl_1_Seahorse        -            165      0.19   16.3   0.0   1   1   3.8e-05      0.24   16.0   0.0    26   148    17   144     8   153 0.81 aa
NC_073197.1|YP_010747470.1_58|[Salmonella_phage_vB_SenS_ER23]hypothetical_protein|40103..40603|166                -            166 cl_1_Seahorse        -            165       0.2   16.3   0.0   1   1   3.9e-05      0.25   15.9   0.0    26   148    17   144     8   153 0.81 aa
NC_073198.1|YP_010747531.1_59|[Salmonella_phage_vB_SenS_ER21]hypothetical_protein|complement(40052..40552)|166    -            166 cl_1_Seahorse        -            165       0.2   16.3   0.0   1   1   3.9e-05      0.25   15.9   0.0    26   148    17   144     8   153 0.81 aa
NC_073199.1|YP_010747561.1_29|[Salmonella_phage_S102]hypothetical_protein|19783..20283|166                        -            166 cl_1_Seahorse        -            165       0.2   16.3   0.0   1   1   3.9e-05      0.25   15.9   0.0    26   148    17   144     8   153 0.81 aa
NC_073173.1|YP_010745993.1_42|[Salmonella_phage_blauehaus]hypothetical_protein|23963..24463|166                   -            166 cl_1_Seahorse        -            165      0.21   16.2   0.0   1   1   4.1e-05      0.26   15.9   0.0    26   148    17   144     8   153 0.81 aa
NC_073178.1|YP_010746288.1_31|[Salmonella_phage_vB_SenS_TUMS_E19]hypothetical_protein|20086..20586|166            -            166 cl_1_Seahorse        -            165      0.21   16.2   0.0   1   1   4.1e-05      0.26   15.9   0.0    26   148    17   144     8   153 0.81 aa
NC_073186.1|YP_010746744.1_32|[Salmonella_phage_vB_SenS_PVP-SE2]hypothetical_protein|complement(23538..24038)|166 -            166 cl_1_Seahorse        -            165      0.21   16.2   0.0   1   1   4.1e-05      0.26   15.9   0.0    26   148    17   144     8   153 0.81 aa
NC_073200.1|YP_010747627.1_31|[Salmonella_phage_S100]hypothetical_protein|20810..21310|166                        -            166 cl_1_Seahorse        -            165      0.21   16.2   0.0   1   1   4.1e-05      0.26   15.9   0.0    26   148    17   144     8   153 0.81 aa
NC_073201.1|YP_010747703.1_41|[Salmonella_phage_dunkel]hypothetical_protein|25780..26280|166                      -            166 cl_1_Seahorse        -            165      0.21   16.2   0.0   1   1   4.1e-05      0.26   15.9   0.0    26   148    17   144     8   153 0.81 aa
NC_073202.1|YP_010747772.1_47|[Salmonella_phage_celemicas]hypothetical_protein|25526..26026|166                   -            166 cl_1_Seahorse        -            165      0.21   16.2   0.0   1   1   4.1e-05      0.26   15.9   0.0    26   148    17   144     8   153 0.81 aa
NC_073203.1|YP_010747823.1_31|[Salmonella_phage_MET_P1_001_43]hypothetical_protein|19249..19749|166               -            166 cl_1_Seahorse        -            165      0.21   16.2   0.0   1   1   4.1e-05      0.26   15.9   0.0    26   148    17   144     8   153 0.81 aa
NC_073209.1|YP_010748162.1_6|[Salmonella_phage_GRNsp50]hypothetical_protein|complement(5544..6044)|166            -            166 cl_1_Seahorse        -            165      0.21   16.2   0.0   1   1   4.1e-05      0.26   15.9   0.0    26   148    17   144     8   153 0.81 aa
NC_073183.1|YP_010746577.1_24|[Salmonella_phage_NBSal007]hypothetical_protein|complement(21183..21683)|166        -            166 cl_1_Seahorse        -            165      0.28   15.8   0.0   1   1   5.5e-05      0.35   15.4   0.0    26   148    17   144     8   153 0.81 aa
NC_073184.1|YP_010746642.1_32|[Salmonella_phage_F12013]tail_protein|complement(23758..24258)|166                  -            166 cl_1_Seahorse        -            165      0.28   15.8   0.0   1   1   5.5e-05      0.36   15.4   0.0    26   148    17   144     8   153 0.81 aa
NC_021777.1|YP_008239738.1_29|[Salmonella_phage_Jersey]hypothetical_protein|20172..20672|166                      -            166 cl_1_Seahorse        -            165      0.29   15.7   0.0   1   1   5.7e-05      0.37   15.4   0.0    26   148    17   144     8   153 0.81 aa
NC_073169.1|YP_010745715.1_18|[Salmonella_phage_SS5]hypothetical_protein|complement(15759..16259)|166             -            166 cl_1_Seahorse        -            165       0.3   15.7   0.0   1   1   5.8e-05      0.38   15.4   0.0    26   148    17   144     8   153 0.81 aa
NC_073172.1|YP_010745932.1_46|[Salmonella_phage_skrot]hypothetical_protein|24902..25402|166                       -            166 cl_1_Seahorse        -            165      0.34   15.5   0.0   1   1   6.6e-05      0.43   15.2   0.0    26   148    17   144     8   153 0.81 aa
NC_073215.1|YP_010748512.1_4|[Salmonella_phage_SGPC]tail_protein|complement(1472..1972)|166                       -            166 cl_1_Seahorse        -            165      0.34   15.5   0.0   1   1   6.7e-05      0.43   15.2   0.0    26   148    17   144     8   153 0.81 aa
NC_041991.1|YP_009608582.1_27|[Salmonella_phage_vB_SenS_AG11]hypothetical_protein|17728..18228|166                -            166 cl_1_Seahorse        -            165      0.36   15.4   0.0   1   1     7e-05      0.45   15.1   0.0    26   148    17   144     8   153 0.82 aa
NC_022752.1|YP_008767027.1_28|[Salmonella_phage_SETP13]hypothetical_protein|18112..18612|166                      -            166 cl_1_Seahorse        -            165      0.37   15.4   0.0   1   1   7.2e-05      0.46   15.1   0.0    26   148    17   144     8   153 0.81 aa
NC_073174.1|YP_010746054.1_42|[Salmonella_phage_wast]hypothetical_protein|23773..24273|166                        -            166 cl_1_Seahorse        -            165      0.37   15.4   0.0   1   1   7.2e-05      0.46   15.1   0.0    26   148    17   144     8   153 0.81 aa
NC_073187.1|YP_010746797.1_25|[Salmonella_phage_vB_SenS-EnJE1]hypothetical_protein|complement(22305..22805)|166   -            166 cl_1_Seahorse        -            165      0.37   15.4   0.0   1   1   7.2e-05      0.46   15.1   0.0    26   148    17   144     8   153 0.81 aa
NC_073195.1|YP_010747307.1_28|[Salmonella_phage_Shelanagig]hypothetical_protein|18443..18943|166                  -            166 cl_1_Seahorse        -            165      0.39   15.3   0.0   1   1   7.7e-05       0.5   15.0   0.0    26   148    17   144     8   153 0.81 aa
NC_073214.1|YP_010748481.1_38|[Salmonella_phage_vB_SenS_ER1]hypothetical_protein|21670..22170|166                 -            166 cl_1_Seahorse        -            165      0.45   15.1   0.0   1   1   8.8e-05      0.57   14.8   0.0    26   148    17   144     8   153 0.82 aa
NC_073217.1|YP_010748688.1_48|[Salmonella_phage_pink]hypothetical_protein|25082..25582|166                        -            166 cl_1_Seahorse        -            165      0.45   15.1   0.0   1   1   8.8e-05      0.57   14.8   0.0    26   148    17   144     8   153 0.82 aa
NC_019539.1|YP_007010481.1_28|[Salmonella_phage_vB_SenS-Ent1]hypothetical_protein|18977..19477|166                -            166 cl_1_Seahorse        -            165      0.57   14.8   0.0   1   1   0.00011      0.72   14.4   0.0    26   148    17   144     8   153 0.81 aa
NC_073179.1|YP_010746349.1_30|[Salmonella_phage_vB_SenS_TUMS_E4]hypothetical_protein|20065..20565|166             -            166 cl_1_Seahorse        -            165      0.57   14.8   0.0   1   1   0.00011      0.72   14.4   0.0    26   148    17   144     8   153 0.81 aa
NC_073181.1|YP_010746468.1_30|[Salmonella_phage_5sent1]minor_tail_protein|19967..20467|166                        -            166 cl_1_Seahorse        -            165      0.57   14.8   0.0   1   1   0.00011      0.72   14.4   0.0    26   148    17   144     8   153 0.81 aa
NC_073182.1|YP_010746525.1_29|[Salmonella_virus_VSe103]hypothetical_protein|19773..20273|166                      -            166 cl_1_Seahorse        -            165      0.57   14.8   0.0   1   1   0.00011      0.72   14.4   0.0    26   148    17   144     8   153 0.81 aa
NC_073185.1|YP_010746711.1_42|[Salmonella_phage_PBSE191]hypothetical_protein|39461..39961|166                     -            166 cl_1_Seahorse        -            165      0.57   14.8   0.0   1   1   0.00011      0.72   14.4   0.0    26   148    17   144     8   153 0.81 aa
NC_073176.1|YP_010746159.1_28|[Salmonella_virus_VSe101]hypothetical_protein|19414..19914|166                      -            166 cl_1_Seahorse        -            165       0.6   14.7   0.0   1   1   0.00012      0.76   14.4   0.0    26   148    17   144     8   153 0.81 aa
NC_073208.1|YP_010748125.1_26|[Salmonella_phage_SLMP1]hypothetical_protein|complement(20699..21199)|166           -            166 cl_1_Seahorse        -            165       0.6   14.7   0.0   1   1   0.00012      0.76   14.4   0.0    26   148    17   144     8   153 0.81 aa
NC_073211.1|YP_010748298.1_37|[Salmonella_phage_T102]hypothetical_protein|22571..23071|166                        -            166 cl_1_Seahorse        -            165       0.6   14.7   0.0   1   1   0.00012      0.76   14.4   0.0    26   148    17   144     8   153 0.81 aa
NC_048827.1|YP_009854175.1_123|[Vibrio_phage_vB_VchM_Kuja]hypothetical_protein|complement(85608..86045)|145       -            145 cl_1_Seahorse        -            165      0.71   14.4   0.0   1   1   0.00018       1.1   13.8   0.0    79   116    14    54     8    92 0.79 aa
NC_073216.1|YP_010748575.1_5|[Salmonella_phage_STP03]hypothetical_protein|complement(5491..5991)|166              -            166 cl_1_Seahorse        -            165      0.76   14.4   0.0   1   1   0.00015      0.97   14.0   0.0    26   148    17   144     8   153 0.81 aa
NC_028698.1|YP_009191569.1_16|[Salmonella_phage_f18SE]hypothetical_protein|complement(15923..16423)|166           -            166 cl_1_Seahorse        -            165      0.93   14.1   0.0   1   1   0.00019       1.2   13.7   0.0    26   148    17   144     9   153 0.81 aa
NC_049971.1|YP_009910576.1_6|[Bacillus_phage_vB_Bpu_PumA1]hypothetical_protein|complement(1656..1919)|87          -             87 cl_1_Seahorse        -            165      0.94   14.1   0.0   1   1   0.00016         1   13.9   0.0    49   117     2    75     1    83 0.79 aa
NC_022754.1|YP_008767198.1_27|[Salmonella_phage_SETP7]hypothetical_protein|17572..18072|166                       -            166 cl_1_Seahorse        -            165       1.1   13.9   0.0   1   1   0.00021       1.4   13.5   0.0    26   148    17   144     8   153 0.80 aa
NC_055768.1|YP_010098548.1_108|[Klebsiella_phage_KP179]hypothetical_protein|87626..87916|96                       -             96 cl_1_Seahorse        -            165       1.5   13.4   0.0   1   1   0.00025       1.6   13.3   0.0    72   120    35    83     9    95 0.71 aa
NC_073315.1|YP_010748930.1_28|[Escherichia_phage_vB_EcoS_fFiEco03]hypothetical_protein|17935..19305|456           -            456 cl_1_Seahorse        -            165       1.6   13.3   0.0   1   1    0.0005       3.2   12.3   0.0    25   149     9   136     4   145 0.80 aa
NC_055748.1|YP_010096108.1_133|[Klebsiella_phage_Mineola]hypothetical_protein|complement(63966..64256)|96         -             96 cl_1_Seahorse        -            165       1.8   13.2   0.1   1   1   0.00028       1.8   13.2   0.1    72   118    35    81    10    93 0.77 aa
NC_031087.1|YP_009288813.1_137|[Klebsiella_phage_vB_KpnM_KpV477]hypothetical_protein|complement(66421..66711)|96  -             96 cl_1_Seahorse        -            165       1.9   13.1   0.0   1   1    0.0003       1.9   13.1   0.0    72   118    35    81    10    93 0.77 aa
NC_028686.1|YP_009190705.1_124|[Klebsiella_phage_JD18]hypothetical_protein|complement(56440..56730)|96            -             96 cl_1_Seahorse        -            165         2   13.0   0.1   1   1   0.00031         2   13.0   0.1    72   118    35    81    10    93 0.77 aa
NC_031095.1|YP_009289438.1_37|[Klebsiella_phage_PKO111]hypothetical_protein|40571..40861|96                       -             96 cl_1_Seahorse        -            165         2   13.0   0.1   1   1   0.00032       2.1   13.0   0.1    73   118    36    81    10    93 0.77 aa
NC_055715.1|YP_010089448.1_167|[Klebsiella_phage_KPV15]hypothetical_protein|complement(76699..76989)|96           -             96 cl_1_Seahorse        -            165       2.1   12.9   0.1   1   1   0.00033       2.2   12.9   0.1    76   118    38    81    10    93 0.77 aa
#
# Program:         hmmsearch
# Version:         3.3.2 (Nov 2020)
# Pipeline mode:   SEARCH
# Query file:      DT-h_6cls.hmm
# Target file:     5167_cds.faa
# Option settings: hmmsearch --domtblout DT-h_6cls.hmm 5167_cds.faa 
# Current dir:     /data/_hmm
# Date:            Sat Jul 25 21:34:28 2026
# [ok]
