2_cl45_phi1M2-2	NC_025471.1|YP_009104265.1_28|[Idiomarinaceae_phage_Phi1M2-2]virion_structural_protein|16209..16694|161	1.000	161	0	0	1	161	1	161	2.312E-23	990
2_cl45_phi1M2-2	NC_016762.1|YP_005098084.1_57|[Pseudomonas_phage_phi297]virion_structural_protein|37368..37835|155	0.262	160	110	0	1	160	1	150	2.096E-10	480
2_cl45_phi1M2-2	NC_074664.1|YP_010773482.1_14|[Pseudomonas_phage_BUCT566]hypothetical_protein|10993..11460|155	0.268	160	109	0	1	160	1	150	2.356E-10	478
2_cl45_phi1M2-2	NC_054638.1|YP_010053258.1_48|[Salmonella_phage_vB_SenS_SB28]hypothetical_protein|24344..24814|156	0.272	161	111	0	1	161	2	155	3.346E-10	472
2_cl45_phi1M2-2	NC_074663.1|YP_010773399.1_9|[Pseudomonas_phage_vB_Pae_LC3I3]hypothetical_protein|6635..7102|155	0.268	160	109	0	1	160	1	150	3.548E-10	471
2_cl45_phi1M2-2	NC_030929.1|YP_009275521.1_34|[Pseudomonas_phage_JBD44]virion_structural_protein|21460..21927|155	0.268	160	109	0	1	160	1	150	3.548E-10	471
2_cl45_phi1M2-2	NC_054648.1|YP_010054082.1_62|[Salmonella_phage_vB_Se_STGO-35-1]minor_tail_protein|29548..30021|157	0.293	161	108	0	1	161	3	156	4.229E-10	468
2_cl45_phi1M2-2	NC_054647.1|YP_010053951.1_16|[Salmonella_phage_Akira]hypothetical_protein|complement(13949..14422)|157	0.295	160	107	0	1	160	3	155	4.754E-10	466
2_cl45_phi1M2-2	NC_020846.1|YP_007674000.1_38|[Vibrio_phage_pYD21-A]virion_structural_protein|24843..25325|160	0.312	155	105	0	3	155	5	159	5.344E-10	464
2_cl45_phi1M2-2	NC_054642.1|YP_010053565.1_32|[Salmonella_phage_Seszw_1]hypothetical_protein|17534..18007|157	0.289	160	108	0	1	160	3	155	5.665E-10	463
2_cl45_phi1M2-2	NC_031924.1|YP_009322780.1_67|[Salmonella_phage_IME207]hypothetical_protein|28806..29282|158	0.289	160	108	0	1	160	3	155	6.369E-10	461
2_cl45_phi1M2-2	NC_071146.1|YP_010685295.1_37|[Klebsiella_phage_vB_KpnS_MK54]minor_tail_protein|19423..19893|156	0.296	160	107	0	2	161	3	155	7.159E-10	459
2_cl45_phi1M2-2	NC_054637.1|YP_010053153.1_29|[Escherichia_phage_vB_EcoS_Sa179lw]hypothetical_protein|15910..16383|157	0.299	161	107	0	1	161	3	156	7.159E-10	459
2_cl45_phi1M2-2	NC_054651.1|YP_010054281.1_6|[Escherichia_phage_C1]hypothetical_protein|complement(6554..7027)|157	0.287	161	109	0	1	161	3	156	7.159E-10	459
2_cl45_phi1M2-2	NC_054650.1|YP_010054212.1_16|[Shigella_phage_DS8]hypothetical_protein|8852..9325|157	0.293	161	108	0	1	161	3	156	7.590E-10	458
2_cl45_phi1M2-2	NC_048198.1|YP_009824047.1_17|[Erwinia_phage_vB_EhrS_59]hypothetical_protein|14104..14601|165	0.272	155	102	0	1	141	1	155	7.590E-10	458
2_cl45_phi1M2-2	NC_019927.1|YP_007237618.1_44|[Cronobacter_phage_ENT47670]hypothetical_protein|46209..46706|165	0.273	153	102	0	1	141	3	155	8.048E-10	457
2_cl45_phi1M2-2	NC_071152.1|YP_010685763.1_30|[Klebsiella_phage_VLCpiS13a]virion_structural_protein|17455..17925|156	0.278	160	110	0	2	161	3	155	1.078E-09	452
2_cl45_phi1M2-2	NC_054639.1|YP_010053346.1_63|[Salmonella_phage_Skate]hypothetical_protein|28397..28873|158	0.283	160	109	0	1	160	3	155	1.143E-09	451
2_cl45_phi1M2-2	NC_010495.1|YP_001742072.1_35|[Salmonella_phage_Vi_II-E1]hypothetical_protein|24365..24835|156	0.289	160	108	0	1	160	2	154	1.212E-09	450
2_cl45_phi1M2-2	NC_071153.1|YP_010685868.1_57|[Klebsiella_phage_BUCT610]hypothetical_protein|27338..27808|156	0.290	160	108	0	2	161	3	155	1.285E-09	449
2_cl45_phi1M2-2	NC_031918.1|YP_009322249.1_52|[Salmonella_phage_64795_sal3]hypothetical_protein|27290..27772|160	0.278	159	109	0	2	160	7	158	1.532E-09	446
2_cl45_phi1M2-2	NC_071149.1|YP_010685562.1_68|[Klebsiella_phage_vB_Kpn_ZCKp20p]baseplate_wedge_protein|32709..33179|156	0.296	160	107	0	2	161	3	155	1.722E-09	444
2_cl45_phi1M2-2	NC_071156.1|YP_010686107.1_56|[Klebsiella_phage_6991]hypothetical_protein|28567..29037|156	0.296	160	107	0	2	161	3	155	1.722E-09	444
2_cl45_phi1M2-2	NC_071150.1|YP_010685647.1_69|[Klebsiella_phage_ZCKP8]minor_tail_protein|32402..32872|156	0.296	160	107	0	2	161	3	155	1.722E-09	444
2_cl45_phi1M2-2	NC_071151.1|YP_010685719.1_57|[Klebsiella_phage_vB_Kpn_ZC2]minor_tail_protein|32717..33187|156	0.296	160	107	0	2	161	3	155	1.722E-09	444
2_cl45_phi1M2-2	NC_071157.1|YP_010686190.1_59|[Klebsiella_phage_VLCpiS13c]virion_structural_protein|complement(35238..35708)|156	0.290	160	108	0	2	161	3	155	1.935E-09	442
2_cl45_phi1M2-2	NC_002484.2|NP_061517.1_20|[Pseudomonas_phage_D3]virion_structural_protein|13793..14272|159	0.250	160	115	0	1	160	1	154	1.935E-09	442
2_cl45_phi1M2-2	NC_016765.1|YP_005098223.1_20|[Pseudomonas_phage_PMG1]virion_structural_protein|13837..14316|159	0.250	160	115	0	1	160	1	154	1.935E-09	442
2_cl45_phi1M2-2	NC_054643.1|YP_010053681.1_76|[Salmonella_phage_SeSz-2]hypothetical_protein|39846..40316|156	0.289	160	108	0	1	160	2	154	2.052E-09	441
2_cl45_phi1M2-2	NC_071155.1|YP_010686024.1_52|[Klebsiella_phage_VLCpiS13b]virion_structural_protein|26421..26891|156	0.299	161	108	0	1	161	1	155	2.052E-09	441
2_cl45_phi1M2-2	NC_054641.1|YP_010053509.1_61|[Salmonella_virus_KFS-SE2]hypothetical_protein|complement(34627..35097)|156	0.271	160	111	0	1	160	2	154	2.052E-09	441
2_cl45_phi1M2-2	NC_071142.1|YP_010684975.1_52|[Klebsiella_phage_VLCpiS13d]virion_structural_protein|25572..26042|156	0.296	160	107	0	2	161	3	155	2.052E-09	441
2_cl45_phi1M2-2	NC_042037.1|YP_009614658.1_62|[Aeromonas_phage_pIS4-A]hypothetical_protein|32456..32926|156	0.296	160	107	0	2	161	3	155	2.176E-09	440
2_cl45_phi1M2-2	NC_021534.1|YP_008126232.1_68|[Vibrio_phage_pYD38-A]hypothetical_protein|complement(39512..39982)|156	0.296	160	107	0	2	161	3	155	2.176E-09	440
2_cl45_phi1M2-2	NC_071143.1|YP_010685006.1_3|[Flyfo_siphovirus_Tbat1_6]hypothetical_protein|3131..3601|156	0.296	160	107	0	2	161	3	155	2.176E-09	440
2_cl45_phi1M2-2	NC_070846.1|YP_010657369.1_2|[Salmonella_phage_LPSTLL]hypothetical_protein|1594..2067|157	0.283	160	109	0	1	160	2	154	2.593E-09	437
2_cl45_phi1M2-2	NC_011373.1|YP_002284353.1_19|[Pseudomonas_phage_PAJU2]virion_structural_protein|14682..15146|154	0.247	161	115	0	1	161	1	154	2.749E-09	436
2_cl45_phi1M2-2	NC_054649.1|YP_010054112.1_4|[Escherichia_phage_vB_EcoS_swi2]hypothetical_protein|complement(5668..6141)|157	0.257	159	112	0	3	161	5	156	2.915E-09	435
2_cl45_phi1M2-2	NC_071003.1|YP_010675369.1_21|[Enterobacter_phage_vB_EclS_CobraSix]hypothetical_protein|14964..15461|165	0.288	131	91	0	1	129	3	133	3.090E-09	434
2_cl45_phi1M2-2	NC_071154.1|YP_010685917.1_23|[Klebsiella_phage_BUCT541]hypothetical_protein|complement(17295..17765)|156	0.309	160	105	0	2	161	3	155	3.277E-09	433
2_cl45_phi1M2-2	NC_054652.1|YP_010054356.1_5|[Klebsiella_phage_YX3973]hypothetical_protein|6251..6721|156	0.309	160	105	0	2	161	3	155	3.277E-09	433
2_cl45_phi1M2-2	NC_054654.1|YP_010054542.1_49|[Klebsiella_phage_vB_KpnS_ZX4]hypothetical_protein|25749..26219|156	0.309	160	105	0	2	161	3	155	3.277E-09	433
2_cl45_phi1M2-2	NC_054653.1|YP_010054428.1_13|[Klebsiella_virus_KpV2811]hypothetical_protein|complement(13683..14153)|156	0.298	160	107	0	2	161	3	155	3.474E-09	432
2_cl45_phi1M2-2	NC_029066.1|YP_009222842.1_72|[Pseudomonas_phage_PS-1]virion_structural_protein|40548..41054|168	0.242	160	111	0	1	160	1	148	3.683E-09	431
2_cl45_phi1M2-2	NC_071145.1|YP_010685197.1_17|[Klebsiella_phage_VLCpiS13e]virion_structural_protein|10270..10743|157	0.290	159	107	0	3	161	5	156	5.232E-09	425
2_cl45_phi1M2-2	NC_054636.1|YP_010053061.1_17|[Shigella_phage_Sf11_SMD-2017]hypothetical_protein|complement(13880..15253)|457	0.287	144	96	0	3	137	5	148	5.882E-09	423
2_cl45_phi1M2-2	NC_028834.1|YP_009201754.1_20|[Achromobacter_phage_83-24]hypothetical_protein|15509..16585|358	0.201	127	101	0	2	128	132	258	6.612E-09	421
2_cl45_phi1M2-2	NC_054645.1|YP_010053778.1_13|[Salmonella_phage_LPST10]hypothetical_protein|complement(11731..12204)|157	0.271	159	110	0	3	161	5	156	7.432E-09	419
2_cl45_phi1M2-2	NC_054646.1|YP_010053891.1_39|[Salmonella_phage_VB_StyS_BS5]hypothetical_protein|19802..20275|157	0.271	159	110	0	3	161	5	156	7.432E-09	419
2_cl45_phi1M2-2	NC_054644.1|YP_010053740.1_57|[Salmonella_virus_VSt472]hypothetical_protein|28620..29093|157	0.271	159	110	0	3	161	5	156	7.432E-09	419
2_cl45_phi1M2-2	NC_054640.1|YP_010053420.1_47|[Salmonella_phage_Segz_1]hypothetical_protein|23514..23987|157	0.277	159	109	0	3	161	5	156	8.355E-09	417
2_cl45_phi1M2-2	NC_028819.1|YP_009200200.1_14|[Pseudoalteromonas_phage_H103]virion_structural_protein|complement(10119..10595)|158	0.195	159	122	0	3	161	6	158	1.187E-08	411
2_cl45_phi1M2-2	NC_071144.1|YP_010685103.1_4|[Klebsiella_phage_VLCpiS13f]virion_structural_protein|complement(4718..5191)|157	0.267	161	112	0	1	161	3	156	1.895E-08	403
2_cl45_phi1M2-2	NC_073031.1|YP_010738739.1_12|[Janthinobacterium_phage_vB_JliS-Donnerlittchen]hypothetical_protein|6881..7357|158	0.193	129	99	0	1	129	1	124	3.026E-08	395
2_cl45_phi1M2-2	NC_073324.1|YP_010749624.1_44|[Escherichia_phage_vB_EcoS-22664BS2]hypothetical_protein|22068..23465|465	0.200	125	95	0	2	126	4	123	3.607E-08	392
2_cl45_phi1M2-2	NC_073316.1|YP_010749009.1_30|[Escherichia_phage_vB_EcoS_fFiEco02]hypothetical_protein|19687..20187|166	0.205	146	114	0	2	147	4	147	4.054E-08	390
2_cl45_phi1M2-2	NC_028768.1|YP_009196207.1_22|[Achromobacter_phage_JWX]virion_structural_protein|16122..17195|357	0.178	127	104	0	2	128	131	257	4.054E-08	390
2_cl45_phi1M2-2	NC_073184.1|YP_010746642.1_32|[Salmonella_phage_F12013]tail_protein|complement(23758..24258)|166	0.184	152	121	0	2	153	4	152	4.299E-08	389
2_cl45_phi1M2-2	NC_073199.1|YP_010747561.1_29|[Salmonella_phage_S102]hypothetical_protein|19783..20283|166	0.184	152	121	0	2	153	4	152	4.558E-08	388
2_cl45_phi1M2-2	NC_073198.1|YP_010747531.1_59|[Salmonella_phage_vB_SenS_ER21]hypothetical_protein|complement(40052..40552)|166	0.184	152	121	0	2	153	4	152	4.558E-08	388
2_cl45_phi1M2-2	NC_073197.1|YP_010747470.1_58|[Salmonella_phage_vB_SenS_ER23]hypothetical_protein|40103..40603|166	0.184	152	121	0	2	153	4	152	4.558E-08	388
2_cl45_phi1M2-2	NC_073213.1|YP_010748406.1_26|[Salmonella_phage_vB_SenS_SB3]hypothetical_protein|17765..18265|166	0.184	152	121	0	2	153	4	152	4.558E-08	388
2_cl45_phi1M2-2	NC_073196.1|YP_010747352.1_5|[Salmonella_phage_NBSal006]hypothetical_protein|complement(3960..4460)|166	0.184	152	121	0	2	153	4	152	4.558E-08	388
2_cl45_phi1M2-2	NC_073323.1|YP_010749527.1_27|[Escherichia_phage_vB_EcoS-phiEc3]minor_tail_protein|17198..18616|472	0.201	139	105	0	2	140	4	135	4.558E-08	388
2_cl45_phi1M2-2	NC_020839.1|YP_007673206.1_6|[Rhodobacter_phage_RC1]virion_structural_protein|complement(6559..6981)|140	0.197	135	92	0	3	118	5	139	4.832E-08	387
2_cl45_phi1M2-2	NC_020866.1|YP_007676430.1_51|[Rhodovulum_phage_RS1]virion_structural_protein|32787..33209|140	0.197	135	92	0	3	118	5	139	4.832E-08	387
2_cl45_phi1M2-2	NC_073219.1|YP_010748806.1_39|[Salmonella_phage_sidste]hypothetical_protein|23863..24363|166	0.184	125	97	0	2	126	4	123	4.832E-08	387
2_cl45_phi1M2-2	NC_073218.1|YP_010748749.1_38|[Salmonella_phage_demigod]hypothetical_protein|24667..25167|166	0.184	125	97	0	2	126	4	123	4.832E-08	387
2_cl45_phi1M2-2	NC_073202.1|YP_010747772.1_47|[Salmonella_phage_celemicas]hypothetical_protein|25526..26026|166	0.184	125	97	0	2	126	4	123	5.123E-08	386
2_cl45_phi1M2-2	NC_073209.1|YP_010748162.1_6|[Salmonella_phage_GRNsp50]hypothetical_protein|complement(5544..6044)|166	0.184	125	97	0	2	126	4	123	5.123E-08	386
2_cl45_phi1M2-2	NC_073173.1|YP_010745993.1_42|[Salmonella_phage_blauehaus]hypothetical_protein|23963..24463|166	0.184	125	97	0	2	126	4	123	5.123E-08	386
2_cl45_phi1M2-2	NC_073178.1|YP_010746288.1_31|[Salmonella_phage_vB_SenS_TUMS_E19]hypothetical_protein|20086..20586|166	0.184	125	97	0	2	126	4	123	5.123E-08	386
2_cl45_phi1M2-2	NC_073200.1|YP_010747627.1_31|[Salmonella_phage_S100]hypothetical_protein|20810..21310|166	0.184	125	97	0	2	126	4	123	5.123E-08	386
2_cl45_phi1M2-2	NC_073203.1|YP_010747823.1_31|[Salmonella_phage_MET_P1_001_43]hypothetical_protein|19249..19749|166	0.184	125	97	0	2	126	4	123	5.123E-08	386
2_cl45_phi1M2-2	NC_073201.1|YP_010747703.1_41|[Salmonella_phage_dunkel]hypothetical_protein|25780..26280|166	0.184	125	97	0	2	126	4	123	5.123E-08	386
2_cl45_phi1M2-2	NC_073186.1|YP_010746744.1_32|[Salmonella_phage_vB_SenS_PVP-SE2]hypothetical_protein|complement(23538..24038)|166	0.184	125	97	0	2	126	4	123	5.123E-08	386
2_cl45_phi1M2-2	NC_041898.1|YP_009597357.1_26|[Escherichia_phage_K1ind2]hypothetical_protein|16992..18392|466	0.208	125	94	0	2	126	4	123	5.123E-08	386
2_cl45_phi1M2-2	NC_073190.1|YP_010747004.1_50|[Salmonella_phage_vB_SenS_S528]hypothetical_protein|24404..24904|166	0.184	125	97	0	2	126	4	123	6.106E-08	383
2_cl45_phi1M2-2	NC_073207.1|YP_010748064.1_18|[Salmonella_phage_SHWT1]hypothetical_protein|complement(17411..17911)|166	0.184	125	97	0	2	126	4	123	6.106E-08	383
2_cl45_phi1M2-2	NC_073189.1|YP_010746947.1_55|[Salmonella_phage_JD01]hypothetical_protein|complement(38045..38545)|166	0.184	125	97	0	2	126	4	123	6.106E-08	383
2_cl45_phi1M2-2	NC_073193.1|YP_010747216.1_59|[Salmonella_phage_vB_SalS-S10]hypothetical_protein|39171..39671|166	0.184	125	97	0	2	126	4	123	6.106E-08	383
2_cl45_phi1M2-2	NC_073192.1|YP_010747095.1_6|[Salmonella_phage_F118P13]hypothetical_protein|complement(5673..6173)|166	0.184	125	97	0	2	126	4	123	6.106E-08	383
2_cl45_phi1M2-2	NC_073188.1|YP_010746874.1_48|[Salmonella_phage_vB_SenS_S532]hypothetical_protein|24316..24816|166	0.184	125	97	0	2	126	4	123	6.106E-08	383
2_cl45_phi1M2-2	NC_073169.1|YP_010745715.1_18|[Salmonella_phage_SS5]hypothetical_protein|complement(15759..16259)|166	0.184	125	97	0	2	126	4	123	6.474E-08	382
2_cl45_phi1M2-2	NC_073208.1|YP_010748125.1_26|[Salmonella_phage_SLMP1]hypothetical_protein|complement(20699..21199)|166	0.184	125	97	0	2	126	4	123	6.864E-08	381
2_cl45_phi1M2-2	NC_073176.1|YP_010746159.1_28|[Salmonella_virus_VSe101]hypothetical_protein|19414..19914|166	0.184	125	97	0	2	126	4	123	6.864E-08	381
2_cl45_phi1M2-2	NC_073211.1|YP_010748298.1_37|[Salmonella_phage_T102]hypothetical_protein|22571..23071|166	0.184	125	97	0	2	126	4	123	6.864E-08	381
2_cl45_phi1M2-2	NC_041992.1|YP_009608663.1_42|[Salmonella_phage_wksl3]hypothetical_protein|complement(27064..27564)|166	0.182	126	98	0	2	127	4	124	6.864E-08	381
2_cl45_phi1M2-2	NC_073183.1|YP_010746577.1_24|[Salmonella_phage_NBSal007]hypothetical_protein|complement(21183..21683)|166	0.193	155	118	0	2	156	4	150	7.277E-08	380
2_cl45_phi1M2-2	NC_028695.2|YP_009191448.1_40|[Enterobacter_phage_phiEap-2]hypothetical_protein|21610..22104|164	0.183	136	106	0	2	137	4	134	7.716E-08	379
2_cl45_phi1M2-2	NC_073215.1|YP_010748512.1_4|[Salmonella_phage_SGPC]tail_protein|complement(1472..1972)|166	0.194	152	119	0	2	153	4	152	8.181E-08	378
2_cl45_phi1M2-2	NC_022754.1|YP_008767198.1_27|[Salmonella_phage_SETP7]hypothetical_protein|17572..18072|166	0.194	152	119	0	2	153	4	152	8.674E-08	377
2_cl45_phi1M2-2	NC_041991.1|YP_009608582.1_27|[Salmonella_phage_vB_SenS_AG11]hypothetical_protein|17728..18228|166	0.203	153	120	0	1	153	1	152	8.674E-08	377
2_cl45_phi1M2-2	NC_073325.1|YP_010749670.1_4|[Escherichia_phage_vB_EcoS_XY1]minor_tail_protein|complement(3811..5211)|466	0.217	138	102	0	3	140	5	135	8.674E-08	377
2_cl45_phi1M2-2	NC_073182.1|YP_010746525.1_29|[Salmonella_virus_VSe103]hypothetical_protein|19773..20273|166	0.190	130	101	0	2	131	4	129	9.750E-08	375
2_cl45_phi1M2-2	NC_073181.1|YP_010746468.1_30|[Salmonella_phage_5sent1]minor_tail_protein|19967..20467|166	0.190	130	101	0	2	131	4	129	9.750E-08	375
2_cl45_phi1M2-2	NC_073179.1|YP_010746349.1_30|[Salmonella_phage_vB_SenS_TUMS_E4]hypothetical_protein|20065..20565|166	0.190	130	101	0	2	131	4	129	9.750E-08	375
2_cl45_phi1M2-2	NC_019539.1|YP_007010481.1_28|[Salmonella_phage_vB_SenS-Ent1]hypothetical_protein|18977..19477|166	0.190	130	101	0	2	131	4	129	9.750E-08	375
2_cl45_phi1M2-2	NC_006940.2|YP_308655.1_54|[Salmonella_phage_SS3e]hypothetical_protein|complement(36137..36637)|166	0.194	152	119	0	2	153	4	152	9.750E-08	375
2_cl45_phi1M2-2	NC_073185.1|YP_010746711.1_42|[Salmonella_phage_PBSE191]hypothetical_protein|39461..39961|166	0.190	130	101	0	2	131	4	129	9.750E-08	375
2_cl45_phi1M2-2	NC_073212.1|YP_010748343.1_28|[Salmonella_phage_ZCSE9]hypothetical_protein|19068..19568|166	0.194	152	119	0	2	153	4	152	9.750E-08	375
2_cl45_phi1M2-2	NC_073191.1|YP_010747048.1_26|[Salmonella_phage_vB_SenS-EnJE6]hypothetical_protein|complement(19818..20318)|166	0.204	129	99	0	2	130	4	128	1.096E-07	373
2_cl45_phi1M2-2	NC_042084.1|YP_009620106.1_26|[Escherichia_phage_VB_EcoS-Golestan]hypothetical_protein|17370..18788|472	0.201	139	105	0	2	140	4	135	1.162E-07	372
2_cl45_phi1M2-2	NC_073216.1|YP_010748575.1_5|[Salmonella_phage_STP03]hypothetical_protein|complement(5491..5991)|166	0.200	155	117	0	2	156	4	150	1.306E-07	370
2_cl45_phi1M2-2	NC_073214.1|YP_010748481.1_38|[Salmonella_phage_vB_SenS_ER1]hypothetical_protein|21670..22170|166	0.203	126	96	0	2	127	4	124	1.306E-07	370
2_cl45_phi1M2-2	NC_073217.1|YP_010748688.1_48|[Salmonella_phage_pink]hypothetical_protein|25082..25582|166	0.203	126	96	0	2	127	4	124	1.306E-07	370
2_cl45_phi1M2-2	NC_073317.1|YP_010749084.1_28|[Escherichia_phage_vB_EcoS_fPoEco01]hypothetical_protein|18289..18789|166	0.201	149	117	0	2	150	4	150	1.306E-07	370
2_cl45_phi1M2-2	NC_041897.1|YP_009597306.1_26|[Escherichia_phage_K1ind1]hypothetical_protein|16991..18391|466	0.208	125	94	0	2	126	4	123	1.468E-07	368
2_cl45_phi1M2-2	NC_073174.1|YP_010746054.1_42|[Salmonella_phage_wast]hypothetical_protein|23773..24273|166	0.200	155	117	0	2	156	4	150	1.651E-07	366
2_cl45_phi1M2-2	NC_073172.1|YP_010745932.1_46|[Salmonella_phage_skrot]hypothetical_protein|24902..25402|166	0.193	155	118	0	2	156	4	150	1.651E-07	366
2_cl45_phi1M2-2	NC_073187.1|YP_010746797.1_25|[Salmonella_phage_vB_SenS-EnJE1]hypothetical_protein|complement(22305..22805)|166	0.200	155	117	0	2	156	4	150	1.651E-07	366
2_cl45_phi1M2-2	NC_022752.1|YP_008767027.1_28|[Salmonella_phage_SETP13]hypothetical_protein|18112..18612|166	0.200	155	117	0	2	156	4	150	1.651E-07	366
2_cl45_phi1M2-2	NC_073194.1|YP_010747222.1_3|[Salmonella_phage_vB_SalP_LDW16]hypothetical_protein|complement(1350..1850)|166	0.196	125	96	0	2	126	4	123	1.750E-07	365
2_cl45_phi1M2-2	NC_009447.1|YP_001210237.1_17|[Burkholderia_phage_BcepGomr]virion_structural_protein|13816..14934|372	0.187	128	101	0	1	128	128	252	1.750E-07	365
2_cl45_phi1M2-2	NC_073175.1|YP_010746101.1_29|[Salmonella_virus_VSt10]hypothetical_protein|19072..19572|166	0.204	129	99	0	2	130	4	128	1.856E-07	364
2_cl45_phi1M2-2	NC_069153.1|YP_010582605.1_27|[Salmonella_virus_VSiP]hypothetical_protein|18017..18517|166	0.196	125	96	0	2	126	4	123	2.086E-07	362
2_cl45_phi1M2-2	NC_073321.1|YP_010749394.1_37|[Escherichia_phage_ZCEC5]hypothetical_protein|20117..20617|166	0.194	134	102	0	2	129	4	137	2.086E-07	362
2_cl45_phi1M2-2	NC_070971.1|YP_010671790.1_27|[Pseudomonas_virus_PBPA162]hypothetical_protein|complement(21915..22742)|275	0.225	124	92	0	4	127	2	121	2.086E-07	362
2_cl45_phi1M2-2	NC_009232.2|YP_001110816.2_27|[Salmonella_phage_SETP3]hypothetical_protein|18460..18960|166	0.206	155	116	0	2	156	4	150	2.212E-07	361
2_cl45_phi1M2-2	NC_093713.1|YP_011217263.1_8|[Escherichia_phage_P_AB-2017]hypothetical_protein|complement(8713..9213)|166	0.201	139	105	0	2	140	4	135	2.636E-07	358
2_cl45_phi1M2-2	NC_093712.1|YP_011217191.1_3|[Escherichia_phage_L_AB-2017]hypothetical_protein|complement(1052..1552)|166	0.201	139	105	0	2	140	4	135	2.795E-07	357
2_cl45_phi1M2-2	NC_073314.1|YP_010748874.1_48|[Escherichia_virus_fEg-Eco19]hypothetical_protein|24956..25456|166	0.214	139	103	0	2	140	4	135	2.963E-07	356
2_cl45_phi1M2-2	NC_070823.1|YP_010655298.1_72|[Pseudoalteromonas_phage_vB_PspS-H40/1]hypothetical_protein|44459..44860|133	0.232	125	93	0	4	128	6	127	3.142E-07	355
2_cl45_phi1M2-2	NC_021777.1|YP_008239738.1_29|[Salmonella_phage_Jersey]hypothetical_protein|20172..20672|166	0.200	131	102	0	1	131	1	128	3.331E-07	354
2_cl45_phi1M2-2	NC_070970.1|YP_010671701.1_28|[Pseudomonas_phage_Iggy]hypothetical_protein|20297..21124|275	0.233	124	91	0	4	127	2	121	3.331E-07	354
2_cl45_phi1M2-2	NC_073195.1|YP_010747307.1_28|[Salmonella_phage_Shelanagig]hypothetical_protein|18443..18943|166	0.200	155	117	0	2	156	4	150	3.531E-07	353
2_cl45_phi1M2-2	NC_027994.1|YP_009168856.1_24|[Escherichia_phage_K1H]hypothetical_protein|16248..16748|166	0.200	125	95	0	2	126	4	123	4.209E-07	350
2_cl45_phi1M2-2	NC_027993.1|YP_009168807.1_27|[Escherichia_phage_K1G]hypothetical_protein|17937..18437|166	0.200	125	95	0	2	126	4	123	4.209E-07	350
2_cl45_phi1M2-2	NC_069147.1|YP_010582233.1_64|[Salmonella_phage_GRNsp27]hypothetical_protein|40507..41007|166	0.204	125	95	0	2	126	4	123	4.463E-07	349
2_cl45_phi1M2-2	NC_021775.1|YP_008239652.1_55|[Salmonella_phage_FSL_SP-031]hypothetical_protein|36428..36928|166	0.204	125	95	0	2	126	4	123	5.016E-07	347
2_cl45_phi1M2-2	NC_028698.1|YP_009191569.1_16|[Salmonella_phage_f18SE]hypothetical_protein|complement(15923..16423)|166	0.204	155	116	0	2	156	4	150	5.319E-07	346
2_cl45_phi1M2-2	NC_069154.1|YP_010582691.1_40|[Klebsiella_phage_VLCpiS11a]virion_structural_protein|complement(25256..25750)|164	0.200	160	126	0	1	160	1	158	5.639E-07	345
2_cl45_phi1M2-2	NC_069150.1|YP_010582406.1_33|[Salmonella_phage_vB_STM-ZS]hypothetical_protein|complement(22605..23105)|166	0.196	125	96	0	2	126	4	123	5.979E-07	344
2_cl45_phi1M2-2	NC_069146.1|YP_010582164.1_57|[Salmonella_phage_St162]hypothetical_protein|36455..36955|166	0.196	125	96	0	2	126	4	123	5.979E-07	344
2_cl45_phi1M2-2	NC_069148.1|YP_010582260.1_27|[Salmonella_phage_TS6]hypothetical_protein|complement(19322..19822)|166	0.196	125	96	0	2	126	4	123	5.979E-07	344
2_cl45_phi1M2-2	NC_069149.1|YP_010582359.1_61|[Salmonella_phage_vB_SenTO17]hypothetical_protein|complement(31844..32344)|166	0.196	125	96	0	2	126	4	123	5.979E-07	344
2_cl45_phi1M2-2	NC_069151.1|YP_010582466.1_34|[Salmonella_phage_vB_SenS_SE1]hypothetical_protein|complement(21758..22258)|166	0.196	125	96	0	2	126	4	123	5.979E-07	344
2_cl45_phi1M2-2	NC_016165.1|YP_004934695.1_52|[Rhodobacter_phage_RcapMu]virion_structural_protein|31713..32135|140	0.218	135	90	0	2	117	4	138	7.126E-07	341
2_cl45_phi1M2-2	NC_073318.1|YP_010749194.1_61|[Escherichia_phage_NTEC3]hypothetical_protein|complement(34314..35714)|466	0.198	126	96	0	4	129	6	126	7.126E-07	341
2_cl45_phi1M2-2	NC_019541.1|YP_007010627.1_46|[Acinetobacter_phage_YMC/09/02/B1251]virion_structural_protein|33893..34291|132	0.177	133	105	0	1	133	1	129	8.493E-07	338
2_cl45_phi1M2-2	NC_069152.1|YP_010582522.1_27|[Salmonella_phage_Shemara]hypothetical_protein|18129..18629|166	0.188	125	97	0	2	126	4	123	9.005E-07	337
2_cl45_phi1M2-2	NC_070822.1|YP_010655179.1_15|[Pseudoalteromonas_phage_TW1]hypothetical_protein|8086..8556|156	0.218	126	95	0	1	126	4	125	1.438E-06	329
2_cl45_phi1M2-2	NC_048181.1|YP_009821861.1_25|[Raoultella_phage_RP180]hypothetical_protein|19172..19666|164	0.171	127	102	0	2	128	4	127	1.438E-06	329
2_cl45_phi1M2-2	NC_007024.1|YP_239288.1_20|[Xanthomonas_phage_Xp15]virion_structural_protein|16353..16724|123	0.176	126	101	0	1	126	1	123	1.616E-06	327
2_cl45_phi1M2-2	NC_029033.1|YP_009220355.1_54|[Achromobacter_phage_phiAxp-1]virion_structural_protein|33078..34382|434	0.210	125	96	0	2	126	3	125	1.926E-06	324
2_cl45_phi1M2-2	NC_009543.1|YP_001285688.1_16|[Xanthomonas_phage_Xop411]virion_structural_protein|12401..12757|118	0.138	121	101	0	1	121	1	118	2.736E-06	318
2_cl45_phi1M2-2	NC_004902.1|NP_858966.1_19|[Xanthomonas_phage_Xp10]virion_structural_protein|13362..13718|118	0.146	121	100	0	1	121	1	118	3.458E-06	314
2_cl45_phi1M2-2	NC_007709.1|YP_453576.1_18|[Xanthomonas_phage_OP1]virion_structural_protein|13552..13905|117	0.139	120	100	0	1	120	1	117	3.666E-06	313
2_cl45_phi1M2-2	NC_070824.1|YP_010655303.1_4|[Pseudoalteromonas_phage_C7]hypothetical_protein|complement(4549..5016)|155	0.170	161	128	0	1	161	1	155	3.887E-06	312
2_cl45_phi1M2-2	NC_031059.1|YP_009285933.1_48|[Rhodovulum_phage_vB_RhkS_P1]virion_structural_protein|27232..27588|118	0.150	117	97	0	1	117	1	115	5.522E-06	306
2_cl45_phi1M2-2	NC_070823.1|YP_010655299.1_73|[Pseudoalteromonas_phage_vB_PspS-H40/1]hypothetical_protein|44860..45306|148	0.235	153	102	0	8	160	12	145	7.843E-06	300
2_cl45_phi1M2-2	NC_042091.1|YP_009620694.1_25|[Pseudomonas_phage_nickie]hypothetical_protein|21208..21573|121	0.163	118	97	0	2	118	4	121	9.348E-06	297
2_cl45_phi1M2-2	NC_073322.1|YP_010749475.1_46|[Escherichia_phage_vB_EcoS-Ro145c2YLVW]hypothetical_protein|23553..24026|157	0.180	154	116	0	8	161	2	144	9.348E-06	297
2_cl45_phi1M2-2	NC_025466.1|YP_009103926.1_40|[Shewanella_sp._phage_3/49]hypothetical_protein|23325..23825|166	0.181	158	122	0	4	161	6	155	9.348E-06	297
2_cl45_phi1M2-2	NC_019933.2|YP_007238089.1_19|[Xanthomonas_phage_CP1]virion_structural_protein|14827..15189|120	0.136	121	103	0	1	121	1	120	1.252E-05	292
2_cl45_phi1M2-2	NC_021563.1|YP_008130357.1_64|[Serratia_phage_Eta]hypothetical_protein|36442..36936|164	0.164	161	132	0	1	161	1	159	2.000E-05	284
2_cl45_phi1M2-2	NC_073320.1|YP_010749347.1_61|[Escherichia_phage_26]hypothetical_protein|32941..33414|157	0.187	154	115	0	8	161	2	144	2.120E-05	283
2_cl45_phi1M2-2	NC_073319.1|YP_010749258.1_53|[Escherichia_phage_SZH-1]hypothetical_protein|complement(25719..26192)|157	0.167	154	121	0	8	161	2	147	2.248E-05	282
2_cl45_phi1M2-2	NC_069155.1|YP_010582758.1_50|[Serratia_phage_Tsm2]hypothetical_protein|30094..30588|164	0.173	160	130	0	1	160	1	158	2.248E-05	282
2_cl45_phi1M2-2	NC_030909.1|YP_009273704.1_22|[Pseudomonas_phage_YMC11/07/P54_PAE_BP]virion_structural_protein|complement(17708..18106)|132	0.250	136	94	0	25	160	2	127	2.384E-05	281
2_cl45_phi1M2-2	NC_015465.1|YP_004421739.1_17|[Synechococcus_phage_S-CBS3]minor_tail_protein|17265..17633|122	0.177	126	100	0	1	126	1	122	3.193E-05	276
2_cl45_phi1M2-2	NC_069156.1|YP_010582773.1_5|[Serratia_phage_vB_SmaM-Otaku]hypothetical_protein|complement(4881..5375)|164	0.183	128	101	0	1	128	1	125	3.806E-05	273
2_cl45_phi1M2-2	NC_025443.1|YP_009101221.1_51|[Salmonella_phage_9NA]virion_structural_protein|28178..28681|167	0.201	121	94	0	4	124	12	130	5.407E-05	267
2_cl45_phi1M2-2	NC_047786.1|YP_009787821.1_47|[Salmonella_phage_vB_SenS_Sasha]virion_structural_protein|27788..28291|167	0.202	150	116	0	4	153	12	157	6.078E-05	265
2_cl45_phi1M2-2	NC_026587.1|YP_009124466.1_70|[Pseudomonas_phage_vB_PaeM_PAO1_Ab03]virion_structural_protein|37157..37594|145	0.180	145	113	0	16	160	6	144	8.143E-05	260
2_cl45_phi1M2-2	NC_071018.1|YP_010677153.1_47|[Stenotrophomonas_phage_Siara]minor_tail_protein|24189..24554|121	0.152	121	102	0	1	121	1	121	9.705E-05	257
2_cl45_phi1M2-2	NC_012742.1|YP_002922631.1_17|[Xanthomonas_phage_phiL7]virion_structural_protein|13581..13940|119	0.120	120	104	0	1	120	1	119	1.091E-04	255
2_cl45_phi1M2-2	NC_071020.1|YP_010677399.1_91|[Stenotrophomonas_phage_BUCT626]hypothetical_protein|complement(54409..54771)|120	0.138	119	102	0	1	119	1	119	1.091E-04	255
2_cl45_phi1M2-2	NC_071017.1|YP_010677054.1_50|[Stenotrophomonas_phage_Salva]hypothetical_protein|25137..25502|121	0.160	121	101	0	1	121	1	121	1.226E-04	253
2_cl45_phi1M2-2	NC_071019.1|YP_010677215.1_9|[Stenotrophomonas_phage_vB_SmaS_BUCT548]hypothetical_protein|7128..7490|120	0.140	117	100	0	1	117	1	117	2.201E-04	243
2_cl45_phi1M2-2	NC_071021.1|YP_010677479.1_73|[Stenotrophomonas_phage_BUCT627]hypothetical_protein|complement(42907..43269)|120	0.140	117	100	0	1	117	1	117	2.201E-04	243
2_cl45_phi1M2-2	NC_015463.1|YP_004421477.1_23|[Synechococcus_phage_S-CBS2]unknown_structural_protein|15824..16180|118	0.141	103	86	0	17	117	15	117	2.624E-04	240
2_cl45_phi1M2-2	NC_016164.1|YP_004934618.1_18|[Synechococcus_phage_S-CBS1]minor_tail_protein|16762..17130|122	0.187	128	97	0	1	128	1	120	2.624E-04	240
2_cl45_phi1M2-2	NC_025462.1|YP_009103672.1_132|[Acinetobacter_phage_vB_AbaM_Acibel004]virion_structural_protein|82317..82886|189	0.121	142	118	0	16	157	29	163	2.782E-04	239
2_cl45_phi1M2-2	NC_029075.1|YP_009224027.1_21|[Achromobacter_phage_JWF]hypothetical_protein|23099..23494|131	0.115	126	103	0	1	117	4	129	4.189E-04	232
2_cl45_phi1M2-2	NC_030934.1|YP_009275994.1_60|[Pseudomonas_phage_vB_PsyM_KIL1]virion_structural_protein|32937..33470|177	0.176	154	124	0	8	158	22	175	4.442E-04	231
2_cl45_phi1M2-2	NC_047978.1|YP_009802154.1_61|[Erwinia_phage_Faunus]virion_structural_protein|36508..36963|151	0.123	132	105	0	8	128	18	149	4.709E-04	230
2_cl45_phi1M2-2	NC_042054.1|YP_009616746.1_60|[Pseudomonas_phage_vB_PsyM_KIL4]virion_structural_protein|32693..33226|177	0.170	154	125	0	8	158	22	175	6.309E-04	225
2_cl45_phi1M2-2	NC_013021.1|YP_003084222.1_78|[Cyanophage_PSS2]tail_tape_measure_protein|59795..60211|138	0.105	118	100	0	8	120	21	138	7.093E-04	223
2_cl45_phi1M2-2	NC_070772.1|YP_010649711.1_24|[Vibrio_phage_Seahorse]hypothetical_protein|20900..21397|165	0.154	143	110	0	9	139	21	163	7.520E-04	222
2_cl45_phi1M2-2	NC_054726.1|YP_010059520.1_44|[Gordonia_phage_Stormageddon]minor_tail_protein|45465..46109|214	0.093	129	114	0	9	137	17	143	7.520E-04	222
2_cl45_phi1M2-2	NC_027332.1|YP_009146783.1_52|[Acinetobacter_phage_YMC13/03/R2096]hypothetical_protein|32180..32785|201	0.132	104	86	0	16	119	102	201	8.963E-04	219
2_cl45_phi1M2-2	NC_041946.1|YP_009602946.1_19|[Arthrobacter_phage_Wayne]minor_tail_protein|15248..16129|293	0.155	133	95	0	15	128	29	161	8.963E-04	219
2_cl45_phi1M2-2	NC_054424.1|YP_010050188.1_19|[Arthrobacter_phage_Litotes]minor_tail_protein|15152..16033|293	0.155	133	95	0	15	128	29	161	8.963E-04	219
2_cl45_phi1M2-2	NC_073677.1|YP_010766072.1_46|[Pseudomonas_phage_PHB09]hypothetical_protein|30825..31358|177	0.168	154	125	0	8	158	22	175	9.503E-04	218
2_cl45_sal3	NC_031918.1|YP_009322249.1_52|[Salmonella_phage_64795_sal3]hypothetical_protein|27290..27772|160	1.000	160	0	0	1	160	1	160	2.238E-23	1011
2_cl45_sal3	NC_054641.1|YP_010053509.1_61|[Salmonella_virus_KFS-SE2]hypothetical_protein|complement(34627..35097)|156	0.929	156	11	0	5	160	1	156	1.041E-21	944
2_cl45_sal3	NC_054638.1|YP_010053258.1_48|[Salmonella_phage_vB_SenS_SB28]hypothetical_protein|24344..24814|156	0.916	156	13	0	5	160	1	156	1.041E-21	944
2_cl45_sal3	NC_054642.1|YP_010053565.1_32|[Salmonella_phage_Seszw_1]hypothetical_protein|17534..18007|157	0.916	155	13	0	6	160	3	157	1.555E-21	937
2_cl45_sal3	NC_054637.1|YP_010053153.1_29|[Escherichia_phage_vB_EcoS_Sa179lw]hypothetical_protein|15910..16383|157	0.891	157	17	0	4	160	1	157	1.956E-21	933
2_cl45_sal3	NC_054648.1|YP_010054082.1_62|[Salmonella_phage_vB_Se_STGO-35-1]minor_tail_protein|29548..30021|157	0.929	155	11	0	6	160	3	157	2.605E-21	928
2_cl45_sal3	NC_010495.1|YP_001742072.1_35|[Salmonella_phage_Vi_II-E1]hypothetical_protein|24365..24835|156	0.916	156	13	0	5	160	1	156	2.759E-21	927
2_cl45_sal3	NC_054650.1|YP_010054212.1_16|[Shigella_phage_DS8]hypothetical_protein|8852..9325|157	0.935	155	10	0	6	160	3	157	3.277E-21	924
2_cl45_sal3	NC_054649.1|YP_010054112.1_4|[Escherichia_phage_vB_EcoS_swi2]hypothetical_protein|complement(5668..6141)|157	0.922	155	12	0	6	160	3	157	3.891E-21	921
2_cl45_sal3	NC_031924.1|YP_009322780.1_67|[Salmonella_phage_IME207]hypothetical_protein|28806..29282|158	0.896	155	16	0	6	160	3	157	3.891E-21	921
2_cl45_sal3	NC_054643.1|YP_010053681.1_76|[Salmonella_phage_SeSz-2]hypothetical_protein|39846..40316|156	0.910	156	14	0	5	160	1	156	4.622E-21	918
2_cl45_sal3	NC_070846.1|YP_010657369.1_2|[Salmonella_phage_LPSTLL]hypothetical_protein|1594..2067|157	0.891	156	17	0	5	160	1	156	4.622E-21	918
2_cl45_sal3	NC_054647.1|YP_010053951.1_16|[Salmonella_phage_Akira]hypothetical_protein|complement(13949..14422)|157	0.916	155	13	0	6	160	3	157	6.518E-21	912
2_cl45_sal3	NC_054651.1|YP_010054281.1_6|[Escherichia_phage_C1]hypothetical_protein|complement(6554..7027)|157	0.909	155	14	0	6	160	3	157	7.741E-21	909
2_cl45_sal3	NC_071153.1|YP_010685868.1_57|[Klebsiella_phage_BUCT610]hypothetical_protein|27338..27808|156	0.839	156	25	0	5	160	1	156	9.736E-21	905
2_cl45_sal3	NC_071157.1|YP_010686190.1_59|[Klebsiella_phage_VLCpiS13c]virion_structural_protein|complement(35238..35708)|156	0.839	156	25	0	5	160	1	156	1.225E-20	901
2_cl45_sal3	NC_071152.1|YP_010685763.1_30|[Klebsiella_phage_VLCpiS13a]virion_structural_protein|17455..17925|156	0.846	156	24	0	5	160	1	156	1.540E-20	897
2_cl45_sal3	NC_071142.1|YP_010684975.1_52|[Klebsiella_phage_VLCpiS13d]virion_structural_protein|25572..26042|156	0.852	156	23	0	5	160	1	156	1.829E-20	894
2_cl45_sal3	NC_071149.1|YP_010685562.1_68|[Klebsiella_phage_vB_Kpn_ZCKp20p]baseplate_wedge_protein|32709..33179|156	0.839	156	25	0	5	160	1	156	2.300E-20	890
2_cl45_sal3	NC_071156.1|YP_010686107.1_56|[Klebsiella_phage_6991]hypothetical_protein|28567..29037|156	0.839	156	25	0	5	160	1	156	2.300E-20	890
2_cl45_sal3	NC_071146.1|YP_010685295.1_37|[Klebsiella_phage_vB_KpnS_MK54]minor_tail_protein|19423..19893|156	0.846	156	24	0	5	160	1	156	2.300E-20	890
2_cl45_sal3	NC_071150.1|YP_010685647.1_69|[Klebsiella_phage_ZCKP8]minor_tail_protein|32402..32872|156	0.839	156	25	0	5	160	1	156	2.300E-20	890
2_cl45_sal3	NC_071151.1|YP_010685719.1_57|[Klebsiella_phage_vB_Kpn_ZC2]minor_tail_protein|32717..33187|156	0.839	156	25	0	5	160	1	156	2.300E-20	890
2_cl45_sal3	NC_042037.1|YP_009614658.1_62|[Aeromonas_phage_pIS4-A]hypothetical_protein|32456..32926|156	0.846	156	24	0	5	160	1	156	2.893E-20	886
2_cl45_sal3	NC_021534.1|YP_008126232.1_68|[Vibrio_phage_pYD38-A]hypothetical_protein|complement(39512..39982)|156	0.846	156	24	0	5	160	1	156	2.893E-20	886
2_cl45_sal3	NC_071143.1|YP_010685006.1_3|[Flyfo_siphovirus_Tbat1_6]hypothetical_protein|3131..3601|156	0.846	156	24	0	5	160	1	156	2.893E-20	886
2_cl45_sal3	NC_071155.1|YP_010686024.1_52|[Klebsiella_phage_VLCpiS13b]virion_structural_protein|26421..26891|156	0.839	156	25	0	5	160	1	156	3.436E-20	883
2_cl45_sal3	NC_054645.1|YP_010053778.1_13|[Salmonella_phage_LPST10]hypothetical_protein|complement(11731..12204)|157	0.929	155	11	0	6	160	3	157	3.853E-20	881
2_cl45_sal3	NC_054646.1|YP_010053891.1_39|[Salmonella_phage_VB_StyS_BS5]hypothetical_protein|19802..20275|157	0.929	155	11	0	6	160	3	157	3.853E-20	881
2_cl45_sal3	NC_054644.1|YP_010053740.1_57|[Salmonella_virus_VSt472]hypothetical_protein|28620..29093|157	0.929	155	11	0	6	160	3	157	3.853E-20	881
2_cl45_sal3	NC_054639.1|YP_010053346.1_63|[Salmonella_phage_Skate]hypothetical_protein|28397..28873|158	0.890	155	17	0	6	160	3	157	5.132E-20	876
2_cl45_sal3	NC_071145.1|YP_010685197.1_17|[Klebsiella_phage_VLCpiS13e]virion_structural_protein|10270..10743|157	0.825	155	27	0	6	160	3	157	6.095E-20	873
2_cl45_sal3	NC_071144.1|YP_010685103.1_4|[Klebsiella_phage_VLCpiS13f]virion_structural_protein|complement(4718..5191)|157	0.832	155	26	0	6	160	3	157	8.117E-20	868
2_cl45_sal3	NC_054636.1|YP_010053061.1_17|[Shigella_phage_Sf11_SMD-2017]hypothetical_protein|complement(13880..15253)|457	0.900	151	15	0	4	154	1	151	9.640E-20	865
2_cl45_sal3	NC_054640.1|YP_010053420.1_47|[Salmonella_phage_Segz_1]hypothetical_protein|23514..23987|157	0.903	155	15	0	6	160	3	157	1.440E-19	858
2_cl45_sal3	NC_054653.1|YP_010054428.1_13|[Klebsiella_virus_KpV2811]hypothetical_protein|complement(13683..14153)|156	0.762	156	37	0	5	160	1	156	9.014E-19	826
2_cl45_sal3	NC_071154.1|YP_010685917.1_23|[Klebsiella_phage_BUCT541]hypothetical_protein|complement(17295..17765)|156	0.762	156	37	0	5	160	1	156	1.426E-18	818
2_cl45_sal3	NC_054652.1|YP_010054356.1_5|[Klebsiella_phage_YX3973]hypothetical_protein|6251..6721|156	0.762	156	37	0	5	160	1	156	1.426E-18	818
2_cl45_sal3	NC_054654.1|YP_010054542.1_49|[Klebsiella_phage_vB_KpnS_ZX4]hypothetical_protein|25749..26219|156	0.762	156	37	0	5	160	1	156	1.426E-18	818
2_cl45_sal3	NC_019927.1|YP_007237618.1_44|[Cronobacter_phage_ENT47670]hypothetical_protein|46209..46706|165	0.668	148	49	0	6	153	3	150	4.982E-17	756
2_cl45_sal3	NC_071003.1|YP_010675369.1_21|[Enterobacter_phage_vB_EclS_CobraSix]hypothetical_protein|14964..15461|165	0.705	139	41	0	6	144	3	141	1.568E-16	736
2_cl45_sal3	NC_048198.1|YP_009824047.1_17|[Erwinia_phage_vB_EhrS_59]hypothetical_protein|14104..14601|165	0.549	150	67	0	5	153	1	150	1.644E-15	695
2_cl45_sal3	NC_074664.1|YP_010773482.1_14|[Pseudomonas_phage_BUCT566]hypothetical_protein|10993..11460|155	0.175	149	120	0	6	154	1	146	1.381E-09	457
2_cl45_sal3	NC_016762.1|YP_005098084.1_57|[Pseudomonas_phage_phi297]virion_structural_protein|37368..37835|155	0.175	149	120	0	6	154	1	146	1.549E-09	455
2_cl45_sal3	NC_025471.1|YP_009104265.1_28|[Idiomarinaceae_phage_Phi1M2-2]virion_structural_protein|16209..16694|161	0.254	155	110	0	6	153	1	155	1.948E-09	451
2_cl45_sal3	NC_074663.1|YP_010773399.1_9|[Pseudomonas_phage_vB_Pae_LC3I3]hypothetical_protein|6635..7102|155	0.175	149	120	0	6	154	1	146	2.748E-09	445
2_cl45_sal3	NC_030929.1|YP_009275521.1_34|[Pseudomonas_phage_JBD44]virion_structural_protein|21460..21927|155	0.175	149	120	0	6	154	1	146	2.748E-09	445
2_cl45_sal3	NC_029066.1|YP_009222842.1_72|[Pseudomonas_phage_PS-1]virion_structural_protein|40548..41054|168	0.189	164	120	0	6	154	1	164	4.347E-09	437
2_cl45_sal3	NC_002484.2|NP_061517.1_20|[Pseudomonas_phage_D3]virion_structural_protein|13793..14272|159	0.203	150	118	0	6	154	1	150	6.131E-09	431
2_cl45_sal3	NC_016765.1|YP_005098223.1_20|[Pseudomonas_phage_PMG1]virion_structural_protein|13837..14316|159	0.203	150	118	0	6	154	1	150	6.131E-09	431
2_cl45_sal3	NC_028819.1|YP_009200200.1_14|[Pseudoalteromonas_phage_H103]virion_structural_protein|complement(10119..10595)|158	0.210	152	119	0	5	155	3	154	1.292E-08	418
2_cl45_sal3	NC_011373.1|YP_002284353.1_19|[Pseudomonas_phage_PAJU2]virion_structural_protein|14682..15146|154	0.168	151	113	0	6	142	1	151	2.163E-08	409
2_cl45_sal3	NC_041898.1|YP_009597357.1_26|[Escherichia_phage_K1ind2]hypothetical_protein|16992..18392|466	0.187	143	111	0	4	146	1	138	3.624E-08	400
2_cl45_sal3	NC_028768.1|YP_009196207.1_22|[Achromobacter_phage_JWX]virion_structural_protein|16122..17195|357	0.144	123	104	0	6	128	130	251	6.429E-08	390
2_cl45_sal3	NC_028695.2|YP_009191448.1_40|[Enterobacter_phage_phiEap-2]hypothetical_protein|21610..22104|164	0.192	156	120	0	4	159	1	149	7.209E-08	388
2_cl45_sal3	NC_028834.1|YP_009201754.1_20|[Achromobacter_phage_83-24]hypothetical_protein|15509..16585|358	0.161	122	101	0	6	127	131	251	7.635E-08	387
2_cl45_sal3	NC_009447.1|YP_001210237.1_17|[Burkholderia_phage_BcepGomr]virion_structural_protein|13816..14934|372	0.203	123	94	0	6	128	128	246	7.635E-08	387
2_cl45_sal3	NC_073199.1|YP_010747561.1_29|[Salmonella_phage_S102]hypothetical_protein|19783..20283|166	0.175	144	110	0	6	139	3	146	1.279E-07	378
2_cl45_sal3	NC_073198.1|YP_010747531.1_59|[Salmonella_phage_vB_SenS_ER21]hypothetical_protein|complement(40052..40552)|166	0.175	144	110	0	6	139	3	146	1.279E-07	378
2_cl45_sal3	NC_073197.1|YP_010747470.1_58|[Salmonella_phage_vB_SenS_ER23]hypothetical_protein|40103..40603|166	0.175	144	110	0	6	139	3	146	1.279E-07	378
2_cl45_sal3	NC_073184.1|YP_010746642.1_32|[Salmonella_phage_F12013]tail_protein|complement(23758..24258)|166	0.175	144	110	0	6	139	3	146	1.354E-07	377
2_cl45_sal3	NC_020839.1|YP_007673206.1_6|[Rhodobacter_phage_RC1]virion_structural_protein|complement(6559..6981)|140	0.179	137	97	0	6	124	3	139	1.434E-07	376
2_cl45_sal3	NC_020866.1|YP_007676430.1_51|[Rhodovulum_phage_RS1]virion_structural_protein|32787..33209|140	0.179	137	97	0	6	124	3	139	1.434E-07	376
2_cl45_sal3	NC_073213.1|YP_010748406.1_26|[Salmonella_phage_vB_SenS_SB3]hypothetical_protein|17765..18265|166	0.168	144	111	0	6	139	3	146	1.434E-07	376
2_cl45_sal3	NC_073196.1|YP_010747352.1_5|[Salmonella_phage_NBSal006]hypothetical_protein|complement(3960..4460)|166	0.168	144	111	0	6	139	3	146	1.434E-07	376
2_cl45_sal3	NC_042084.1|YP_009620106.1_26|[Escherichia_phage_VB_EcoS-Golestan]hypothetical_protein|17370..18788|472	0.186	143	112	0	4	146	1	138	1.519E-07	375
2_cl45_sal3	NC_073031.1|YP_010738739.1_12|[Janthinobacterium_phage_vB_JliS-Donnerlittchen]hypothetical_protein|6881..7357|158	0.155	135	110	0	7	141	2	132	1.608E-07	374
2_cl45_sal3	NC_073190.1|YP_010747004.1_50|[Salmonella_phage_vB_SenS_S528]hypothetical_protein|24404..24904|166	0.175	144	110	0	6	139	3	146	1.703E-07	373
2_cl45_sal3	NC_073207.1|YP_010748064.1_18|[Salmonella_phage_SHWT1]hypothetical_protein|complement(17411..17911)|166	0.175	144	110	0	6	139	3	146	1.703E-07	373
2_cl45_sal3	NC_073189.1|YP_010746947.1_55|[Salmonella_phage_JD01]hypothetical_protein|complement(38045..38545)|166	0.175	144	110	0	6	139	3	146	1.703E-07	373
2_cl45_sal3	NC_073169.1|YP_010745715.1_18|[Salmonella_phage_SS5]hypothetical_protein|complement(15759..16259)|166	0.189	144	108	0	6	139	3	146	1.703E-07	373
2_cl45_sal3	NC_073193.1|YP_010747216.1_59|[Salmonella_phage_vB_SalS-S10]hypothetical_protein|39171..39671|166	0.175	144	110	0	6	139	3	146	1.703E-07	373
2_cl45_sal3	NC_073192.1|YP_010747095.1_6|[Salmonella_phage_F118P13]hypothetical_protein|complement(5673..6173)|166	0.175	144	110	0	6	139	3	146	1.703E-07	373
2_cl45_sal3	NC_073188.1|YP_010746874.1_48|[Salmonella_phage_vB_SenS_S532]hypothetical_protein|24316..24816|166	0.175	144	110	0	6	139	3	146	1.703E-07	373
2_cl45_sal3	NC_073325.1|YP_010749670.1_4|[Escherichia_phage_vB_EcoS_XY1]minor_tail_protein|complement(3811..5211)|466	0.177	138	109	0	4	141	1	133	1.703E-07	373
2_cl45_sal3	NC_016165.1|YP_004934695.1_52|[Rhodobacter_phage_RcapMu]virion_structural_protein|31713..32135|140	0.194	136	94	0	6	123	3	138	2.023E-07	370
2_cl45_sal3	NC_073202.1|YP_010747772.1_47|[Salmonella_phage_celemicas]hypothetical_protein|25526..26026|166	0.175	144	110	0	6	139	3	146	2.142E-07	369
2_cl45_sal3	NC_073209.1|YP_010748162.1_6|[Salmonella_phage_GRNsp50]hypothetical_protein|complement(5544..6044)|166	0.175	144	110	0	6	139	3	146	2.142E-07	369
2_cl45_sal3	NC_073173.1|YP_010745993.1_42|[Salmonella_phage_blauehaus]hypothetical_protein|23963..24463|166	0.175	144	110	0	6	139	3	146	2.142E-07	369
2_cl45_sal3	NC_073219.1|YP_010748806.1_39|[Salmonella_phage_sidste]hypothetical_protein|23863..24363|166	0.189	144	108	0	6	139	3	146	2.142E-07	369
2_cl45_sal3	NC_073178.1|YP_010746288.1_31|[Salmonella_phage_vB_SenS_TUMS_E19]hypothetical_protein|20086..20586|166	0.175	144	110	0	6	139	3	146	2.142E-07	369
2_cl45_sal3	NC_073200.1|YP_010747627.1_31|[Salmonella_phage_S100]hypothetical_protein|20810..21310|166	0.175	144	110	0	6	139	3	146	2.142E-07	369
2_cl45_sal3	NC_073218.1|YP_010748749.1_38|[Salmonella_phage_demigod]hypothetical_protein|24667..25167|166	0.189	144	108	0	6	139	3	146	2.142E-07	369
2_cl45_sal3	NC_073203.1|YP_010747823.1_31|[Salmonella_phage_MET_P1_001_43]hypothetical_protein|19249..19749|166	0.175	144	110	0	6	139	3	146	2.142E-07	369
2_cl45_sal3	NC_073201.1|YP_010747703.1_41|[Salmonella_phage_dunkel]hypothetical_protein|25780..26280|166	0.175	144	110	0	6	139	3	146	2.142E-07	369
2_cl45_sal3	NC_073186.1|YP_010746744.1_32|[Salmonella_phage_vB_SenS_PVP-SE2]hypothetical_protein|complement(23538..24038)|166	0.175	144	110	0	6	139	3	146	2.142E-07	369
2_cl45_sal3	NC_069154.1|YP_010582691.1_40|[Klebsiella_phage_VLCpiS11a]virion_structural_protein|complement(25256..25750)|164	0.217	154	114	0	6	159	3	149	2.269E-07	368
2_cl45_sal3	NC_073172.1|YP_010745932.1_46|[Salmonella_phage_skrot]hypothetical_protein|24902..25402|166	0.161	144	112	0	6	139	3	146	2.544E-07	366
2_cl45_sal3	NC_073321.1|YP_010749394.1_37|[Escherichia_phage_ZCEC5]hypothetical_protein|20117..20617|166	0.178	156	123	0	4	159	1	151	2.544E-07	366
2_cl45_sal3	NC_073182.1|YP_010746525.1_29|[Salmonella_virus_VSe103]hypothetical_protein|19773..20273|166	0.174	144	110	0	6	139	3	146	2.853E-07	364
2_cl45_sal3	NC_073181.1|YP_010746468.1_30|[Salmonella_phage_5sent1]minor_tail_protein|19967..20467|166	0.174	144	110	0	6	139	3	146	2.853E-07	364
2_cl45_sal3	NC_073179.1|YP_010746349.1_30|[Salmonella_phage_vB_SenS_TUMS_E4]hypothetical_protein|20065..20565|166	0.174	144	110	0	6	139	3	146	2.853E-07	364
2_cl45_sal3	NC_019539.1|YP_007010481.1_28|[Salmonella_phage_vB_SenS-Ent1]hypothetical_protein|18977..19477|166	0.174	144	110	0	6	139	3	146	2.853E-07	364
2_cl45_sal3	NC_073185.1|YP_010746711.1_42|[Salmonella_phage_PBSE191]hypothetical_protein|39461..39961|166	0.174	144	110	0	6	139	3	146	2.853E-07	364
2_cl45_sal3	NC_073316.1|YP_010749009.1_30|[Escherichia_phage_vB_EcoS_fFiEco02]hypothetical_protein|19687..20187|166	0.190	141	109	0	6	146	3	138	3.021E-07	363
2_cl45_sal3	NC_070823.1|YP_010655298.1_72|[Pseudoalteromonas_phage_vB_PspS-H40/1]hypothetical_protein|44459..44860|133	0.232	125	92	0	4	128	1	121	3.200E-07	362
2_cl45_sal3	NC_041897.1|YP_009597306.1_26|[Escherichia_phage_K1ind1]hypothetical_protein|16991..18391|466	0.187	138	107	0	4	141	1	133	3.200E-07	362
2_cl45_sal3	NC_041992.1|YP_009608663.1_42|[Salmonella_phage_wksl3]hypothetical_protein|complement(27064..27564)|166	0.167	144	111	0	6	139	3	146	3.800E-07	359
2_cl45_sal3	NC_073183.1|YP_010746577.1_24|[Salmonella_phage_NBSal007]hypothetical_protein|complement(21183..21683)|166	0.167	144	111	0	6	139	3	146	3.800E-07	359
2_cl45_sal3	NC_027994.1|YP_009168856.1_24|[Escherichia_phage_K1H]hypothetical_protein|16248..16748|166	0.194	143	110	0	4	146	1	138	4.024E-07	358
2_cl45_sal3	NC_027993.1|YP_009168807.1_27|[Escherichia_phage_K1G]hypothetical_protein|17937..18437|166	0.194	143	110	0	4	146	1	138	4.024E-07	358
2_cl45_sal3	NC_073317.1|YP_010749084.1_28|[Escherichia_phage_vB_EcoS_fPoEco01]hypothetical_protein|18289..18789|166	0.184	156	122	0	4	159	1	151	4.024E-07	358
2_cl45_sal3	NC_073191.1|YP_010747048.1_26|[Salmonella_phage_vB_SenS-EnJE6]hypothetical_protein|complement(19818..20318)|166	0.167	144	111	0	6	139	3	146	4.262E-07	357
2_cl45_sal3	NC_070970.1|YP_010671701.1_28|[Pseudomonas_phage_Iggy]hypothetical_protein|20297..21124|275	0.156	140	116	0	5	143	123	262	4.262E-07	357
2_cl45_sal3	NC_073324.1|YP_010749624.1_44|[Escherichia_phage_vB_EcoS-22664BS2]hypothetical_protein|22068..23465|465	0.186	143	112	0	4	146	1	138	4.262E-07	357
2_cl45_sal3	NC_093712.1|YP_011217191.1_3|[Escherichia_phage_L_AB-2017]hypothetical_protein|complement(1052..1552)|166	0.176	141	112	0	4	144	1	137	4.513E-07	356
2_cl45_sal3	NC_073314.1|YP_010748874.1_48|[Escherichia_virus_fEg-Eco19]hypothetical_protein|24956..25456|166	0.176	141	112	0	4	144	1	137	4.513E-07	356
2_cl45_sal3	NC_073323.1|YP_010749527.1_27|[Escherichia_phage_vB_EcoS-phiEc3]minor_tail_protein|17198..18616|472	0.176	138	109	0	4	141	1	133	4.513E-07	356
2_cl45_sal3	NC_022754.1|YP_008767198.1_27|[Salmonella_phage_SETP7]hypothetical_protein|17572..18072|166	0.167	144	111	0	6	139	3	146	4.779E-07	355
2_cl45_sal3	NC_073208.1|YP_010748125.1_26|[Salmonella_phage_SLMP1]hypothetical_protein|complement(20699..21199)|166	0.175	144	110	0	6	139	3	146	5.061E-07	354
2_cl45_sal3	NC_073176.1|YP_010746159.1_28|[Salmonella_virus_VSe101]hypothetical_protein|19414..19914|166	0.175	144	110	0	6	139	3	146	5.061E-07	354
2_cl45_sal3	NC_073211.1|YP_010748298.1_37|[Salmonella_phage_T102]hypothetical_protein|22571..23071|166	0.175	144	110	0	6	139	3	146	5.061E-07	354
2_cl45_sal3	NC_093713.1|YP_011217263.1_8|[Escherichia_phage_P_AB-2017]hypothetical_protein|complement(8713..9213)|166	0.173	143	113	0	4	146	1	138	5.061E-07	354
2_cl45_sal3	NC_073214.1|YP_010748481.1_38|[Salmonella_phage_vB_SenS_ER1]hypothetical_protein|21670..22170|166	0.161	144	112	0	6	139	3	146	5.360E-07	353
2_cl45_sal3	NC_073217.1|YP_010748688.1_48|[Salmonella_phage_pink]hypothetical_protein|25082..25582|166	0.161	144	112	0	6	139	3	146	5.360E-07	353
2_cl45_sal3	NC_020846.1|YP_007674000.1_38|[Vibrio_phage_pYD21-A]virion_structural_protein|24843..25325|160	0.190	159	121	0	5	154	2	160	6.011E-07	351
2_cl45_sal3	NC_070971.1|YP_010671790.1_27|[Pseudomonas_virus_PBPA162]hypothetical_protein|complement(21915..22742)|275	0.164	147	115	0	5	143	116	262	6.365E-07	350
2_cl45_sal3	NC_041991.1|YP_009608582.1_27|[Salmonella_phage_vB_SenS_AG11]hypothetical_protein|17728..18228|166	0.165	146	112	0	5	139	1	146	6.741E-07	349
2_cl45_sal3	NC_009232.2|YP_001110816.2_27|[Salmonella_phage_SETP3]hypothetical_protein|18460..18960|166	0.174	144	110	0	6	139	3	146	6.741E-07	349
2_cl45_sal3	NC_073215.1|YP_010748512.1_4|[Salmonella_phage_SGPC]tail_protein|complement(1472..1972)|166	0.167	144	111	0	6	139	3	146	8.006E-07	346
2_cl45_sal3	NC_069153.1|YP_010582605.1_27|[Salmonella_virus_VSiP]hypothetical_protein|18017..18517|166	0.176	148	119	0	6	151	3	150	8.978E-07	344
2_cl45_sal3	NC_006940.2|YP_308655.1_54|[Salmonella_phage_SS3e]hypothetical_protein|complement(36137..36637)|166	0.167	144	111	0	6	139	3	146	8.978E-07	344
2_cl45_sal3	NC_073212.1|YP_010748343.1_28|[Salmonella_phage_ZCSE9]hypothetical_protein|19068..19568|166	0.167	144	111	0	6	139	3	146	8.978E-07	344
2_cl45_sal3	NC_073174.1|YP_010746054.1_42|[Salmonella_phage_wast]hypothetical_protein|23773..24273|166	0.167	144	111	0	6	139	3	146	9.508E-07	343
2_cl45_sal3	NC_073187.1|YP_010746797.1_25|[Salmonella_phage_vB_SenS-EnJE1]hypothetical_protein|complement(22305..22805)|166	0.167	144	111	0	6	139	3	146	9.508E-07	343
2_cl45_sal3	NC_022752.1|YP_008767027.1_28|[Salmonella_phage_SETP13]hypothetical_protein|18112..18612|166	0.167	144	111	0	6	139	3	146	9.508E-07	343
2_cl45_sal3	NC_073195.1|YP_010747307.1_28|[Salmonella_phage_Shelanagig]hypothetical_protein|18443..18943|166	0.167	144	111	0	6	139	3	146	1.066E-06	341
2_cl45_sal3	NC_073216.1|YP_010748575.1_5|[Salmonella_phage_STP03]hypothetical_protein|complement(5491..5991)|166	0.152	154	126	0	6	159	3	151	1.129E-06	340
2_cl45_sal3	NC_073194.1|YP_010747222.1_3|[Salmonella_phage_vB_SalP_LDW16]hypothetical_protein|complement(1350..1850)|166	0.167	144	111	0	6	139	3	146	1.341E-06	337
2_cl45_sal3	NC_021777.1|YP_008239738.1_29|[Salmonella_phage_Jersey]hypothetical_protein|20172..20672|166	0.178	146	110	0	5	139	1	146	1.504E-06	335
2_cl45_sal3	NC_073318.1|YP_010749194.1_61|[Escherichia_phage_NTEC3]hypothetical_protein|complement(34314..35714)|466	0.179	129	103	0	4	132	1	127	1.593E-06	334
2_cl45_sal3	NC_070824.1|YP_010655303.1_4|[Pseudoalteromonas_phage_C7]hypothetical_protein|complement(4549..5016)|155	0.164	150	125	0	5	154	1	150	1.786E-06	332
2_cl45_sal3	NC_073175.1|YP_010746101.1_29|[Salmonella_virus_VSt10]hypothetical_protein|19072..19572|166	0.167	144	111	0	6	139	3	146	2.121E-06	329
2_cl45_sal3	NC_069147.1|YP_010582233.1_64|[Salmonella_phage_GRNsp27]hypothetical_protein|40507..41007|166	0.166	150	117	0	6	146	3	152	2.246E-06	328
2_cl45_sal3	NC_029033.1|YP_009220355.1_54|[Achromobacter_phage_phiAxp-1]virion_structural_protein|33078..34382|434	0.154	122	100	0	6	127	129	247	2.519E-06	326
2_cl45_sal3	NC_069150.1|YP_010582406.1_33|[Salmonella_phage_vB_STM-ZS]hypothetical_protein|complement(22605..23105)|166	0.164	152	114	0	6	142	3	154	2.668E-06	325
2_cl45_sal3	NC_069146.1|YP_010582164.1_57|[Salmonella_phage_St162]hypothetical_protein|36455..36955|166	0.164	152	114	0	6	142	3	154	2.668E-06	325
2_cl45_sal3	NC_069148.1|YP_010582260.1_27|[Salmonella_phage_TS6]hypothetical_protein|complement(19322..19822)|166	0.164	152	114	0	6	142	3	154	2.668E-06	325
2_cl45_sal3	NC_069149.1|YP_010582359.1_61|[Salmonella_phage_vB_SenTO17]hypothetical_protein|complement(31844..32344)|166	0.164	152	114	0	6	142	3	154	2.668E-06	325
2_cl45_sal3	NC_069151.1|YP_010582466.1_34|[Salmonella_phage_vB_SenS_SE1]hypothetical_protein|complement(21758..22258)|166	0.164	152	114	0	6	142	3	154	2.668E-06	325
2_cl45_sal3	NC_007024.1|YP_239288.1_20|[Xanthomonas_phage_Xp15]virion_structural_protein|16353..16724|123	0.152	118	99	0	6	123	1	118	3.553E-06	320
2_cl45_sal3	NC_021775.1|YP_008239652.1_55|[Salmonella_phage_FSL_SP-031]hypothetical_protein|36428..36928|166	0.159	152	114	0	6	142	3	154	3.985E-06	318
2_cl45_sal3	NC_019541.1|YP_007010627.1_46|[Acinetobacter_phage_YMC/09/02/B1251]virion_structural_protein|33893..34291|132	0.126	139	113	0	6	144	1	130	5.620E-06	312
2_cl45_sal3	NC_025466.1|YP_009103926.1_40|[Shewanella_sp._phage_3/49]hypothetical_protein|23325..23825|166	0.159	151	125	0	5	154	2	152	6.675E-06	309
2_cl45_sal3	NC_069152.1|YP_010582522.1_27|[Salmonella_phage_Shemara]hypothetical_protein|18129..18629|166	0.176	124	96	0	6	129	3	120	6.675E-06	309
2_cl45_sal3	NC_048181.1|YP_009821861.1_25|[Raoultella_phage_RP180]hypothetical_protein|19172..19666|164	0.180	156	121	0	4	159	1	149	7.485E-06	307
2_cl45_sal3	NC_028698.1|YP_009191569.1_16|[Salmonella_phage_f18SE]hypothetical_protein|complement(15923..16423)|166	0.165	145	112	0	5	139	2	146	8.394E-06	305
2_cl45_sal3	NC_047786.1|YP_009787821.1_47|[Salmonella_phage_vB_SenS_Sasha]virion_structural_protein|27788..28291|167	0.111	145	127	0	9	153	12	155	1.056E-05	301
2_cl45_sal3	NC_070822.1|YP_010655179.1_15|[Pseudoalteromonas_phage_TW1]hypothetical_protein|8086..8556|156	0.180	140	113	0	5	143	1	140	2.224E-05	288
2_cl45_sal3	NC_023566.1|YP_009005959.1_33|[Rhizobium_phage_vB_RglS_P106B]minor_tail_protein|21784..22149|121	0.083	124	109	0	5	128	1	120	3.137E-05	282
2_cl45_sal3	NC_073320.1|YP_010749347.1_61|[Escherichia_phage_26]hypothetical_protein|32941..33414|157	0.139	147	121	0	13	159	2	142	3.322E-05	281
2_cl45_sal3	NC_073322.1|YP_010749475.1_46|[Escherichia_phage_vB_EcoS-Ro145c2YLVW]hypothetical_protein|23553..24026|157	0.153	147	119	0	13	159	2	142	3.322E-05	281
2_cl45_sal3	NC_007709.1|YP_453576.1_18|[Xanthomonas_phage_OP1]virion_structural_protein|13552..13905|117	0.136	121	100	0	6	126	1	117	3.726E-05	279
2_cl45_sal3	NC_030909.1|YP_009273704.1_22|[Pseudomonas_phage_YMC11/07/P54_PAE_BP]virion_structural_protein|complement(17708..18106)|132	0.161	125	102	0	30	154	2	123	3.726E-05	279
2_cl45_sal3	NC_004902.1|NP_858966.1_19|[Xanthomonas_phage_Xp10]virion_structural_protein|13362..13718|118	0.142	122	100	0	6	127	1	118	4.686E-05	275
2_cl45_sal3	NC_019933.2|YP_007238089.1_19|[Xanthomonas_phage_CP1]virion_structural_protein|14827..15189|120	0.140	123	102	0	5	127	1	120	4.686E-05	275
2_cl45_sal3	NC_009543.1|YP_001285688.1_16|[Xanthomonas_phage_Xop411]virion_structural_protein|12401..12757|118	0.134	122	101	0	6	127	1	118	4.962E-05	274
2_cl45_sal3	NC_015465.1|YP_004421739.1_17|[Synechococcus_phage_S-CBS3]minor_tail_protein|17265..17633|122	0.134	113	95	0	13	123	4	116	5.893E-05	271
2_cl45_sal3	NC_073319.1|YP_010749258.1_53|[Escherichia_phage_SZH-1]hypothetical_protein|complement(25719..26192)|157	0.145	147	120	0	13	159	2	142	6.241E-05	270
2_cl45_sal3	NC_012742.1|YP_002922631.1_17|[Xanthomonas_phage_phiL7]virion_structural_protein|13581..13940|119	0.144	118	98	0	9	126	4	119	7.849E-05	266
2_cl45_sal3	NC_021563.1|YP_008130357.1_64|[Serratia_phage_Eta]hypothetical_protein|36442..36936|164	0.193	122	94	0	6	127	3	120	8.312E-05	265
2_cl45_sal3	NC_048730.1|YP_009841198.1_61|[Streptomyces_phage_Yaboi]minor_tail_protein|40036..40431|131	0.119	115	97	0	13	123	16	130	1.045E-04	261
2_cl45_sal3	NC_048721.1|YP_009839499.1_61|[Streptomyces_phage_StarPlatinum]minor_tail_protein|40597..40992|131	0.111	115	98	0	13	123	16	130	1.045E-04	261
2_cl45_sal3	NC_070784.1|YP_010651888.1_36|[Streptomyces_phage_TunaTartare]minor_tail_protein|31055..31456|133	0.140	116	97	0	13	126	18	133	1.045E-04	261
2_cl45_sal3	NC_069155.1|YP_010582758.1_50|[Serratia_phage_Tsm2]hypothetical_protein|30094..30588|164	0.160	138	114	0	6	143	3	139	1.045E-04	261
2_cl45_sal3	NC_048722.1|YP_009839749.1_60|[Streptomyces_phage_Wofford]minor_tail_protein|41126..41521|131	0.138	115	95	0	13	123	16	130	1.107E-04	260
2_cl45_sal3	NC_073315.1|YP_010748930.1_28|[Escherichia_phage_vB_EcoS_fFiEco03]hypothetical_protein|17935..19305|456	0.181	124	97	0	14	133	5	128	1.107E-04	260
2_cl45_sal3	NC_048719.1|YP_009839003.1_34|[Streptomyces_phage_Annadreamy]minor_tail_protein|28783..29169|128	0.168	116	94	0	13	126	13	128	1.172E-04	259
2_cl45_sal3	NC_026587.1|YP_009124466.1_70|[Pseudomonas_phage_vB_PaeM_PAO1_Ab03]virion_structural_protein|37157..37594|145	0.115	142	124	0	19	159	4	145	1.172E-04	259
2_cl45_sal3	NC_048723.1|YP_009839985.1_60|[Streptomyces_phage_LukeCage]minor_tail_protein|39957..40352|131	0.111	115	98	0	13	123	16	130	1.242E-04	258
2_cl45_sal3	NC_048724.1|YP_009840233.1_60|[Streptomyces_phage_Karimac]minor_tail_protein|40198..40593|131	0.111	115	98	0	13	123	16	130	1.242E-04	258
2_cl45_sal3	NC_048720.1|YP_009839234.1_36|[Streptomyces_phage_Blueeyedbeauty]minor_tail_protein|29256..29657|133	0.176	116	93	0	13	126	18	133	1.474E-04	255
2_cl45_sal3	NC_071017.1|YP_010677054.1_50|[Stenotrophomonas_phage_Salva]hypothetical_protein|25137..25502|121	0.125	123	105	0	5	127	1	121	1.654E-04	253
2_cl45_sal3	NC_071018.1|YP_010677153.1_47|[Stenotrophomonas_phage_Siara]minor_tail_protein|24189..24554|121	0.125	123	105	0	5	127	1	121	1.751E-04	252
2_cl45_sal3	NC_042062.1|YP_009617880.1_51|[Salmonella_phage_SP069]hypothetical_protein|29434..29937|167	0.147	129	107	0	14	142	17	142	1.854E-04	251
2_cl45_sal3	NC_042054.1|YP_009616746.1_60|[Pseudomonas_phage_vB_PsyM_KIL4]virion_structural_protein|32693..33226|177	0.120	151	123	0	19	159	26	176	2.080E-04	249
2_cl45_sal3	NC_073680.1|YP_010766621.1_69|[Pseudomonas_phage_M5.1]putative_tail_protein|39408..39941|177	0.136	151	121	0	19	159	26	176	2.080E-04	249
2_cl45_sal3	NC_069156.1|YP_010582773.1_5|[Serratia_phage_vB_SmaM-Otaku]hypothetical_protein|complement(4881..5375)|164	0.160	138	114	0	6	143	3	139	2.202E-04	248
2_cl45_sal3	NC_030934.1|YP_009275994.1_60|[Pseudomonas_phage_vB_PsyM_KIL1]virion_structural_protein|32937..33470|177	0.120	151	123	0	19	159	26	176	2.470E-04	246
2_cl45_sal3	NC_070785.1|YP_010652119.1_33|[Streptomyces_phage_Wakanda]minor_tail_protein|30519..30920|133	0.164	131	101	0	5	126	3	133	2.616E-04	245
2_cl45_sal3	NC_070786.1|YP_010652347.1_33|[Streptomyces_phage_Muntaha]minor_tail_protein|30581..30982|133	0.164	131	101	0	5	126	3	133	2.616E-04	245
2_cl45_sal3	NC_070783.1|YP_010651650.1_37|[Streptomyces_phage_Faust]minor_tail_protein|30251..30652|133	0.153	112	92	0	17	126	22	133	2.616E-04	245
2_cl45_sal3	NC_071020.1|YP_010677399.1_91|[Stenotrophomonas_phage_BUCT626]hypothetical_protein|complement(54409..54771)|120	0.110	121	105	0	5	125	1	119	2.770E-04	244
2_cl45_sal3	NC_070781.1|YP_010651191.1_63|[Streptomyces_phage_Tomas]hypothetical_protein|42399..42800|133	0.145	115	94	0	13	123	18	132	3.106E-04	242
2_cl45_sal3	NC_015463.1|YP_004421477.1_23|[Synechococcus_phage_S-CBS2]unknown_structural_protein|15824..16180|118	0.097	103	91	0	22	123	15	117	3.484E-04	240
2_cl45_sal3	NC_042010.1|YP_009611052.1_55|[Streptomyces_phage_Paradiddles]minor_tail_protein|39331..39732|133	0.120	115	97	0	13	123	18	132	3.484E-04	240
2_cl45_sal3	NC_042009.1|YP_009610831.1_55|[Streptomyces_phage_NootNoot]minor_tail_protein|39070..39471|133	0.120	115	97	0	13	123	18	132	3.484E-04	240
2_cl45_sal3	NC_055813.1|YP_010103951.1_58|[Streptomyces_phage_Braelyn]hypothetical_protein|40174..40575|133	0.120	115	97	0	13	123	18	132	3.484E-04	240
2_cl45_sal3	NC_042105.1|YP_009622613.1_32|[Streptomyces_phage_BillNye]minor_tail_protein|32157..32558|133	0.138	115	95	0	13	123	18	132	3.689E-04	239
2_cl45_sal3	NC_048742.1|YP_009842504.1_37|[Streptomyces_phage_Gilson]minor_tail_protein|29616..30017|133	0.156	116	95	0	13	126	18	133	3.689E-04	239
2_cl45_sal3	NC_029098.1|YP_009225790.1_64|[Streptomyces_phage_Jay2Jay]hypothetical_protein|41626..42027|133	0.119	115	97	0	13	123	18	132	3.907E-04	238
2_cl45_sal3	NC_055809.1|YP_010103437.1_59|[Streptomyces_phage_Evy]hypothetical_protein|40773..41174|133	0.119	115	97	0	13	123	18	132	3.907E-04	238
2_cl45_sal3	NC_073681.1|YP_010766803.1_77|[Pseudomonas_phage_psageK4]putative_structural_protein|43017..43553|178	0.129	136	105	0	19	139	26	161	4.137E-04	237
2_cl45_sal3	NC_025443.1|YP_009101221.1_51|[Salmonella_phage_9NA]virion_structural_protein|28178..28681|167	0.129	135	116	0	22	155	23	157	4.381E-04	236
2_cl45_sal3	NC_073677.1|YP_010766072.1_46|[Pseudomonas_phage_PHB09]hypothetical_protein|30825..31358|177	0.135	151	121	0	20	160	27	177	4.381E-04	236
2_cl45_sal3	NC_042011.1|YP_009611271.1_58|[Streptomyces_phage_Peebs]minor_tail_protein|40522..40923|133	0.119	115	97	0	13	123	18	132	4.913E-04	234
2_cl45_sal3	NC_055791.1|YP_010101481.1_59|[Streptomyces_phage_EGole]hypothetical_protein|41734..42135|133	0.119	115	97	0	13	123	18	132	4.913E-04	234
2_cl45_sal3	NC_013021.1|YP_003084222.1_78|[Cyanophage_PSS2]tail_tape_measure_protein|59795..60211|138	0.087	112	95	0	19	123	26	137	5.203E-04	233
2_cl45_sal3	NC_073682.1|YP_010766992.1_87|[Pseudomonas_phage_psageK4e]hypothetical_protein|43384..43920|178	0.141	153	115	0	19	153	26	178	5.203E-04	233
2_cl45_sal3	NC_055822.1|YP_010104824.1_60|[Streptomyces_phage_Daubenski]hypothetical_protein|40505..40906|133	0.119	115	97	0	13	123	18	132	5.510E-04	232
2_cl45_sal3	NC_042012.1|YP_009611498.1_59|[Streptomyces_phage_Samisti12]minor_tail_protein|41958..42359|133	0.119	115	97	0	13	123	18	132	5.510E-04	232
2_cl45_sal3	NC_048728.1|YP_009840833.1_37|[Streptomyces_phage_Comrade]minor_tail_protein|30898..31299|133	0.140	116	97	0	13	126	18	133	5.510E-04	232
2_cl45_sal3	NC_070782.1|YP_010651427.1_62|[Streptomyces_phage_Coruscant]minor_tail_protein|42295..42696|133	0.110	115	96	0	15	123	18	132	5.835E-04	231
2_cl45_sal3	NC_015465.1|YP_004421740.1_18|[Synechococcus_phage_S-CBS3]minor_tail_protein|17630..18154|174	0.146	119	98	0	5	123	1	116	5.835E-04	231
2_cl45_sal3	NC_029065.1|YP_009222699.1_101|[Pseudomonas_phage_VCM]virion_structural_protein|complement(57003..57536)|177	0.135	151	121	0	19	159	26	176	6.179E-04	230
2_cl45_sal3	NC_073679.1|YP_010766445.1_66|[Pseudomonas_phage_Kremar]hypothetical_protein|38432..38965|177	0.141	151	120	0	19	159	26	176	6.179E-04	230
2_cl45_sal3	NC_073690.1|YP_010768383.1_75|[Pseudomonas_phage_PN09]hypothetical_protein|43647..44183|178	0.136	136	104	0	19	139	26	161	6.179E-04	230
2_cl45_sal3	NC_073689.1|YP_010768206.1_77|[Pseudomonas_phage_PE09]hypothetical_protein|43947..44483|178	0.136	136	104	0	19	139	26	161	6.179E-04	230
2_cl45_sal3	NC_073685.1|YP_010767509.1_73|[Pseudomonas_phage_phiPsa347]hypothetical_protein|43749..44285|178	0.129	136	105	0	19	139	26	161	6.544E-04	229
2_cl45_sal3	NC_023601.2|YP_009009369.1_70|[Pseudomonas_phage_phiPsa374]virion_structural_protein|43214..43750|178	0.129	136	105	0	19	139	26	161	6.544E-04	229
2_cl45_sal3	NC_073683.1|YP_010767164.1_74|[Pseudomonas_phage_phiPsa397]hypothetical_protein|43679..44215|178	0.129	136	105	0	19	139	26	161	6.544E-04	229
2_cl45_sal3	NC_073686.1|YP_010767685.1_75|[Pseudomonas_phage_phiPsa267]hypothetical_protein|43854..44390|178	0.129	136	105	0	19	139	26	161	6.544E-04	229
2_cl45_sal3	NC_073684.1|YP_010767334.1_71|[Pseudomonas_phage_phiPsa381]hypothetical_protein|42627..43163|178	0.129	136	105	0	19	139	26	161	6.544E-04	229
2_cl45_sal3	NC_073687.1|YP_010767859.1_73|[Pseudomonas_phage_phiPsa300]hypothetical_protein|43824..44360|178	0.129	136	105	0	19	139	26	161	6.544E-04	229
2_cl45_sal3	NC_096909.1|YP_011413842.1_65|[Microbacterium_phage_ValentiniPuff]major_tail_protein|32412..32846|144	0.144	113	94	0	19	129	28	140	6.930E-04	228
2_cl45_sal3	NC_073688.1|YP_010768031.1_74|[Pseudomonas_phage_phiPsa315]hypothetical_protein|43747..44283|178	0.136	136	104	0	19	139	26	161	6.930E-04	228
2_cl45_sal3	NC_071019.1|YP_010677215.1_9|[Stenotrophomonas_phage_vB_SmaS_BUCT548]hypothetical_protein|7128..7490|120	0.120	119	102	0	5	123	1	117	7.339E-04	227
2_cl45_sal3	NC_071021.1|YP_010677479.1_73|[Stenotrophomonas_phage_BUCT627]hypothetical_protein|complement(42907..43269)|120	0.120	119	102	0	5	123	1	117	7.339E-04	227
2_cl45_sal3	NC_042008.1|YP_009610599.1_57|[Streptomyces_phage_Mildred21]minor_tail_protein|39238..39639|133	0.103	115	99	0	13	123	18	132	7.772E-04	226
2_cl45_sal3	NC_021067.1|YP_007877209.1_47|[Vibrio_phage_helene_12B3]virion_structural_protein|30906..31370|154	0.133	130	106	0	19	141	23	152	7.772E-04	226
2_cl45_sal3	NC_029067.1|YP_009222927.1_78|[Vibrio_phage_eugene_12A10]virion_structural_protein|45198..45662|154	0.133	130	106	0	19	141	23	152	7.772E-04	226
2_cl45_sal3	NC_054725.1|YP_010059432.1_182|[Gordonia_phage_Skog]hypothetical_protein|105122..105937|271	0.099	134	114	0	19	145	79	212	8.230E-04	225
2_cl45_sal3	NC_028743.1|YP_009193564.1_13|[Mannheimia_phage_vB_MhS_587AP2]major_tail_protein|8493..8975|160	0.096	108	94	0	19	123	42	149	8.716E-04	224
2_cl45_sal3	NC_028853.1|YP_009203379.1_13|[Mannheimia_phage_vB_MhS_535AP2]major_tail_protein|8511..8993|160	0.096	108	94	0	19	123	42	149	8.716E-04	224
2_cl45_sal3	NC_070772.1|YP_010649711.1_24|[Vibrio_phage_Seahorse]hypothetical_protein|20900..21397|165	0.099	145	115	0	14	142	20	164	9.774E-04	222
2_cl45_yx3973	NC_071154.1|YP_010685917.1_23|[Klebsiella_phage_BUCT541]hypothetical_protein|complement(17295..17765)|156	1.000	156	0	0	1	156	1	156	2.587E-23	987
2_cl45_yx3973	NC_054652.1|YP_010054356.1_5|[Klebsiella_phage_YX3973]hypothetical_protein|6251..6721|156	1.000	156	0	0	1	156	1	156	2.587E-23	987
2_cl45_yx3973	NC_054654.1|YP_010054542.1_49|[Klebsiella_phage_vB_KpnS_ZX4]hypothetical_protein|25749..26219|156	1.000	156	0	0	1	156	1	156	2.587E-23	987
2_cl45_yx3973	NC_054653.1|YP_010054428.1_13|[Klebsiella_virus_KpV2811]hypothetical_protein|complement(13683..14153)|156	0.993	156	1	0	1	156	1	156	3.676E-23	981
2_cl45_yx3973	NC_071149.1|YP_010685562.1_68|[Klebsiella_phage_vB_Kpn_ZCKp20p]baseplate_wedge_protein|32709..33179|156	0.865	156	21	0	1	156	1	156	9.209E-22	926
2_cl45_yx3973	NC_071156.1|YP_010686107.1_56|[Klebsiella_phage_6991]hypothetical_protein|28567..29037|156	0.865	156	21	0	1	156	1	156	9.209E-22	926
2_cl45_yx3973	NC_071150.1|YP_010685647.1_69|[Klebsiella_phage_ZCKP8]minor_tail_protein|32402..32872|156	0.865	156	21	0	1	156	1	156	9.209E-22	926
2_cl45_yx3973	NC_071151.1|YP_010685719.1_57|[Klebsiella_phage_vB_Kpn_ZC2]minor_tail_protein|32717..33187|156	0.865	156	21	0	1	156	1	156	9.209E-22	926
2_cl45_yx3973	NC_071157.1|YP_010686190.1_59|[Klebsiella_phage_VLCpiS13c]virion_structural_protein|complement(35238..35708)|156	0.858	156	22	0	1	156	1	156	9.764E-22	925
2_cl45_yx3973	NC_071153.1|YP_010685868.1_57|[Klebsiella_phage_BUCT610]hypothetical_protein|27338..27808|156	0.846	156	24	0	1	156	1	156	1.035E-21	924
2_cl45_yx3973	NC_071142.1|YP_010684975.1_52|[Klebsiella_phage_VLCpiS13d]virion_structural_protein|25572..26042|156	0.865	156	21	0	1	156	1	156	1.098E-21	923
2_cl45_yx3973	NC_042037.1|YP_009614658.1_62|[Aeromonas_phage_pIS4-A]hypothetical_protein|32456..32926|156	0.865	156	21	0	1	156	1	156	1.471E-21	918
2_cl45_yx3973	NC_021534.1|YP_008126232.1_68|[Vibrio_phage_pYD38-A]hypothetical_protein|complement(39512..39982)|156	0.865	156	21	0	1	156	1	156	1.471E-21	918
2_cl45_yx3973	NC_071143.1|YP_010685006.1_3|[Flyfo_siphovirus_Tbat1_6]hypothetical_protein|3131..3601|156	0.865	156	21	0	1	156	1	156	1.471E-21	918
2_cl45_yx3973	NC_071146.1|YP_010685295.1_37|[Klebsiella_phage_vB_KpnS_MK54]minor_tail_protein|19423..19893|156	0.839	156	25	0	1	156	1	156	2.802E-21	907
2_cl45_yx3973	NC_071155.1|YP_010686024.1_52|[Klebsiella_phage_VLCpiS13b]virion_structural_protein|26421..26891|156	0.852	156	23	0	1	156	1	156	3.150E-21	905
2_cl45_yx3973	NC_054637.1|YP_010053153.1_29|[Escherichia_phage_vB_EcoS_Sa179lw]hypothetical_protein|15910..16383|157	0.769	156	36	0	1	156	2	157	7.583E-21	890
2_cl45_yx3973	NC_071152.1|YP_010685763.1_30|[Klebsiella_phage_VLCpiS13a]virion_structural_protein|17455..17925|156	0.788	156	33	0	1	156	1	156	8.525E-21	888
2_cl45_yx3973	NC_054638.1|YP_010053258.1_48|[Salmonella_phage_vB_SenS_SB28]hypothetical_protein|24344..24814|156	0.750	156	39	0	1	156	1	156	9.039E-21	887
2_cl45_yx3973	NC_071145.1|YP_010685197.1_17|[Klebsiella_phage_VLCpiS13e]virion_structural_protein|10270..10743|157	0.801	156	31	0	1	156	2	157	1.211E-20	882
2_cl45_yx3973	NC_054648.1|YP_010054082.1_62|[Salmonella_phage_vB_Se_STGO-35-1]minor_tail_protein|29548..30021|157	0.762	156	37	0	1	156	2	157	1.825E-20	875
2_cl45_yx3973	NC_054650.1|YP_010054212.1_16|[Shigella_phage_DS8]hypothetical_protein|8852..9325|157	0.769	156	36	0	1	156	2	157	1.935E-20	874
2_cl45_yx3973	NC_031918.1|YP_009322249.1_52|[Salmonella_phage_64795_sal3]hypothetical_protein|27290..27772|160	0.767	155	36	0	1	155	5	159	2.594E-20	869
2_cl45_yx3973	NC_071144.1|YP_010685103.1_4|[Klebsiella_phage_VLCpiS13f]virion_structural_protein|complement(4718..5191)|157	0.788	156	33	0	1	156	2	157	3.476E-20	864
2_cl45_yx3973	NC_054651.1|YP_010054281.1_6|[Escherichia_phage_C1]hypothetical_protein|complement(6554..7027)|157	0.762	156	37	0	1	156	2	157	3.476E-20	864
2_cl45_yx3973	NC_054642.1|YP_010053565.1_32|[Salmonella_phage_Seszw_1]hypothetical_protein|17534..18007|157	0.751	155	38	0	1	155	2	156	5.238E-20	857
2_cl45_yx3973	NC_010495.1|YP_001742072.1_35|[Salmonella_phage_Vi_II-E1]hypothetical_protein|24365..24835|156	0.767	155	36	0	1	155	1	155	7.020E-20	852
2_cl45_yx3973	NC_031924.1|YP_009322780.1_67|[Salmonella_phage_IME207]hypothetical_protein|28806..29282|158	0.743	156	40	0	1	156	2	157	7.020E-20	852
2_cl45_yx3973	NC_070846.1|YP_010657369.1_2|[Salmonella_phage_LPSTLL]hypothetical_protein|1594..2067|157	0.741	155	40	0	1	155	1	155	7.443E-20	851
2_cl45_yx3973	NC_054649.1|YP_010054112.1_4|[Escherichia_phage_vB_EcoS_swi2]hypothetical_protein|complement(5668..6141)|157	0.730	156	42	0	1	156	2	157	1.121E-19	844
2_cl45_yx3973	NC_054643.1|YP_010053681.1_76|[Salmonella_phage_SeSz-2]hypothetical_protein|39846..40316|156	0.751	155	38	0	1	155	1	155	1.503E-19	839
2_cl45_yx3973	NC_054647.1|YP_010053951.1_16|[Salmonella_phage_Akira]hypothetical_protein|complement(13949..14422)|157	0.754	155	38	0	1	155	2	156	2.014E-19	834
2_cl45_yx3973	NC_054641.1|YP_010053509.1_61|[Salmonella_virus_KFS-SE2]hypothetical_protein|complement(34627..35097)|156	0.768	151	35	0	1	151	1	151	2.546E-19	830
2_cl45_yx3973	NC_054645.1|YP_010053778.1_13|[Salmonella_phage_LPST10]hypothetical_protein|complement(11731..12204)|157	0.743	156	40	0	1	156	2	157	1.101E-18	805
2_cl45_yx3973	NC_054646.1|YP_010053891.1_39|[Salmonella_phage_VB_StyS_BS5]hypothetical_protein|19802..20275|157	0.743	156	40	0	1	156	2	157	1.101E-18	805
2_cl45_yx3973	NC_054644.1|YP_010053740.1_57|[Salmonella_virus_VSt472]hypothetical_protein|28620..29093|157	0.743	156	40	0	1	156	2	157	1.101E-18	805
2_cl45_yx3973	NC_054639.1|YP_010053346.1_63|[Salmonella_phage_Skate]hypothetical_protein|28397..28873|158	0.741	155	40	0	1	155	2	156	1.167E-18	804
2_cl45_yx3973	NC_054640.1|YP_010053420.1_47|[Salmonella_phage_Segz_1]hypothetical_protein|23514..23987|157	0.730	156	42	0	1	156	2	157	2.499E-18	791
2_cl45_yx3973	NC_054636.1|YP_010053061.1_17|[Shigella_phage_Sf11_SMD-2017]hypothetical_protein|complement(13880..15253)|457	0.735	155	41	0	2	156	3	157	9.610E-18	768
2_cl45_yx3973	NC_019927.1|YP_007237618.1_44|[Cronobacter_phage_ENT47670]hypothetical_protein|46209..46706|165	0.597	164	62	0	1	156	2	165	4.671E-17	741
2_cl45_yx3973	NC_071003.1|YP_010675369.1_21|[Enterobacter_phage_vB_EclS_CobraSix]hypothetical_protein|14964..15461|165	0.673	138	45	0	1	138	2	139	1.264E-16	724
2_cl45_yx3973	NC_048198.1|YP_009824047.1_17|[Erwinia_phage_vB_EhrS_59]hypothetical_protein|14104..14601|165	0.530	165	73	0	1	156	1	165	5.155E-16	700
2_cl45_yx3973	NC_025471.1|YP_009104265.1_28|[Idiomarinaceae_phage_Phi1M2-2]virion_structural_protein|16209..16694|161	0.291	161	109	0	1	155	1	161	1.271E-10	488
2_cl45_yx3973	NC_016762.1|YP_005098084.1_57|[Pseudomonas_phage_phi297]virion_structural_protein|37368..37835|155	0.229	155	114	0	2	156	1	149	2.031E-10	480
2_cl45_yx3973	NC_074664.1|YP_010773482.1_14|[Pseudomonas_phage_BUCT566]hypothetical_protein|10993..11460|155	0.222	155	115	0	2	156	1	149	3.440E-10	471
2_cl45_yx3973	NC_074663.1|YP_010773399.1_9|[Pseudomonas_phage_vB_Pae_LC3I3]hypothetical_protein|6635..7102|155	0.229	155	114	0	2	156	1	149	5.183E-10	464
2_cl45_yx3973	NC_030929.1|YP_009275521.1_34|[Pseudomonas_phage_JBD44]virion_structural_protein|21460..21927|155	0.229	155	114	0	2	156	1	149	5.183E-10	464
2_cl45_yx3973	NC_028819.1|YP_009200200.1_14|[Pseudoalteromonas_phage_H103]virion_structural_protein|complement(10119..10595)|158	0.198	156	124	0	1	155	3	158	1.403E-09	447
2_cl45_yx3973	NC_002484.2|NP_061517.1_20|[Pseudomonas_phage_D3]virion_structural_protein|13793..14272|159	0.204	156	121	0	1	156	1	153	1.880E-09	442
2_cl45_yx3973	NC_016765.1|YP_005098223.1_20|[Pseudomonas_phage_PMG1]virion_structural_protein|13837..14316|159	0.204	156	121	0	1	156	1	153	1.880E-09	442
2_cl45_yx3973	NC_029066.1|YP_009222842.1_72|[Pseudomonas_phage_PS-1]virion_structural_protein|40548..41054|168	0.216	153	115	0	2	154	1	148	3.003E-09	434
2_cl45_yx3973	NC_011373.1|YP_002284353.1_19|[Pseudomonas_phage_PAJU2]virion_structural_protein|14682..15146|154	0.192	154	121	0	3	156	2	152	6.431E-09	421
2_cl45_yx3973	NC_041898.1|YP_009597357.1_26|[Escherichia_phage_K1ind2]hypothetical_protein|16992..18392|466	0.191	136	106	0	2	137	3	134	1.089E-08	412
2_cl45_yx3973	NC_073199.1|YP_010747561.1_29|[Salmonella_phage_S102]hypothetical_protein|19783..20283|166	0.172	155	127	0	2	156	3	156	2.332E-08	399
2_cl45_yx3973	NC_073198.1|YP_010747531.1_59|[Salmonella_phage_vB_SenS_ER21]hypothetical_protein|complement(40052..40552)|166	0.172	155	127	0	2	156	3	156	2.332E-08	399
2_cl45_yx3973	NC_073197.1|YP_010747470.1_58|[Salmonella_phage_vB_SenS_ER23]hypothetical_protein|40103..40603|166	0.172	155	127	0	2	156	3	156	2.332E-08	399
2_cl45_yx3973	NC_073213.1|YP_010748406.1_26|[Salmonella_phage_vB_SenS_SB3]hypothetical_protein|17765..18265|166	0.165	156	129	0	1	156	2	156	2.332E-08	399
2_cl45_yx3973	NC_073196.1|YP_010747352.1_5|[Salmonella_phage_NBSal006]hypothetical_protein|complement(3960..4460)|166	0.165	156	129	0	1	156	2	156	2.332E-08	399
2_cl45_yx3973	NC_028834.1|YP_009201754.1_20|[Achromobacter_phage_83-24]hypothetical_protein|15509..16585|358	0.168	123	101	0	1	123	130	251	2.473E-08	398
2_cl45_yx3973	NC_073184.1|YP_010746642.1_32|[Salmonella_phage_F12013]tail_protein|complement(23758..24258)|166	0.172	155	127	0	2	156	3	156	2.622E-08	397
2_cl45_yx3973	NC_042084.1|YP_009620106.1_26|[Escherichia_phage_VB_EcoS-Golestan]hypothetical_protein|17370..18788|472	0.197	136	105	0	2	137	3	134	2.948E-08	395
2_cl45_yx3973	NC_073321.1|YP_010749394.1_37|[Escherichia_phage_ZCEC5]hypothetical_protein|20117..20617|166	0.177	157	127	0	2	156	3	159	3.314E-08	393
2_cl45_yx3973	NC_009447.1|YP_001210237.1_17|[Burkholderia_phage_BcepGomr]virion_structural_protein|13816..14934|372	0.201	124	95	0	1	124	127	246	3.314E-08	393
2_cl45_yx3973	NC_020839.1|YP_007673206.1_6|[Rhodobacter_phage_RC1]virion_structural_protein|complement(6559..6981)|140	0.185	138	97	0	1	120	2	139	3.514E-08	392
2_cl45_yx3973	NC_020866.1|YP_007676430.1_51|[Rhodovulum_phage_RS1]virion_structural_protein|32787..33209|140	0.185	138	97	0	1	120	2	139	3.514E-08	392
2_cl45_yx3973	NC_073202.1|YP_010747772.1_47|[Salmonella_phage_celemicas]hypothetical_protein|25526..26026|166	0.160	155	129	0	2	156	3	156	3.726E-08	391
2_cl45_yx3973	NC_073209.1|YP_010748162.1_6|[Salmonella_phage_GRNsp50]hypothetical_protein|complement(5544..6044)|166	0.160	155	129	0	2	156	3	156	3.726E-08	391
2_cl45_yx3973	NC_073173.1|YP_010745993.1_42|[Salmonella_phage_blauehaus]hypothetical_protein|23963..24463|166	0.160	155	129	0	2	156	3	156	3.726E-08	391
2_cl45_yx3973	NC_073178.1|YP_010746288.1_31|[Salmonella_phage_vB_SenS_TUMS_E19]hypothetical_protein|20086..20586|166	0.160	155	129	0	2	156	3	156	3.726E-08	391
2_cl45_yx3973	NC_073200.1|YP_010747627.1_31|[Salmonella_phage_S100]hypothetical_protein|20810..21310|166	0.160	155	129	0	2	156	3	156	3.726E-08	391
2_cl45_yx3973	NC_073203.1|YP_010747823.1_31|[Salmonella_phage_MET_P1_001_43]hypothetical_protein|19249..19749|166	0.160	155	129	0	2	156	3	156	3.726E-08	391
2_cl45_yx3973	NC_073201.1|YP_010747703.1_41|[Salmonella_phage_dunkel]hypothetical_protein|25780..26280|166	0.160	155	129	0	2	156	3	156	3.726E-08	391
2_cl45_yx3973	NC_073186.1|YP_010746744.1_32|[Salmonella_phage_vB_SenS_PVP-SE2]hypothetical_protein|complement(23538..24038)|166	0.160	155	129	0	2	156	3	156	3.726E-08	391
2_cl45_yx3973	NC_028768.1|YP_009196207.1_22|[Achromobacter_phage_JWX]virion_structural_protein|16122..17195|357	0.134	124	106	0	1	124	129	251	3.726E-08	391
2_cl45_yx3973	NC_073169.1|YP_010745715.1_18|[Salmonella_phage_SS5]hypothetical_protein|complement(15759..16259)|166	0.160	155	129	0	2	156	3	156	4.189E-08	389
2_cl45_yx3973	NC_073325.1|YP_010749670.1_4|[Escherichia_phage_vB_EcoS_XY1]minor_tail_protein|complement(3811..5211)|466	0.191	136	106	0	2	137	3	134	4.189E-08	389
2_cl45_yx3973	NC_028695.2|YP_009191448.1_40|[Enterobacter_phage_phiEap-2]hypothetical_protein|21610..22104|164	0.148	155	131	0	2	156	3	157	4.442E-08	388
2_cl45_yx3973	NC_073190.1|YP_010747004.1_50|[Salmonella_phage_vB_SenS_S528]hypothetical_protein|24404..24904|166	0.160	155	129	0	2	156	3	156	4.442E-08	388
2_cl45_yx3973	NC_073207.1|YP_010748064.1_18|[Salmonella_phage_SHWT1]hypothetical_protein|complement(17411..17911)|166	0.160	155	129	0	2	156	3	156	4.442E-08	388
2_cl45_yx3973	NC_073189.1|YP_010746947.1_55|[Salmonella_phage_JD01]hypothetical_protein|complement(38045..38545)|166	0.160	155	129	0	2	156	3	156	4.442E-08	388
2_cl45_yx3973	NC_073193.1|YP_010747216.1_59|[Salmonella_phage_vB_SalS-S10]hypothetical_protein|39171..39671|166	0.160	155	129	0	2	156	3	156	4.442E-08	388
2_cl45_yx3973	NC_073192.1|YP_010747095.1_6|[Salmonella_phage_F118P13]hypothetical_protein|complement(5673..6173)|166	0.160	155	129	0	2	156	3	156	4.442E-08	388
2_cl45_yx3973	NC_073188.1|YP_010746874.1_48|[Salmonella_phage_vB_SenS_S532]hypothetical_protein|24316..24816|166	0.160	155	129	0	2	156	3	156	4.442E-08	388
2_cl45_yx3973	NC_073219.1|YP_010748806.1_39|[Salmonella_phage_sidste]hypothetical_protein|23863..24363|166	0.160	155	129	0	2	156	3	156	5.614E-08	384
2_cl45_yx3973	NC_073218.1|YP_010748749.1_38|[Salmonella_phage_demigod]hypothetical_protein|24667..25167|166	0.160	155	129	0	2	156	3	156	5.614E-08	384
2_cl45_yx3973	NC_073323.1|YP_010749527.1_27|[Escherichia_phage_vB_EcoS-phiEc3]minor_tail_protein|17198..18616|472	0.197	136	105	0	2	137	3	134	5.614E-08	384
2_cl45_yx3973	NC_041897.1|YP_009597306.1_26|[Escherichia_phage_K1ind1]hypothetical_protein|16991..18391|466	0.191	136	106	0	2	137	3	134	7.096E-08	380
2_cl45_yx3973	NC_093712.1|YP_011217191.1_3|[Escherichia_phage_L_AB-2017]hypothetical_protein|complement(1052..1552)|166	0.194	138	107	0	2	139	3	136	7.524E-08	379
2_cl45_yx3973	NC_073316.1|YP_010749009.1_30|[Escherichia_phage_vB_EcoS_fFiEco02]hypothetical_protein|19687..20187|166	0.181	157	126	0	2	156	3	159	7.524E-08	379
2_cl45_yx3973	NC_073182.1|YP_010746525.1_29|[Salmonella_virus_VSe103]hypothetical_protein|19773..20273|166	0.164	155	128	0	2	156	3	156	7.978E-08	378
2_cl45_yx3973	NC_073181.1|YP_010746468.1_30|[Salmonella_phage_5sent1]minor_tail_protein|19967..20467|166	0.164	155	128	0	2	156	3	156	7.978E-08	378
2_cl45_yx3973	NC_073179.1|YP_010746349.1_30|[Salmonella_phage_vB_SenS_TUMS_E4]hypothetical_protein|20065..20565|166	0.164	155	128	0	2	156	3	156	7.978E-08	378
2_cl45_yx3973	NC_073314.1|YP_010748874.1_48|[Escherichia_virus_fEg-Eco19]hypothetical_protein|24956..25456|166	0.194	138	107	0	2	139	3	136	7.978E-08	378
2_cl45_yx3973	NC_019539.1|YP_007010481.1_28|[Salmonella_phage_vB_SenS-Ent1]hypothetical_protein|18977..19477|166	0.164	155	128	0	2	156	3	156	7.978E-08	378
2_cl45_yx3973	NC_041992.1|YP_009608663.1_42|[Salmonella_phage_wksl3]hypothetical_protein|complement(27064..27564)|166	0.163	155	128	0	2	156	3	156	7.978E-08	378
2_cl45_yx3973	NC_073185.1|YP_010746711.1_42|[Salmonella_phage_PBSE191]hypothetical_protein|39461..39961|166	0.164	155	128	0	2	156	3	156	7.978E-08	378
2_cl45_yx3973	NC_070970.1|YP_010671701.1_28|[Pseudomonas_phage_Iggy]hypothetical_protein|20297..21124|275	0.181	138	111	0	1	138	123	258	8.459E-08	377
2_cl45_yx3973	NC_073208.1|YP_010748125.1_26|[Salmonella_phage_SLMP1]hypothetical_protein|complement(20699..21199)|166	0.160	155	129	0	2	156	3	156	8.969E-08	376
2_cl45_yx3973	NC_073176.1|YP_010746159.1_28|[Salmonella_virus_VSe101]hypothetical_protein|19414..19914|166	0.160	155	129	0	2	156	3	156	8.969E-08	376
2_cl45_yx3973	NC_073211.1|YP_010748298.1_37|[Salmonella_phage_T102]hypothetical_protein|22571..23071|166	0.160	155	129	0	2	156	3	156	8.969E-08	376
2_cl45_yx3973	NC_073324.1|YP_010749624.1_44|[Escherichia_phage_vB_EcoS-22664BS2]hypothetical_protein|22068..23465|465	0.195	137	105	0	2	138	3	134	8.969E-08	376
2_cl45_yx3973	NC_073172.1|YP_010745932.1_46|[Salmonella_phage_skrot]hypothetical_protein|24902..25402|166	0.148	155	130	0	2	156	3	156	9.510E-08	375
2_cl45_yx3973	NC_070823.1|YP_010655298.1_72|[Pseudoalteromonas_phage_vB_PspS-H40/1]hypothetical_protein|44459..44860|133	0.244	123	89	0	2	124	3	121	1.008E-07	374
2_cl45_yx3973	NC_070971.1|YP_010671790.1_27|[Pseudomonas_virus_PBPA162]hypothetical_protein|complement(21915..22742)|275	0.174	138	112	0	1	138	123	258	1.008E-07	374
2_cl45_yx3973	NC_022754.1|YP_008767198.1_27|[Salmonella_phage_SETP7]hypothetical_protein|17572..18072|166	0.165	155	128	0	2	156	3	156	1.069E-07	373
2_cl45_yx3973	NC_027994.1|YP_009168856.1_24|[Escherichia_phage_K1H]hypothetical_protein|16248..16748|166	0.204	136	104	0	2	137	3	134	1.069E-07	373
2_cl45_yx3973	NC_093713.1|YP_011217263.1_8|[Escherichia_phage_P_AB-2017]hypothetical_protein|complement(8713..9213)|166	0.197	136	105	0	2	137	3	134	1.069E-07	373
2_cl45_yx3973	NC_027993.1|YP_009168807.1_27|[Escherichia_phage_K1G]hypothetical_protein|17937..18437|166	0.204	136	104	0	2	137	3	134	1.069E-07	373
2_cl45_yx3973	NC_016165.1|YP_004934695.1_52|[Rhodobacter_phage_RcapMu]virion_structural_protein|31713..32135|140	0.187	137	96	0	1	119	2	138	1.275E-07	370
2_cl45_yx3973	NC_069154.1|YP_010582691.1_40|[Klebsiella_phage_VLCpiS11a]virion_structural_protein|complement(25256..25750)|164	0.192	156	123	0	2	154	3	158	1.275E-07	370
2_cl45_yx3973	NC_041991.1|YP_009608582.1_27|[Salmonella_phage_vB_SenS_AG11]hypothetical_protein|17728..18228|166	0.163	156	130	0	1	156	1	156	1.275E-07	370
2_cl45_yx3973	NC_073183.1|YP_010746577.1_24|[Salmonella_phage_NBSal007]hypothetical_protein|complement(21183..21683)|166	0.154	155	129	0	2	156	3	156	1.275E-07	370
2_cl45_yx3973	NC_073031.1|YP_010738739.1_12|[Janthinobacterium_phage_vB_JliS-Donnerlittchen]hypothetical_protein|6881..7357|158	0.139	135	112	0	3	137	2	132	1.351E-07	369
2_cl45_yx3973	NC_073214.1|YP_010748481.1_38|[Salmonella_phage_vB_SenS_ER1]hypothetical_protein|21670..22170|166	0.150	156	131	0	1	156	2	156	1.708E-07	365
2_cl45_yx3973	NC_073191.1|YP_010747048.1_26|[Salmonella_phage_vB_SenS-EnJE6]hypothetical_protein|complement(19818..20318)|166	0.154	155	129	0	2	156	3	156	1.708E-07	365
2_cl45_yx3973	NC_073217.1|YP_010748688.1_48|[Salmonella_phage_pink]hypothetical_protein|25082..25582|166	0.150	156	131	0	1	156	2	156	1.708E-07	365
2_cl45_yx3973	NC_073215.1|YP_010748512.1_4|[Salmonella_phage_SGPC]tail_protein|complement(1472..1972)|166	0.165	155	128	0	2	156	3	156	1.811E-07	364
2_cl45_yx3973	NC_073317.1|YP_010749084.1_28|[Escherichia_phage_vB_EcoS_fPoEco01]hypothetical_protein|18289..18789|166	0.190	146	114	0	2	147	3	144	1.811E-07	364
2_cl45_yx3973	NC_020846.1|YP_007674000.1_38|[Vibrio_phage_pYD21-A]virion_structural_protein|24843..25325|160	0.192	157	119	0	2	149	3	159	2.036E-07	362
2_cl45_yx3973	NC_006940.2|YP_308655.1_54|[Salmonella_phage_SS3e]hypothetical_protein|complement(36137..36637)|166	0.165	155	128	0	2	156	3	156	2.036E-07	362
2_cl45_yx3973	NC_073212.1|YP_010748343.1_28|[Salmonella_phage_ZCSE9]hypothetical_protein|19068..19568|166	0.165	155	128	0	2	156	3	156	2.036E-07	362
2_cl45_yx3973	NC_009232.2|YP_001110816.2_27|[Salmonella_phage_SETP3]hypothetical_protein|18460..18960|166	0.160	155	129	0	2	156	3	156	2.289E-07	360
2_cl45_yx3973	NC_069153.1|YP_010582605.1_27|[Salmonella_virus_VSiP]hypothetical_protein|18017..18517|166	0.190	125	97	0	2	126	3	123	2.574E-07	358
2_cl45_yx3973	NC_073216.1|YP_010748575.1_5|[Salmonella_phage_STP03]hypothetical_protein|complement(5491..5991)|166	0.154	155	129	0	2	156	3	156	2.729E-07	357
2_cl45_yx3973	NC_073194.1|YP_010747222.1_3|[Salmonella_phage_vB_SalP_LDW16]hypothetical_protein|complement(1350..1850)|166	0.153	155	130	0	2	156	3	156	2.894E-07	356
2_cl45_yx3973	NC_073174.1|YP_010746054.1_42|[Salmonella_phage_wast]hypothetical_protein|23773..24273|166	0.154	155	129	0	2	156	3	156	3.253E-07	354
2_cl45_yx3973	NC_073187.1|YP_010746797.1_25|[Salmonella_phage_vB_SenS-EnJE1]hypothetical_protein|complement(22305..22805)|166	0.154	155	129	0	2	156	3	156	3.253E-07	354
2_cl45_yx3973	NC_022752.1|YP_008767027.1_28|[Salmonella_phage_SETP13]hypothetical_protein|18112..18612|166	0.154	155	129	0	2	156	3	156	3.253E-07	354
2_cl45_yx3973	NC_073195.1|YP_010747307.1_28|[Salmonella_phage_Shelanagig]hypothetical_protein|18443..18943|166	0.154	155	129	0	2	156	3	156	3.657E-07	352
2_cl45_yx3973	NC_029033.1|YP_009220355.1_54|[Achromobacter_phage_phiAxp-1]virion_structural_protein|33078..34382|434	0.174	125	100	0	2	126	129	250	3.878E-07	351
2_cl45_yx3973	NC_073318.1|YP_010749194.1_61|[Escherichia_phage_NTEC3]hypothetical_protein|complement(34314..35714)|466	0.187	131	102	0	2	132	3	129	4.360E-07	349
2_cl45_yx3973	NC_073175.1|YP_010746101.1_29|[Salmonella_virus_VSt10]hypothetical_protein|19072..19572|166	0.165	155	128	0	2	156	3	156	4.902E-07	347
2_cl45_yx3973	NC_021777.1|YP_008239738.1_29|[Salmonella_phage_Jersey]hypothetical_protein|20172..20672|166	0.156	156	131	0	1	156	1	156	5.511E-07	345
2_cl45_yx3973	NC_069147.1|YP_010582233.1_64|[Salmonella_phage_GRNsp27]hypothetical_protein|40507..41007|166	0.182	125	98	0	2	126	3	123	6.569E-07	342
2_cl45_yx3973	NC_069150.1|YP_010582406.1_33|[Salmonella_phage_vB_STM-ZS]hypothetical_protein|complement(22605..23105)|166	0.188	125	97	0	2	126	3	123	7.385E-07	340
2_cl45_yx3973	NC_069146.1|YP_010582164.1_57|[Salmonella_phage_St162]hypothetical_protein|36455..36955|166	0.188	125	97	0	2	126	3	123	7.385E-07	340
2_cl45_yx3973	NC_069148.1|YP_010582260.1_27|[Salmonella_phage_TS6]hypothetical_protein|complement(19322..19822)|166	0.188	125	97	0	2	126	3	123	7.385E-07	340
2_cl45_yx3973	NC_069149.1|YP_010582359.1_61|[Salmonella_phage_vB_SenTO17]hypothetical_protein|complement(31844..32344)|166	0.188	125	97	0	2	126	3	123	7.385E-07	340
2_cl45_yx3973	NC_069151.1|YP_010582466.1_34|[Salmonella_phage_vB_SenS_SE1]hypothetical_protein|complement(21758..22258)|166	0.188	125	97	0	2	126	3	123	7.385E-07	340
2_cl45_yx3973	NC_070824.1|YP_010655303.1_4|[Pseudoalteromonas_phage_C7]hypothetical_protein|complement(4549..5016)|155	0.137	156	131	0	1	156	1	153	9.335E-07	336
2_cl45_yx3973	NC_019541.1|YP_007010627.1_46|[Acinetobacter_phage_YMC/09/02/B1251]virion_structural_protein|33893..34291|132	0.158	135	110	0	2	136	1	132	9.898E-07	335
2_cl45_yx3973	NC_021775.1|YP_008239652.1_55|[Salmonella_phage_FSL_SP-031]hypothetical_protein|36428..36928|166	0.182	125	98	0	2	126	3	123	1.049E-06	334
2_cl45_yx3973	NC_025466.1|YP_009103926.1_40|[Shewanella_sp._phage_3/49]hypothetical_protein|23325..23825|166	0.169	155	127	0	2	156	3	156	1.180E-06	332
2_cl45_yx3973	NC_007024.1|YP_239288.1_20|[Xanthomonas_phage_Xp15]virion_structural_protein|16353..16724|123	0.169	125	101	0	1	125	1	122	1.407E-06	329
2_cl45_yx3973	NC_069152.1|YP_010582522.1_27|[Salmonella_phage_Shemara]hypothetical_protein|18129..18629|166	0.184	124	95	0	2	125	3	120	1.581E-06	327
2_cl45_yx3973	NC_031059.1|YP_009285933.1_48|[Rhodovulum_phage_vB_RhkS_P1]virion_structural_protein|27232..27588|118	0.180	119	93	0	1	119	1	115	2.119E-06	322
2_cl45_yx3973	NC_028698.1|YP_009191569.1_16|[Salmonella_phage_f18SE]hypothetical_protein|complement(15923..16423)|166	0.152	155	130	0	2	156	3	156	2.526E-06	319
2_cl45_yx3973	NC_048181.1|YP_009821861.1_25|[Raoultella_phage_RP180]hypothetical_protein|19172..19666|164	0.196	125	97	0	2	126	3	124	4.279E-06	310
2_cl45_yx3973	NC_070822.1|YP_010655179.1_15|[Pseudoalteromonas_phage_TW1]hypothetical_protein|8086..8556|156	0.171	123	97	0	1	123	3	120	8.642E-06	298
2_cl45_yx3973	NC_007709.1|YP_453576.1_18|[Xanthomonas_phage_OP1]virion_structural_protein|13552..13905|117	0.152	122	98	0	1	122	1	117	9.715E-06	296
2_cl45_yx3973	NC_030909.1|YP_009273704.1_22|[Pseudomonas_phage_YMC11/07/P54_PAE_BP]virion_structural_protein|complement(17708..18106)|132	0.210	131	98	0	26	156	2	126	1.030E-05	295
2_cl45_yx3973	NC_019933.2|YP_007238089.1_19|[Xanthomonas_phage_CP1]virion_structural_protein|14827..15189|120	0.140	123	102	0	1	123	1	120	1.092E-05	294
2_cl45_yx3973	NC_009543.1|YP_001285688.1_16|[Xanthomonas_phage_Xop411]virion_structural_protein|12401..12757|118	0.150	123	99	0	1	123	1	118	1.228E-05	292
2_cl45_yx3973	NC_047786.1|YP_009787821.1_47|[Salmonella_phage_vB_SenS_Sasha]virion_structural_protein|27788..28291|167	0.089	149	134	0	5	153	12	159	1.228E-05	292
2_cl45_yx3973	NC_004902.1|NP_858966.1_19|[Xanthomonas_phage_Xp10]virion_structural_protein|13362..13718|118	0.150	123	99	0	1	123	1	118	1.381E-05	290
2_cl45_yx3973	NC_021563.1|YP_008130357.1_64|[Serratia_phage_Eta]hypothetical_protein|36442..36936|164	0.165	155	129	0	2	156	3	157	1.850E-05	285
2_cl45_yx3973	NC_073322.1|YP_010749475.1_46|[Escherichia_phage_vB_EcoS-Ro145c2YLVW]hypothetical_protein|23553..24026|157	0.177	117	91	0	9	125	3	113	2.480E-05	280
2_cl45_yx3973	NC_048719.1|YP_009839003.1_34|[Streptomyces_phage_Annadreamy]minor_tail_protein|28783..29169|128	0.152	113	93	0	12	122	16	128	3.736E-05	273
2_cl45_yx3973	NC_073320.1|YP_010749347.1_61|[Escherichia_phage_26]hypothetical_protein|32941..33414|157	0.151	141	113	0	9	149	3	136	3.962E-05	272
2_cl45_yx3973	NC_042054.1|YP_009616746.1_60|[Pseudomonas_phage_vB_PsyM_KIL4]virion_structural_protein|32693..33226|177	0.146	152	121	0	9	151	22	173	4.201E-05	271
2_cl45_yx3973	NC_071017.1|YP_010677054.1_50|[Stenotrophomonas_phage_Salva]hypothetical_protein|25137..25502|121	0.139	123	103	0	1	123	1	121	4.454E-05	270
2_cl45_yx3973	NC_012742.1|YP_002922631.1_17|[Xanthomonas_phage_phiL7]virion_structural_protein|13581..13940|119	0.132	115	97	0	5	119	4	116	4.723E-05	269
2_cl45_yx3973	NC_071018.1|YP_010677153.1_47|[Stenotrophomonas_phage_Siara]minor_tail_protein|24189..24554|121	0.139	123	103	0	1	123	1	121	4.723E-05	269
2_cl45_yx3973	NC_015465.1|YP_004421739.1_17|[Synechococcus_phage_S-CBS3]minor_tail_protein|17265..17633|122	0.157	119	97	0	1	119	1	116	4.723E-05	269
2_cl45_yx3973	NC_073319.1|YP_010749258.1_53|[Escherichia_phage_SZH-1]hypothetical_protein|complement(25719..26192)|157	0.150	148	125	0	9	156	3	150	4.723E-05	269
2_cl45_yx3973	NC_030934.1|YP_009275994.1_60|[Pseudomonas_phage_vB_PsyM_KIL1]virion_structural_protein|32937..33470|177	0.146	152	121	0	9	151	22	173	5.007E-05	268
2_cl45_yx3973	NC_073315.1|YP_010748930.1_28|[Escherichia_phage_vB_EcoS_fFiEco03]hypothetical_protein|17935..19305|456	0.177	115	91	0	9	123	3	113	5.007E-05	268
2_cl45_yx3973	NC_048720.1|YP_009839234.1_36|[Streptomyces_phage_Blueeyedbeauty]minor_tail_protein|29256..29657|133	0.168	113	92	0	12	122	21	133	5.309E-05	267
2_cl45_yx3973	NC_070784.1|YP_010651888.1_36|[Streptomyces_phage_TunaTartare]minor_tail_protein|31055..31456|133	0.136	113	95	0	12	122	21	133	5.309E-05	267
2_cl45_yx3973	NC_069155.1|YP_010582758.1_50|[Serratia_phage_Tsm2]hypothetical_protein|30094..30588|164	0.159	158	129	0	1	154	1	158	5.309E-05	267
2_cl45_yx3973	NC_071020.1|YP_010677399.1_91|[Stenotrophomonas_phage_BUCT626]hypothetical_protein|complement(54409..54771)|120	0.125	121	103	0	1	121	1	119	6.329E-05	264
2_cl45_yx3973	NC_069156.1|YP_010582773.1_5|[Serratia_phage_vB_SmaM-Otaku]hypothetical_protein|complement(4881..5375)|164	0.157	155	130	0	2	156	3	157	8.482E-05	259
2_cl45_yx3973	NC_070785.1|YP_010652119.1_33|[Streptomyces_phage_Wakanda]minor_tail_protein|30519..30920|133	0.137	133	104	0	1	122	1	133	1.011E-04	256
2_cl45_yx3973	NC_070786.1|YP_010652347.1_33|[Streptomyces_phage_Muntaha]minor_tail_protein|30581..30982|133	0.137	133	104	0	1	122	1	133	1.011E-04	256
2_cl45_yx3973	NC_070783.1|YP_010651650.1_37|[Streptomyces_phage_Faust]minor_tail_protein|30251..30652|133	0.140	116	97	0	9	122	18	133	1.072E-04	255
2_cl45_yx3973	NC_073677.1|YP_010766072.1_46|[Pseudomonas_phage_PHB09]hypothetical_protein|30825..31358|177	0.145	152	121	0	9	151	22	173	1.137E-04	254
2_cl45_yx3973	NC_048721.1|YP_009839499.1_61|[Streptomyces_phage_StarPlatinum]minor_tail_protein|40597..40992|131	0.095	115	100	0	9	119	16	130	1.205E-04	253
2_cl45_yx3973	NC_073680.1|YP_010766621.1_69|[Pseudomonas_phage_M5.1]putative_tail_protein|39408..39941|177	0.125	117	100	0	9	125	22	136	1.355E-04	251
2_cl45_yx3973	NC_048722.1|YP_009839749.1_60|[Streptomyces_phage_Wofford]minor_tail_protein|41126..41521|131	0.111	115	98	0	9	119	16	130	1.615E-04	248
2_cl45_yx3973	NC_071019.1|YP_010677215.1_9|[Stenotrophomonas_phage_vB_SmaS_BUCT548]hypothetical_protein|7128..7490|120	0.128	119	101	0	1	119	1	117	1.816E-04	246
2_cl45_yx3973	NC_071021.1|YP_010677479.1_73|[Stenotrophomonas_phage_BUCT627]hypothetical_protein|complement(42907..43269)|120	0.128	119	101	0	1	119	1	117	1.816E-04	246
2_cl45_yx3973	NC_073681.1|YP_010766803.1_77|[Pseudomonas_phage_psageK4]putative_structural_protein|43017..43553|178	0.125	153	124	0	9	151	22	174	2.296E-04	242
2_cl45_yx3973	NC_042105.1|YP_009622613.1_32|[Streptomyces_phage_BillNye]minor_tail_protein|32157..32558|133	0.111	115	98	0	9	119	18	132	2.434E-04	241
2_cl45_yx3973	NC_048742.1|YP_009842504.1_37|[Streptomyces_phage_Gilson]minor_tail_protein|29616..30017|133	0.153	112	92	0	13	122	22	133	2.434E-04	241
2_cl45_yx3973	NC_013021.1|YP_003084222.1_78|[Cyanophage_PSS2]tail_tape_measure_protein|59795..60211|138	0.087	112	95	0	15	119	26	137	2.581E-04	240
2_cl45_yx3973	NC_042010.1|YP_009611052.1_55|[Streptomyces_phage_Paradiddles]minor_tail_protein|39331..39732|133	0.119	115	97	0	9	119	18	132	2.736E-04	239
2_cl45_yx3973	NC_042009.1|YP_009610831.1_55|[Streptomyces_phage_NootNoot]minor_tail_protein|39070..39471|133	0.119	115	97	0	9	119	18	132	2.736E-04	239
2_cl45_yx3973	NC_055813.1|YP_010103951.1_58|[Streptomyces_phage_Braelyn]hypothetical_protein|40174..40575|133	0.119	115	97	0	9	119	18	132	2.736E-04	239
2_cl45_yx3973	NC_054725.1|YP_010059432.1_182|[Gordonia_phage_Skog]hypothetical_protein|105122..105937|271	0.139	142	117	0	15	156	79	215	2.736E-04	239
2_cl45_yx3973	NC_026587.1|YP_009124466.1_70|[Pseudomonas_phage_vB_PaeM_PAO1_Ab03]virion_structural_protein|37157..37594|145	0.111	137	120	0	15	150	4	140	2.901E-04	238
2_cl45_yx3973	NC_042062.1|YP_009617880.1_51|[Salmonella_phage_SP069]hypothetical_protein|29434..29937|167	0.135	126	106	0	5	130	12	134	2.901E-04	238
2_cl45_yx3973	NC_029075.1|YP_009224027.1_21|[Achromobacter_phage_JWF]hypothetical_protein|23099..23494|131	0.079	126	109	0	1	119	4	129	3.262E-04	236
2_cl45_yx3973	NC_019927.1|YP_007237613.1_39|[Cronobacter_phage_ENT47670]major_tail_protein|39577..40071|164	0.152	119	100	0	8	126	34	152	3.262E-04	236
2_cl45_yx3973	NC_015463.1|YP_004421477.1_23|[Synechococcus_phage_S-CBS2]unknown_structural_protein|15824..16180|118	0.087	103	92	0	18	119	15	117	3.459E-04	235
2_cl45_yx3973	NC_042012.1|YP_009611498.1_59|[Streptomyces_phage_Samisti12]minor_tail_protein|41958..42359|133	0.126	115	96	0	9	119	18	132	3.459E-04	235
2_cl45_yx3973	NC_071032.1|YP_010678200.1_17|[Arthrobacter_phage_Reedo]minor_tail_protein|13087..13962|291	0.146	121	96	0	9	121	22	142	3.459E-04	235
2_cl45_yx3973	NC_048728.1|YP_009840833.1_37|[Streptomyces_phage_Comrade]minor_tail_protein|30898..31299|133	0.144	113	94	0	12	122	21	133	3.667E-04	234
2_cl45_yx3973	NC_055791.1|YP_010101481.1_59|[Streptomyces_phage_EGole]hypothetical_protein|41734..42135|133	0.126	115	96	0	9	119	18	132	3.667E-04	234
2_cl45_yx3973	NC_042008.1|YP_009610599.1_57|[Streptomyces_phage_Mildred21]minor_tail_protein|39238..39639|133	0.111	115	98	0	9	119	18	132	4.123E-04	232
2_cl45_yx3973	NC_042011.1|YP_009611271.1_58|[Streptomyces_phage_Peebs]minor_tail_protein|40522..40923|133	0.126	115	96	0	9	119	18	132	4.123E-04	232
2_cl45_yx3973	NC_073678.1|YP_010766226.1_15|[Pseudomonas_phage_PPSC2]hypothetical_protein|10579..11112|177	0.141	156	124	0	7	151	19	174	4.123E-04	232
2_cl45_yx3973	NC_073690.1|YP_010768383.1_75|[Pseudomonas_phage_PN09]hypothetical_protein|43647..44183|178	0.141	117	99	0	9	125	22	137	4.123E-04	232
2_cl45_yx3973	NC_073689.1|YP_010768206.1_77|[Pseudomonas_phage_PE09]hypothetical_protein|43947..44483|178	0.141	117	99	0	9	125	22	137	4.123E-04	232
2_cl45_yx3973	NC_054727.1|YP_010059770.1_81|[Mycobacterium_phage_Phrappuccino]hypothetical_protein|57771..58319|182	0.131	152	123	0	9	150	16	167	4.123E-04	232
2_cl45_yx3973	NC_029098.1|YP_009225790.1_64|[Streptomyces_phage_Jay2Jay]hypothetical_protein|41626..42027|133	0.119	115	97	0	9	119	18	132	4.372E-04	231
2_cl45_yx3973	NC_055809.1|YP_010103437.1_59|[Streptomyces_phage_Evy]hypothetical_protein|40773..41174|133	0.119	115	97	0	9	119	18	132	4.372E-04	231
2_cl45_yx3973	NC_028743.1|YP_009193564.1_13|[Mannheimia_phage_vB_MhS_587AP2]major_tail_protein|8493..8975|160	0.100	111	99	0	15	125	42	152	4.372E-04	231
2_cl45_yx3973	NC_028853.1|YP_009203379.1_13|[Mannheimia_phage_vB_MhS_535AP2]major_tail_protein|8511..8993|160	0.100	111	99	0	15	125	42	152	4.372E-04	231
2_cl45_yx3973	NC_073688.1|YP_010768031.1_74|[Pseudomonas_phage_phiPsa315]hypothetical_protein|43747..44283|178	0.141	117	99	0	9	125	22	137	4.372E-04	231
2_cl45_yx3973	NC_071035.1|YP_010678408.1_17|[Arthrobacter_phage_Tweety19]minor_tail_protein|12116..12994|292	0.121	121	97	0	11	121	23	143	4.372E-04	231
2_cl45_yx3973	NC_025443.1|YP_009101221.1_51|[Salmonella_phage_9NA]virion_structural_protein|28178..28681|167	0.125	120	102	0	5	124	12	128	4.915E-04	229
2_cl45_yx3973	NC_073685.1|YP_010767509.1_73|[Pseudomonas_phage_phiPsa347]hypothetical_protein|43749..44285|178	0.125	153	124	0	9	151	22	174	5.211E-04	228
2_cl45_yx3973	NC_023601.2|YP_009009369.1_70|[Pseudomonas_phage_phiPsa374]virion_structural_protein|43214..43750|178	0.125	153	124	0	9	151	22	174	5.211E-04	228
2_cl45_yx3973	NC_073683.1|YP_010767164.1_74|[Pseudomonas_phage_phiPsa397]hypothetical_protein|43679..44215|178	0.125	153	124	0	9	151	22	174	5.211E-04	228
2_cl45_yx3973	NC_073686.1|YP_010767685.1_75|[Pseudomonas_phage_phiPsa267]hypothetical_protein|43854..44390|178	0.125	153	124	0	9	151	22	174	5.211E-04	228
2_cl45_yx3973	NC_073684.1|YP_010767334.1_71|[Pseudomonas_phage_phiPsa381]hypothetical_protein|42627..43163|178	0.125	153	124	0	9	151	22	174	5.211E-04	228
2_cl45_yx3973	NC_073682.1|YP_010766992.1_87|[Pseudomonas_phage_psageK4e]hypothetical_protein|43384..43920|178	0.125	153	124	0	9	151	22	174	5.211E-04	228
2_cl45_yx3973	NC_073687.1|YP_010767859.1_73|[Pseudomonas_phage_phiPsa300]hypothetical_protein|43824..44360|178	0.125	153	124	0	9	151	22	174	5.211E-04	228
2_cl45_yx3973	NC_022966.1|YP_008856889.1_13|[Pseudomonas_phage_PAK_P5]virion_structural_protein|9557..10060|167	0.104	143	126	0	9	150	21	163	5.526E-04	227
2_cl45_yx3973	NC_015272.2|YP_004306762.1_11|[Pseudomonas_phage_KPP10]virion_structural_protein|6640..7143|167	0.104	143	126	0	9	150	21	163	5.526E-04	227
2_cl45_yx3973	NC_028882.1|YP_009206027.1_62|[Pseudomonas_phage_vB_PaeM_PS24]virion_structural_protein|35524..36027|167	0.104	143	126	0	9	150	21	163	5.526E-04	227
2_cl45_yx3973	NC_041968.1|YP_009604690.1_63|[Pseudomonas_phage_vB_PaeM_G1]virion_structural_protein|35421..35924|167	0.104	143	126	0	9	150	21	163	5.526E-04	227
2_cl45_yx3973	NC_026587.1|YP_009124465.1_69|[Pseudomonas_phage_vB_PaeM_PAO1_Ab03]virion_structural_protein|36588..37091|167	0.104	143	126	0	9	150	21	163	5.526E-04	227
2_cl45_yx3973	NC_022974.1|YP_008858036.1_13|[Pseudomonas_phage_CHA_P1]virion_structural_protein|9557..10060|167	0.104	143	126	0	9	150	21	163	5.526E-04	227
2_cl45_yx3973	NC_021347.1|YP_008061159.1_121|[Rhodococcus_phage_E3]hypothetical_protein|71320..71931|203	0.145	121	101	0	15	133	20	140	5.526E-04	227
2_cl45_yx3973	NC_054723.1|YP_010058908.1_119|[Gordonia_phage_Pupper]hypothetical_protein|75182..76006|274	0.145	142	116	0	15	156	82	218	6.212E-04	225
2_cl45_yx3973	NC_029065.1|YP_009222699.1_101|[Pseudomonas_phage_VCM]virion_structural_protein|complement(57003..57536)|177	0.128	150	123	0	9	150	22	171	6.587E-04	224
2_cl45_yx3973	NC_073679.1|YP_010766445.1_66|[Pseudomonas_phage_Kremar]hypothetical_protein|38432..38965|177	0.134	150	122	0	9	150	22	171	6.587E-04	224
2_cl45_yx3973	NC_096909.1|YP_011413842.1_65|[Microbacterium_phage_ValentiniPuff]major_tail_protein|32412..32846|144	0.134	113	95	0	15	125	28	140	7.406E-04	222
2_cl45_yx3973	NC_096909.1|YP_011413845.1_68|[Microbacterium_phage_ValentiniPuff]minor_tail_protein|36653..37528|291	0.174	126	94	0	7	121	11	136	7.406E-04	222
2_cl45_yx3973	NC_047909.1|YP_009797065.1_44|[Faecalibacterium_phage_FP_Brigit]virion_structural_protein|34306..34725|139	0.111	110	96	0	11	120	25	133	7.852E-04	221
2_cl45_yx3973	NC_021067.1|YP_007877209.1_47|[Vibrio_phage_helene_12B3]virion_structural_protein|30906..31370|154	0.116	124	102	0	15	130	23	146	7.852E-04	221
2_cl45_yx3973	NC_029067.1|YP_009222927.1_78|[Vibrio_phage_eugene_12A10]virion_structural_protein|45198..45662|154	0.116	124	102	0	15	130	23	146	7.852E-04	221
2_cl45_yx3973	NC_070772.1|YP_010649711.1_24|[Vibrio_phage_Seahorse]hypothetical_protein|20900..21397|165	0.115	159	118	0	5	138	6	164	7.852E-04	221
2_cl45_yx3973	NC_071031.1|YP_010678134.1_17|[Arthrobacter_phage_KeAlii]minor_tail_protein|13071..13943|290	0.106	119	97	0	12	121	23	141	7.852E-04	221
2_cl45_yx3973	NC_054724.1|YP_010059073.1_51|[Rhodococcus_phage_Finch]hypothetical_protein|40795..41328|177	0.121	117	100	0	9	125	16	130	8.828E-04	219
2_cl45_yx3973	NC_021802.1|YP_008242003.1_84|[Cellulophaga_phage_phi10:1]major_tail_protein|36073..36528|151	0.153	117	95	0	10	122	28	144	9.360E-04	218
2_cl45_yx3973	NC_042120.1|YP_009624333.1_19|[Pantoea_phage_vB_PagS_Vid5]distal_tail_protein|16580..17170|196	0.112	162	107	0	1	121	2	163	9.360E-04	218
2_cl45_yx3973	NC_048080.1|YP_009813893.1_39|[Acinetobacter_phage_vB_AbaM_B09_Aci05]virion_structural_protein|30908..31477|189	0.109	158	123	0	12	150	23	180	9.925E-04	217
2_cl45_yx3973	NC_048074.1|YP_009813099.1_40|[Acinetobacter_phage_vB_AbaM_B09_Aci01-1]virion_structural_protein|30459..31028|189	0.109	158	123	0	12	150	23	180	9.925E-04	217
2_cl45_yx3973	NC_048075.1|YP_009813263.1_41|[Acinetobacter_phage_vB_AbaM_B09_Aci02-2]virion_structural_protein|30445..31014|189	0.109	158	123	0	12	150	23	180	9.925E-04	217
3_cl8_JBD44	NC_074663.1|YP_010773399.1_9|[Pseudomonas_phage_vB_Pae_LC3I3]hypothetical_protein|6635..7102|155	1.000	155	0	0	1	155	1	155	8.207E-24	1043
3_cl8_JBD44	NC_030929.1|YP_009275521.1_34|[Pseudomonas_phage_JBD44]virion_structural_protein|21460..21927|155	1.000	155	0	0	1	155	1	155	8.207E-24	1043
3_cl8_JBD44	NC_016762.1|YP_005098084.1_57|[Pseudomonas_phage_phi297]virion_structural_protein|37368..37835|155	0.980	155	3	0	1	155	1	155	3.011E-23	1020
3_cl8_JBD44	NC_074664.1|YP_010773482.1_14|[Pseudomonas_phage_BUCT566]hypothetical_protein|10993..11460|155	0.974	155	4	0	1	155	1	155	3.568E-23	1017
3_cl8_JBD44	NC_030909.1|YP_009273704.1_22|[Pseudomonas_phage_YMC11/07/P54_PAE_BP]virion_structural_protein|complement(17708..18106)|132	0.977	131	3	0	25	155	2	132	2.344E-17	780
3_cl8_JBD44	NC_002484.2|NP_061517.1_20|[Pseudomonas_phage_D3]virion_structural_protein|13793..14272|159	0.568	159	67	0	1	155	1	159	1.352E-16	749
3_cl8_JBD44	NC_016765.1|YP_005098223.1_20|[Pseudomonas_phage_PMG1]virion_structural_protein|13837..14316|159	0.568	159	67	0	1	155	1	159	1.352E-16	749
3_cl8_JBD44	NC_029066.1|YP_009222842.1_72|[Pseudomonas_phage_PS-1]virion_structural_protein|40548..41054|168	0.426	150	84	0	1	150	1	148	2.860E-15	695
3_cl8_JBD44	NC_011373.1|YP_002284353.1_19|[Pseudomonas_phage_PAJU2]virion_structural_protein|14682..15146|154	0.554	153	66	0	1	150	1	153	6.676E-15	680
3_cl8_JBD44	NC_025471.1|YP_009104265.1_28|[Idiomarinaceae_phage_Phi1M2-2]virion_structural_protein|16209..16694|161	0.259	160	110	0	1	150	1	160	2.193E-10	496
3_cl8_JBD44	NC_073031.1|YP_010738739.1_12|[Janthinobacterium_phage_vB_JliS-Donnerlittchen]hypothetical_protein|6881..7357|158	0.255	140	96	0	1	140	1	130	1.586E-09	461
3_cl8_JBD44	NC_031924.1|YP_009322780.1_67|[Salmonella_phage_IME207]hypothetical_protein|28806..29282|158	0.203	156	121	0	1	153	3	158	1.678E-09	460
3_cl8_JBD44	NC_054638.1|YP_010053258.1_48|[Salmonella_phage_vB_SenS_SB28]hypothetical_protein|24344..24814|156	0.184	154	122	0	1	151	2	155	2.104E-09	456
3_cl8_JBD44	NC_054648.1|YP_010054082.1_62|[Salmonella_phage_vB_Se_STGO-35-1]minor_tail_protein|29548..30021|157	0.193	154	121	0	1	151	3	156	2.791E-09	451
3_cl8_JBD44	NC_054651.1|YP_010054281.1_6|[Escherichia_phage_C1]hypothetical_protein|complement(6554..7027)|157	0.193	154	121	0	1	151	3	156	2.953E-09	450
3_cl8_JBD44	NC_071149.1|YP_010685562.1_68|[Klebsiella_phage_vB_Kpn_ZCKp20p]baseplate_wedge_protein|32709..33179|156	0.214	153	117	0	2	151	3	155	4.386E-09	443
3_cl8_JBD44	NC_071156.1|YP_010686107.1_56|[Klebsiella_phage_6991]hypothetical_protein|28567..29037|156	0.214	153	117	0	2	151	3	155	4.386E-09	443
3_cl8_JBD44	NC_071150.1|YP_010685647.1_69|[Klebsiella_phage_ZCKP8]minor_tail_protein|32402..32872|156	0.214	153	117	0	2	151	3	155	4.386E-09	443
3_cl8_JBD44	NC_071151.1|YP_010685719.1_57|[Klebsiella_phage_vB_Kpn_ZC2]minor_tail_protein|32717..33187|156	0.214	153	117	0	2	151	3	155	4.386E-09	443
3_cl8_JBD44	NC_054642.1|YP_010053565.1_32|[Salmonella_phage_Seszw_1]hypothetical_protein|17534..18007|157	0.201	152	118	0	1	149	3	154	4.386E-09	443
3_cl8_JBD44	NC_071157.1|YP_010686190.1_59|[Klebsiella_phage_VLCpiS13c]virion_structural_protein|complement(35238..35708)|156	0.207	153	118	0	2	151	3	155	4.641E-09	442
3_cl8_JBD44	NC_048198.1|YP_009824047.1_17|[Erwinia_phage_vB_EhrS_59]hypothetical_protein|14104..14601|165	0.220	154	119	0	2	155	3	156	5.196E-09	440
3_cl8_JBD44	NC_071152.1|YP_010685763.1_30|[Klebsiella_phage_VLCpiS13a]virion_structural_protein|17455..17925|156	0.201	153	119	0	2	151	3	155	5.498E-09	439
3_cl8_JBD44	NC_054637.1|YP_010053153.1_29|[Escherichia_phage_vB_EcoS_Sa179lw]hypothetical_protein|15910..16383|157	0.205	154	119	0	1	151	3	156	5.498E-09	439
3_cl8_JBD44	NC_042037.1|YP_009614658.1_62|[Aeromonas_phage_pIS4-A]hypothetical_protein|32456..32926|156	0.214	153	117	0	2	151	3	155	5.818E-09	438
3_cl8_JBD44	NC_021534.1|YP_008126232.1_68|[Vibrio_phage_pYD38-A]hypothetical_protein|complement(39512..39982)|156	0.214	153	117	0	2	151	3	155	5.818E-09	438
3_cl8_JBD44	NC_071143.1|YP_010685006.1_3|[Flyfo_siphovirus_Tbat1_6]hypothetical_protein|3131..3601|156	0.214	153	117	0	2	151	3	155	5.818E-09	438
3_cl8_JBD44	NC_071142.1|YP_010684975.1_52|[Klebsiella_phage_VLCpiS13d]virion_structural_protein|25572..26042|156	0.220	153	116	0	2	151	3	155	5.818E-09	438
3_cl8_JBD44	NC_070846.1|YP_010657369.1_2|[Salmonella_phage_LPSTLL]hypothetical_protein|1594..2067|157	0.203	156	121	0	1	153	2	157	6.514E-09	436
3_cl8_JBD44	NC_054649.1|YP_010054112.1_4|[Escherichia_phage_vB_EcoS_swi2]hypothetical_protein|complement(5668..6141)|157	0.187	154	122	0	1	151	3	156	6.893E-09	435
3_cl8_JBD44	NC_028819.1|YP_009200200.1_14|[Pseudoalteromonas_phage_H103]virion_structural_protein|complement(10119..10595)|158	0.215	153	116	0	2	150	5	157	8.167E-09	432
3_cl8_JBD44	NC_071146.1|YP_010685295.1_37|[Klebsiella_phage_vB_KpnS_MK54]minor_tail_protein|19423..19893|156	0.207	153	118	0	2	151	3	155	9.144E-09	430
3_cl8_JBD44	NC_071153.1|YP_010685868.1_57|[Klebsiella_phage_BUCT610]hypothetical_protein|27338..27808|156	0.207	153	118	0	2	151	3	155	1.024E-08	428
3_cl8_JBD44	NC_071144.1|YP_010685103.1_4|[Klebsiella_phage_VLCpiS13f]virion_structural_protein|complement(4718..5191)|157	0.206	154	119	0	1	151	3	156	1.024E-08	428
3_cl8_JBD44	NC_054639.1|YP_010053346.1_63|[Salmonella_phage_Skate]hypothetical_protein|28397..28873|158	0.203	156	121	0	1	153	3	158	1.024E-08	428
3_cl8_JBD44	NC_054643.1|YP_010053681.1_76|[Salmonella_phage_SeSz-2]hypothetical_protein|39846..40316|156	0.194	152	119	0	1	149	2	153	1.146E-08	426
3_cl8_JBD44	NC_054650.1|YP_010054212.1_16|[Shigella_phage_DS8]hypothetical_protein|8852..9325|157	0.198	154	120	0	1	151	3	156	1.358E-08	423
3_cl8_JBD44	NC_071154.1|YP_010685917.1_23|[Klebsiella_phage_BUCT541]hypothetical_protein|complement(17295..17765)|156	0.248	153	112	0	2	151	3	155	1.521E-08	421
3_cl8_JBD44	NC_054652.1|YP_010054356.1_5|[Klebsiella_phage_YX3973]hypothetical_protein|6251..6721|156	0.248	153	112	0	2	151	3	155	1.521E-08	421
3_cl8_JBD44	NC_054653.1|YP_010054428.1_13|[Klebsiella_virus_KpV2811]hypothetical_protein|complement(13683..14153)|156	0.248	153	112	0	2	151	3	155	1.521E-08	421
3_cl8_JBD44	NC_054654.1|YP_010054542.1_49|[Klebsiella_phage_vB_KpnS_ZX4]hypothetical_protein|25749..26219|156	0.248	153	112	0	2	151	3	155	1.521E-08	421
3_cl8_JBD44	NC_054647.1|YP_010053951.1_16|[Salmonella_phage_Akira]hypothetical_protein|complement(13949..14422)|157	0.196	152	119	0	1	149	3	154	1.521E-08	421
3_cl8_JBD44	NC_071155.1|YP_010686024.1_52|[Klebsiella_phage_VLCpiS13b]virion_structural_protein|26421..26891|156	0.220	153	116	0	2	151	3	155	1.703E-08	419
3_cl8_JBD44	NC_071145.1|YP_010685197.1_17|[Klebsiella_phage_VLCpiS13e]virion_structural_protein|10270..10743|157	0.202	154	120	0	1	151	3	156	1.703E-08	419
3_cl8_JBD44	NC_071003.1|YP_010675369.1_21|[Enterobacter_phage_vB_EclS_CobraSix]hypothetical_protein|14964..15461|165	0.192	128	101	0	1	126	3	130	1.703E-08	419
3_cl8_JBD44	NC_031918.1|YP_009322249.1_52|[Salmonella_phage_64795_sal3]hypothetical_protein|27290..27772|160	0.189	151	119	0	2	149	7	157	1.802E-08	418
3_cl8_JBD44	NC_010495.1|YP_001742072.1_35|[Salmonella_phage_Vi_II-E1]hypothetical_protein|24365..24835|156	0.196	152	119	0	1	149	2	153	2.259E-08	414
3_cl8_JBD44	NC_019927.1|YP_007237618.1_44|[Cronobacter_phage_ENT47670]hypothetical_protein|46209..46706|165	0.193	155	123	0	1	155	3	156	2.676E-08	411
3_cl8_JBD44	NC_054641.1|YP_010053509.1_61|[Salmonella_virus_KFS-SE2]hypothetical_protein|complement(34627..35097)|156	0.193	149	116	0	1	145	2	150	2.832E-08	410
3_cl8_JBD44	NC_020839.1|YP_007673206.1_6|[Rhodobacter_phage_RC1]virion_structural_protein|complement(6559..6981)|140	0.217	137	91	0	1	117	3	139	2.997E-08	409
3_cl8_JBD44	NC_020866.1|YP_007676430.1_51|[Rhodovulum_phage_RS1]virion_structural_protein|32787..33209|140	0.217	137	91	0	1	117	3	139	2.997E-08	409
3_cl8_JBD44	NC_028768.1|YP_009196207.1_22|[Achromobacter_phage_JWX]virion_structural_protein|16122..17195|357	0.246	124	93	0	2	125	3	126	3.975E-08	404
3_cl8_JBD44	NC_009447.1|YP_001210237.1_17|[Burkholderia_phage_BcepGomr]virion_structural_protein|13816..14934|372	0.169	124	101	0	1	124	128	249	5.274E-08	399
3_cl8_JBD44	NC_054636.1|YP_010053061.1_17|[Shigella_phage_Sf11_SMD-2017]hypothetical_protein|complement(13880..15253)|457	0.198	153	119	0	1	150	3	155	6.996E-08	394
3_cl8_JBD44	NC_028834.1|YP_009201754.1_20|[Achromobacter_phage_83-24]hypothetical_protein|15509..16585|358	0.217	123	95	0	2	123	132	254	7.403E-08	393
3_cl8_JBD44	NC_073190.1|YP_010747004.1_50|[Salmonella_phage_vB_SenS_S528]hypothetical_protein|24404..24904|166	0.141	146	123	0	2	145	4	149	9.280E-08	389
3_cl8_JBD44	NC_073207.1|YP_010748064.1_18|[Salmonella_phage_SHWT1]hypothetical_protein|complement(17411..17911)|166	0.141	146	123	0	2	145	4	149	9.280E-08	389
3_cl8_JBD44	NC_073189.1|YP_010746947.1_55|[Salmonella_phage_JD01]hypothetical_protein|complement(38045..38545)|166	0.141	146	123	0	2	145	4	149	9.280E-08	389
3_cl8_JBD44	NC_073193.1|YP_010747216.1_59|[Salmonella_phage_vB_SalS-S10]hypothetical_protein|39171..39671|166	0.141	146	123	0	2	145	4	149	9.280E-08	389
3_cl8_JBD44	NC_073192.1|YP_010747095.1_6|[Salmonella_phage_F118P13]hypothetical_protein|complement(5673..6173)|166	0.141	146	123	0	2	145	4	149	9.280E-08	389
3_cl8_JBD44	NC_073188.1|YP_010746874.1_48|[Salmonella_phage_vB_SenS_S532]hypothetical_protein|24316..24816|166	0.141	146	123	0	2	145	4	149	9.280E-08	389
3_cl8_JBD44	NC_054645.1|YP_010053778.1_13|[Salmonella_phage_LPST10]hypothetical_protein|complement(11731..12204)|157	0.181	154	123	0	1	151	3	156	9.820E-08	388
3_cl8_JBD44	NC_054646.1|YP_010053891.1_39|[Salmonella_phage_VB_StyS_BS5]hypothetical_protein|19802..20275|157	0.181	154	123	0	1	151	3	156	9.820E-08	388
3_cl8_JBD44	NC_054644.1|YP_010053740.1_57|[Salmonella_virus_VSt472]hypothetical_protein|28620..29093|157	0.181	154	123	0	1	151	3	156	9.820E-08	388
3_cl8_JBD44	NC_073202.1|YP_010747772.1_47|[Salmonella_phage_celemicas]hypothetical_protein|25526..26026|166	0.141	146	123	0	2	145	4	149	1.039E-07	387
3_cl8_JBD44	NC_073209.1|YP_010748162.1_6|[Salmonella_phage_GRNsp50]hypothetical_protein|complement(5544..6044)|166	0.141	146	123	0	2	145	4	149	1.039E-07	387
3_cl8_JBD44	NC_073173.1|YP_010745993.1_42|[Salmonella_phage_blauehaus]hypothetical_protein|23963..24463|166	0.141	146	123	0	2	145	4	149	1.039E-07	387
3_cl8_JBD44	NC_073172.1|YP_010745932.1_46|[Salmonella_phage_skrot]hypothetical_protein|24902..25402|166	0.157	161	128	0	2	154	4	164	1.039E-07	387
3_cl8_JBD44	NC_073191.1|YP_010747048.1_26|[Salmonella_phage_vB_SenS-EnJE6]hypothetical_protein|complement(19818..20318)|166	0.151	161	129	0	2	154	4	164	1.039E-07	387
3_cl8_JBD44	NC_073178.1|YP_010746288.1_31|[Salmonella_phage_vB_SenS_TUMS_E19]hypothetical_protein|20086..20586|166	0.141	146	123	0	2	145	4	149	1.039E-07	387
3_cl8_JBD44	NC_073200.1|YP_010747627.1_31|[Salmonella_phage_S100]hypothetical_protein|20810..21310|166	0.141	146	123	0	2	145	4	149	1.039E-07	387
3_cl8_JBD44	NC_073203.1|YP_010747823.1_31|[Salmonella_phage_MET_P1_001_43]hypothetical_protein|19249..19749|166	0.141	146	123	0	2	145	4	149	1.039E-07	387
3_cl8_JBD44	NC_073201.1|YP_010747703.1_41|[Salmonella_phage_dunkel]hypothetical_protein|25780..26280|166	0.141	146	123	0	2	145	4	149	1.039E-07	387
3_cl8_JBD44	NC_073186.1|YP_010746744.1_32|[Salmonella_phage_vB_SenS_PVP-SE2]hypothetical_protein|complement(23538..24038)|166	0.141	146	123	0	2	145	4	149	1.039E-07	387
3_cl8_JBD44	NC_073183.1|YP_010746577.1_24|[Salmonella_phage_NBSal007]hypothetical_protein|complement(21183..21683)|166	0.157	161	128	0	2	154	4	164	1.100E-07	386
3_cl8_JBD44	NC_029033.1|YP_009220355.1_54|[Achromobacter_phage_phiAxp-1]virion_structural_protein|33078..34382|434	0.204	125	98	0	1	125	129	252	1.100E-07	386
3_cl8_JBD44	NC_054640.1|YP_010053420.1_47|[Salmonella_phage_Segz_1]hypothetical_protein|23514..23987|157	0.176	154	124	0	1	151	3	156	1.163E-07	385
3_cl8_JBD44	NC_041992.1|YP_009608663.1_42|[Salmonella_phage_wksl3]hypothetical_protein|complement(27064..27564)|166	0.140	146	123	0	2	145	4	149	1.231E-07	384
3_cl8_JBD44	NC_020846.1|YP_007674000.1_38|[Vibrio_phage_pYD21-A]virion_structural_protein|24843..25325|160	0.198	157	115	0	2	146	4	160	1.303E-07	383
3_cl8_JBD44	NC_073169.1|YP_010745715.1_18|[Salmonella_phage_SS5]hypothetical_protein|complement(15759..16259)|166	0.147	161	130	0	2	154	4	164	1.303E-07	383
3_cl8_JBD44	NC_073208.1|YP_010748125.1_26|[Salmonella_phage_SLMP1]hypothetical_protein|complement(20699..21199)|166	0.141	146	123	0	2	145	4	149	1.378E-07	382
3_cl8_JBD44	NC_073176.1|YP_010746159.1_28|[Salmonella_virus_VSe101]hypothetical_protein|19414..19914|166	0.141	146	123	0	2	145	4	149	1.378E-07	382
3_cl8_JBD44	NC_073211.1|YP_010748298.1_37|[Salmonella_phage_T102]hypothetical_protein|22571..23071|166	0.141	146	123	0	2	145	4	149	1.378E-07	382
3_cl8_JBD44	NC_028695.2|YP_009191448.1_40|[Enterobacter_phage_phiEap-2]hypothetical_protein|21610..22104|164	0.179	159	125	0	2	154	4	162	1.459E-07	381
3_cl8_JBD44	NC_041898.1|YP_009597357.1_26|[Escherichia_phage_K1ind2]hypothetical_protein|16992..18392|466	0.129	154	118	0	2	155	4	140	1.459E-07	381
3_cl8_JBD44	NC_073219.1|YP_010748806.1_39|[Salmonella_phage_sidste]hypothetical_protein|23863..24363|166	0.132	157	133	0	2	155	4	160	1.633E-07	379
3_cl8_JBD44	NC_073218.1|YP_010748749.1_38|[Salmonella_phage_demigod]hypothetical_protein|24667..25167|166	0.132	157	133	0	2	155	4	160	1.633E-07	379
3_cl8_JBD44	NC_073199.1|YP_010747561.1_29|[Salmonella_phage_S102]hypothetical_protein|19783..20283|166	0.135	146	124	0	2	145	4	149	1.728E-07	378
3_cl8_JBD44	NC_073198.1|YP_010747531.1_59|[Salmonella_phage_vB_SenS_ER21]hypothetical_protein|complement(40052..40552)|166	0.135	146	124	0	2	145	4	149	1.728E-07	378
3_cl8_JBD44	NC_073197.1|YP_010747470.1_58|[Salmonella_phage_vB_SenS_ER23]hypothetical_protein|40103..40603|166	0.135	146	124	0	2	145	4	149	1.728E-07	378
3_cl8_JBD44	NC_073184.1|YP_010746642.1_32|[Salmonella_phage_F12013]tail_protein|complement(23758..24258)|166	0.141	161	131	0	2	154	4	164	1.829E-07	377
3_cl8_JBD44	NC_073214.1|YP_010748481.1_38|[Salmonella_phage_vB_SenS_ER1]hypothetical_protein|21670..22170|166	0.169	161	126	0	2	154	4	164	1.935E-07	376
3_cl8_JBD44	NC_073217.1|YP_010748688.1_48|[Salmonella_phage_pink]hypothetical_protein|25082..25582|166	0.169	161	126	0	2	154	4	164	1.935E-07	376
3_cl8_JBD44	NC_073194.1|YP_010747222.1_3|[Salmonella_phage_vB_SalP_LDW16]hypothetical_protein|complement(1350..1850)|166	0.153	146	121	0	2	145	4	149	1.935E-07	376
3_cl8_JBD44	NC_073182.1|YP_010746525.1_29|[Salmonella_virus_VSe103]hypothetical_protein|19773..20273|166	0.146	161	130	0	2	154	4	164	2.047E-07	375
3_cl8_JBD44	NC_073181.1|YP_010746468.1_30|[Salmonella_phage_5sent1]minor_tail_protein|19967..20467|166	0.146	161	130	0	2	154	4	164	2.047E-07	375
3_cl8_JBD44	NC_073179.1|YP_010746349.1_30|[Salmonella_phage_vB_SenS_TUMS_E4]hypothetical_protein|20065..20565|166	0.146	161	130	0	2	154	4	164	2.047E-07	375
3_cl8_JBD44	NC_009232.2|YP_001110816.2_27|[Salmonella_phage_SETP3]hypothetical_protein|18460..18960|166	0.156	161	128	0	2	154	4	164	2.047E-07	375
3_cl8_JBD44	NC_019539.1|YP_007010481.1_28|[Salmonella_phage_vB_SenS-Ent1]hypothetical_protein|18977..19477|166	0.146	161	130	0	2	154	4	164	2.047E-07	375
3_cl8_JBD44	NC_073185.1|YP_010746711.1_42|[Salmonella_phage_PBSE191]hypothetical_protein|39461..39961|166	0.146	161	130	0	2	154	4	164	2.047E-07	375
3_cl8_JBD44	NC_069153.1|YP_010582605.1_27|[Salmonella_virus_VSiP]hypothetical_protein|18017..18517|166	0.148	161	130	0	2	154	4	164	2.167E-07	374
3_cl8_JBD44	NC_073213.1|YP_010748406.1_26|[Salmonella_phage_vB_SenS_SB3]hypothetical_protein|17765..18265|166	0.135	146	124	0	2	145	4	149	2.426E-07	372
3_cl8_JBD44	NC_073196.1|YP_010747352.1_5|[Salmonella_phage_NBSal006]hypothetical_protein|complement(3960..4460)|166	0.135	146	124	0	2	145	4	149	2.426E-07	372
3_cl8_JBD44	NC_073216.1|YP_010748575.1_5|[Salmonella_phage_STP03]hypothetical_protein|complement(5491..5991)|166	0.151	161	129	0	2	154	4	164	2.567E-07	371
3_cl8_JBD44	NC_073174.1|YP_010746054.1_42|[Salmonella_phage_wast]hypothetical_protein|23773..24273|166	0.157	161	128	0	2	154	4	164	2.567E-07	371
3_cl8_JBD44	NC_073187.1|YP_010746797.1_25|[Salmonella_phage_vB_SenS-EnJE1]hypothetical_protein|complement(22305..22805)|166	0.157	161	128	0	2	154	4	164	2.567E-07	371
3_cl8_JBD44	NC_022752.1|YP_008767027.1_28|[Salmonella_phage_SETP13]hypothetical_protein|18112..18612|166	0.157	161	128	0	2	154	4	164	2.567E-07	371
3_cl8_JBD44	NC_073195.1|YP_010747307.1_28|[Salmonella_phage_Shelanagig]hypothetical_protein|18443..18943|166	0.157	161	128	0	2	154	4	164	2.874E-07	369
3_cl8_JBD44	NC_073215.1|YP_010748512.1_4|[Salmonella_phage_SGPC]tail_protein|complement(1472..1972)|166	0.146	146	122	0	2	145	4	149	3.041E-07	368
3_cl8_JBD44	NC_073325.1|YP_010749670.1_4|[Escherichia_phage_vB_EcoS_XY1]minor_tail_protein|complement(3811..5211)|466	0.159	137	107	0	2	138	4	131	3.041E-07	368
3_cl8_JBD44	NC_073316.1|YP_010749009.1_30|[Escherichia_phage_vB_EcoS_fFiEco02]hypothetical_protein|19687..20187|166	0.153	161	129	0	2	154	4	164	3.603E-07	365
3_cl8_JBD44	NC_006940.2|YP_308655.1_54|[Salmonella_phage_SS3e]hypothetical_protein|complement(36137..36637)|166	0.146	146	122	0	2	145	4	149	3.603E-07	365
3_cl8_JBD44	NC_073212.1|YP_010748343.1_28|[Salmonella_phage_ZCSE9]hypothetical_protein|19068..19568|166	0.146	146	122	0	2	145	4	149	3.603E-07	365
3_cl8_JBD44	NC_070824.1|YP_010655303.1_4|[Pseudoalteromonas_phage_C7]hypothetical_protein|complement(4549..5016)|155	0.181	154	121	0	2	150	1	154	3.813E-07	364
3_cl8_JBD44	NC_041991.1|YP_009608582.1_27|[Salmonella_phage_vB_SenS_AG11]hypothetical_protein|17728..18228|166	0.154	164	129	0	1	154	1	164	3.813E-07	364
3_cl8_JBD44	NC_022754.1|YP_008767198.1_27|[Salmonella_phage_SETP7]hypothetical_protein|17572..18072|166	0.140	146	123	0	2	145	4	149	4.269E-07	362
3_cl8_JBD44	NC_031059.1|YP_009285933.1_48|[Rhodovulum_phage_vB_RhkS_P1]virion_structural_protein|27232..27588|118	0.211	116	90	0	1	116	1	115	4.780E-07	360
3_cl8_JBD44	NC_069147.1|YP_010582233.1_64|[Salmonella_phage_GRNsp27]hypothetical_protein|40507..41007|166	0.149	162	130	0	2	155	4	165	4.780E-07	360
3_cl8_JBD44	NC_016165.1|YP_004934695.1_52|[Rhodobacter_phage_RcapMu]virion_structural_protein|31713..32135|140	0.220	135	89	0	2	116	4	138	5.058E-07	359
3_cl8_JBD44	NC_021777.1|YP_008239738.1_29|[Salmonella_phage_Jersey]hypothetical_protein|20172..20672|166	0.148	164	130	0	1	154	1	164	5.058E-07	359
3_cl8_JBD44	NC_021775.1|YP_008239652.1_55|[Salmonella_phage_FSL_SP-031]hypothetical_protein|36428..36928|166	0.148	161	130	0	2	154	4	164	5.058E-07	359
3_cl8_JBD44	NC_073324.1|YP_010749624.1_44|[Escherichia_phage_vB_EcoS-22664BS2]hypothetical_protein|22068..23465|465	0.151	131	108	0	2	132	4	131	5.663E-07	357
3_cl8_JBD44	NC_070971.1|YP_010671790.1_27|[Pseudomonas_virus_PBPA162]hypothetical_protein|complement(21915..22742)|275	0.227	122	91	0	4	125	2	120	5.992E-07	356
3_cl8_JBD44	NC_070970.1|YP_010671701.1_28|[Pseudomonas_phage_Iggy]hypothetical_protein|20297..21124|275	0.227	122	91	0	4	125	2	120	5.992E-07	356
3_cl8_JBD44	NC_070823.1|YP_010655298.1_72|[Pseudoalteromonas_phage_vB_PspS-H40/1]hypothetical_protein|44459..44860|133	0.220	124	93	0	2	125	4	123	6.341E-07	355
3_cl8_JBD44	NC_069154.1|YP_010582691.1_40|[Klebsiella_phage_VLCpiS11a]virion_structural_protein|complement(25256..25750)|164	0.165	159	127	0	2	154	4	162	6.710E-07	354
3_cl8_JBD44	NC_073175.1|YP_010746101.1_29|[Salmonella_virus_VSt10]hypothetical_protein|19072..19572|166	0.140	146	123	0	2	145	4	149	6.710E-07	354
3_cl8_JBD44	NC_073317.1|YP_010749084.1_28|[Escherichia_phage_vB_EcoS_fPoEco01]hypothetical_protein|18289..18789|166	0.153	161	129	0	2	154	4	164	6.710E-07	354
3_cl8_JBD44	NC_069150.1|YP_010582406.1_33|[Salmonella_phage_vB_STM-ZS]hypothetical_protein|complement(22605..23105)|166	0.149	161	129	0	2	154	4	164	7.100E-07	353
3_cl8_JBD44	NC_069146.1|YP_010582164.1_57|[Salmonella_phage_St162]hypothetical_protein|36455..36955|166	0.149	161	129	0	2	154	4	164	7.100E-07	353
3_cl8_JBD44	NC_069148.1|YP_010582260.1_27|[Salmonella_phage_TS6]hypothetical_protein|complement(19322..19822)|166	0.149	161	129	0	2	154	4	164	7.100E-07	353
3_cl8_JBD44	NC_069149.1|YP_010582359.1_61|[Salmonella_phage_vB_SenTO17]hypothetical_protein|complement(31844..32344)|166	0.149	161	129	0	2	154	4	164	7.100E-07	353
3_cl8_JBD44	NC_069151.1|YP_010582466.1_34|[Salmonella_phage_vB_SenS_SE1]hypothetical_protein|complement(21758..22258)|166	0.149	161	129	0	2	154	4	164	7.100E-07	353
3_cl8_JBD44	NC_073323.1|YP_010749527.1_27|[Escherichia_phage_vB_EcoS-phiEc3]minor_tail_protein|17198..18616|472	0.152	137	109	0	2	138	4	132	1.055E-06	346
3_cl8_JBD44	NC_042084.1|YP_009620106.1_26|[Escherichia_phage_VB_EcoS-Golestan]hypothetical_protein|17370..18788|472	0.144	137	110	0	2	138	4	132	1.116E-06	345
3_cl8_JBD44	NC_093713.1|YP_011217263.1_8|[Escherichia_phage_P_AB-2017]hypothetical_protein|complement(8713..9213)|166	0.146	140	114	0	2	141	4	138	1.181E-06	344
3_cl8_JBD44	NC_027994.1|YP_009168856.1_24|[Escherichia_phage_K1H]hypothetical_protein|16248..16748|166	0.150	153	118	0	2	154	4	143	1.249E-06	343
3_cl8_JBD44	NC_027993.1|YP_009168807.1_27|[Escherichia_phage_K1G]hypothetical_protein|17937..18437|166	0.150	153	118	0	2	154	4	143	1.249E-06	343
3_cl8_JBD44	NC_024217.1|YP_009037310.1_120|[Nitrincola_phage_1M3-16]hypothetical_protein|complement(64505..64858)|117	0.243	116	86	0	1	116	1	115	1.399E-06	341
3_cl8_JBD44	NC_025466.1|YP_009103926.1_40|[Shewanella_sp._phage_3/49]hypothetical_protein|23325..23825|166	0.192	152	119	0	4	151	6	157	1.399E-06	341
3_cl8_JBD44	NC_093712.1|YP_011217191.1_3|[Escherichia_phage_L_AB-2017]hypothetical_protein|complement(1052..1552)|166	0.139	140	115	0	2	141	4	138	1.566E-06	339
3_cl8_JBD44	NC_028698.1|YP_009191569.1_16|[Salmonella_phage_f18SE]hypothetical_protein|complement(15923..16423)|166	0.157	161	128	0	2	154	4	164	1.657E-06	338
3_cl8_JBD44	NC_069152.1|YP_010582522.1_27|[Salmonella_phage_Shemara]hypothetical_protein|18129..18629|166	0.156	162	129	0	2	155	4	165	1.754E-06	337
3_cl8_JBD44	NC_041897.1|YP_009597306.1_26|[Escherichia_phage_K1ind1]hypothetical_protein|16991..18391|466	0.152	137	108	0	2	138	4	131	1.856E-06	336
3_cl8_JBD44	NC_019541.1|YP_007010627.1_46|[Acinetobacter_phage_YMC/09/02/B1251]virion_structural_protein|33893..34291|132	0.154	134	110	0	1	134	1	131	1.964E-06	335
3_cl8_JBD44	NC_073314.1|YP_010748874.1_48|[Escherichia_virus_fEg-Eco19]hypothetical_protein|24956..25456|166	0.146	140	114	0	2	141	4	138	2.078E-06	334
3_cl8_JBD44	NC_048181.1|YP_009821861.1_25|[Raoultella_phage_RP180]hypothetical_protein|19172..19666|164	0.175	159	125	0	2	154	4	162	2.199E-06	333
3_cl8_JBD44	NC_007024.1|YP_239288.1_20|[Xanthomonas_phage_Xp15]virion_structural_protein|16353..16724|123	0.171	123	101	0	1	123	1	123	2.327E-06	332
3_cl8_JBD44	NC_070822.1|YP_010655179.1_15|[Pseudoalteromonas_phage_TW1]hypothetical_protein|8086..8556|156	0.165	153	124	0	1	150	4	156	3.086E-06	327
3_cl8_JBD44	NC_073321.1|YP_010749394.1_37|[Escherichia_phage_ZCEC5]hypothetical_protein|20117..20617|166	0.128	161	133	0	2	154	4	164	3.086E-06	327
3_cl8_JBD44	NC_007709.1|YP_453576.1_18|[Xanthomonas_phage_OP1]virion_structural_protein|13552..13905|117	0.165	119	97	0	1	119	1	117	5.133E-06	318
3_cl8_JBD44	NC_073318.1|YP_010749194.1_61|[Escherichia_phage_NTEC3]hypothetical_protein|complement(34314..35714)|466	0.140	133	108	0	2	134	4	129	5.431E-06	317
3_cl8_JBD44	NC_009543.1|YP_001285688.1_16|[Xanthomonas_phage_Xop411]virion_structural_protein|12401..12757|118	0.178	120	96	0	1	120	1	118	6.081E-06	315
3_cl8_JBD44	NC_004902.1|NP_858966.1_19|[Xanthomonas_phage_Xp10]virion_structural_protein|13362..13718|118	0.180	119	96	0	1	119	1	118	6.435E-06	314
3_cl8_JBD44	NC_069155.1|YP_010582758.1_50|[Serratia_phage_Tsm2]hypothetical_protein|30094..30588|164	0.181	162	125	0	1	154	1	162	8.067E-06	310
3_cl8_JBD44	NC_073320.1|YP_010749347.1_61|[Escherichia_phage_26]hypothetical_protein|32941..33414|157	0.177	151	118	0	8	151	2	152	1.132E-05	304
3_cl8_JBD44	NC_073319.1|YP_010749258.1_53|[Escherichia_phage_SZH-1]hypothetical_protein|complement(25719..26192)|157	0.175	154	120	0	8	154	2	155	1.420E-05	300
3_cl8_JBD44	NC_019933.2|YP_007238089.1_19|[Xanthomonas_phage_CP1]virion_structural_protein|14827..15189|120	0.209	120	94	0	1	120	1	120	1.590E-05	298
3_cl8_JBD44	NC_021563.1|YP_008130357.1_64|[Serratia_phage_Eta]hypothetical_protein|36442..36936|164	0.160	159	128	0	2	154	4	162	1.590E-05	298
3_cl8_JBD44	NC_073322.1|YP_010749475.1_46|[Escherichia_phage_vB_EcoS-Ro145c2YLVW]hypothetical_protein|23553..24026|157	0.194	154	118	0	8	154	2	155	1.682E-05	297
3_cl8_JBD44	NC_069156.1|YP_010582773.1_5|[Serratia_phage_vB_SmaM-Otaku]hypothetical_protein|complement(4881..5375)|164	0.179	159	125	0	2	154	4	162	2.498E-05	290
3_cl8_JBD44	NC_012742.1|YP_002922631.1_17|[Xanthomonas_phage_phiL7]virion_structural_protein|13581..13940|119	0.201	119	94	0	1	119	1	119	3.132E-05	286
3_cl8_JBD44	NC_073315.1|YP_010748930.1_28|[Escherichia_phage_vB_EcoS_fFiEco03]hypothetical_protein|17935..19305|456	0.191	116	91	0	10	125	4	117	3.314E-05	285
3_cl8_JBD44	NC_070823.1|YP_010655299.1_73|[Pseudoalteromonas_phage_vB_PspS-H40/1]hypothetical_protein|44860..45306|148	0.180	148	114	0	4	151	7	146	3.711E-05	283
3_cl8_JBD44	NC_071020.1|YP_010677399.1_91|[Stenotrophomonas_phage_BUCT626]hypothetical_protein|complement(54409..54771)|120	0.188	119	95	0	1	118	1	119	4.652E-05	279
3_cl8_JBD44	NC_042091.1|YP_009620694.1_25|[Pseudomonas_phage_nickie]hypothetical_protein|21208..21573|121	0.114	118	103	0	2	118	4	121	5.512E-05	276
3_cl8_JBD44	NC_071018.1|YP_010677153.1_47|[Stenotrophomonas_phage_Siara]minor_tail_protein|24189..24554|121	0.161	121	100	0	1	120	1	121	1.086E-04	264
3_cl8_JBD44	NC_071019.1|YP_010677215.1_9|[Stenotrophomonas_phage_vB_SmaS_BUCT548]hypothetical_protein|7128..7490|120	0.180	119	96	0	1	118	1	119	1.216E-04	262
3_cl8_JBD44	NC_071021.1|YP_010677479.1_73|[Stenotrophomonas_phage_BUCT627]hypothetical_protein|complement(42907..43269)|120	0.180	119	96	0	1	118	1	119	1.216E-04	262
3_cl8_JBD44	NC_026587.1|YP_009124466.1_70|[Pseudomonas_phage_vB_PaeM_PAO1_Ab03]virion_structural_protein|37157..37594|145	0.165	138	109	0	15	145	2	139	1.613E-04	257
3_cl8_JBD44	NC_048190.1|YP_009823126.1_113|[Rheinheimera_phage_vB_RspM_Barba19A]virion_structural_protein|61893..62354|153	0.158	121	97	0	5	125	20	135	1.707E-04	256
3_cl8_JBD44	NC_048188.1|YP_009822845.1_109|[Rheinheimera_phage_Barba8S]virion_structural_protein|58769..59230|153	0.158	121	97	0	5	125	20	135	1.707E-04	256
3_cl8_JBD44	NC_048189.1|YP_009822982.1_105|[Rheinheimera_phage_vB_RspM_Barba18A]virion_structural_protein|57572..58033|153	0.158	121	97	0	5	125	20	135	1.707E-04	256
3_cl8_JBD44	NC_047786.1|YP_009787821.1_47|[Salmonella_phage_vB_SenS_Sasha]virion_structural_protein|27788..28291|167	0.104	152	134	0	6	155	14	165	1.707E-04	256
3_cl8_JBD44	NC_048742.1|YP_009842504.1_37|[Streptomyces_phage_Gilson]minor_tail_protein|29616..30017|133	0.130	132	97	0	4	116	1	132	1.806E-04	255
3_cl8_JBD44	NC_071017.1|YP_010677054.1_50|[Stenotrophomonas_phage_Salva]hypothetical_protein|25137..25502|121	0.161	121	100	0	1	120	1	121	1.911E-04	254
3_cl8_JBD44	NC_070784.1|YP_010651888.1_36|[Streptomyces_phage_TunaTartare]minor_tail_protein|31055..31456|133	0.109	119	98	0	6	116	14	132	2.536E-04	249
3_cl8_JBD44	NC_048720.1|YP_009839234.1_36|[Streptomyces_phage_Blueeyedbeauty]minor_tail_protein|29256..29657|133	0.103	119	99	0	6	116	14	132	2.683E-04	248
3_cl8_JBD44	NC_070772.1|YP_010649711.1_24|[Vibrio_phage_Seahorse]hypothetical_protein|20900..21397|165	0.194	150	115	0	6	149	16	165	2.683E-04	248
3_cl8_JBD44	NC_015465.1|YP_004421739.1_17|[Synechococcus_phage_S-CBS3]minor_tail_protein|17265..17633|122	0.147	122	103	0	1	122	1	122	3.364E-04	244
3_cl8_JBD44	NC_048719.1|YP_009839003.1_34|[Streptomyces_phage_Annadreamy]minor_tail_protein|28783..29169|128	0.119	119	97	0	6	116	9	127	3.766E-04	242
3_cl8_JBD44	NC_016164.1|YP_004934619.1_19|[Synechococcus_phage_S-CBS1]minor_tail_protein|17127..17651|174	0.097	123	110	0	1	123	1	123	3.766E-04	242
3_cl8_JBD44	NC_015463.1|YP_004421477.1_23|[Synechococcus_phage_S-CBS2]unknown_structural_protein|15824..16180|118	0.086	103	90	0	17	116	15	117	3.985E-04	241
3_cl8_JBD44	NC_015465.1|YP_004421740.1_18|[Synechococcus_phage_S-CBS3]minor_tail_protein|17630..18154|174	0.112	122	107	0	1	122	1	122	3.985E-04	241
3_cl8_JBD44	NC_041945.1|YP_009602881.1_15|[Arthrobacter_phage_Pumancara]minor_tail_protein|12304..14421|705	0.144	119	98	0	4	118	24	142	5.287E-04	236
3_cl8_JBD44	NC_048728.1|YP_009840833.1_37|[Streptomyces_phage_Comrade]minor_tail_protein|30898..31299|133	0.120	107	88	0	16	116	26	132	5.594E-04	235
3_cl8_JBD44	NC_025443.1|YP_009101221.1_51|[Salmonella_phage_9NA]virion_structural_protein|28178..28681|167	0.162	120	97	0	4	123	12	128	5.594E-04	235
3_cl8_JBD44	NC_048730.1|YP_009841198.1_61|[Streptomyces_phage_Yaboi]minor_tail_protein|40036..40431|131	0.132	105	87	0	16	116	26	130	5.919E-04	234
3_cl8_JBD44	NC_054724.1|YP_010059073.1_51|[Rhodococcus_phage_Finch]hypothetical_protein|40795..41328|177	0.102	140	121	0	16	155	21	156	5.919E-04	234
3_cl8_JBD44	NC_054428.1|YP_010050429.1_15|[Arthrobacter_phage_Sergei]minor_tail_protein|12299..14419|706	0.134	130	104	0	4	124	24	153	5.919E-04	234
3_cl8_JBD44	NC_055813.1|YP_010103951.1_58|[Streptomyces_phage_Braelyn]hypothetical_protein|40174..40575|133	0.131	115	94	0	8	116	18	132	7.013E-04	231
3_cl8_JBD44	NC_042010.1|YP_009611052.1_55|[Streptomyces_phage_Paradiddles]minor_tail_protein|39331..39732|133	0.131	115	94	0	8	116	18	132	7.421E-04	230
3_cl8_JBD44	NC_042009.1|YP_009610831.1_55|[Streptomyces_phage_NootNoot]minor_tail_protein|39070..39471|133	0.131	115	94	0	8	116	18	132	7.421E-04	230
3_cl8_JBD44	NC_041941.1|YP_009602635.1_15|[Arthrobacter_phage_HunterDalle]minor_tail_protein|12293..14410|705	0.130	119	99	0	4	118	24	142	8.309E-04	228
3_cl8_JBD44	NC_019525.1|YP_007007135.1_56|[Bdellovibrio_phage_phi1422_(vB_BbaM-phi1422)]hypothetical_protein|31913..32368|151	0.124	128	100	0	8	122	19	146	9.303E-04	226
3_cl8_JBD44	NC_052989.1|YP_009998573.1_24|[Cronobacter_phage_JC01]tail_assembly_protein|25883..27583|566	0.089	187	111	0	4	126	165	351	9.303E-04	226
3_cl8_PAJ2	NC_011373.1|YP_002284353.1_19|[Pseudomonas_phage_PAJU2]virion_structural_protein|14682..15146|154	1.000	154	0	0	1	154	1	154	3.094E-22	973
3_cl8_PAJ2	NC_002484.2|NP_061517.1_20|[Pseudomonas_phage_D3]virion_structural_protein|13793..14272|159	0.818	154	28	0	1	153	1	154	1.081E-19	870
3_cl8_PAJ2	NC_016765.1|YP_005098223.1_20|[Pseudomonas_phage_PMG1]virion_structural_protein|13837..14316|159	0.818	154	28	0	1	153	1	154	1.081E-19	870
3_cl8_PAJ2	NC_029066.1|YP_009222842.1_72|[Pseudomonas_phage_PS-1]virion_structural_protein|40548..41054|168	0.464	153	79	0	1	153	1	148	2.201E-14	655
3_cl8_PAJ2	NC_074663.1|YP_010773399.1_9|[Pseudomonas_phage_vB_Pae_LC3I3]hypothetical_protein|6635..7102|155	0.541	153	68	0	1	153	1	150	2.925E-14	650
3_cl8_PAJ2	NC_030929.1|YP_009275521.1_34|[Pseudomonas_phage_JBD44]virion_structural_protein|21460..21927|155	0.541	153	68	0	1	153	1	150	2.925E-14	650
3_cl8_PAJ2	NC_074664.1|YP_010773482.1_14|[Pseudomonas_phage_BUCT566]hypothetical_protein|10993..11460|155	0.535	153	69	0	1	153	1	150	3.277E-14	648
3_cl8_PAJ2	NC_016762.1|YP_005098084.1_57|[Pseudomonas_phage_phi297]virion_structural_protein|37368..37835|155	0.541	153	68	0	1	153	1	150	4.114E-14	644
3_cl8_PAJ2	NC_030909.1|YP_009273704.1_22|[Pseudomonas_phage_YMC11/07/P54_PAE_BP]virion_structural_protein|complement(17708..18106)|132	0.541	130	57	0	24	153	2	127	8.142E-10	470
3_cl8_PAJ2	NC_025471.1|YP_009104265.1_28|[Idiomarinaceae_phage_Phi1M2-2]virion_structural_protein|16209..16694|161	0.240	161	116	0	1	154	1	161	9.386E-09	427
3_cl8_PAJ2	NC_071152.1|YP_010685763.1_30|[Klebsiella_phage_VLCpiS13a]virion_structural_protein|17455..17925|156	0.215	153	119	0	2	154	3	155	1.754E-08	416
3_cl8_PAJ2	NC_054648.1|YP_010054082.1_62|[Salmonella_phage_vB_Se_STGO-35-1]minor_tail_protein|29548..30021|157	0.207	154	121	0	1	154	3	156	1.966E-08	414
3_cl8_PAJ2	NC_071157.1|YP_010686190.1_59|[Klebsiella_phage_VLCpiS13c]virion_structural_protein|complement(35238..35708)|156	0.215	153	119	0	2	154	3	155	2.081E-08	413
3_cl8_PAJ2	NC_054651.1|YP_010054281.1_6|[Escherichia_phage_C1]hypothetical_protein|complement(6554..7027)|157	0.207	154	121	0	1	154	3	156	2.081E-08	413
3_cl8_PAJ2	NC_028819.1|YP_009200200.1_14|[Pseudoalteromonas_phage_H103]virion_structural_protein|complement(10119..10595)|158	0.208	154	120	0	2	154	5	158	2.467E-08	410
3_cl8_PAJ2	NC_071153.1|YP_010685868.1_57|[Klebsiella_phage_BUCT610]hypothetical_protein|27338..27808|156	0.215	153	119	0	2	154	3	155	2.612E-08	409
3_cl8_PAJ2	NC_031924.1|YP_009322780.1_67|[Salmonella_phage_IME207]hypothetical_protein|28806..29282|158	0.210	152	119	0	1	152	3	154	3.279E-08	405
3_cl8_PAJ2	NC_054637.1|YP_010053153.1_29|[Escherichia_phage_vB_EcoS_Sa179lw]hypothetical_protein|15910..16383|157	0.193	154	123	0	1	154	3	156	3.471E-08	404
3_cl8_PAJ2	NC_071146.1|YP_010685295.1_37|[Klebsiella_phage_vB_KpnS_MK54]minor_tail_protein|19423..19893|156	0.208	153	120	0	2	154	3	155	3.674E-08	403
3_cl8_PAJ2	NC_054638.1|YP_010053258.1_48|[Salmonella_phage_vB_SenS_SB28]hypothetical_protein|24344..24814|156	0.201	154	122	0	1	154	2	155	3.674E-08	403
3_cl8_PAJ2	NC_054647.1|YP_010053951.1_16|[Salmonella_phage_Akira]hypothetical_protein|complement(13949..14422)|157	0.203	152	120	0	1	152	3	154	3.889E-08	402
3_cl8_PAJ2	NC_071149.1|YP_010685562.1_68|[Klebsiella_phage_vB_Kpn_ZCKp20p]baseplate_wedge_protein|32709..33179|156	0.208	153	120	0	2	154	3	155	4.357E-08	400
3_cl8_PAJ2	NC_071156.1|YP_010686107.1_56|[Klebsiella_phage_6991]hypothetical_protein|28567..29037|156	0.208	153	120	0	2	154	3	155	4.357E-08	400
3_cl8_PAJ2	NC_071150.1|YP_010685647.1_69|[Klebsiella_phage_ZCKP8]minor_tail_protein|32402..32872|156	0.208	153	120	0	2	154	3	155	4.357E-08	400
3_cl8_PAJ2	NC_071151.1|YP_010685719.1_57|[Klebsiella_phage_vB_Kpn_ZC2]minor_tail_protein|32717..33187|156	0.208	153	120	0	2	154	3	155	4.357E-08	400
3_cl8_PAJ2	NC_054642.1|YP_010053565.1_32|[Salmonella_phage_Seszw_1]hypothetical_protein|17534..18007|157	0.197	152	121	0	1	152	3	154	4.357E-08	400
3_cl8_PAJ2	NC_054650.1|YP_010054212.1_16|[Shigella_phage_DS8]hypothetical_protein|8852..9325|157	0.200	154	122	0	1	154	3	156	4.882E-08	398
3_cl8_PAJ2	NC_042037.1|YP_009614658.1_62|[Aeromonas_phage_pIS4-A]hypothetical_protein|32456..32926|156	0.208	153	120	0	2	154	3	155	5.789E-08	395
3_cl8_PAJ2	NC_021534.1|YP_008126232.1_68|[Vibrio_phage_pYD38-A]hypothetical_protein|complement(39512..39982)|156	0.208	153	120	0	2	154	3	155	5.789E-08	395
3_cl8_PAJ2	NC_071143.1|YP_010685006.1_3|[Flyfo_siphovirus_Tbat1_6]hypothetical_protein|3131..3601|156	0.208	153	120	0	2	154	3	155	5.789E-08	395
3_cl8_PAJ2	NC_054649.1|YP_010054112.1_4|[Escherichia_phage_vB_EcoS_swi2]hypothetical_protein|complement(5668..6141)|157	0.194	154	123	0	1	154	3	156	5.789E-08	395
3_cl8_PAJ2	NC_071142.1|YP_010684975.1_52|[Klebsiella_phage_VLCpiS13d]virion_structural_protein|25572..26042|156	0.208	153	120	0	2	154	3	155	6.487E-08	393
3_cl8_PAJ2	NC_028695.2|YP_009191448.1_40|[Enterobacter_phage_phiEap-2]hypothetical_protein|21610..22104|164	0.203	148	115	0	2	149	4	148	6.866E-08	392
3_cl8_PAJ2	NC_070846.1|YP_010657369.1_2|[Salmonella_phage_LPSTLL]hypothetical_protein|1594..2067|157	0.203	152	120	0	1	152	2	153	7.268E-08	391
3_cl8_PAJ2	NC_071144.1|YP_010685103.1_4|[Klebsiella_phage_VLCpiS13f]virion_structural_protein|complement(4718..5191)|157	0.197	154	123	0	1	154	3	156	9.124E-08	387
3_cl8_PAJ2	NC_073031.1|YP_010738739.1_12|[Janthinobacterium_phage_vB_JliS-Donnerlittchen]hypothetical_protein|6881..7357|158	0.192	154	107	0	1	154	1	134	1.022E-07	385
3_cl8_PAJ2	NC_071155.1|YP_010686024.1_52|[Klebsiella_phage_VLCpiS13b]virion_structural_protein|26421..26891|156	0.215	153	119	0	2	154	3	155	1.082E-07	384
3_cl8_PAJ2	NC_054643.1|YP_010053681.1_76|[Salmonella_phage_SeSz-2]hypothetical_protein|39846..40316|156	0.191	152	122	0	1	152	2	153	1.145E-07	383
3_cl8_PAJ2	NC_071145.1|YP_010685197.1_17|[Klebsiella_phage_VLCpiS13e]virion_structural_protein|10270..10743|157	0.185	154	125	0	1	154	3	156	1.145E-07	383
3_cl8_PAJ2	NC_010495.1|YP_001742072.1_35|[Salmonella_phage_Vi_II-E1]hypothetical_protein|24365..24835|156	0.197	152	121	0	1	152	2	153	1.212E-07	382
3_cl8_PAJ2	NC_031918.1|YP_009322249.1_52|[Salmonella_phage_64795_sal3]hypothetical_protein|27290..27772|160	0.205	151	119	0	2	152	7	157	1.283E-07	381
3_cl8_PAJ2	NC_054639.1|YP_010053346.1_63|[Salmonella_phage_Skate]hypothetical_protein|28397..28873|158	0.197	152	121	0	1	152	3	154	1.522E-07	378
3_cl8_PAJ2	NC_073190.1|YP_010747004.1_50|[Salmonella_phage_vB_SenS_S528]hypothetical_protein|24404..24904|166	0.181	153	124	0	2	154	4	155	1.611E-07	377
3_cl8_PAJ2	NC_073207.1|YP_010748064.1_18|[Salmonella_phage_SHWT1]hypothetical_protein|complement(17411..17911)|166	0.181	153	124	0	2	154	4	155	1.611E-07	377
3_cl8_PAJ2	NC_073189.1|YP_010746947.1_55|[Salmonella_phage_JD01]hypothetical_protein|complement(38045..38545)|166	0.181	153	124	0	2	154	4	155	1.611E-07	377
3_cl8_PAJ2	NC_073193.1|YP_010747216.1_59|[Salmonella_phage_vB_SalS-S10]hypothetical_protein|39171..39671|166	0.181	153	124	0	2	154	4	155	1.611E-07	377
3_cl8_PAJ2	NC_073192.1|YP_010747095.1_6|[Salmonella_phage_F118P13]hypothetical_protein|complement(5673..6173)|166	0.181	153	124	0	2	154	4	155	1.611E-07	377
3_cl8_PAJ2	NC_073188.1|YP_010746874.1_48|[Salmonella_phage_vB_SenS_S532]hypothetical_protein|24316..24816|166	0.181	153	124	0	2	154	4	155	1.611E-07	377
3_cl8_PAJ2	NC_073219.1|YP_010748806.1_39|[Salmonella_phage_sidste]hypothetical_protein|23863..24363|166	0.191	153	122	0	2	154	4	155	2.266E-07	371
3_cl8_PAJ2	NC_073218.1|YP_010748749.1_38|[Salmonella_phage_demigod]hypothetical_protein|24667..25167|166	0.191	153	122	0	2	154	4	155	2.266E-07	371
3_cl8_PAJ2	NC_073202.1|YP_010747772.1_47|[Salmonella_phage_celemicas]hypothetical_protein|25526..26026|166	0.181	153	124	0	2	154	4	155	2.398E-07	370
3_cl8_PAJ2	NC_073209.1|YP_010748162.1_6|[Salmonella_phage_GRNsp50]hypothetical_protein|complement(5544..6044)|166	0.181	153	124	0	2	154	4	155	2.398E-07	370
3_cl8_PAJ2	NC_073173.1|YP_010745993.1_42|[Salmonella_phage_blauehaus]hypothetical_protein|23963..24463|166	0.181	153	124	0	2	154	4	155	2.398E-07	370
3_cl8_PAJ2	NC_073178.1|YP_010746288.1_31|[Salmonella_phage_vB_SenS_TUMS_E19]hypothetical_protein|20086..20586|166	0.181	153	124	0	2	154	4	155	2.398E-07	370
3_cl8_PAJ2	NC_073200.1|YP_010747627.1_31|[Salmonella_phage_S100]hypothetical_protein|20810..21310|166	0.181	153	124	0	2	154	4	155	2.398E-07	370
3_cl8_PAJ2	NC_073203.1|YP_010747823.1_31|[Salmonella_phage_MET_P1_001_43]hypothetical_protein|19249..19749|166	0.181	153	124	0	2	154	4	155	2.398E-07	370
3_cl8_PAJ2	NC_073201.1|YP_010747703.1_41|[Salmonella_phage_dunkel]hypothetical_protein|25780..26280|166	0.181	153	124	0	2	154	4	155	2.398E-07	370
3_cl8_PAJ2	NC_073186.1|YP_010746744.1_32|[Salmonella_phage_vB_SenS_PVP-SE2]hypothetical_protein|complement(23538..24038)|166	0.181	153	124	0	2	154	4	155	2.398E-07	370
3_cl8_PAJ2	NC_073172.1|YP_010745932.1_46|[Salmonella_phage_skrot]hypothetical_protein|24902..25402|166	0.168	153	126	0	2	154	4	155	2.539E-07	369
3_cl8_PAJ2	NC_054641.1|YP_010053509.1_61|[Salmonella_virus_KFS-SE2]hypothetical_protein|complement(34627..35097)|156	0.200	150	119	0	1	150	2	151	2.687E-07	368
3_cl8_PAJ2	NC_073191.1|YP_010747048.1_26|[Salmonella_phage_vB_SenS-EnJE6]hypothetical_protein|complement(19818..20318)|166	0.168	153	126	0	2	154	4	155	2.845E-07	367
3_cl8_PAJ2	NC_073169.1|YP_010745715.1_18|[Salmonella_phage_SS5]hypothetical_protein|complement(15759..16259)|166	0.191	153	122	0	2	154	4	155	2.845E-07	367
3_cl8_PAJ2	NC_073199.1|YP_010747561.1_29|[Salmonella_phage_S102]hypothetical_protein|19783..20283|166	0.175	153	125	0	2	154	4	155	3.011E-07	366
3_cl8_PAJ2	NC_073198.1|YP_010747531.1_59|[Salmonella_phage_vB_SenS_ER21]hypothetical_protein|complement(40052..40552)|166	0.175	153	125	0	2	154	4	155	3.011E-07	366
3_cl8_PAJ2	NC_073197.1|YP_010747470.1_58|[Salmonella_phage_vB_SenS_ER23]hypothetical_protein|40103..40603|166	0.175	153	125	0	2	154	4	155	3.011E-07	366
3_cl8_PAJ2	NC_041992.1|YP_009608663.1_42|[Salmonella_phage_wksl3]hypothetical_protein|complement(27064..27564)|166	0.175	153	125	0	2	154	4	155	3.011E-07	366
3_cl8_PAJ2	NC_054640.1|YP_010053420.1_47|[Salmonella_phage_Segz_1]hypothetical_protein|23514..23987|157	0.214	154	120	0	1	154	3	156	3.374E-07	364
3_cl8_PAJ2	NC_073182.1|YP_010746525.1_29|[Salmonella_virus_VSe103]hypothetical_protein|19773..20273|166	0.175	153	125	0	2	154	4	155	3.374E-07	364
3_cl8_PAJ2	NC_073208.1|YP_010748125.1_26|[Salmonella_phage_SLMP1]hypothetical_protein|complement(20699..21199)|166	0.181	153	124	0	2	154	4	155	3.374E-07	364
3_cl8_PAJ2	NC_073181.1|YP_010746468.1_30|[Salmonella_phage_5sent1]minor_tail_protein|19967..20467|166	0.175	153	125	0	2	154	4	155	3.374E-07	364
3_cl8_PAJ2	NC_073179.1|YP_010746349.1_30|[Salmonella_phage_vB_SenS_TUMS_E4]hypothetical_protein|20065..20565|166	0.175	153	125	0	2	154	4	155	3.374E-07	364
3_cl8_PAJ2	NC_073176.1|YP_010746159.1_28|[Salmonella_virus_VSe101]hypothetical_protein|19414..19914|166	0.181	153	124	0	2	154	4	155	3.374E-07	364
3_cl8_PAJ2	NC_073211.1|YP_010748298.1_37|[Salmonella_phage_T102]hypothetical_protein|22571..23071|166	0.181	153	124	0	2	154	4	155	3.374E-07	364
3_cl8_PAJ2	NC_019539.1|YP_007010481.1_28|[Salmonella_phage_vB_SenS-Ent1]hypothetical_protein|18977..19477|166	0.175	153	125	0	2	154	4	155	3.374E-07	364
3_cl8_PAJ2	NC_073183.1|YP_010746577.1_24|[Salmonella_phage_NBSal007]hypothetical_protein|complement(21183..21683)|166	0.168	153	126	0	2	154	4	155	3.374E-07	364
3_cl8_PAJ2	NC_073185.1|YP_010746711.1_42|[Salmonella_phage_PBSE191]hypothetical_protein|39461..39961|166	0.175	153	125	0	2	154	4	155	3.374E-07	364
3_cl8_PAJ2	NC_071154.1|YP_010685917.1_23|[Klebsiella_phage_BUCT541]hypothetical_protein|complement(17295..17765)|156	0.198	153	122	0	2	154	3	155	3.571E-07	363
3_cl8_PAJ2	NC_054652.1|YP_010054356.1_5|[Klebsiella_phage_YX3973]hypothetical_protein|6251..6721|156	0.198	153	122	0	2	154	3	155	3.571E-07	363
3_cl8_PAJ2	NC_054653.1|YP_010054428.1_13|[Klebsiella_virus_KpV2811]hypothetical_protein|complement(13683..14153)|156	0.195	153	122	0	2	154	3	155	3.571E-07	363
3_cl8_PAJ2	NC_054654.1|YP_010054542.1_49|[Klebsiella_phage_vB_KpnS_ZX4]hypothetical_protein|25749..26219|156	0.198	153	122	0	2	154	3	155	3.571E-07	363
3_cl8_PAJ2	NC_054645.1|YP_010053778.1_13|[Salmonella_phage_LPST10]hypothetical_protein|complement(11731..12204)|157	0.207	154	121	0	1	154	3	156	3.571E-07	363
3_cl8_PAJ2	NC_054646.1|YP_010053891.1_39|[Salmonella_phage_VB_StyS_BS5]hypothetical_protein|19802..20275|157	0.207	154	121	0	1	154	3	156	3.571E-07	363
3_cl8_PAJ2	NC_054644.1|YP_010053740.1_57|[Salmonella_virus_VSt472]hypothetical_protein|28620..29093|157	0.207	154	121	0	1	154	3	156	3.571E-07	363
3_cl8_PAJ2	NC_028768.1|YP_009196207.1_22|[Achromobacter_phage_JWX]virion_structural_protein|16122..17195|357	0.265	125	89	0	3	127	132	253	4.001E-07	361
3_cl8_PAJ2	NC_028834.1|YP_009201754.1_20|[Achromobacter_phage_83-24]hypothetical_protein|15509..16585|358	0.263	126	90	0	2	127	132	254	4.001E-07	361
3_cl8_PAJ2	NC_073184.1|YP_010746642.1_32|[Salmonella_phage_F12013]tail_protein|complement(23758..24258)|166	0.177	149	119	0	2	146	4	152	4.235E-07	360
3_cl8_PAJ2	NC_073213.1|YP_010748406.1_26|[Salmonella_phage_vB_SenS_SB3]hypothetical_protein|17765..18265|166	0.175	153	125	0	2	154	4	155	4.235E-07	360
3_cl8_PAJ2	NC_073196.1|YP_010747352.1_5|[Salmonella_phage_NBSal006]hypothetical_protein|complement(3960..4460)|166	0.175	153	125	0	2	154	4	155	4.235E-07	360
3_cl8_PAJ2	NC_048198.1|YP_009824047.1_17|[Erwinia_phage_vB_EhrS_59]hypothetical_protein|14104..14601|165	0.207	162	121	0	2	154	3	164	4.483E-07	359
3_cl8_PAJ2	NC_069154.1|YP_010582691.1_40|[Klebsiella_phage_VLCpiS11a]virion_structural_protein|complement(25256..25750)|164	0.208	155	120	0	2	153	4	158	5.317E-07	356
3_cl8_PAJ2	NC_069153.1|YP_010582605.1_27|[Salmonella_virus_VSiP]hypothetical_protein|18017..18517|166	0.206	153	120	0	2	154	4	155	5.628E-07	355
3_cl8_PAJ2	NC_071003.1|YP_010675369.1_21|[Enterobacter_phage_vB_EclS_CobraSix]hypothetical_protein|14964..15461|165	0.180	130	104	0	1	130	3	130	5.957E-07	354
3_cl8_PAJ2	NC_073194.1|YP_010747222.1_3|[Salmonella_phage_vB_SalP_LDW16]hypothetical_protein|complement(1350..1850)|166	0.175	153	125	0	2	154	4	155	5.957E-07	354
3_cl8_PAJ2	NC_073174.1|YP_010746054.1_42|[Salmonella_phage_wast]hypothetical_protein|23773..24273|166	0.168	153	126	0	2	154	4	155	6.305E-07	353
3_cl8_PAJ2	NC_073187.1|YP_010746797.1_25|[Salmonella_phage_vB_SenS-EnJE1]hypothetical_protein|complement(22305..22805)|166	0.168	153	126	0	2	154	4	155	6.305E-07	353
3_cl8_PAJ2	NC_022752.1|YP_008767027.1_28|[Salmonella_phage_SETP13]hypothetical_protein|18112..18612|166	0.168	153	126	0	2	154	4	155	6.305E-07	353
3_cl8_PAJ2	NC_009447.1|YP_001210237.1_17|[Burkholderia_phage_BcepGomr]virion_structural_protein|13816..14934|372	0.170	128	100	0	1	128	128	249	6.674E-07	352
3_cl8_PAJ2	NC_021777.1|YP_008239738.1_29|[Salmonella_phage_Jersey]hypothetical_protein|20172..20672|166	0.184	155	125	0	1	154	1	155	7.065E-07	351
3_cl8_PAJ2	NC_073316.1|YP_010749009.1_30|[Escherichia_phage_vB_EcoS_fFiEco02]hypothetical_protein|19687..20187|166	0.169	158	126	0	2	154	4	161	7.065E-07	351
3_cl8_PAJ2	NC_019927.1|YP_007237618.1_44|[Cronobacter_phage_ENT47670]hypothetical_protein|46209..46706|165	0.190	147	111	0	1	138	3	149	7.478E-07	350
3_cl8_PAJ2	NC_073216.1|YP_010748575.1_5|[Salmonella_phage_STP03]hypothetical_protein|complement(5491..5991)|166	0.162	153	127	0	2	154	4	155	7.478E-07	350
3_cl8_PAJ2	NC_009232.2|YP_001110816.2_27|[Salmonella_phage_SETP3]hypothetical_protein|18460..18960|166	0.162	153	127	0	2	154	4	155	7.478E-07	350
3_cl8_PAJ2	NC_041898.1|YP_009597357.1_26|[Escherichia_phage_K1ind2]hypothetical_protein|16992..18392|466	0.163	152	110	0	2	153	4	135	7.478E-07	350
3_cl8_PAJ2	NC_073215.1|YP_010748512.1_4|[Salmonella_phage_SGPC]tail_protein|complement(1472..1972)|166	0.168	153	126	0	2	154	4	155	8.378E-07	348
3_cl8_PAJ2	NC_073214.1|YP_010748481.1_38|[Salmonella_phage_vB_SenS_ER1]hypothetical_protein|21670..22170|166	0.175	153	125	0	2	154	4	155	8.378E-07	348
3_cl8_PAJ2	NC_073217.1|YP_010748688.1_48|[Salmonella_phage_pink]hypothetical_protein|25082..25582|166	0.175	153	125	0	2	154	4	155	8.378E-07	348
3_cl8_PAJ2	NC_020839.1|YP_007673206.1_6|[Rhodobacter_phage_RC1]virion_structural_protein|complement(6559..6981)|140	0.207	137	95	0	1	121	3	139	8.869E-07	347
3_cl8_PAJ2	NC_020866.1|YP_007676430.1_51|[Rhodovulum_phage_RS1]virion_structural_protein|32787..33209|140	0.207	137	95	0	1	121	3	139	8.869E-07	347
3_cl8_PAJ2	NC_006940.2|YP_308655.1_54|[Salmonella_phage_SS3e]hypothetical_protein|complement(36137..36637)|166	0.168	153	126	0	2	154	4	155	9.388E-07	346
3_cl8_PAJ2	NC_073212.1|YP_010748343.1_28|[Salmonella_phage_ZCSE9]hypothetical_protein|19068..19568|166	0.168	153	126	0	2	154	4	155	9.388E-07	346
3_cl8_PAJ2	NC_022754.1|YP_008767198.1_27|[Salmonella_phage_SETP7]hypothetical_protein|17572..18072|166	0.162	153	127	0	2	154	4	155	9.937E-07	345
3_cl8_PAJ2	NC_073195.1|YP_010747307.1_28|[Salmonella_phage_Shelanagig]hypothetical_protein|18443..18943|166	0.168	153	126	0	2	154	4	155	9.937E-07	345
3_cl8_PAJ2	NC_054636.1|YP_010053061.1_17|[Shigella_phage_Sf11_SMD-2017]hypothetical_protein|complement(13880..15253)|457	0.186	154	125	0	1	154	3	156	1.113E-06	343
3_cl8_PAJ2	NC_041991.1|YP_009608582.1_27|[Salmonella_phage_vB_SenS_AG11]hypothetical_protein|17728..18228|166	0.171	155	127	0	1	154	1	155	1.178E-06	342
3_cl8_PAJ2	NC_073175.1|YP_010746101.1_29|[Salmonella_virus_VSt10]hypothetical_protein|19072..19572|166	0.168	153	126	0	2	154	4	155	1.398E-06	339
3_cl8_PAJ2	NC_070824.1|YP_010655303.1_4|[Pseudoalteromonas_phage_C7]hypothetical_protein|complement(4549..5016)|155	0.186	155	124	0	2	154	1	155	1.479E-06	338
3_cl8_PAJ2	NC_042084.1|YP_009620106.1_26|[Escherichia_phage_VB_EcoS-Golestan]hypothetical_protein|17370..18788|472	0.168	152	109	0	2	153	4	135	1.658E-06	336
3_cl8_PAJ2	NC_069150.1|YP_010582406.1_33|[Salmonella_phage_vB_STM-ZS]hypothetical_protein|complement(22605..23105)|166	0.185	154	124	0	2	154	4	157	1.966E-06	333
3_cl8_PAJ2	NC_069146.1|YP_010582164.1_57|[Salmonella_phage_St162]hypothetical_protein|36455..36955|166	0.185	154	124	0	2	154	4	157	1.966E-06	333
3_cl8_PAJ2	NC_069148.1|YP_010582260.1_27|[Salmonella_phage_TS6]hypothetical_protein|complement(19322..19822)|166	0.185	154	124	0	2	154	4	157	1.966E-06	333
3_cl8_PAJ2	NC_069149.1|YP_010582359.1_61|[Salmonella_phage_vB_SenTO17]hypothetical_protein|complement(31844..32344)|166	0.185	154	124	0	2	154	4	157	1.966E-06	333
3_cl8_PAJ2	NC_069151.1|YP_010582466.1_34|[Salmonella_phage_vB_SenS_SE1]hypothetical_protein|complement(21758..22258)|166	0.185	154	124	0	2	154	4	157	1.966E-06	333
3_cl8_PAJ2	NC_073317.1|YP_010749084.1_28|[Escherichia_phage_vB_EcoS_fPoEco01]hypothetical_protein|18289..18789|166	0.168	153	126	0	2	154	4	155	1.966E-06	333
3_cl8_PAJ2	NC_021775.1|YP_008239652.1_55|[Salmonella_phage_FSL_SP-031]hypothetical_protein|36428..36928|166	0.197	154	122	0	2	154	4	157	2.081E-06	332
3_cl8_PAJ2	NC_073325.1|YP_010749670.1_4|[Escherichia_phage_vB_EcoS_XY1]minor_tail_protein|complement(3811..5211)|466	0.194	132	101	0	2	133	4	129	2.081E-06	332
3_cl8_PAJ2	NC_069147.1|YP_010582233.1_64|[Salmonella_phage_GRNsp27]hypothetical_protein|40507..41007|166	0.197	154	122	0	2	154	4	157	2.203E-06	331
3_cl8_PAJ2	NC_073321.1|YP_010749394.1_37|[Escherichia_phage_ZCEC5]hypothetical_protein|20117..20617|166	0.155	158	128	0	2	154	4	161	2.203E-06	331
3_cl8_PAJ2	NC_073323.1|YP_010749527.1_27|[Escherichia_phage_vB_EcoS-phiEc3]minor_tail_protein|17198..18616|472	0.168	152	109	0	2	153	4	135	2.331E-06	330
3_cl8_PAJ2	NC_048181.1|YP_009821861.1_25|[Raoultella_phage_RP180]hypothetical_protein|19172..19666|164	0.243	155	114	0	2	153	4	158	2.468E-06	329
3_cl8_PAJ2	NC_027994.1|YP_009168856.1_24|[Escherichia_phage_K1H]hypothetical_protein|16248..16748|166	0.193	143	108	0	2	144	4	138	2.612E-06	328
3_cl8_PAJ2	NC_093713.1|YP_011217263.1_8|[Escherichia_phage_P_AB-2017]hypothetical_protein|complement(8713..9213)|166	0.173	152	124	0	2	153	4	154	2.612E-06	328
3_cl8_PAJ2	NC_027993.1|YP_009168807.1_27|[Escherichia_phage_K1G]hypothetical_protein|17937..18437|166	0.193	143	108	0	2	144	4	138	2.612E-06	328
3_cl8_PAJ2	NC_019541.1|YP_007010627.1_46|[Acinetobacter_phage_YMC/09/02/B1251]virion_structural_protein|33893..34291|132	0.201	136	103	0	1	136	1	130	2.765E-06	327
3_cl8_PAJ2	NC_093712.1|YP_011217191.1_3|[Escherichia_phage_L_AB-2017]hypothetical_protein|complement(1052..1552)|166	0.173	152	124	0	2	153	4	154	3.098E-06	325
3_cl8_PAJ2	NC_020846.1|YP_007674000.1_38|[Vibrio_phage_pYD21-A]virion_structural_protein|24843..25325|160	0.141	156	125	0	2	148	4	159	3.674E-06	322
3_cl8_PAJ2	NC_041897.1|YP_009597306.1_26|[Escherichia_phage_K1ind1]hypothetical_protein|16991..18391|466	0.194	132	101	0	2	133	4	129	3.889E-06	321
3_cl8_PAJ2	NC_025466.1|YP_009103926.1_40|[Shewanella_sp._phage_3/49]hypothetical_protein|23325..23825|166	0.198	153	120	0	4	154	6	158	4.117E-06	320
3_cl8_PAJ2	NC_073324.1|YP_010749624.1_44|[Escherichia_phage_vB_EcoS-22664BS2]hypothetical_protein|22068..23465|465	0.194	132	101	0	2	133	4	129	4.117E-06	320
3_cl8_PAJ2	NC_069152.1|YP_010582522.1_27|[Salmonella_phage_Shemara]hypothetical_protein|18129..18629|166	0.193	153	122	0	2	154	4	155	4.358E-06	319
3_cl8_PAJ2	NC_073314.1|YP_010748874.1_48|[Escherichia_virus_fEg-Eco19]hypothetical_protein|24956..25456|166	0.180	143	110	0	2	144	4	138	4.612E-06	318
3_cl8_PAJ2	NC_028698.1|YP_009191569.1_16|[Salmonella_phage_f18SE]hypothetical_protein|complement(15923..16423)|166	0.168	153	126	0	2	154	4	155	4.882E-06	317
3_cl8_PAJ2	NC_070970.1|YP_010671701.1_28|[Pseudomonas_phage_Iggy]hypothetical_protein|20297..21124|275	0.236	126	90	0	4	129	2	120	5.470E-06	315
3_cl8_PAJ2	NC_070971.1|YP_010671790.1_27|[Pseudomonas_virus_PBPA162]hypothetical_protein|complement(21915..22742)|275	0.236	126	90	0	4	129	2	120	6.129E-06	313
3_cl8_PAJ2	NC_073320.1|YP_010749347.1_61|[Escherichia_phage_26]hypothetical_protein|32941..33414|157	0.222	148	113	0	8	153	4	151	7.269E-06	310
3_cl8_PAJ2	NC_073319.1|YP_010749258.1_53|[Escherichia_phage_SZH-1]hypothetical_protein|complement(25719..26192)|157	0.224	148	113	0	8	153	4	151	9.659E-06	305
3_cl8_PAJ2	NC_007709.1|YP_453576.1_18|[Xanthomonas_phage_OP1]virion_structural_protein|13552..13905|117	0.200	123	93	0	1	123	1	117	1.082E-05	303
3_cl8_PAJ2	NC_073322.1|YP_010749475.1_46|[Escherichia_phage_vB_EcoS-Ro145c2YLVW]hypothetical_protein|23553..24026|157	0.231	142	105	0	8	149	4	141	1.283E-05	300
3_cl8_PAJ2	NC_029033.1|YP_009220355.1_54|[Achromobacter_phage_phiAxp-1]virion_structural_protein|33078..34382|434	0.229	129	95	0	1	129	129	252	1.438E-05	298
3_cl8_PAJ2	NC_073318.1|YP_010749194.1_61|[Escherichia_phage_NTEC3]hypothetical_protein|complement(34314..35714)|466	0.200	132	100	0	2	133	4	129	1.438E-05	298
3_cl8_PAJ2	NC_016165.1|YP_004934695.1_52|[Rhodobacter_phage_RcapMu]virion_structural_protein|31713..32135|140	0.181	135	97	0	2	120	4	138	1.522E-05	297
3_cl8_PAJ2	NC_004902.1|NP_858966.1_19|[Xanthomonas_phage_Xp10]virion_structural_protein|13362..13718|118	0.222	123	91	0	1	123	1	118	1.611E-05	296
3_cl8_PAJ2	NC_019933.2|YP_007238089.1_19|[Xanthomonas_phage_CP1]virion_structural_protein|14827..15189|120	0.190	123	96	0	1	123	1	119	1.706E-05	295
3_cl8_PAJ2	NC_070822.1|YP_010655179.1_15|[Pseudoalteromonas_phage_TW1]hypothetical_protein|8086..8556|156	0.194	154	114	0	1	154	4	146	1.911E-05	293
3_cl8_PAJ2	NC_009543.1|YP_001285688.1_16|[Xanthomonas_phage_Xop411]virion_structural_protein|12401..12757|118	0.200	123	93	0	1	123	1	117	2.399E-05	289
3_cl8_PAJ2	NC_012742.1|YP_002922631.1_17|[Xanthomonas_phage_phiL7]virion_structural_protein|13581..13940|119	0.214	123	93	0	1	123	1	119	2.399E-05	289
3_cl8_PAJ2	NC_021563.1|YP_008130357.1_64|[Serratia_phage_Eta]hypothetical_protein|36442..36936|164	0.176	156	125	0	2	154	4	159	2.845E-05	286
3_cl8_PAJ2	NC_073315.1|YP_010748930.1_28|[Escherichia_phage_vB_EcoS_fFiEco03]hypothetical_protein|17935..19305|456	0.252	122	85	0	8	129	4	117	2.845E-05	286
3_cl8_PAJ2	NC_069155.1|YP_010582758.1_50|[Serratia_phage_Tsm2]hypothetical_protein|30094..30588|164	0.173	158	126	0	1	153	1	158	5.024E-05	276
3_cl8_PAJ2	NC_007024.1|YP_239288.1_20|[Xanthomonas_phage_Xp15]virion_structural_protein|16353..16724|123	0.160	127	102	0	1	127	1	123	5.628E-05	274
3_cl8_PAJ2	NC_070823.1|YP_010655298.1_72|[Pseudoalteromonas_phage_vB_PspS-H40/1]hypothetical_protein|44459..44860|133	0.152	128	101	0	2	129	4	123	5.628E-05	274
3_cl8_PAJ2	NC_069156.1|YP_010582773.1_5|[Serratia_phage_vB_SmaM-Otaku]hypothetical_protein|complement(4881..5375)|164	0.176	155	124	0	2	153	4	158	7.479E-05	269
3_cl8_PAJ2	NC_070823.1|YP_010655299.1_73|[Pseudoalteromonas_phage_vB_PspS-H40/1]hypothetical_protein|44860..45306|148	0.150	151	111	0	2	152	13	144	1.179E-04	261
3_cl8_PAJ2	NC_071020.1|YP_010677399.1_91|[Stenotrophomonas_phage_BUCT626]hypothetical_protein|complement(54409..54771)|120	0.168	122	98	0	1	122	1	119	1.321E-04	259
3_cl8_PAJ2	NC_048720.1|YP_009839234.1_36|[Streptomyces_phage_Blueeyedbeauty]minor_tail_protein|29256..29657|133	0.153	106	88	0	15	120	28	132	2.081E-04	251
3_cl8_PAJ2	NC_070785.1|YP_010652119.1_33|[Streptomyces_phage_Wakanda]minor_tail_protein|30519..30920|133	0.188	107	85	0	15	120	26	132	2.203E-04	250
3_cl8_PAJ2	NC_070786.1|YP_010652347.1_33|[Streptomyces_phage_Muntaha]minor_tail_protein|30581..30982|133	0.188	107	85	0	15	120	26	132	2.203E-04	250
3_cl8_PAJ2	NC_071017.1|YP_010677054.1_50|[Stenotrophomonas_phage_Salva]hypothetical_protein|25137..25502|121	0.176	123	98	0	1	123	1	120	2.613E-04	247
3_cl8_PAJ2	NC_070784.1|YP_010651888.1_36|[Streptomyces_phage_TunaTartare]minor_tail_protein|31055..31456|133	0.153	115	96	0	7	120	18	132	2.766E-04	246
3_cl8_PAJ2	NC_071018.1|YP_010677153.1_47|[Stenotrophomonas_phage_Siara]minor_tail_protein|24189..24554|121	0.168	123	99	0	1	123	1	120	2.927E-04	245
3_cl8_PAJ2	NC_071019.1|YP_010677215.1_9|[Stenotrophomonas_phage_vB_SmaS_BUCT548]hypothetical_protein|7128..7490|120	0.168	122	98	0	1	122	1	119	3.472E-04	242
3_cl8_PAJ2	NC_071021.1|YP_010677479.1_73|[Stenotrophomonas_phage_BUCT627]hypothetical_protein|complement(42907..43269)|120	0.168	122	98	0	1	122	1	119	3.472E-04	242
3_cl8_PAJ2	NC_048722.1|YP_009839749.1_60|[Streptomyces_phage_Wofford]minor_tail_protein|41126..41521|131	0.125	115	99	0	7	120	16	130	3.890E-04	240
3_cl8_PAJ2	NC_048719.1|YP_009839003.1_34|[Streptomyces_phage_Annadreamy]minor_tail_protein|28783..29169|128	0.160	115	95	0	7	120	13	127	4.117E-04	239
3_cl8_PAJ2	NC_055813.1|YP_010103951.1_58|[Streptomyces_phage_Braelyn]hypothetical_protein|40174..40575|133	0.137	115	98	0	7	120	18	132	6.130E-04	232
3_cl8_PAJ2	NC_042010.1|YP_009611052.1_55|[Streptomyces_phage_Paradiddles]minor_tail_protein|39331..39732|133	0.137	115	98	0	7	120	18	132	6.489E-04	231
3_cl8_PAJ2	NC_042009.1|YP_009610831.1_55|[Streptomyces_phage_NootNoot]minor_tail_protein|39070..39471|133	0.137	115	98	0	7	120	18	132	6.489E-04	231
3_cl8_PAJ2	NC_048730.1|YP_009841198.1_61|[Streptomyces_phage_Yaboi]minor_tail_protein|40036..40431|131	0.169	115	94	0	7	120	16	130	6.868E-04	230
3_cl8_PAJ2	NC_026587.1|YP_009124466.1_70|[Pseudomonas_phage_vB_PaeM_PAO1_Ab03]virion_structural_protein|37157..37594|145	0.169	134	109	0	16	149	5	136	6.868E-04	230
3_cl8_PAJ2	NC_029098.1|YP_009225790.1_64|[Streptomyces_phage_Jay2Jay]hypothetical_protein|41626..42027|133	0.137	106	90	0	15	120	28	132	7.270E-04	229
3_cl8_PAJ2	NC_055809.1|YP_010103437.1_59|[Streptomyces_phage_Evy]hypothetical_protein|40773..41174|133	0.137	106	90	0	15	120	28	132	7.270E-04	229
3_cl8_PAJ2	NC_048742.1|YP_009842504.1_37|[Streptomyces_phage_Gilson]minor_tail_protein|29616..30017|133	0.133	111	95	0	11	120	22	132	8.622E-04	226
3_cl8_PAJ2	NC_013021.1|YP_003084222.1_78|[Cyanophage_PSS2]tail_tape_measure_protein|59795..60211|138	0.146	118	99	0	7	123	21	138	8.622E-04	226
3_cl8_PS-1	NC_029066.1|YP_009222842.1_72|[Pseudomonas_phage_PS-1]virion_structural_protein|40548..41054|168	1.000	168	0	0	1	168	1	168	1.705E-24	1063
3_cl8_PS-1	NC_002484.2|NP_061517.1_20|[Pseudomonas_phage_D3]virion_structural_protein|13793..14272|159	0.445	156	83	0	1	150	1	156	1.449E-13	621
3_cl8_PS-1	NC_016765.1|YP_005098223.1_20|[Pseudomonas_phage_PMG1]virion_structural_protein|13837..14316|159	0.445	156	83	0	1	150	1	156	1.449E-13	621
3_cl8_PS-1	NC_074663.1|YP_010773399.1_9|[Pseudomonas_phage_vB_Pae_LC3I3]hypothetical_protein|6635..7102|155	0.421	152	86	0	1	150	1	152	3.215E-13	607
3_cl8_PS-1	NC_030929.1|YP_009275521.1_34|[Pseudomonas_phage_JBD44]virion_structural_protein|21460..21927|155	0.421	152	86	0	1	150	1	152	3.215E-13	607
3_cl8_PS-1	NC_016762.1|YP_005098084.1_57|[Pseudomonas_phage_phi297]virion_structural_protein|37368..37835|155	0.421	152	86	0	1	150	1	152	3.603E-13	605
3_cl8_PS-1	NC_074664.1|YP_010773482.1_14|[Pseudomonas_phage_BUCT566]hypothetical_protein|10993..11460|155	0.414	152	87	0	1	150	1	152	6.015E-13	596
3_cl8_PS-1	NC_011373.1|YP_002284353.1_19|[Pseudomonas_phage_PAJU2]virion_structural_protein|14682..15146|154	0.461	154	80	0	1	149	1	154	8.464E-13	590
3_cl8_PS-1	NC_030909.1|YP_009273704.1_22|[Pseudomonas_phage_YMC11/07/P54_PAE_BP]virion_structural_protein|complement(17708..18106)|132	0.421	128	72	0	25	150	2	129	5.138E-09	437
3_cl8_PS-1	NC_025471.1|YP_009104265.1_28|[Idiomarinaceae_phage_Phi1M2-2]virion_structural_protein|16209..16694|161	0.245	161	112	0	1	149	1	161	5.757E-09	435
3_cl8_PS-1	NC_028819.1|YP_009200200.1_14|[Pseudoalteromonas_phage_H103]virion_structural_protein|complement(10119..10595)|158	0.184	167	124	0	2	168	5	157	6.452E-09	433
3_cl8_PS-1	NC_054648.1|YP_010054082.1_62|[Salmonella_phage_vB_Se_STGO-35-1]minor_tail_protein|29548..30021|157	0.219	154	116	0	1	149	3	156	1.798E-08	415
3_cl8_PS-1	NC_031924.1|YP_009322780.1_67|[Salmonella_phage_IME207]hypothetical_protein|28806..29282|158	0.210	155	118	0	1	150	3	157	1.903E-08	414
3_cl8_PS-1	NC_054638.1|YP_010053258.1_48|[Salmonella_phage_vB_SenS_SB28]hypothetical_protein|24344..24814|156	0.206	154	118	0	1	149	2	155	3.001E-08	406
3_cl8_PS-1	NC_054642.1|YP_010053565.1_32|[Salmonella_phage_Seszw_1]hypothetical_protein|17534..18007|157	0.232	155	116	0	1	152	3	157	3.177E-08	405
3_cl8_PS-1	NC_054649.1|YP_010054112.1_4|[Escherichia_phage_vB_EcoS_swi2]hypothetical_protein|complement(5668..6141)|157	0.213	154	116	0	1	149	3	156	3.363E-08	404
3_cl8_PS-1	NC_054651.1|YP_010054281.1_6|[Escherichia_phage_C1]hypothetical_protein|complement(6554..7027)|157	0.211	154	117	0	1	149	3	156	5.010E-08	397
3_cl8_PS-1	NC_070846.1|YP_010657369.1_2|[Salmonella_phage_LPSTLL]hypothetical_protein|1594..2067|157	0.203	155	119	0	1	150	2	156	5.943E-08	394
3_cl8_PS-1	NC_054637.1|YP_010053153.1_29|[Escherichia_phage_vB_EcoS_Sa179lw]hypothetical_protein|15910..16383|157	0.193	154	119	0	1	149	3	156	7.463E-08	390
3_cl8_PS-1	NC_073031.1|YP_010738739.1_12|[Janthinobacterium_phage_vB_JliS-Donnerlittchen]hypothetical_protein|6881..7357|158	0.198	138	103	0	1	138	1	130	7.463E-08	390
3_cl8_PS-1	NC_054643.1|YP_010053681.1_76|[Salmonella_phage_SeSz-2]hypothetical_protein|39846..40316|156	0.226	155	117	0	1	152	2	156	8.363E-08	388
3_cl8_PS-1	NC_071152.1|YP_010685763.1_30|[Klebsiella_phage_VLCpiS13a]virion_structural_protein|17455..17925|156	0.207	153	117	0	2	149	3	155	8.853E-08	387
3_cl8_PS-1	NC_070824.1|YP_010655303.1_4|[Pseudoalteromonas_phage_C7]hypothetical_protein|complement(4549..5016)|155	0.187	167	124	0	2	168	1	154	1.177E-07	382
3_cl8_PS-1	NC_054647.1|YP_010053951.1_16|[Salmonella_phage_Akira]hypothetical_protein|complement(13949..14422)|157	0.207	155	120	0	1	152	3	157	1.396E-07	379
3_cl8_PS-1	NC_054650.1|YP_010054212.1_16|[Shigella_phage_DS8]hypothetical_protein|8852..9325|157	0.190	168	123	0	1	168	3	155	1.396E-07	379
3_cl8_PS-1	NC_031918.1|YP_009322249.1_52|[Salmonella_phage_64795_sal3]hypothetical_protein|27290..27772|160	0.202	166	120	0	2	167	7	157	1.396E-07	379
3_cl8_PS-1	NC_071149.1|YP_010685562.1_68|[Klebsiella_phage_vB_Kpn_ZCKp20p]baseplate_wedge_protein|32709..33179|156	0.207	153	117	0	2	149	3	155	1.478E-07	378
3_cl8_PS-1	NC_071156.1|YP_010686107.1_56|[Klebsiella_phage_6991]hypothetical_protein|28567..29037|156	0.207	153	117	0	2	149	3	155	1.478E-07	378
3_cl8_PS-1	NC_071150.1|YP_010685647.1_69|[Klebsiella_phage_ZCKP8]minor_tail_protein|32402..32872|156	0.207	153	117	0	2	149	3	155	1.478E-07	378
3_cl8_PS-1	NC_071151.1|YP_010685719.1_57|[Klebsiella_phage_vB_Kpn_ZC2]minor_tail_protein|32717..33187|156	0.207	153	117	0	2	149	3	155	1.478E-07	378
3_cl8_PS-1	NC_071146.1|YP_010685295.1_37|[Klebsiella_phage_vB_KpnS_MK54]minor_tail_protein|19423..19893|156	0.207	153	117	0	2	149	3	155	1.753E-07	375
3_cl8_PS-1	NC_054639.1|YP_010053346.1_63|[Salmonella_phage_Skate]hypothetical_protein|28397..28873|158	0.221	155	116	0	1	150	3	157	1.753E-07	375
3_cl8_PS-1	NC_041992.1|YP_009608663.1_42|[Salmonella_phage_wksl3]hypothetical_protein|complement(27064..27564)|166	0.141	153	127	0	2	150	4	156	1.753E-07	375
3_cl8_PS-1	NC_071153.1|YP_010685868.1_57|[Klebsiella_phage_BUCT610]hypothetical_protein|27338..27808|156	0.201	153	117	0	2	149	3	155	1.856E-07	374
3_cl8_PS-1	NC_071157.1|YP_010686190.1_59|[Klebsiella_phage_VLCpiS13c]virion_structural_protein|complement(35238..35708)|156	0.200	153	118	0	2	149	3	155	2.080E-07	372
3_cl8_PS-1	NC_042037.1|YP_009614658.1_62|[Aeromonas_phage_pIS4-A]hypothetical_protein|32456..32926|156	0.207	153	117	0	2	149	3	155	2.202E-07	371
3_cl8_PS-1	NC_021534.1|YP_008126232.1_68|[Vibrio_phage_pYD38-A]hypothetical_protein|complement(39512..39982)|156	0.207	153	117	0	2	149	3	155	2.202E-07	371
3_cl8_PS-1	NC_071143.1|YP_010685006.1_3|[Flyfo_siphovirus_Tbat1_6]hypothetical_protein|3131..3601|156	0.207	153	117	0	2	149	3	155	2.202E-07	371
3_cl8_PS-1	NC_073194.1|YP_010747222.1_3|[Salmonella_phage_vB_SalP_LDW16]hypothetical_protein|complement(1350..1850)|166	0.141	153	127	0	2	150	4	156	2.202E-07	371
3_cl8_PS-1	NC_010495.1|YP_001742072.1_35|[Salmonella_phage_Vi_II-E1]hypothetical_protein|24365..24835|156	0.196	155	121	0	1	152	2	156	2.331E-07	370
3_cl8_PS-1	NC_054653.1|YP_010054428.1_13|[Klebsiella_virus_KpV2811]hypothetical_protein|complement(13683..14153)|156	0.222	153	114	0	2	149	3	155	2.331E-07	370
3_cl8_PS-1	NC_071145.1|YP_010685197.1_17|[Klebsiella_phage_VLCpiS13e]virion_structural_protein|10270..10743|157	0.218	154	116	0	1	149	3	156	2.331E-07	370
3_cl8_PS-1	NC_073190.1|YP_010747004.1_50|[Salmonella_phage_vB_SenS_S528]hypothetical_protein|24404..24904|166	0.147	153	126	0	2	150	4	156	2.331E-07	370
3_cl8_PS-1	NC_073207.1|YP_010748064.1_18|[Salmonella_phage_SHWT1]hypothetical_protein|complement(17411..17911)|166	0.147	153	126	0	2	150	4	156	2.331E-07	370
3_cl8_PS-1	NC_073189.1|YP_010746947.1_55|[Salmonella_phage_JD01]hypothetical_protein|complement(38045..38545)|166	0.147	153	126	0	2	150	4	156	2.331E-07	370
3_cl8_PS-1	NC_073193.1|YP_010747216.1_59|[Salmonella_phage_vB_SalS-S10]hypothetical_protein|39171..39671|166	0.147	153	126	0	2	150	4	156	2.331E-07	370
3_cl8_PS-1	NC_073192.1|YP_010747095.1_6|[Salmonella_phage_F118P13]hypothetical_protein|complement(5673..6173)|166	0.147	153	126	0	2	150	4	156	2.331E-07	370
3_cl8_PS-1	NC_073188.1|YP_010746874.1_48|[Salmonella_phage_vB_SenS_S532]hypothetical_protein|24316..24816|166	0.147	153	126	0	2	150	4	156	2.331E-07	370
3_cl8_PS-1	NC_073202.1|YP_010747772.1_47|[Salmonella_phage_celemicas]hypothetical_protein|25526..26026|166	0.147	153	126	0	2	150	4	156	2.467E-07	369
3_cl8_PS-1	NC_073209.1|YP_010748162.1_6|[Salmonella_phage_GRNsp50]hypothetical_protein|complement(5544..6044)|166	0.147	153	126	0	2	150	4	156	2.467E-07	369
3_cl8_PS-1	NC_073173.1|YP_010745993.1_42|[Salmonella_phage_blauehaus]hypothetical_protein|23963..24463|166	0.147	153	126	0	2	150	4	156	2.467E-07	369
3_cl8_PS-1	NC_073178.1|YP_010746288.1_31|[Salmonella_phage_vB_SenS_TUMS_E19]hypothetical_protein|20086..20586|166	0.147	153	126	0	2	150	4	156	2.467E-07	369
3_cl8_PS-1	NC_073200.1|YP_010747627.1_31|[Salmonella_phage_S100]hypothetical_protein|20810..21310|166	0.147	153	126	0	2	150	4	156	2.467E-07	369
3_cl8_PS-1	NC_073203.1|YP_010747823.1_31|[Salmonella_phage_MET_P1_001_43]hypothetical_protein|19249..19749|166	0.147	153	126	0	2	150	4	156	2.467E-07	369
3_cl8_PS-1	NC_073201.1|YP_010747703.1_41|[Salmonella_phage_dunkel]hypothetical_protein|25780..26280|166	0.147	153	126	0	2	150	4	156	2.467E-07	369
3_cl8_PS-1	NC_073186.1|YP_010746744.1_32|[Salmonella_phage_vB_SenS_PVP-SE2]hypothetical_protein|complement(23538..24038)|166	0.147	153	126	0	2	150	4	156	2.467E-07	369
3_cl8_PS-1	NC_071155.1|YP_010686024.1_52|[Klebsiella_phage_VLCpiS13b]virion_structural_protein|26421..26891|156	0.214	153	116	0	2	149	3	155	2.612E-07	368
3_cl8_PS-1	NC_071154.1|YP_010685917.1_23|[Klebsiella_phage_BUCT541]hypothetical_protein|complement(17295..17765)|156	0.222	153	114	0	2	149	3	155	2.765E-07	367
3_cl8_PS-1	NC_054652.1|YP_010054356.1_5|[Klebsiella_phage_YX3973]hypothetical_protein|6251..6721|156	0.222	153	114	0	2	149	3	155	2.765E-07	367
3_cl8_PS-1	NC_054654.1|YP_010054542.1_49|[Klebsiella_phage_vB_KpnS_ZX4]hypothetical_protein|25749..26219|156	0.222	153	114	0	2	149	3	155	2.765E-07	367
3_cl8_PS-1	NC_073191.1|YP_010747048.1_26|[Salmonella_phage_vB_SenS-EnJE6]hypothetical_protein|complement(19818..20318)|166	0.141	153	127	0	2	150	4	156	2.765E-07	367
3_cl8_PS-1	NC_073216.1|YP_010748575.1_5|[Salmonella_phage_STP03]hypothetical_protein|complement(5491..5991)|166	0.128	153	129	0	2	150	4	156	2.927E-07	366
3_cl8_PS-1	NC_028834.1|YP_009201754.1_20|[Achromobacter_phage_83-24]hypothetical_protein|15509..16585|358	0.250	123	89	0	2	121	132	254	2.927E-07	366
3_cl8_PS-1	NC_071142.1|YP_010684975.1_52|[Klebsiella_phage_VLCpiS13d]virion_structural_protein|25572..26042|156	0.206	153	117	0	2	149	3	155	3.098E-07	365
3_cl8_PS-1	NC_073215.1|YP_010748512.1_4|[Salmonella_phage_SGPC]tail_protein|complement(1472..1972)|166	0.138	149	117	0	2	138	4	152	3.280E-07	364
3_cl8_PS-1	NC_073183.1|YP_010746577.1_24|[Salmonella_phage_NBSal007]hypothetical_protein|complement(21183..21683)|166	0.141	153	127	0	2	150	4	156	3.280E-07	364
3_cl8_PS-1	NC_073174.1|YP_010746054.1_42|[Salmonella_phage_wast]hypothetical_protein|23773..24273|166	0.141	153	127	0	2	150	4	156	3.472E-07	363
3_cl8_PS-1	NC_069153.1|YP_010582605.1_27|[Salmonella_virus_VSiP]hypothetical_protein|18017..18517|166	0.147	154	126	0	2	150	4	157	3.472E-07	363
3_cl8_PS-1	NC_009232.2|YP_001110816.2_27|[Salmonella_phage_SETP3]hypothetical_protein|18460..18960|166	0.141	153	127	0	2	150	4	156	3.472E-07	363
3_cl8_PS-1	NC_073187.1|YP_010746797.1_25|[Salmonella_phage_vB_SenS-EnJE1]hypothetical_protein|complement(22305..22805)|166	0.141	153	127	0	2	150	4	156	3.472E-07	363
3_cl8_PS-1	NC_022752.1|YP_008767027.1_28|[Salmonella_phage_SETP13]hypothetical_protein|18112..18612|166	0.141	153	127	0	2	150	4	156	3.472E-07	363
3_cl8_PS-1	NC_006940.2|YP_308655.1_54|[Salmonella_phage_SS3e]hypothetical_protein|complement(36137..36637)|166	0.138	149	117	0	2	138	4	152	3.891E-07	361
3_cl8_PS-1	NC_073212.1|YP_010748343.1_28|[Salmonella_phage_ZCSE9]hypothetical_protein|19068..19568|166	0.138	149	117	0	2	138	4	152	3.891E-07	361
3_cl8_PS-1	NC_054645.1|YP_010053778.1_13|[Salmonella_phage_LPST10]hypothetical_protein|complement(11731..12204)|157	0.206	154	118	0	1	149	3	156	4.360E-07	359
3_cl8_PS-1	NC_054646.1|YP_010053891.1_39|[Salmonella_phage_VB_StyS_BS5]hypothetical_protein|19802..20275|157	0.206	154	118	0	1	149	3	156	4.360E-07	359
3_cl8_PS-1	NC_071144.1|YP_010685103.1_4|[Klebsiella_phage_VLCpiS13f]virion_structural_protein|complement(4718..5191)|157	0.209	154	117	0	1	149	3	156	4.360E-07	359
3_cl8_PS-1	NC_054644.1|YP_010053740.1_57|[Salmonella_virus_VSt472]hypothetical_protein|28620..29093|157	0.206	154	118	0	1	149	3	156	4.360E-07	359
3_cl8_PS-1	NC_021775.1|YP_008239652.1_55|[Salmonella_phage_FSL_SP-031]hypothetical_protein|36428..36928|166	0.159	156	124	0	2	150	4	159	4.360E-07	359
3_cl8_PS-1	NC_073199.1|YP_010747561.1_29|[Salmonella_phage_S102]hypothetical_protein|19783..20283|166	0.144	149	116	0	2	138	4	152	4.360E-07	359
3_cl8_PS-1	NC_073198.1|YP_010747531.1_59|[Salmonella_phage_vB_SenS_ER21]hypothetical_protein|complement(40052..40552)|166	0.144	149	116	0	2	138	4	152	4.360E-07	359
3_cl8_PS-1	NC_073197.1|YP_010747470.1_58|[Salmonella_phage_vB_SenS_ER23]hypothetical_protein|40103..40603|166	0.144	149	116	0	2	138	4	152	4.360E-07	359
3_cl8_PS-1	NC_054641.1|YP_010053509.1_61|[Salmonella_virus_KFS-SE2]hypothetical_protein|complement(34627..35097)|156	0.197	150	116	0	1	145	2	151	4.615E-07	358
3_cl8_PS-1	NC_073169.1|YP_010745715.1_18|[Salmonella_phage_SS5]hypothetical_protein|complement(15759..16259)|166	0.146	154	126	0	2	150	4	157	4.615E-07	358
3_cl8_PS-1	NC_073175.1|YP_010746101.1_29|[Salmonella_virus_VSt10]hypothetical_protein|19072..19572|166	0.134	153	128	0	2	150	4	156	4.886E-07	357
3_cl8_PS-1	NC_073208.1|YP_010748125.1_26|[Salmonella_phage_SLMP1]hypothetical_protein|complement(20699..21199)|166	0.149	153	126	0	2	150	4	156	5.172E-07	356
3_cl8_PS-1	NC_073176.1|YP_010746159.1_28|[Salmonella_virus_VSe101]hypothetical_protein|19414..19914|166	0.149	153	126	0	2	150	4	156	5.172E-07	356
3_cl8_PS-1	NC_073211.1|YP_010748298.1_37|[Salmonella_phage_T102]hypothetical_protein|22571..23071|166	0.149	153	126	0	2	150	4	156	5.172E-07	356
3_cl8_PS-1	NC_069147.1|YP_010582233.1_64|[Salmonella_phage_GRNsp27]hypothetical_protein|40507..41007|166	0.146	155	126	0	2	150	4	158	5.172E-07	356
3_cl8_PS-1	NC_054640.1|YP_010053420.1_47|[Salmonella_phage_Segz_1]hypothetical_protein|23514..23987|157	0.206	154	118	0	1	149	3	156	5.475E-07	355
3_cl8_PS-1	NC_073182.1|YP_010746525.1_29|[Salmonella_virus_VSe103]hypothetical_protein|19773..20273|166	0.141	154	127	0	2	150	4	157	5.475E-07	355
3_cl8_PS-1	NC_073181.1|YP_010746468.1_30|[Salmonella_phage_5sent1]minor_tail_protein|19967..20467|166	0.141	154	127	0	2	150	4	157	5.475E-07	355
3_cl8_PS-1	NC_073179.1|YP_010746349.1_30|[Salmonella_phage_vB_SenS_TUMS_E4]hypothetical_protein|20065..20565|166	0.141	154	127	0	2	150	4	157	5.475E-07	355
3_cl8_PS-1	NC_019539.1|YP_007010481.1_28|[Salmonella_phage_vB_SenS-Ent1]hypothetical_protein|18977..19477|166	0.141	154	127	0	2	150	4	157	5.475E-07	355
3_cl8_PS-1	NC_073185.1|YP_010746711.1_42|[Salmonella_phage_PBSE191]hypothetical_protein|39461..39961|166	0.141	154	127	0	2	150	4	157	5.475E-07	355
3_cl8_PS-1	NC_073195.1|YP_010747307.1_28|[Salmonella_phage_Shelanagig]hypothetical_protein|18443..18943|166	0.141	153	127	0	2	150	4	156	5.796E-07	354
3_cl8_PS-1	NC_073213.1|YP_010748406.1_26|[Salmonella_phage_vB_SenS_SB3]hypothetical_protein|17765..18265|166	0.144	149	116	0	2	138	4	152	6.135E-07	353
3_cl8_PS-1	NC_073196.1|YP_010747352.1_5|[Salmonella_phage_NBSal006]hypothetical_protein|complement(3960..4460)|166	0.144	149	116	0	2	138	4	152	6.135E-07	353
3_cl8_PS-1	NC_073219.1|YP_010748806.1_39|[Salmonella_phage_sidste]hypothetical_protein|23863..24363|166	0.140	154	127	0	2	150	4	157	6.495E-07	352
3_cl8_PS-1	NC_073172.1|YP_010745932.1_46|[Salmonella_phage_skrot]hypothetical_protein|24902..25402|166	0.128	153	129	0	2	150	4	156	6.495E-07	352
3_cl8_PS-1	NC_073218.1|YP_010748749.1_38|[Salmonella_phage_demigod]hypothetical_protein|24667..25167|166	0.140	154	127	0	2	150	4	157	6.495E-07	352
3_cl8_PS-1	NC_073184.1|YP_010746642.1_32|[Salmonella_phage_F12013]tail_protein|complement(23758..24258)|166	0.144	149	116	0	2	138	4	152	6.875E-07	351
3_cl8_PS-1	NC_028695.2|YP_009191448.1_40|[Enterobacter_phage_phiEap-2]hypothetical_protein|21610..22104|164	0.175	147	112	0	2	138	4	150	7.278E-07	350
3_cl8_PS-1	NC_048198.1|YP_009824047.1_17|[Erwinia_phage_vB_EhrS_59]hypothetical_protein|14104..14601|165	0.193	147	106	0	2	133	3	149	7.278E-07	350
3_cl8_PS-1	NC_022754.1|YP_008767198.1_27|[Salmonella_phage_SETP7]hypothetical_protein|17572..18072|166	0.138	149	117	0	2	138	4	152	7.278E-07	350
3_cl8_PS-1	NC_069150.1|YP_010582406.1_33|[Salmonella_phage_vB_STM-ZS]hypothetical_protein|complement(22605..23105)|166	0.147	156	126	0	2	150	4	159	7.278E-07	350
3_cl8_PS-1	NC_069146.1|YP_010582164.1_57|[Salmonella_phage_St162]hypothetical_protein|36455..36955|166	0.147	156	126	0	2	150	4	159	7.278E-07	350
3_cl8_PS-1	NC_069148.1|YP_010582260.1_27|[Salmonella_phage_TS6]hypothetical_protein|complement(19322..19822)|166	0.147	156	126	0	2	150	4	159	7.278E-07	350
3_cl8_PS-1	NC_069149.1|YP_010582359.1_61|[Salmonella_phage_vB_SenTO17]hypothetical_protein|complement(31844..32344)|166	0.147	156	126	0	2	150	4	159	7.278E-07	350
3_cl8_PS-1	NC_069151.1|YP_010582466.1_34|[Salmonella_phage_vB_SenS_SE1]hypothetical_protein|complement(21758..22258)|166	0.147	156	126	0	2	150	4	159	7.278E-07	350
3_cl8_PS-1	NC_069152.1|YP_010582522.1_27|[Salmonella_phage_Shemara]hypothetical_protein|18129..18629|166	0.141	154	127	0	2	150	4	157	9.139E-07	346
3_cl8_PS-1	NC_069154.1|YP_010582691.1_40|[Klebsiella_phage_VLCpiS11a]virion_structural_protein|complement(25256..25750)|164	0.192	155	118	0	2	148	4	158	9.675E-07	345
3_cl8_PS-1	NC_029033.1|YP_009220355.1_54|[Achromobacter_phage_phiAxp-1]virion_structural_protein|33078..34382|434	0.269	124	89	0	1	123	129	252	9.675E-07	345
3_cl8_PS-1	NC_054636.1|YP_010053061.1_17|[Shigella_phage_Sf11_SMD-2017]hypothetical_protein|complement(13880..15253)|457	0.195	168	122	0	1	168	3	155	9.675E-07	345
3_cl8_PS-1	NC_009447.1|YP_001210237.1_17|[Burkholderia_phage_BcepGomr]virion_structural_protein|13816..14934|372	0.217	122	95	0	1	122	128	249	1.024E-06	344
3_cl8_PS-1	NC_020839.1|YP_007673206.1_6|[Rhodobacter_phage_RC1]virion_structural_protein|complement(6559..6981)|140	0.211	135	88	0	2	114	4	138	1.148E-06	342
3_cl8_PS-1	NC_020866.1|YP_007676430.1_51|[Rhodovulum_phage_RS1]virion_structural_protein|32787..33209|140	0.211	135	88	0	2	114	4	138	1.148E-06	342
3_cl8_PS-1	NC_028698.1|YP_009191569.1_16|[Salmonella_phage_f18SE]hypothetical_protein|complement(15923..16423)|166	0.147	153	126	0	2	150	4	156	1.361E-06	339
3_cl8_PS-1	NC_041898.1|YP_009597357.1_26|[Escherichia_phage_K1ind2]hypothetical_protein|16992..18392|466	0.152	149	113	0	2	150	4	137	1.361E-06	339
3_cl8_PS-1	NC_020846.1|YP_007674000.1_38|[Vibrio_phage_pYD21-A]virion_structural_protein|24843..25325|160	0.162	157	119	0	2	144	4	160	1.441E-06	338
3_cl8_PS-1	NC_021777.1|YP_008239738.1_29|[Salmonella_phage_Jersey]hypothetical_protein|20172..20672|166	0.144	156	128	0	1	150	1	156	1.441E-06	338
3_cl8_PS-1	NC_073214.1|YP_010748481.1_38|[Salmonella_phage_vB_SenS_ER1]hypothetical_protein|21670..22170|166	0.141	153	127	0	2	150	4	156	1.441E-06	338
3_cl8_PS-1	NC_073217.1|YP_010748688.1_48|[Salmonella_phage_pink]hypothetical_protein|25082..25582|166	0.141	153	127	0	2	150	4	156	1.441E-06	338
3_cl8_PS-1	NC_019927.1|YP_007237618.1_44|[Cronobacter_phage_ENT47670]hypothetical_protein|46209..46706|165	0.185	147	108	0	1	133	3	149	1.526E-06	337
3_cl8_PS-1	NC_070823.1|YP_010655298.1_72|[Pseudoalteromonas_phage_vB_PspS-H40/1]hypothetical_protein|44459..44860|133	0.184	127	101	0	4	128	6	132	1.710E-06	335
3_cl8_PS-1	NC_071003.1|YP_010675369.1_21|[Enterobacter_phage_vB_EclS_CobraSix]hypothetical_protein|14964..15461|165	0.198	128	99	0	1	124	3	130	1.810E-06	334
3_cl8_PS-1	NC_007024.1|YP_239288.1_20|[Xanthomonas_phage_Xp15]virion_structural_protein|16353..16724|123	0.196	123	96	0	1	121	1	123	2.547E-06	328
3_cl8_PS-1	NC_041991.1|YP_009608582.1_27|[Salmonella_phage_vB_SenS_AG11]hypothetical_protein|17728..18228|166	0.141	152	118	0	1	138	1	152	2.547E-06	328
3_cl8_PS-1	NC_028768.1|YP_009196207.1_22|[Achromobacter_phage_JWX]virion_structural_protein|16122..17195|357	0.219	122	92	0	3	121	132	253	3.021E-06	325
3_cl8_PS-1	NC_007709.1|YP_453576.1_18|[Xanthomonas_phage_OP1]virion_structural_protein|13552..13905|117	0.247	114	85	0	1	114	1	114	3.584E-06	322
3_cl8_PS-1	NC_031059.1|YP_009285933.1_48|[Rhodovulum_phage_vB_RhkS_P1]virion_structural_protein|27232..27588|118	0.231	118	89	0	1	117	1	118	3.584E-06	322
3_cl8_PS-1	NC_048181.1|YP_009821861.1_25|[Raoultella_phage_RP180]hypothetical_protein|19172..19666|164	0.160	167	129	0	2	168	4	158	3.584E-06	322
3_cl8_PS-1	NC_073316.1|YP_010749009.1_30|[Escherichia_phage_vB_EcoS_fFiEco02]hypothetical_protein|19687..20187|166	0.145	149	116	0	2	138	4	152	3.794E-06	321
3_cl8_PS-1	NC_004902.1|NP_858966.1_19|[Xanthomonas_phage_Xp10]virion_structural_protein|13362..13718|118	0.256	118	86	0	1	117	1	118	4.251E-06	319
3_cl8_PS-1	NC_042084.1|YP_009620106.1_26|[Escherichia_phage_VB_EcoS-Golestan]hypothetical_protein|17370..18788|472	0.153	159	123	0	2	160	4	149	4.500E-06	318
3_cl8_PS-1	NC_070822.1|YP_010655179.1_15|[Pseudoalteromonas_phage_TW1]hypothetical_protein|8086..8556|156	0.177	137	109	0	1	137	4	137	4.764E-06	317
3_cl8_PS-1	NC_093712.1|YP_011217191.1_3|[Escherichia_phage_L_AB-2017]hypothetical_protein|complement(1052..1552)|166	0.146	147	114	0	2	136	4	150	4.764E-06	317
3_cl8_PS-1	NC_019541.1|YP_007010627.1_46|[Acinetobacter_phage_YMC/09/02/B1251]virion_structural_protein|33893..34291|132	0.177	130	106	0	1	130	1	130	5.652E-06	314
3_cl8_PS-1	NC_027994.1|YP_009168856.1_24|[Escherichia_phage_K1H]hypothetical_protein|16248..16748|166	0.138	167	134	0	2	168	4	160	5.652E-06	314
3_cl8_PS-1	NC_027993.1|YP_009168807.1_27|[Escherichia_phage_K1G]hypothetical_protein|17937..18437|166	0.138	167	134	0	2	168	4	160	5.652E-06	314
3_cl8_PS-1	NC_073321.1|YP_010749394.1_37|[Escherichia_phage_ZCEC5]hypothetical_protein|20117..20617|166	0.148	167	133	0	2	168	4	160	5.652E-06	314
3_cl8_PS-1	NC_093713.1|YP_011217263.1_8|[Escherichia_phage_P_AB-2017]hypothetical_protein|complement(8713..9213)|166	0.136	158	128	0	2	159	4	152	5.983E-06	313
3_cl8_PS-1	NC_009543.1|YP_001285688.1_16|[Xanthomonas_phage_Xop411]virion_structural_protein|12401..12757|118	0.247	118	87	0	1	117	1	118	6.333E-06	312
3_cl8_PS-1	NC_073317.1|YP_010749084.1_28|[Escherichia_phage_vB_EcoS_fPoEco01]hypothetical_protein|18289..18789|166	0.136	152	127	0	2	149	4	155	6.333E-06	312
3_cl8_PS-1	NC_073325.1|YP_010749670.1_4|[Escherichia_phage_vB_EcoS_XY1]minor_tail_protein|complement(3811..5211)|466	0.152	124	104	0	2	125	4	127	6.704E-06	311
3_cl8_PS-1	NC_073323.1|YP_010749527.1_27|[Escherichia_phage_vB_EcoS-phiEc3]minor_tail_protein|17198..18616|472	0.148	147	112	0	2	148	4	135	7.097E-06	310
3_cl8_PS-1	NC_073324.1|YP_010749624.1_44|[Escherichia_phage_vB_EcoS-22664BS2]hypothetical_protein|22068..23465|465	0.160	124	103	0	2	125	4	127	7.953E-06	308
3_cl8_PS-1	NC_041897.1|YP_009597306.1_26|[Escherichia_phage_K1ind1]hypothetical_protein|16991..18391|466	0.154	147	111	0	2	148	4	135	7.953E-06	308
3_cl8_PS-1	NC_012742.1|YP_002922631.1_17|[Xanthomonas_phage_phiL7]virion_structural_protein|13581..13940|119	0.260	119	86	0	1	117	1	119	1.185E-05	301
3_cl8_PS-1	NC_073320.1|YP_010749347.1_61|[Escherichia_phage_26]hypothetical_protein|32941..33414|157	0.159	163	126	0	6	168	1	151	1.254E-05	300
3_cl8_PS-1	NC_073314.1|YP_010748874.1_48|[Escherichia_virus_fEg-Eco19]hypothetical_protein|24956..25456|166	0.137	158	128	0	2	159	4	152	1.575E-05	296
3_cl8_PS-1	NC_070971.1|YP_010671790.1_27|[Pseudomonas_virus_PBPA162]hypothetical_protein|complement(21915..22742)|275	0.283	118	82	0	4	121	2	117	1.575E-05	296
3_cl8_PS-1	NC_016165.1|YP_004934695.1_52|[Rhodobacter_phage_RcapMu]virion_structural_protein|31713..32135|140	0.205	135	89	0	2	114	4	138	1.667E-05	295
3_cl8_PS-1	NC_070823.1|YP_010655299.1_73|[Pseudoalteromonas_phage_vB_PspS-H40/1]hypothetical_protein|44860..45306|148	0.154	147	111	0	1	147	13	144	1.765E-05	294
3_cl8_PS-1	NC_019933.2|YP_007238089.1_19|[Xanthomonas_phage_CP1]virion_structural_protein|14827..15189|120	0.221	119	90	0	1	117	1	119	1.978E-05	292
3_cl8_PS-1	NC_073318.1|YP_010749194.1_61|[Escherichia_phage_NTEC3]hypothetical_protein|complement(34314..35714)|466	0.154	121	102	0	2	122	4	124	1.978E-05	292
3_cl8_PS-1	NC_070970.1|YP_010671701.1_28|[Pseudomonas_phage_Iggy]hypothetical_protein|20297..21124|275	0.283	118	82	0	4	121	2	117	2.094E-05	291
3_cl8_PS-1	NC_042091.1|YP_009620694.1_25|[Pseudomonas_phage_nickie]hypothetical_protein|21208..21573|121	0.183	118	93	0	2	116	4	121	2.216E-05	290
3_cl8_PS-1	NC_025466.1|YP_009103926.1_40|[Shewanella_sp._phage_3/49]hypothetical_protein|23325..23825|166	0.144	165	128	0	4	168	6	155	2.346E-05	289
3_cl8_PS-1	NC_069155.1|YP_010582758.1_50|[Serratia_phage_Tsm2]hypothetical_protein|30094..30588|164	0.155	158	124	0	1	148	1	158	2.783E-05	286
3_cl8_PS-1	NC_073319.1|YP_010749258.1_53|[Escherichia_phage_SZH-1]hypothetical_protein|complement(25719..26192)|157	0.167	142	115	0	12	150	7	148	3.119E-05	284
3_cl8_PS-1	NC_073322.1|YP_010749475.1_46|[Escherichia_phage_vB_EcoS-Ro145c2YLVW]hypothetical_protein|23553..24026|157	0.160	163	126	0	6	168	1	151	4.918E-05	276
3_cl8_PS-1	NC_021563.1|YP_008130357.1_64|[Serratia_phage_Eta]hypothetical_protein|36442..36936|164	0.149	159	126	0	1	149	1	159	4.918E-05	276
3_cl8_PS-1	NC_071020.1|YP_010677399.1_91|[Stenotrophomonas_phage_BUCT626]hypothetical_protein|complement(54409..54771)|120	0.196	119	92	0	1	116	1	119	5.834E-05	273
3_cl8_PS-1	NC_069156.1|YP_010582773.1_5|[Serratia_phage_vB_SmaM-Otaku]hypothetical_protein|complement(4881..5375)|164	0.147	155	127	0	1	150	1	155	5.834E-05	273
3_cl8_PS-1	NC_049948.1|YP_009909580.1_16|[Escherichia_phage_ev017]minor_tail_protein|13369..13698|109	0.100	117	97	0	1	117	1	109	6.176E-05	272
3_cl8_PS-1	NC_049952.1|YP_009909849.1_17|[Escherichia_phage_2B8]minor_tail_protein|13062..13391|109	0.100	117	97	0	1	117	1	109	6.176E-05	272
3_cl8_PS-1	NC_049954.1|YP_009909987.1_16|[Escherichia_phage_2G7b]minor_tail_protein|13096..13425|109	0.100	117	97	0	1	117	1	109	6.176E-05	272
3_cl8_PS-1	NC_073315.1|YP_010748930.1_28|[Escherichia_phage_vB_EcoS_fFiEco03]hypothetical_protein|17935..19305|456	0.194	111	89	0	11	121	5	115	6.921E-05	270
3_cl8_PS-1	NC_025443.1|YP_009101221.1_51|[Salmonella_phage_9NA]virion_structural_protein|28178..28681|167	0.159	151	123	0	4	150	12	162	1.031E-04	263
3_cl8_PS-1	NC_071017.1|YP_010677054.1_50|[Stenotrophomonas_phage_Salva]hypothetical_protein|25137..25502|121	0.216	121	91	0	1	117	1	121	1.155E-04	261
3_cl8_PS-1	NC_047786.1|YP_009787821.1_47|[Salmonella_phage_vB_SenS_Sasha]virion_structural_protein|27788..28291|167	0.167	151	122	0	3	149	11	161	1.155E-04	261
3_cl8_PS-1	NC_071018.1|YP_010677153.1_47|[Stenotrophomonas_phage_Siara]minor_tail_protein|24189..24554|121	0.201	121	93	0	1	117	1	121	1.295E-04	259
3_cl8_PS-1	NC_049947.1|YP_009909509.1_18|[Escherichia_phage_1H12]minor_tail_protein|13116..13445|109	0.084	117	99	0	1	117	1	109	1.451E-04	257
3_cl8_PS-1	NC_049955.1|YP_009910054.1_17|[Escherichia_phage_ev243]minor_tail_protein|13112..13441|109	0.084	117	99	0	1	117	1	109	1.451E-04	257
3_cl8_PS-1	NC_071019.1|YP_010677215.1_9|[Stenotrophomonas_phage_vB_SmaS_BUCT548]hypothetical_protein|7128..7490|120	0.200	117	90	0	1	114	1	117	1.451E-04	257
3_cl8_PS-1	NC_071021.1|YP_010677479.1_73|[Stenotrophomonas_phage_BUCT627]hypothetical_protein|complement(42907..43269)|120	0.200	117	90	0	1	114	1	117	1.451E-04	257
3_cl8_PS-1	NC_049951.1|YP_009909781.1_16|[Enterobacteria_phage_O276]minor_tail_protein|13100..13429|109	0.092	117	98	0	1	117	1	109	1.626E-04	255
3_cl8_PS-1	NC_019723.1|YP_007112555.1_17|[Escherichia_phage_HK630]minor_tail_protein|12910..13239|109	0.092	117	98	0	1	117	1	109	1.626E-04	255
3_cl8_PS-1	NC_001416.1|NP_040596.1_17|[Escherichia_phage_Lambda]minor_tail_protein|13100..13429|109	0.092	117	98	0	1	117	1	109	1.626E-04	255
3_cl8_PS-1	NC_019711.1|YP_007111791.1_17|[Escherichia_phage_HK629]minor_tail_protein|12910..13239|109	0.092	117	98	0	1	117	1	109	1.626E-04	255
3_cl8_PS-1	NC_042057.1|YP_009617246.1_49|[Escherichia_phage_DE3]minor_tail_protein|33179..33508|109	0.092	117	98	0	1	117	1	109	1.626E-04	255
3_cl8_PS-1	NC_009514.1|YP_001272527.1_14|[Enterobacteria_phage_cdtI]minor_tail_protein|12753..13082|109	0.139	121	93	0	1	121	1	109	1.721E-04	254
3_cl8_PS-1	NC_019716.1|YP_007112088.1_14|[Enterobacteria_phage_mEp460]minor_tail_protein|12552..12881|109	0.139	121	93	0	1	121	1	109	1.721E-04	254
3_cl8_PS-1	NC_016766.1|YP_005098334.1_35|[Synechococcus_phage_S-CBS4]minor_tail_protein|25163..25516|117	0.116	118	101	0	1	118	1	115	1.822E-04	253
3_cl8_PS-1	NC_024217.1|YP_009037310.1_120|[Nitrincola_phage_1M3-16]hypothetical_protein|complement(64505..64858)|117	0.228	115	87	0	1	114	1	115	2.042E-04	251
3_cl8_PS-1	NC_028853.1|YP_009203387.1_21|[Mannheimia_phage_vB_MhS_535AP2]minor_tail_protein|14367..14696|109	0.078	111	97	0	4	114	2	107	2.422E-04	248
3_cl8_PS-1	NC_028743.1|YP_009193572.1_21|[Mannheimia_phage_vB_MhS_587AP2]minor_tail_protein|14354..14683|109	0.078	111	97	0	4	114	2	107	2.422E-04	248
3_cl8_PS-1	NC_070773.1|YP_010649800.1_65|[Vibrio_phage_NF]minor_tail_protein|complement(37154..37510)|118	0.144	118	100	0	1	118	1	118	2.714E-04	246
3_cl8_PS-1	NC_070772.1|YP_010649711.1_24|[Vibrio_phage_Seahorse]hypothetical_protein|20900..21397|165	0.163	140	110	0	9	141	20	159	2.873E-04	245
3_cl8_PS-1	NC_048742.1|YP_009842504.1_37|[Streptomyces_phage_Gilson]minor_tail_protein|29616..30017|133	0.153	130	91	0	6	114	3	132	3.041E-04	244
3_cl8_PS-1	NC_074658.1|YP_010772945.1_15|[Pseudomonas_phage_Medea1]minor_tail_protein|complement(12398..12736)|112	0.137	115	90	0	4	118	8	112	3.219E-04	243
3_cl8_PS-1	NC_073205.1|YP_010747958.1_31|[Salmonella_phage_LP31]hypothetical_protein|20982..21425|147	0.155	134	109	0	21	150	4	137	3.408E-04	242
3_cl8_PS-1	NC_048728.1|YP_009840833.1_37|[Streptomyces_phage_Comrade]minor_tail_protein|30898..31299|133	0.140	107	84	0	16	114	26	132	3.608E-04	241
3_cl8_PS-1	NC_047902.1|YP_009796566.1_15|[Pseudomonas_phage_PMBT3]minor_tail_protein|16638..16985|115	0.163	120	95	0	1	120	1	115	4.530E-04	237
3_cl8_PS-1	NC_034248.1|YP_009352271.1_14|[Rhizobium_phage_RHEph10]minor_tail_protein|13132..13488|118	0.121	120	103	0	1	120	1	118	4.530E-04	237
3_cl8_PS-1	NC_105760.1|YP_012043104.1_42|[Klebsiella_phage_P-K7R]minor_tail_protein|21349..21699|116	0.120	106	88	0	15	120	16	116	4.796E-04	236
3_cl8_PS-1	NC_042105.1|YP_009622613.1_32|[Streptomyces_phage_BillNye]minor_tail_protein|32157..32558|133	0.153	105	83	0	16	114	28	132	4.796E-04	236
3_cl8_PS-1	NC_048166.1|YP_009820346.1_15|[Pseudomonas_phage_Lana]minor_tail_protein|16872..17201|109	0.122	112	95	0	8	119	1	109	5.077E-04	235
3_cl8_PS-1	NC_070784.1|YP_010651888.1_36|[Streptomyces_phage_TunaTartare]minor_tail_protein|31055..31456|133	0.134	115	92	0	8	114	18	132	5.077E-04	235
3_cl8_PS-1	NC_015463.1|YP_004421477.1_23|[Synechococcus_phage_S-CBS2]unknown_structural_protein|15824..16180|118	0.153	103	82	0	17	114	15	117	5.374E-04	234
3_cl8_PS-1	NC_024204.1|YP_009035165.1_28|[Salmonella_phage_vB_SenS-Ent3]hypothetical_protein|19099..19542|147	0.133	134	112	0	21	150	4	137	5.689E-04	233
3_cl8_PS-1	NC_023608.1|YP_009009952.1_28|[Salmonella_phage_vB_SenS-Ent2]hypothetical_protein|19095..19538|147	0.133	134	112	0	21	150	4	137	5.689E-04	233
3_cl8_PS-1	NC_021317.1|YP_008058254.1_8|[Salmonella_phage_L13]hypothetical_protein|complement(7496..7939)|147	0.133	134	112	0	21	150	4	137	5.689E-04	233
3_cl8_PS-1	NC_031021.1|YP_009280168.1_40|[Salmonella_phage_MA12]hypothetical_protein|complement(28634..29077)|147	0.133	134	112	0	21	150	4	137	5.689E-04	233
3_cl8_PS-1	NC_031907.1|YP_009321504.1_1|[Streptococcus_phage_phiARI0746]hypothetical_protein|complement(2232..2582)|116	0.121	108	92	0	8	115	11	116	6.022E-04	232
3_cl8_PS-1	NC_016763.1|YP_005098153.1_57|[Salmonella_phage_SE2]hypothetical_protein|37051..37494|147	0.125	134	113	0	21	150	4	137	6.375E-04	231
3_cl8_PS-1	NC_073170.1|YP_010745802.1_38|[Salmonella_phage_SE-W109]hypothetical_protein|complement(24001..24444)|147	0.125	134	113	0	21	150	4	137	6.375E-04	231
3_cl8_PS-1	NC_073210.1|YP_010748238.1_23|[Salmonella_phage_fmb-p1]hypothetical_protein|complement(23471..23914)|147	0.155	134	109	0	21	150	4	137	6.375E-04	231
3_cl8_PS-1	NC_054894.1|YP_010064798.1_59|[Escherichia_phage_Henu7]minor_tail_protein|40077..40415|112	0.074	106	93	0	15	120	12	112	8.475E-04	226
1_cl100_ss3e_DT	NC_073199.1|YP_010747561.1_29|[Salmonella_phage_S102]hypothetical_protein|19783..20283|166	0.993	166	1	0	1	166	1	166	1.557E-23	1055
1_cl100_ss3e_DT	NC_073198.1|YP_010747531.1_59|[Salmonella_phage_vB_SenS_ER21]hypothetical_protein|complement(40052..40552)|166	0.993	166	1	0	1	166	1	166	1.557E-23	1055
1_cl100_ss3e_DT	NC_073197.1|YP_010747470.1_58|[Salmonella_phage_vB_SenS_ER23]hypothetical_protein|40103..40603|166	0.993	166	1	0	1	166	1	166	1.557E-23	1055
1_cl100_ss3e_DT	NC_073213.1|YP_010748406.1_26|[Salmonella_phage_vB_SenS_SB3]hypothetical_protein|17765..18265|166	0.987	166	2	0	1	166	1	166	1.557E-23	1055
1_cl100_ss3e_DT	NC_073196.1|YP_010747352.1_5|[Salmonella_phage_NBSal006]hypothetical_protein|complement(3960..4460)|166	0.987	166	2	0	1	166	1	166	1.557E-23	1055
1_cl100_ss3e_DT	NC_073184.1|YP_010746642.1_32|[Salmonella_phage_F12013]tail_protein|complement(23758..24258)|166	0.981	166	3	0	1	166	1	166	2.053E-23	1050
1_cl100_ss3e_DT	NC_073202.1|YP_010747772.1_47|[Salmonella_phage_celemicas]hypothetical_protein|25526..26026|166	0.975	166	4	0	1	166	1	166	2.560E-23	1046
1_cl100_ss3e_DT	NC_073209.1|YP_010748162.1_6|[Salmonella_phage_GRNsp50]hypothetical_protein|complement(5544..6044)|166	0.975	166	4	0	1	166	1	166	2.560E-23	1046
1_cl100_ss3e_DT	NC_073173.1|YP_010745993.1_42|[Salmonella_phage_blauehaus]hypothetical_protein|23963..24463|166	0.975	166	4	0	1	166	1	166	2.560E-23	1046
1_cl100_ss3e_DT	NC_073178.1|YP_010746288.1_31|[Salmonella_phage_vB_SenS_TUMS_E19]hypothetical_protein|20086..20586|166	0.975	166	4	0	1	166	1	166	2.560E-23	1046
1_cl100_ss3e_DT	NC_073200.1|YP_010747627.1_31|[Salmonella_phage_S100]hypothetical_protein|20810..21310|166	0.975	166	4	0	1	166	1	166	2.560E-23	1046
1_cl100_ss3e_DT	NC_073203.1|YP_010747823.1_31|[Salmonella_phage_MET_P1_001_43]hypothetical_protein|19249..19749|166	0.975	166	4	0	1	166	1	166	2.560E-23	1046
1_cl100_ss3e_DT	NC_073201.1|YP_010747703.1_41|[Salmonella_phage_dunkel]hypothetical_protein|25780..26280|166	0.975	166	4	0	1	166	1	166	2.560E-23	1046
1_cl100_ss3e_DT	NC_073186.1|YP_010746744.1_32|[Salmonella_phage_vB_SenS_PVP-SE2]hypothetical_protein|complement(23538..24038)|166	0.975	166	4	0	1	166	1	166	2.560E-23	1046
1_cl100_ss3e_DT	NC_073190.1|YP_010747004.1_50|[Salmonella_phage_vB_SenS_S528]hypothetical_protein|24404..24904|166	0.969	166	5	0	1	166	1	166	3.376E-23	1041
1_cl100_ss3e_DT	NC_073207.1|YP_010748064.1_18|[Salmonella_phage_SHWT1]hypothetical_protein|complement(17411..17911)|166	0.969	166	5	0	1	166	1	166	3.376E-23	1041
1_cl100_ss3e_DT	NC_073189.1|YP_010746947.1_55|[Salmonella_phage_JD01]hypothetical_protein|complement(38045..38545)|166	0.969	166	5	0	1	166	1	166	3.376E-23	1041
1_cl100_ss3e_DT	NC_073193.1|YP_010747216.1_59|[Salmonella_phage_vB_SalS-S10]hypothetical_protein|39171..39671|166	0.969	166	5	0	1	166	1	166	3.376E-23	1041
1_cl100_ss3e_DT	NC_073192.1|YP_010747095.1_6|[Salmonella_phage_F118P13]hypothetical_protein|complement(5673..6173)|166	0.969	166	5	0	1	166	1	166	3.376E-23	1041
1_cl100_ss3e_DT	NC_073188.1|YP_010746874.1_48|[Salmonella_phage_vB_SenS_S532]hypothetical_protein|24316..24816|166	0.969	166	5	0	1	166	1	166	3.376E-23	1041
1_cl100_ss3e_DT	NC_073169.1|YP_010745715.1_18|[Salmonella_phage_SS5]hypothetical_protein|complement(15759..16259)|166	0.969	166	5	0	1	166	1	166	4.211E-23	1037
1_cl100_ss3e_DT	NC_073219.1|YP_010748806.1_39|[Salmonella_phage_sidste]hypothetical_protein|23863..24363|166	0.969	166	5	0	1	166	1	166	4.703E-23	1035
1_cl100_ss3e_DT	NC_073218.1|YP_010748749.1_38|[Salmonella_phage_demigod]hypothetical_protein|24667..25167|166	0.969	166	5	0	1	166	1	166	4.703E-23	1035
1_cl100_ss3e_DT	NC_073215.1|YP_010748512.1_4|[Salmonella_phage_SGPC]tail_protein|complement(1472..1972)|166	0.993	166	1	0	1	166	1	166	5.253E-23	1033
1_cl100_ss3e_DT	NC_006940.2|YP_308655.1_54|[Salmonella_phage_SS3e]hypothetical_protein|complement(36137..36637)|166	1.000	166	0	0	1	166	1	166	5.551E-23	1032
1_cl100_ss3e_DT	NC_073212.1|YP_010748343.1_28|[Salmonella_phage_ZCSE9]hypothetical_protein|19068..19568|166	1.000	166	0	0	1	166	1	166	5.551E-23	1032
1_cl100_ss3e_DT	NC_073191.1|YP_010747048.1_26|[Salmonella_phage_vB_SenS-EnJE6]hypothetical_protein|complement(19818..20318)|166	0.987	166	2	0	1	166	1	166	5.867E-23	1031
1_cl100_ss3e_DT	NC_041992.1|YP_009608663.1_42|[Salmonella_phage_wksl3]hypothetical_protein|complement(27064..27564)|166	0.975	166	4	0	1	166	1	166	5.867E-23	1031
1_cl100_ss3e_DT	NC_041991.1|YP_009608582.1_27|[Salmonella_phage_vB_SenS_AG11]hypothetical_protein|17728..18228|166	0.987	166	2	0	1	166	1	166	6.200E-23	1030
1_cl100_ss3e_DT	NC_073183.1|YP_010746577.1_24|[Salmonella_phage_NBSal007]hypothetical_protein|complement(21183..21683)|166	0.981	166	3	0	1	166	1	166	7.734E-23	1026
1_cl100_ss3e_DT	NC_073208.1|YP_010748125.1_26|[Salmonella_phage_SLMP1]hypothetical_protein|complement(20699..21199)|166	0.969	166	5	0	1	166	1	166	8.173E-23	1025
1_cl100_ss3e_DT	NC_073176.1|YP_010746159.1_28|[Salmonella_virus_VSe101]hypothetical_protein|19414..19914|166	0.969	166	5	0	1	166	1	166	8.173E-23	1025
1_cl100_ss3e_DT	NC_073211.1|YP_010748298.1_37|[Salmonella_phage_T102]hypothetical_protein|22571..23071|166	0.969	166	5	0	1	166	1	166	8.173E-23	1025
1_cl100_ss3e_DT	NC_073214.1|YP_010748481.1_38|[Salmonella_phage_vB_SenS_ER1]hypothetical_protein|21670..22170|166	0.975	166	4	0	1	166	1	166	9.129E-23	1023
1_cl100_ss3e_DT	NC_073217.1|YP_010748688.1_48|[Salmonella_phage_pink]hypothetical_protein|25082..25582|166	0.975	166	4	0	1	166	1	166	9.129E-23	1023
1_cl100_ss3e_DT	NC_073182.1|YP_010746525.1_29|[Salmonella_virus_VSe103]hypothetical_protein|19773..20273|166	0.981	166	3	0	1	166	1	166	1.203E-22	1018
1_cl100_ss3e_DT	NC_073181.1|YP_010746468.1_30|[Salmonella_phage_5sent1]minor_tail_protein|19967..20467|166	0.981	166	3	0	1	166	1	166	1.203E-22	1018
1_cl100_ss3e_DT	NC_073179.1|YP_010746349.1_30|[Salmonella_phage_vB_SenS_TUMS_E4]hypothetical_protein|20065..20565|166	0.981	166	3	0	1	166	1	166	1.203E-22	1018
1_cl100_ss3e_DT	NC_019539.1|YP_007010481.1_28|[Salmonella_phage_vB_SenS-Ent1]hypothetical_protein|18977..19477|166	0.981	166	3	0	1	166	1	166	1.203E-22	1018
1_cl100_ss3e_DT	NC_073194.1|YP_010747222.1_3|[Salmonella_phage_vB_SalP_LDW16]hypothetical_protein|complement(1350..1850)|166	0.981	166	3	0	1	166	1	166	1.203E-22	1018
1_cl100_ss3e_DT	NC_073185.1|YP_010746711.1_42|[Salmonella_phage_PBSE191]hypothetical_protein|39461..39961|166	0.981	166	3	0	1	166	1	166	1.203E-22	1018
1_cl100_ss3e_DT	NC_022754.1|YP_008767198.1_27|[Salmonella_phage_SETP7]hypothetical_protein|17572..18072|166	0.987	166	2	0	1	166	1	166	1.344E-22	1016
1_cl100_ss3e_DT	NC_009232.2|YP_001110816.2_27|[Salmonella_phage_SETP3]hypothetical_protein|18460..18960|166	0.969	166	5	0	1	166	1	166	1.421E-22	1015
1_cl100_ss3e_DT	NC_073174.1|YP_010746054.1_42|[Salmonella_phage_wast]hypothetical_protein|23773..24273|166	0.981	166	3	0	1	166	1	166	1.501E-22	1014
1_cl100_ss3e_DT	NC_073187.1|YP_010746797.1_25|[Salmonella_phage_vB_SenS-EnJE1]hypothetical_protein|complement(22305..22805)|166	0.981	166	3	0	1	166	1	166	1.501E-22	1014
1_cl100_ss3e_DT	NC_022752.1|YP_008767027.1_28|[Salmonella_phage_SETP13]hypothetical_protein|18112..18612|166	0.981	166	3	0	1	166	1	166	1.501E-22	1014
1_cl100_ss3e_DT	NC_073216.1|YP_010748575.1_5|[Salmonella_phage_STP03]hypothetical_protein|complement(5491..5991)|166	0.975	166	4	0	1	166	1	166	1.587E-22	1013
1_cl100_ss3e_DT	NC_073175.1|YP_010746101.1_29|[Salmonella_virus_VSt10]hypothetical_protein|19072..19572|166	0.981	166	3	0	1	166	1	166	1.873E-22	1010
1_cl100_ss3e_DT	NC_073172.1|YP_010745932.1_46|[Salmonella_phage_skrot]hypothetical_protein|24902..25402|166	0.975	166	4	0	1	166	1	166	2.336E-22	1006
1_cl100_ss3e_DT	NC_073195.1|YP_010747307.1_28|[Salmonella_phage_Shelanagig]hypothetical_protein|18443..18943|166	0.975	166	4	0	1	166	1	166	2.336E-22	1006
1_cl100_ss3e_DT	NC_021777.1|YP_008239738.1_29|[Salmonella_phage_Jersey]hypothetical_protein|20172..20672|166	0.963	166	6	0	1	166	1	166	3.842E-22	997
1_cl100_ss3e_DT	NC_028698.1|YP_009191569.1_16|[Salmonella_phage_f18SE]hypothetical_protein|complement(15923..16423)|166	0.981	166	3	0	1	166	1	166	1.160E-21	977
1_cl100_ss3e_DT	NC_069150.1|YP_010582406.1_33|[Salmonella_phage_vB_STM-ZS]hypothetical_protein|complement(22605..23105)|166	0.885	166	19	0	1	166	1	166	2.380E-21	964
1_cl100_ss3e_DT	NC_069146.1|YP_010582164.1_57|[Salmonella_phage_St162]hypothetical_protein|36455..36955|166	0.885	166	19	0	1	166	1	166	2.380E-21	964
1_cl100_ss3e_DT	NC_069148.1|YP_010582260.1_27|[Salmonella_phage_TS6]hypothetical_protein|complement(19322..19822)|166	0.885	166	19	0	1	166	1	166	2.380E-21	964
1_cl100_ss3e_DT	NC_069149.1|YP_010582359.1_61|[Salmonella_phage_vB_SenTO17]hypothetical_protein|complement(31844..32344)|166	0.885	166	19	0	1	166	1	166	2.380E-21	964
1_cl100_ss3e_DT	NC_069151.1|YP_010582466.1_34|[Salmonella_phage_vB_SenS_SE1]hypothetical_protein|complement(21758..22258)|166	0.885	166	19	0	1	166	1	166	2.380E-21	964
1_cl100_ss3e_DT	NC_069147.1|YP_010582233.1_64|[Salmonella_phage_GRNsp27]hypothetical_protein|40507..41007|166	0.879	166	20	0	1	166	1	166	8.969E-21	940
1_cl100_ss3e_DT	NC_021775.1|YP_008239652.1_55|[Salmonella_phage_FSL_SP-031]hypothetical_protein|36428..36928|166	0.873	166	21	0	1	166	1	166	9.479E-21	939
1_cl100_ss3e_DT	NC_069153.1|YP_010582605.1_27|[Salmonella_virus_VSiP]hypothetical_protein|18017..18517|166	0.867	166	22	0	1	166	1	166	1.002E-20	938
1_cl100_ss3e_DT	NC_073316.1|YP_010749009.1_30|[Escherichia_phage_vB_EcoS_fFiEco02]hypothetical_protein|19687..20187|166	0.789	166	35	0	1	166	1	166	1.840E-20	927
1_cl100_ss3e_DT	NC_073321.1|YP_010749394.1_37|[Escherichia_phage_ZCEC5]hypothetical_protein|20117..20617|166	0.801	166	33	0	1	166	1	166	1.840E-20	927
1_cl100_ss3e_DT	NC_073317.1|YP_010749084.1_28|[Escherichia_phage_vB_EcoS_fPoEco01]hypothetical_protein|18289..18789|166	0.789	166	35	0	1	166	1	166	2.172E-20	924
1_cl100_ss3e_DT	NC_069152.1|YP_010582522.1_27|[Salmonella_phage_Shemara]hypothetical_protein|18129..18629|166	0.867	166	22	0	1	166	1	166	2.295E-20	923
1_cl100_ss3e_DT	NC_093713.1|YP_011217263.1_8|[Escherichia_phage_P_AB-2017]hypothetical_protein|complement(8713..9213)|166	0.801	166	33	0	1	166	1	166	2.563E-20	921
1_cl100_ss3e_DT	NC_073314.1|YP_010748874.1_48|[Escherichia_virus_fEg-Eco19]hypothetical_protein|24956..25456|166	0.795	166	34	0	1	166	1	166	3.026E-20	918
1_cl100_ss3e_DT	NC_027994.1|YP_009168856.1_24|[Escherichia_phage_K1H]hypothetical_protein|16248..16748|166	0.783	166	36	0	1	166	1	166	3.198E-20	917
1_cl100_ss3e_DT	NC_093712.1|YP_011217191.1_3|[Escherichia_phage_L_AB-2017]hypothetical_protein|complement(1052..1552)|166	0.795	166	34	0	1	166	1	166	3.198E-20	917
1_cl100_ss3e_DT	NC_027993.1|YP_009168807.1_27|[Escherichia_phage_K1G]hypothetical_protein|17937..18437|166	0.783	166	36	0	1	166	1	166	3.198E-20	917
1_cl100_ss3e_DT	NC_042084.1|YP_009620106.1_26|[Escherichia_phage_VB_EcoS-Golestan]hypothetical_protein|17370..18788|472	0.774	164	37	0	1	164	1	164	1.875E-19	885
1_cl100_ss3e_DT	NC_041898.1|YP_009597357.1_26|[Escherichia_phage_K1ind2]hypothetical_protein|16992..18392|466	0.753	162	40	0	1	162	1	162	9.842E-19	855
1_cl100_ss3e_DT	NC_041897.1|YP_009597306.1_26|[Escherichia_phage_K1ind1]hypothetical_protein|16991..18391|466	0.798	144	29	0	1	144	1	144	1.040E-18	854
1_cl100_ss3e_DT	NC_073325.1|YP_010749670.1_4|[Escherichia_phage_vB_EcoS_XY1]minor_tail_protein|complement(3811..5211)|466	0.806	145	28	0	1	145	1	145	1.531E-18	847
1_cl100_ss3e_DT	NC_073323.1|YP_010749527.1_27|[Escherichia_phage_vB_EcoS-phiEc3]minor_tail_protein|17198..18616|472	0.790	148	31	0	1	148	1	148	2.383E-18	839
1_cl100_ss3e_DT	NC_073324.1|YP_010749624.1_44|[Escherichia_phage_vB_EcoS-22664BS2]hypothetical_protein|22068..23465|465	0.777	143	32	0	1	143	1	143	7.607E-18	818
1_cl100_ss3e_DT	NC_016763.1|YP_005098153.1_57|[Salmonella_phage_SE2]hypothetical_protein|37051..37494|147	0.979	146	3	0	21	166	2	147	1.003E-17	813
1_cl100_ss3e_DT	NC_073170.1|YP_010745802.1_38|[Salmonella_phage_SE-W109]hypothetical_protein|complement(24001..24444)|147	0.979	146	3	0	21	166	2	147	1.003E-17	813
1_cl100_ss3e_DT	NC_024204.1|YP_009035165.1_28|[Salmonella_phage_vB_SenS-Ent3]hypothetical_protein|19099..19542|147	0.979	146	3	0	21	166	2	147	1.184E-17	810
1_cl100_ss3e_DT	NC_023608.1|YP_009009952.1_28|[Salmonella_phage_vB_SenS-Ent2]hypothetical_protein|19095..19538|147	0.979	146	3	0	21	166	2	147	1.184E-17	810
1_cl100_ss3e_DT	NC_021317.1|YP_008058254.1_8|[Salmonella_phage_L13]hypothetical_protein|complement(7496..7939)|147	0.979	146	3	0	21	166	2	147	1.184E-17	810
1_cl100_ss3e_DT	NC_031021.1|YP_009280168.1_40|[Salmonella_phage_MA12]hypothetical_protein|complement(28634..29077)|147	0.979	146	3	0	21	166	2	147	1.184E-17	810
1_cl100_ss3e_DT	NC_073205.1|YP_010747958.1_31|[Salmonella_phage_LP31]hypothetical_protein|20982..21425|147	0.965	146	5	0	21	166	2	147	1.322E-17	808
1_cl100_ss3e_DT	NC_073206.1|YP_010748033.1_49|[Salmonella_phage_CTH7]hypothetical_protein|complement(32715..33158)|147	0.965	146	5	0	21	166	2	147	1.947E-17	801
1_cl100_ss3e_DT	NC_073204.1|YP_010747918.1_50|[Salmonella_phage_LPSE1]hypothetical_protein|33185..33628|147	0.965	146	5	0	21	166	2	147	2.866E-17	794
1_cl100_ss3e_DT	NC_031925.1|YP_009322856.1_49|[Salmonella_phage_BPS11Q3]hypothetical_protein|complement(33054..33497)|147	0.965	146	5	0	21	166	2	147	2.866E-17	794
1_cl100_ss3e_DT	NC_048181.1|YP_009821861.1_25|[Raoultella_phage_RP180]hypothetical_protein|19172..19666|164	0.688	166	51	0	1	166	1	164	3.383E-17	791
1_cl100_ss3e_DT	NC_028695.2|YP_009191448.1_40|[Enterobacter_phage_phiEap-2]hypothetical_protein|21610..22104|164	0.614	166	63	0	1	166	1	164	3.575E-17	790
1_cl100_ss3e_DT	NC_073210.1|YP_010748238.1_23|[Salmonella_phage_fmb-p1]hypothetical_protein|complement(23471..23914)|147	0.965	146	5	0	21	166	2	147	3.779E-17	789
1_cl100_ss3e_DT	NC_026017.1|YP_009113175.1_28|[Salmonella_phage_LSPA1]hypothetical_protein|19764..20207|147	0.965	146	5	0	21	166	2	147	4.460E-17	786
1_cl100_ss3e_DT	NC_073318.1|YP_010749194.1_61|[Escherichia_phage_NTEC3]hypothetical_protein|complement(34314..35714)|466	0.790	162	34	0	1	162	1	162	5.264E-17	783
1_cl100_ss3e_DT	NC_042065.1|YP_009617944.1_25|[Salmonella_phage_FSL_SP-101]hypothetical_protein|17112..17555|147	0.952	146	7	0	21	166	2	147	2.474E-16	755
1_cl100_ss3e_DT	NC_069154.1|YP_010582691.1_40|[Klebsiella_phage_VLCpiS11a]virion_structural_protein|complement(25256..25750)|164	0.602	166	65	0	1	166	1	164	2.921E-16	752
1_cl100_ss3e_DT	NC_073320.1|YP_010749347.1_61|[Escherichia_phage_26]hypothetical_protein|32941..33414|157	0.694	157	47	0	10	166	3	157	7.474E-16	735
1_cl100_ss3e_DT	NC_069155.1|YP_010582758.1_50|[Serratia_phage_Tsm2]hypothetical_protein|30094..30588|164	0.614	166	63	0	1	166	1	164	8.347E-16	733
1_cl100_ss3e_DT	NC_073322.1|YP_010749475.1_46|[Escherichia_phage_vB_EcoS-Ro145c2YLVW]hypothetical_protein|23553..24026|157	0.700	157	46	0	10	166	3	157	1.163E-15	727
1_cl100_ss3e_DT	NC_073319.1|YP_010749258.1_53|[Escherichia_phage_SZH-1]hypothetical_protein|complement(25719..26192)|157	0.707	157	45	0	10	166	3	157	2.021E-15	717
1_cl100_ss3e_DT	NC_069156.1|YP_010582773.1_5|[Serratia_phage_vB_SmaM-Otaku]hypothetical_protein|complement(4881..5375)|164	0.626	166	61	0	1	166	1	164	2.136E-15	716
1_cl100_ss3e_DT	NC_021563.1|YP_008130357.1_64|[Serratia_phage_Eta]hypothetical_protein|36442..36936|164	0.596	166	66	0	1	166	1	164	3.324E-15	708
1_cl100_ss3e_DT	NC_025466.1|YP_009103926.1_40|[Shewanella_sp._phage_3/49]hypothetical_protein|23325..23825|166	0.521	161	76	0	1	161	1	159	4.719E-14	660
1_cl100_ss3e_DT	NC_073315.1|YP_010748930.1_28|[Escherichia_phage_vB_EcoS_fFiEco03]hypothetical_protein|17935..19305|456	0.688	135	41	0	9	143	2	134	4.550E-13	619
1_cl100_ss3e_DT	NC_073031.1|YP_010738739.1_12|[Janthinobacterium_phage_vB_JliS-Donnerlittchen]hypothetical_protein|6881..7357|158	0.182	163	117	0	4	166	2	145	4.235E-08	412
1_cl100_ss3e_DT	NC_028834.1|YP_009201754.1_20|[Achromobacter_phage_83-24]hypothetical_protein|15509..16585|358	0.201	123	95	0	1	120	129	251	1.025E-07	396
1_cl100_ss3e_DT	NC_028819.1|YP_009200200.1_14|[Pseudoalteromonas_phage_H103]virion_structural_protein|complement(10119..10595)|158	0.170	159	128	0	2	160	3	157	1.145E-07	394
1_cl100_ss3e_DT	NC_002484.2|NP_061517.1_20|[Pseudomonas_phage_D3]virion_structural_protein|13793..14272|159	0.166	161	130	0	4	164	2	158	2.349E-07	381
1_cl100_ss3e_DT	NC_016765.1|YP_005098223.1_20|[Pseudomonas_phage_PMG1]virion_structural_protein|13837..14316|159	0.166	161	130	0	4	164	2	158	2.349E-07	381
1_cl100_ss3e_DT	NC_071152.1|YP_010685763.1_30|[Klebsiella_phage_VLCpiS13a]virion_structural_protein|17455..17925|156	0.152	159	130	0	2	160	1	154	3.097E-07	376
1_cl100_ss3e_DT	NC_054637.1|YP_010053153.1_29|[Escherichia_phage_vB_EcoS_Sa179lw]hypothetical_protein|15910..16383|157	0.181	159	128	0	1	159	1	157	3.097E-07	376
1_cl100_ss3e_DT	NC_029066.1|YP_009222842.1_72|[Pseudomonas_phage_PS-1]virion_structural_protein|40548..41054|168	0.143	165	135	0	4	162	2	166	3.097E-07	376
1_cl100_ss3e_DT	NC_054651.1|YP_010054281.1_6|[Escherichia_phage_C1]hypothetical_protein|complement(6554..7027)|157	0.171	151	120	0	1	146	1	151	3.273E-07	375
1_cl100_ss3e_DT	NC_054641.1|YP_010053509.1_61|[Salmonella_virus_KFS-SE2]hypothetical_protein|complement(34627..35097)|156	0.171	156	124	0	2	152	1	156	3.656E-07	373
1_cl100_ss3e_DT	NC_054647.1|YP_010053951.1_16|[Salmonella_phage_Akira]hypothetical_protein|complement(13949..14422)|157	0.170	157	125	0	1	152	1	157	3.863E-07	372
1_cl100_ss3e_DT	NC_010495.1|YP_001742072.1_35|[Salmonella_phage_Vi_II-E1]hypothetical_protein|24365..24835|156	0.176	156	124	0	2	152	1	156	4.083E-07	371
1_cl100_ss3e_DT	NC_054640.1|YP_010053420.1_47|[Salmonella_phage_Segz_1]hypothetical_protein|23514..23987|157	0.173	151	120	0	1	146	1	151	4.083E-07	371
1_cl100_ss3e_DT	NC_054642.1|YP_010053565.1_32|[Salmonella_phage_Seszw_1]hypothetical_protein|17534..18007|157	0.177	157	124	0	1	152	1	157	4.315E-07	370
1_cl100_ss3e_DT	NC_074664.1|YP_010773482.1_14|[Pseudomonas_phage_BUCT566]hypothetical_protein|10993..11460|155	0.151	161	129	0	4	164	2	154	4.560E-07	369
1_cl100_ss3e_DT	NC_074663.1|YP_010773399.1_9|[Pseudomonas_phage_vB_Pae_LC3I3]hypothetical_protein|6635..7102|155	0.151	161	129	0	4	164	2	154	4.819E-07	368
1_cl100_ss3e_DT	NC_030929.1|YP_009275521.1_34|[Pseudomonas_phage_JBD44]virion_structural_protein|21460..21927|155	0.151	161	129	0	4	164	2	154	4.819E-07	368
1_cl100_ss3e_DT	NC_016762.1|YP_005098084.1_57|[Pseudomonas_phage_phi297]virion_structural_protein|37368..37835|155	0.132	161	132	0	4	164	2	154	4.819E-07	368
1_cl100_ss3e_DT	NC_054638.1|YP_010053258.1_48|[Salmonella_phage_vB_SenS_SB28]hypothetical_protein|24344..24814|156	0.158	158	131	0	2	159	1	156	4.819E-07	368
1_cl100_ss3e_DT	NC_054648.1|YP_010054082.1_62|[Salmonella_phage_vB_Se_STGO-35-1]minor_tail_protein|29548..30021|157	0.171	151	120	0	1	146	1	151	5.093E-07	367
1_cl100_ss3e_DT	NC_071144.1|YP_010685103.1_4|[Klebsiella_phage_VLCpiS13f]virion_structural_protein|complement(4718..5191)|157	0.176	151	123	0	1	150	1	151	5.093E-07	367
1_cl100_ss3e_DT	NC_025471.1|YP_009104265.1_28|[Idiomarinaceae_phage_Phi1M2-2]virion_structural_protein|16209..16694|161	0.179	159	128	0	4	160	2	160	5.383E-07	366
1_cl100_ss3e_DT	NC_020839.1|YP_007673206.1_6|[Rhodobacter_phage_RC1]virion_structural_protein|complement(6559..6981)|140	0.142	139	100	0	1	117	1	139	5.688E-07	365
1_cl100_ss3e_DT	NC_020866.1|YP_007676430.1_51|[Rhodovulum_phage_RS1]virion_structural_protein|32787..33209|140	0.142	139	100	0	1	117	1	139	5.688E-07	365
1_cl100_ss3e_DT	NC_054636.1|YP_010053061.1_17|[Shigella_phage_Sf11_SMD-2017]hypothetical_protein|complement(13880..15253)|457	0.186	123	96	0	1	119	1	123	5.688E-07	365
1_cl100_ss3e_DT	NC_071157.1|YP_010686190.1_59|[Klebsiella_phage_VLCpiS13c]virion_structural_protein|complement(35238..35708)|156	0.158	159	129	0	2	160	1	154	6.012E-07	364
1_cl100_ss3e_DT	NC_071149.1|YP_010685562.1_68|[Klebsiella_phage_vB_Kpn_ZCKp20p]baseplate_wedge_protein|32709..33179|156	0.168	159	127	0	2	160	1	154	6.353E-07	363
1_cl100_ss3e_DT	NC_071156.1|YP_010686107.1_56|[Klebsiella_phage_6991]hypothetical_protein|28567..29037|156	0.168	159	127	0	2	160	1	154	6.353E-07	363
1_cl100_ss3e_DT	NC_071150.1|YP_010685647.1_69|[Klebsiella_phage_ZCKP8]minor_tail_protein|32402..32872|156	0.168	159	127	0	2	160	1	154	6.353E-07	363
1_cl100_ss3e_DT	NC_071151.1|YP_010685719.1_57|[Klebsiella_phage_vB_Kpn_ZC2]minor_tail_protein|32717..33187|156	0.168	159	127	0	2	160	1	154	6.353E-07	363
1_cl100_ss3e_DT	NC_054650.1|YP_010054212.1_16|[Shigella_phage_DS8]hypothetical_protein|8852..9325|157	0.167	160	128	0	1	160	1	155	6.353E-07	363
1_cl100_ss3e_DT	NC_071003.1|YP_010675369.1_21|[Enterobacter_phage_vB_EclS_CobraSix]hypothetical_protein|14964..15461|165	0.193	123	95	0	1	119	1	123	6.353E-07	363
1_cl100_ss3e_DT	NC_071146.1|YP_010685295.1_37|[Klebsiella_phage_vB_KpnS_MK54]minor_tail_protein|19423..19893|156	0.158	159	129	0	2	160	1	154	6.714E-07	362
1_cl100_ss3e_DT	NC_031924.1|YP_009322780.1_67|[Salmonella_phage_IME207]hypothetical_protein|28806..29282|158	0.180	151	122	0	1	150	1	151	7.499E-07	360
1_cl100_ss3e_DT	NC_019927.1|YP_007237618.1_44|[Cronobacter_phage_ENT47670]hypothetical_protein|46209..46706|165	0.167	166	132	0	1	166	1	160	7.499E-07	360
1_cl100_ss3e_DT	NC_054649.1|YP_010054112.1_4|[Escherichia_phage_vB_EcoS_swi2]hypothetical_protein|complement(5668..6141)|157	0.144	160	132	0	1	160	1	155	7.925E-07	359
1_cl100_ss3e_DT	NC_031918.1|YP_009322249.1_52|[Salmonella_phage_64795_sal3]hypothetical_protein|27290..27772|160	0.164	157	126	0	1	152	4	160	7.925E-07	359
1_cl100_ss3e_DT	NC_042037.1|YP_009614658.1_62|[Aeromonas_phage_pIS4-A]hypothetical_protein|32456..32926|156	0.168	159	127	0	2	160	1	154	8.376E-07	358
1_cl100_ss3e_DT	NC_054643.1|YP_010053681.1_76|[Salmonella_phage_SeSz-2]hypothetical_protein|39846..40316|156	0.171	156	124	0	2	152	1	156	8.376E-07	358
1_cl100_ss3e_DT	NC_021534.1|YP_008126232.1_68|[Vibrio_phage_pYD38-A]hypothetical_protein|complement(39512..39982)|156	0.168	159	127	0	2	160	1	154	8.376E-07	358
1_cl100_ss3e_DT	NC_071143.1|YP_010685006.1_3|[Flyfo_siphovirus_Tbat1_6]hypothetical_protein|3131..3601|156	0.168	159	127	0	2	160	1	154	8.376E-07	358
1_cl100_ss3e_DT	NC_019541.1|YP_007010627.1_46|[Acinetobacter_phage_YMC/09/02/B1251]virion_structural_protein|33893..34291|132	0.187	131	105	0	4	134	2	131	9.355E-07	356
1_cl100_ss3e_DT	NC_071145.1|YP_010685197.1_17|[Klebsiella_phage_VLCpiS13e]virion_structural_protein|10270..10743|157	0.167	160	128	0	1	160	1	155	9.886E-07	355
1_cl100_ss3e_DT	NC_071153.1|YP_010685868.1_57|[Klebsiella_phage_BUCT610]hypothetical_protein|27338..27808|156	0.168	159	127	0	2	160	1	154	1.045E-06	354
1_cl100_ss3e_DT	NC_054639.1|YP_010053346.1_63|[Salmonella_phage_Skate]hypothetical_protein|28397..28873|158	0.185	123	96	0	1	119	1	123	1.104E-06	353
1_cl100_ss3e_DT	NC_034248.1|YP_009352271.1_14|[Rhizobium_phage_RHEph10]minor_tail_protein|13132..13488|118	0.158	118	95	0	1	118	1	114	1.233E-06	351
1_cl100_ss3e_DT	NC_009447.1|YP_001210237.1_17|[Burkholderia_phage_BcepGomr]virion_structural_protein|13816..14934|372	0.145	120	102	0	1	120	126	245	1.233E-06	351
1_cl100_ss3e_DT	NC_054645.1|YP_010053778.1_13|[Salmonella_phage_LPST10]hypothetical_protein|complement(11731..12204)|157	0.169	160	128	0	1	160	1	155	1.377E-06	349
1_cl100_ss3e_DT	NC_054646.1|YP_010053891.1_39|[Salmonella_phage_VB_StyS_BS5]hypothetical_protein|19802..20275|157	0.169	160	128	0	1	160	1	155	1.377E-06	349
1_cl100_ss3e_DT	NC_070846.1|YP_010657369.1_2|[Salmonella_phage_LPSTLL]hypothetical_protein|1594..2067|157	0.175	150	122	0	2	150	1	150	1.377E-06	349
1_cl100_ss3e_DT	NC_054644.1|YP_010053740.1_57|[Salmonella_virus_VSt472]hypothetical_protein|28620..29093|157	0.169	160	128	0	1	160	1	155	1.377E-06	349
1_cl100_ss3e_DT	NC_071142.1|YP_010684975.1_52|[Klebsiella_phage_VLCpiS13d]virion_structural_protein|25572..26042|156	0.168	159	127	0	2	160	1	154	1.456E-06	348
1_cl100_ss3e_DT	NC_011373.1|YP_002284353.1_19|[Pseudomonas_phage_PAJU2]virion_structural_protein|14682..15146|154	0.171	127	99	0	4	124	2	128	1.538E-06	347
1_cl100_ss3e_DT	NC_048198.1|YP_009824047.1_17|[Erwinia_phage_vB_EhrS_59]hypothetical_protein|14104..14601|165	0.132	165	138	0	2	166	1	160	2.530E-06	338
1_cl100_ss3e_DT	NC_071154.1|YP_010685917.1_23|[Klebsiella_phage_BUCT541]hypothetical_protein|complement(17295..17765)|156	0.178	122	96	0	2	119	1	122	2.986E-06	335
1_cl100_ss3e_DT	NC_054652.1|YP_010054356.1_5|[Klebsiella_phage_YX3973]hypothetical_protein|6251..6721|156	0.178	122	96	0	2	119	1	122	2.986E-06	335
1_cl100_ss3e_DT	NC_054653.1|YP_010054428.1_13|[Klebsiella_virus_KpV2811]hypothetical_protein|complement(13683..14153)|156	0.178	122	96	0	2	119	1	122	2.986E-06	335
1_cl100_ss3e_DT	NC_071155.1|YP_010686024.1_52|[Klebsiella_phage_VLCpiS13b]virion_structural_protein|26421..26891|156	0.158	159	129	0	2	160	1	154	2.986E-06	335
1_cl100_ss3e_DT	NC_054654.1|YP_010054542.1_49|[Klebsiella_phage_vB_KpnS_ZX4]hypothetical_protein|25749..26219|156	0.178	122	96	0	2	119	1	122	2.986E-06	335
1_cl100_ss3e_DT	NC_031059.1|YP_009285933.1_48|[Rhodovulum_phage_vB_RhkS_P1]virion_structural_protein|27232..27588|118	0.162	119	98	0	1	119	1	118	3.156E-06	334
1_cl100_ss3e_DT	NC_070971.1|YP_010671790.1_27|[Pseudomonas_virus_PBPA162]hypothetical_protein|complement(21915..22742)|275	0.175	128	103	0	1	126	122	249	3.335E-06	333
1_cl100_ss3e_DT	NC_028768.1|YP_009196207.1_22|[Achromobacter_phage_JWX]virion_structural_protein|16122..17195|357	0.137	124	103	0	1	120	127	250	3.725E-06	331
1_cl100_ss3e_DT	NC_042091.1|YP_009620694.1_25|[Pseudomonas_phage_nickie]hypothetical_protein|21208..21573|121	0.169	121	96	0	1	117	1	121	4.647E-06	327
1_cl100_ss3e_DT	NC_070970.1|YP_010671701.1_28|[Pseudomonas_phage_Iggy]hypothetical_protein|20297..21124|275	0.187	137	102	0	1	126	113	249	7.231E-06	319
1_cl100_ss3e_DT	NC_029033.1|YP_009220355.1_54|[Achromobacter_phage_phiAxp-1]virion_structural_protein|33078..34382|434	0.104	123	108	0	3	124	129	251	8.076E-06	317
1_cl100_ss3e_DT	NC_016766.1|YP_005098334.1_35|[Synechococcus_phage_S-CBS4]minor_tail_protein|25163..25516|117	0.161	120	96	0	1	120	1	115	9.532E-06	314
1_cl100_ss3e_DT	NC_016165.1|YP_004934695.1_52|[Rhodobacter_phage_RcapMu]virion_structural_protein|31713..32135|140	0.165	138	96	0	1	116	1	138	1.007E-05	313
1_cl100_ss3e_DT	NC_007709.1|YP_453576.1_18|[Xanthomonas_phage_OP1]virion_structural_protein|13552..13905|117	0.126	116	101	0	4	119	2	117	1.328E-05	308
1_cl100_ss3e_DT	NC_049944.1|YP_009909330.1_65|[Stx2-converting_phage_Stx2a_WGPS8]minor_tail_protein|42010..42351|113	0.157	119	94	0	1	119	1	113	1.483E-05	306
1_cl100_ss3e_DT	NC_011356.1|YP_002274199.1_63|[Enterobacteria_phage_YYZ-2008]minor_tail_protein|41055..41396|113	0.157	119	94	0	1	119	1	113	1.483E-05	306
1_cl100_ss3e_DT	NC_049945.1|YP_009909408.1_65|[Stx2-converting_phage_Stx2a_WGPS6]minor_tail_protein|44910..45251|113	0.157	119	94	0	1	119	1	113	1.483E-05	306
1_cl100_ss3e_DT	NC_011357.1|YP_002274276.1_65|[Stx2-converting_phage_1717]minor_tail_protein|47498..47839|113	0.157	119	94	0	1	119	1	113	1.483E-05	306
1_cl100_ss3e_DT	NC_049943.1|YP_009909253.1_63|[Enterobacteria_phage_2851]minor_tail_protein|44185..44526|113	0.157	119	94	0	1	119	1	113	1.483E-05	306
1_cl100_ss3e_DT	NC_049941.1|YP_009909100.1_55|[Stx2-converting_phage_Stx2a_WGPS2]minor_tail_protein|40553..40894|113	0.157	119	94	0	1	119	1	113	1.751E-05	303
1_cl100_ss3e_DT	NC_004813.1|YP_001449305.1_68|[Enterobacteria_phage_BP-4795]minor_tail_protein|41004..41345|113	0.157	119	94	0	1	119	1	113	1.751E-05	303
1_cl100_ss3e_DT	NC_009543.1|YP_001285688.1_16|[Xanthomonas_phage_Xop411]virion_structural_protein|12401..12757|118	0.126	116	101	0	4	119	2	117	1.751E-05	303
1_cl100_ss3e_DT	NC_049942.1|YP_009909178.1_67|[Escherichia_phage_JLK-2012]minor_tail_protein|43932..44273|113	0.157	119	94	0	1	119	1	113	1.955E-05	301
1_cl100_ss3e_DT	NC_007024.1|YP_239288.1_20|[Xanthomonas_phage_Xp15]virion_structural_protein|16353..16724|123	0.137	119	100	0	4	120	2	120	1.955E-05	301
1_cl100_ss3e_DT	NC_047902.1|YP_009796566.1_15|[Pseudomonas_phage_PMBT3]minor_tail_protein|16638..16985|115	0.150	115	94	0	6	120	4	114	2.067E-05	300
1_cl100_ss3e_DT	NC_024217.1|YP_009037310.1_120|[Nitrincola_phage_1M3-16]hypothetical_protein|complement(64505..64858)|117	0.178	119	95	0	2	120	1	117	2.067E-05	300
1_cl100_ss3e_DT	NC_023502.1|YP_009003193.1_36|[Rhizobium_phage_vB_RleS_L338C]minor_tail_protein|27949..28305|118	0.108	118	101	0	2	119	4	117	2.184E-05	299
1_cl100_ss3e_DT	NC_004902.1|NP_858966.1_19|[Xanthomonas_phage_Xp10]virion_structural_protein|13362..13718|118	0.117	116	102	0	4	119	2	117	2.308E-05	298
1_cl100_ss3e_DT	NC_019933.2|YP_007238089.1_19|[Xanthomonas_phage_CP1]virion_structural_protein|14827..15189|120	0.114	118	102	0	4	119	2	119	2.308E-05	298
1_cl100_ss3e_DT	NC_070822.1|YP_010655179.1_15|[Pseudoalteromonas_phage_TW1]hypothetical_protein|8086..8556|156	0.190	141	113	0	1	141	2	142	2.308E-05	298
1_cl100_ss3e_DT	NC_020846.1|YP_007674000.1_38|[Vibrio_phage_pYD21-A]virion_structural_protein|24843..25325|160	0.146	125	101	0	1	119	1	125	3.216E-05	292
1_cl100_ss3e_DT	NC_070823.1|YP_010655298.1_72|[Pseudoalteromonas_phage_vB_PspS-H40/1]hypothetical_protein|44459..44860|133	0.145	119	101	0	1	119	1	119	3.796E-05	289
1_cl100_ss3e_DT	NC_070824.1|YP_010655303.1_4|[Pseudoalteromonas_phage_C7]hypothetical_protein|complement(4549..5016)|155	0.120	135	118	0	1	135	5	139	5.906E-05	281
1_cl100_ss3e_DT	NC_071020.1|YP_010677399.1_91|[Stenotrophomonas_phage_BUCT626]hypothetical_protein|complement(54409..54771)|120	0.123	119	101	0	4	119	2	120	8.229E-05	275
1_cl100_ss3e_DT	NC_006949.1|YP_224161.1_23|[Enterobacteria_phage_ES18]minor_tail_protein|17169..17516|115	0.178	117	93	0	4	120	1	114	9.191E-05	273
1_cl100_ss3e_DT	NC_071017.1|YP_010677054.1_50|[Stenotrophomonas_phage_Salva]hypothetical_protein|25137..25502|121	0.123	119	101	0	4	119	2	120	1.280E-04	267
1_cl100_ss3e_DT	NC_019545.1|YP_007011001.1_31|[Salmonella_phage_SPN3UB]minor_tail_protein|18861..19208|115	0.184	119	92	0	2	120	1	114	1.353E-04	266
1_cl100_ss3e_DT	NC_071018.1|YP_010677153.1_47|[Stenotrophomonas_phage_Siara]minor_tail_protein|24189..24554|121	0.132	119	100	0	4	119	2	120	1.353E-04	266
1_cl100_ss3e_DT	NC_047863.1|YP_009792874.1_25|[Shigella_phage_vB_SflS-ISF001]minor_tail_protein|complement(21118..21471)|117	0.132	119	98	0	1	119	1	114	1.430E-04	265
1_cl100_ss3e_DT	NC_070772.1|YP_010649711.1_24|[Vibrio_phage_Seahorse]hypothetical_protein|20900..21397|165	0.161	158	113	0	1	136	1	158	1.511E-04	264
1_cl100_ss3e_DT	NC_042062.1|YP_009617880.1_51|[Salmonella_phage_SP069]hypothetical_protein|29434..29937|167	0.211	121	93	0	10	130	17	135	1.511E-04	264
1_cl100_ss3e_DT	NC_015465.1|YP_004421739.1_17|[Synechococcus_phage_S-CBS3]minor_tail_protein|17265..17633|122	0.160	119	98	0	4	121	2	120	1.688E-04	262
1_cl100_ss3e_DT	NC_018279.1|YP_006560828.1_22|[Salmonella_phage_vB_SosS_Oslo]minor_tail_protein|15584..15931|115	0.179	119	93	0	2	120	1	114	1.993E-04	259
1_cl100_ss3e_DT	NC_071019.1|YP_010677215.1_9|[Stenotrophomonas_phage_vB_SmaS_BUCT548]hypothetical_protein|7128..7490|120	0.132	119	99	0	4	118	2	120	1.993E-04	259
1_cl100_ss3e_DT	NC_071021.1|YP_010677479.1_73|[Stenotrophomonas_phage_BUCT627]hypothetical_protein|complement(42907..43269)|120	0.132	119	99	0	4	118	2	120	1.993E-04	259
1_cl100_ss3e_DT	NC_047786.1|YP_009787821.1_47|[Salmonella_phage_vB_SenS_Sasha]virion_structural_protein|27788..28291|167	0.194	157	123	0	8	164	14	166	2.106E-04	258
1_cl100_ss3e_DT	NC_048166.1|YP_009820346.1_15|[Pseudomonas_phage_Lana]minor_tail_protein|16872..17201|109	0.160	110	88	0	11	120	3	108	2.486E-04	255
1_cl100_ss3e_DT	NC_015463.1|YP_004421477.1_23|[Synechococcus_phage_S-CBS2]unknown_structural_protein|15824..16180|118	0.109	108	91	0	14	116	10	117	3.868E-04	247
1_cl100_ss3e_DT	NC_070823.1|YP_010655299.1_73|[Pseudoalteromonas_phage_vB_PspS-H40/1]hypothetical_protein|44860..45306|148	0.130	160	117	0	1	160	13	148	5.099E-04	242
1_cl100_ss3e_DT	NC_073074.1|YP_010741676.1_62|[Escherichia_phage_UAE_MI-01]minor_tail_protein|complement(40900..41499)|199	0.096	116	103	0	5	119	81	196	6.018E-04	239
1_cl100_ss3e_DT	NC_025443.1|YP_009101221.1_51|[Salmonella_phage_9NA]virion_structural_protein|28178..28681|167	0.227	107	82	0	10	116	17	123	6.360E-04	238
1_cl100_ss3e_DT	NC_073057.1|YP_010740614.1_20|[Escherichia_phage_KarlBarth]putative_minor_tail_protein|14454..15053|199	0.079	117	106	0	3	119	81	196	6.722E-04	237
1_cl100_ss3e_DT	NC_012742.1|YP_002922631.1_17|[Xanthomonas_phage_phiL7]virion_structural_protein|13581..13940|119	0.112	118	102	0	4	119	2	119	7.104E-04	236
1_cl100_ss3e_DT	NC_073078.1|YP_010741872.1_3|[Escherichia_phage_welsh]minor_tail_protein|3832..4431|199	0.081	116	105	0	5	119	81	196	7.104E-04	236
1_cl100_ss3e_DT	NC_073066.1|YP_010741193.1_20|[Escherichia_phage_GeorgBuechner]putative_minor_tail_protein|14445..15044|199	0.096	116	103	0	5	119	81	196	7.104E-04	236
1_cl100_ss3e_DT	NC_041925.1|YP_009600624.1_42|[Proteus_phage_VB_PmiS-Isfahan]hypothetical_protein|25971..26468|165	0.181	145	116	0	10	152	15	159	7.934E-04	234
1_cl100_ss3e_DT	NC_073084.1|YP_010742293.1_58|[Escherichia_phage_vb_EcoS_bov22_1]hypothetical_protein|39046..39645|199	0.071	117	107	0	3	119	81	196	7.934E-04	234
1_cl100_ss3e_DT	NC_073079.1|YP_010741947.1_20|[Escherichia_phage_vB_EcoD_Over9000]putative_minor_tail_protein|14884..15483|199	0.080	117	106	0	3	119	81	196	7.934E-04	234
1_cl100_ss3e_DT	NC_073081.1|YP_010742058.1_4|[Escherichia_phage_vB_EcoS_Sponge]putative_minor_tail_protein|3754..4353|199	0.080	117	106	0	3	119	81	196	7.934E-04	234
1_cl100_ss3e_DT	NC_073062.1|YP_010740947.1_20|[Escherichia_phage_TheodorHerzl]putative_minor_tail_protein|14202..14801|199	0.081	116	105	0	5	119	81	196	8.862E-04	232
1_cl100_ss3e_DT	NC_073080.1|YP_010742010.1_19|[Escherichia_phage_EC115]hypothetical_protein|14792..15421|209	0.079	117	106	0	3	119	91	206	8.862E-04	232
1_cl100_ss3e_DT	NC_073088.1|YP_010742504.1_19|[Escherichia_phage_PC2]minor_tail_protein|complement(17760..18389)|209	0.079	117	106	0	3	119	91	206	8.862E-04	232
1_cl100_ss3e_DT	NC_073085.1|YP_010742344.1_48|[Escherichia_phage_vB_EcoS_011D5]putative_minor_tail_protein|31474..32073|199	0.096	116	103	0	5	119	81	196	9.897E-04	230
1_cl100_ss3e_DT	NC_073086.1|YP_010742409.1_48|[Escherichia_phage_vB_EcoS_L-h_1M]putative_minor_tail_protein|31474..32073|199	0.096	116	103	0	5	119	81	196	9.897E-04	230
4_cl5_Carvaje	NC_071011.1|YP_010676308.1_51|[Klebsiella_phage_vB_KpnS-Carvaje]virion_structural_protein|27754..28257|167	1.000	167	0	0	1	167	1	167	4.560E-19	857
4_cl5_Carvaje	NC_047786.1|YP_009787821.1_47|[Salmonella_phage_vB_SenS_Sasha]virion_structural_protein|27788..28291|167	0.802	167	33	0	1	167	1	167	1.182E-18	840
4_cl5_Carvaje	NC_042062.1|YP_009617880.1_51|[Salmonella_phage_SP069]hypothetical_protein|29434..29937|167	0.802	167	33	0	1	167	1	167	6.320E-17	769
4_cl5_Carvaje	NC_025443.1|YP_009101221.1_51|[Salmonella_phage_9NA]virion_structural_protein|28178..28681|167	0.796	167	34	0	1	167	1	167	1.238E-16	757
4_cl5_Carvaje	NC_041925.1|YP_009600624.1_42|[Proteus_phage_VB_PmiS-Isfahan]hypothetical_protein|25971..26468|165	0.418	165	95	0	3	167	1	165	3.148E-12	576
4_cl5_Carvaje	NC_025471.1|YP_009104265.1_28|[Idiomarinaceae_phage_Phi1M2-2]virion_structural_protein|16209..16694|161	0.201	161	128	0	7	167	1	161	1.126E-08	430
4_cl5_Carvaje	NC_029066.1|YP_009222842.1_72|[Pseudomonas_phage_PS-1]virion_structural_protein|40548..41054|168	0.168	157	118	0	11	167	3	145	1.120E-07	389
4_cl5_Carvaje	NC_028695.2|YP_009191448.1_40|[Enterobacter_phage_phiEap-2]hypothetical_protein|21610..22104|164	0.237	141	105	0	16	153	9	149	2.455E-07	375
4_cl5_Carvaje	NC_073031.1|YP_010738739.1_12|[Janthinobacterium_phage_vB_JliS-Donnerlittchen]hypothetical_protein|6881..7357|158	0.150	131	110	0	7	137	1	130	8.909E-07	352
4_cl5_Carvaje	NC_069154.1|YP_010582691.1_40|[Klebsiella_phage_VLCpiS11a]virion_structural_protein|complement(25256..25750)|164	0.227	160	121	0	7	166	1	158	1.054E-06	349
4_cl5_Carvaje	NC_073172.1|YP_010745932.1_46|[Salmonella_phage_skrot]hypothetical_protein|24902..25402|166	0.184	151	120	0	17	167	10	157	1.247E-06	346
4_cl5_Carvaje	NC_016762.1|YP_005098084.1_57|[Pseudomonas_phage_phi297]virion_structural_protein|37368..37835|155	0.134	152	124	0	7	158	1	144	1.319E-06	345
4_cl5_Carvaje	NC_073322.1|YP_010749475.1_46|[Escherichia_phage_vB_EcoS-Ro145c2YLVW]hypothetical_protein|23553..24026|157	0.234	153	113	0	15	167	1	149	1.560E-06	342
4_cl5_Carvaje	NC_041992.1|YP_009608663.1_42|[Salmonella_phage_wksl3]hypothetical_protein|complement(27064..27564)|166	0.196	151	118	0	17	167	10	157	1.560E-06	342
4_cl5_Carvaje	NC_073183.1|YP_010746577.1_24|[Salmonella_phage_NBSal007]hypothetical_protein|complement(21183..21683)|166	0.184	151	120	0	17	167	10	157	1.560E-06	342
4_cl5_Carvaje	NC_031059.1|YP_009285933.1_48|[Rhodovulum_phage_vB_RhkS_P1]virion_structural_protein|27232..27588|118	0.139	120	98	0	7	126	4	118	1.952E-06	338
4_cl5_Carvaje	NC_025466.1|YP_009103926.1_40|[Shewanella_sp._phage_3/49]hypothetical_protein|23325..23825|166	0.193	151	117	0	17	167	10	155	1.952E-06	338
4_cl5_Carvaje	NC_073214.1|YP_010748481.1_38|[Salmonella_phage_vB_SenS_ER1]hypothetical_protein|21670..22170|166	0.185	160	126	0	8	167	3	157	2.065E-06	337
4_cl5_Carvaje	NC_073217.1|YP_010748688.1_48|[Salmonella_phage_pink]hypothetical_protein|25082..25582|166	0.185	160	126	0	8	167	3	157	2.065E-06	337
4_cl5_Carvaje	NC_002484.2|NP_061517.1_20|[Pseudomonas_phage_D3]virion_structural_protein|13793..14272|159	0.135	153	128	0	7	159	1	149	2.184E-06	336
4_cl5_Carvaje	NC_016765.1|YP_005098223.1_20|[Pseudomonas_phage_PMG1]virion_structural_protein|13837..14316|159	0.135	153	128	0	7	159	1	149	2.184E-06	336
4_cl5_Carvaje	NC_048181.1|YP_009821861.1_25|[Raoultella_phage_RP180]hypothetical_protein|19172..19666|164	0.221	167	121	0	1	167	1	156	2.184E-06	336
4_cl5_Carvaje	NC_028768.1|YP_009196207.1_22|[Achromobacter_phage_JWX]virion_structural_protein|16122..17195|357	0.203	125	97	0	7	129	130	254	2.310E-06	335
4_cl5_Carvaje	NC_073319.1|YP_010749258.1_53|[Escherichia_phage_SZH-1]hypothetical_protein|complement(25719..26192)|157	0.223	153	115	0	15	167	1	149	2.443E-06	334
4_cl5_Carvaje	NC_073202.1|YP_010747772.1_47|[Salmonella_phage_celemicas]hypothetical_protein|25526..26026|166	0.202	151	117	0	17	167	10	157	2.443E-06	334
4_cl5_Carvaje	NC_073209.1|YP_010748162.1_6|[Salmonella_phage_GRNsp50]hypothetical_protein|complement(5544..6044)|166	0.202	151	117	0	17	167	10	157	2.443E-06	334
4_cl5_Carvaje	NC_073173.1|YP_010745993.1_42|[Salmonella_phage_blauehaus]hypothetical_protein|23963..24463|166	0.202	151	117	0	17	167	10	157	2.443E-06	334
4_cl5_Carvaje	NC_073178.1|YP_010746288.1_31|[Salmonella_phage_vB_SenS_TUMS_E19]hypothetical_protein|20086..20586|166	0.202	151	117	0	17	167	10	157	2.443E-06	334
4_cl5_Carvaje	NC_073200.1|YP_010747627.1_31|[Salmonella_phage_S100]hypothetical_protein|20810..21310|166	0.202	151	117	0	17	167	10	157	2.443E-06	334
4_cl5_Carvaje	NC_073203.1|YP_010747823.1_31|[Salmonella_phage_MET_P1_001_43]hypothetical_protein|19249..19749|166	0.202	151	117	0	17	167	10	157	2.443E-06	334
4_cl5_Carvaje	NC_073201.1|YP_010747703.1_41|[Salmonella_phage_dunkel]hypothetical_protein|25780..26280|166	0.202	151	117	0	17	167	10	157	2.443E-06	334
4_cl5_Carvaje	NC_073186.1|YP_010746744.1_32|[Salmonella_phage_vB_SenS_PVP-SE2]hypothetical_protein|complement(23538..24038)|166	0.202	151	117	0	17	167	10	157	2.443E-06	334
4_cl5_Carvaje	NC_041897.1|YP_009597306.1_26|[Escherichia_phage_K1ind1]hypothetical_protein|16991..18391|466	0.213	135	102	0	5	139	2	131	2.443E-06	334
4_cl5_Carvaje	NC_073219.1|YP_010748806.1_39|[Salmonella_phage_sidste]hypothetical_protein|23863..24363|166	0.221	111	86	0	16	126	9	119	2.584E-06	333
4_cl5_Carvaje	NC_073218.1|YP_010748749.1_38|[Salmonella_phage_demigod]hypothetical_protein|24667..25167|166	0.221	111	86	0	16	126	9	119	2.584E-06	333
4_cl5_Carvaje	NC_074664.1|YP_010773482.1_14|[Pseudomonas_phage_BUCT566]hypothetical_protein|10993..11460|155	0.127	153	126	0	7	159	1	145	2.890E-06	331
4_cl5_Carvaje	NC_041991.1|YP_009608582.1_27|[Salmonella_phage_vB_SenS_AG11]hypothetical_protein|17728..18228|166	0.184	161	126	0	7	167	2	157	2.890E-06	331
4_cl5_Carvaje	NC_073191.1|YP_010747048.1_26|[Salmonella_phage_vB_SenS-EnJE6]hypothetical_protein|complement(19818..20318)|166	0.206	151	117	0	17	167	10	157	2.890E-06	331
4_cl5_Carvaje	NC_073325.1|YP_010749670.1_4|[Escherichia_phage_vB_EcoS_XY1]minor_tail_protein|complement(3811..5211)|466	0.207	127	99	0	7	132	1	127	2.890E-06	331
4_cl5_Carvaje	NC_011373.1|YP_002284353.1_19|[Pseudomonas_phage_PAJU2]virion_structural_protein|14682..15146|154	0.159	128	103	0	7	129	1	128	3.057E-06	330
4_cl5_Carvaje	NC_073190.1|YP_010747004.1_50|[Salmonella_phage_vB_SenS_S528]hypothetical_protein|24404..24904|166	0.196	151	118	0	17	167	10	157	3.057E-06	330
4_cl5_Carvaje	NC_073182.1|YP_010746525.1_29|[Salmonella_virus_VSe103]hypothetical_protein|19773..20273|166	0.197	151	118	0	17	167	10	157	3.057E-06	330
4_cl5_Carvaje	NC_073207.1|YP_010748064.1_18|[Salmonella_phage_SHWT1]hypothetical_protein|complement(17411..17911)|166	0.196	151	118	0	17	167	10	157	3.057E-06	330
4_cl5_Carvaje	NC_073189.1|YP_010746947.1_55|[Salmonella_phage_JD01]hypothetical_protein|complement(38045..38545)|166	0.196	151	118	0	17	167	10	157	3.057E-06	330
4_cl5_Carvaje	NC_073181.1|YP_010746468.1_30|[Salmonella_phage_5sent1]minor_tail_protein|19967..20467|166	0.197	151	118	0	17	167	10	157	3.057E-06	330
4_cl5_Carvaje	NC_073179.1|YP_010746349.1_30|[Salmonella_phage_vB_SenS_TUMS_E4]hypothetical_protein|20065..20565|166	0.197	151	118	0	17	167	10	157	3.057E-06	330
4_cl5_Carvaje	NC_073199.1|YP_010747561.1_29|[Salmonella_phage_S102]hypothetical_protein|19783..20283|166	0.202	151	117	0	17	167	10	157	3.057E-06	330
4_cl5_Carvaje	NC_073198.1|YP_010747531.1_59|[Salmonella_phage_vB_SenS_ER21]hypothetical_protein|complement(40052..40552)|166	0.202	151	117	0	17	167	10	157	3.057E-06	330
4_cl5_Carvaje	NC_073197.1|YP_010747470.1_58|[Salmonella_phage_vB_SenS_ER23]hypothetical_protein|40103..40603|166	0.202	151	117	0	17	167	10	157	3.057E-06	330
4_cl5_Carvaje	NC_019539.1|YP_007010481.1_28|[Salmonella_phage_vB_SenS-Ent1]hypothetical_protein|18977..19477|166	0.197	151	118	0	17	167	10	157	3.057E-06	330
4_cl5_Carvaje	NC_073193.1|YP_010747216.1_59|[Salmonella_phage_vB_SalS-S10]hypothetical_protein|39171..39671|166	0.196	151	118	0	17	167	10	157	3.057E-06	330
4_cl5_Carvaje	NC_073185.1|YP_010746711.1_42|[Salmonella_phage_PBSE191]hypothetical_protein|39461..39961|166	0.197	151	118	0	17	167	10	157	3.057E-06	330
4_cl5_Carvaje	NC_073192.1|YP_010747095.1_6|[Salmonella_phage_F118P13]hypothetical_protein|complement(5673..6173)|166	0.196	151	118	0	17	167	10	157	3.057E-06	330
4_cl5_Carvaje	NC_073188.1|YP_010746874.1_48|[Salmonella_phage_vB_SenS_S532]hypothetical_protein|24316..24816|166	0.196	151	118	0	17	167	10	157	3.057E-06	330
4_cl5_Carvaje	NC_028834.1|YP_009201754.1_20|[Achromobacter_phage_83-24]hypothetical_protein|15509..16585|358	0.164	125	102	0	7	129	131	255	3.233E-06	329
4_cl5_Carvaje	NC_073208.1|YP_010748125.1_26|[Salmonella_phage_SLMP1]hypothetical_protein|complement(20699..21199)|166	0.202	151	117	0	17	167	10	157	3.419E-06	328
4_cl5_Carvaje	NC_069153.1|YP_010582605.1_27|[Salmonella_virus_VSiP]hypothetical_protein|18017..18517|166	0.215	114	87	0	17	128	10	123	3.419E-06	328
4_cl5_Carvaje	NC_073176.1|YP_010746159.1_28|[Salmonella_virus_VSe101]hypothetical_protein|19414..19914|166	0.202	151	117	0	17	167	10	157	3.419E-06	328
4_cl5_Carvaje	NC_073211.1|YP_010748298.1_37|[Salmonella_phage_T102]hypothetical_protein|22571..23071|166	0.202	151	117	0	17	167	10	157	3.419E-06	328
4_cl5_Carvaje	NC_073213.1|YP_010748406.1_26|[Salmonella_phage_vB_SenS_SB3]hypothetical_protein|17765..18265|166	0.196	151	118	0	17	167	10	157	3.419E-06	328
4_cl5_Carvaje	NC_073196.1|YP_010747352.1_5|[Salmonella_phage_NBSal006]hypothetical_protein|complement(3960..4460)|166	0.196	151	118	0	17	167	10	157	3.419E-06	328
4_cl5_Carvaje	NC_009447.1|YP_001210237.1_17|[Burkholderia_phage_BcepGomr]virion_structural_protein|13816..14934|372	0.147	122	101	0	7	128	128	246	3.616E-06	327
4_cl5_Carvaje	NC_074663.1|YP_010773399.1_9|[Pseudomonas_phage_vB_Pae_LC3I3]hypothetical_protein|6635..7102|155	0.127	153	126	0	7	159	1	145	3.825E-06	326
4_cl5_Carvaje	NC_030929.1|YP_009275521.1_34|[Pseudomonas_phage_JBD44]virion_structural_protein|21460..21927|155	0.127	153	126	0	7	159	1	145	3.825E-06	326
4_cl5_Carvaje	NC_022754.1|YP_008767198.1_27|[Salmonella_phage_SETP7]hypothetical_protein|17572..18072|166	0.196	151	118	0	17	167	10	157	3.825E-06	326
4_cl5_Carvaje	NC_073169.1|YP_010745715.1_18|[Salmonella_phage_SS5]hypothetical_protein|complement(15759..16259)|166	0.202	151	117	0	17	167	10	157	3.825E-06	326
4_cl5_Carvaje	NC_054638.1|YP_010053258.1_48|[Salmonella_phage_vB_SenS_SB28]hypothetical_protein|24344..24814|156	0.121	149	129	0	7	155	2	149	4.278E-06	324
4_cl5_Carvaje	NC_073194.1|YP_010747222.1_3|[Salmonella_phage_vB_SalP_LDW16]hypothetical_protein|complement(1350..1850)|166	0.196	151	118	0	17	167	10	157	4.278E-06	324
4_cl5_Carvaje	NC_073324.1|YP_010749624.1_44|[Escherichia_phage_vB_EcoS-22664BS2]hypothetical_protein|22068..23465|465	0.222	114	86	0	17	128	10	123	4.278E-06	324
4_cl5_Carvaje	NC_021777.1|YP_008239738.1_29|[Salmonella_phage_Jersey]hypothetical_protein|20172..20672|166	0.190	161	126	0	7	167	1	157	4.525E-06	323
4_cl5_Carvaje	NC_073320.1|YP_010749347.1_61|[Escherichia_phage_26]hypothetical_protein|32941..33414|157	0.225	152	114	0	15	166	1	148	4.786E-06	322
4_cl5_Carvaje	NC_070772.1|YP_010649711.1_24|[Vibrio_phage_Seahorse]hypothetical_protein|20900..21397|165	0.210	156	122	0	2	157	5	159	4.786E-06	322
4_cl5_Carvaje	NC_073216.1|YP_010748575.1_5|[Salmonella_phage_STP03]hypothetical_protein|complement(5491..5991)|166	0.197	151	118	0	17	167	10	157	4.786E-06	322
4_cl5_Carvaje	NC_073215.1|YP_010748512.1_4|[Salmonella_phage_SGPC]tail_protein|complement(1472..1972)|166	0.196	151	118	0	17	167	10	157	4.786E-06	322
4_cl5_Carvaje	NC_009232.2|YP_001110816.2_27|[Salmonella_phage_SETP3]hypothetical_protein|18460..18960|166	0.191	151	119	0	17	167	10	157	4.786E-06	322
4_cl5_Carvaje	NC_073314.1|YP_010748874.1_48|[Escherichia_virus_fEg-Eco19]hypothetical_protein|24956..25456|166	0.198	147	114	0	9	151	3	149	5.062E-06	321
4_cl5_Carvaje	NC_073316.1|YP_010749009.1_30|[Escherichia_phage_vB_EcoS_fFiEco02]hypothetical_protein|19687..20187|166	0.215	142	107	0	17	153	10	151	5.062E-06	321
4_cl5_Carvaje	NC_073321.1|YP_010749394.1_37|[Escherichia_phage_ZCEC5]hypothetical_protein|20117..20617|166	0.220	151	113	0	17	167	10	155	5.062E-06	321
4_cl5_Carvaje	NC_073184.1|YP_010746642.1_32|[Salmonella_phage_F12013]tail_protein|complement(23758..24258)|166	0.202	151	117	0	17	167	10	157	5.062E-06	321
4_cl5_Carvaje	NC_042084.1|YP_009620106.1_26|[Escherichia_phage_VB_EcoS-Golestan]hypothetical_protein|17370..18788|472	0.216	140	105	0	17	151	10	149	5.062E-06	321
4_cl5_Carvaje	NC_006940.2|YP_308655.1_54|[Salmonella_phage_SS3e]hypothetical_protein|complement(36137..36637)|166	0.196	151	118	0	17	167	10	157	5.354E-06	320
4_cl5_Carvaje	NC_073212.1|YP_010748343.1_28|[Salmonella_phage_ZCSE9]hypothetical_protein|19068..19568|166	0.196	151	118	0	17	167	10	157	5.354E-06	320
4_cl5_Carvaje	NC_027994.1|YP_009168856.1_24|[Escherichia_phage_K1H]hypothetical_protein|16248..16748|166	0.209	140	106	0	17	151	10	149	5.662E-06	319
4_cl5_Carvaje	NC_073174.1|YP_010746054.1_42|[Salmonella_phage_wast]hypothetical_protein|23773..24273|166	0.191	151	119	0	17	167	10	157	5.662E-06	319
4_cl5_Carvaje	NC_073187.1|YP_010746797.1_25|[Salmonella_phage_vB_SenS-EnJE1]hypothetical_protein|complement(22305..22805)|166	0.191	151	119	0	17	167	10	157	5.662E-06	319
4_cl5_Carvaje	NC_027993.1|YP_009168807.1_27|[Escherichia_phage_K1G]hypothetical_protein|17937..18437|166	0.209	140	106	0	17	151	10	149	5.662E-06	319
4_cl5_Carvaje	NC_022752.1|YP_008767027.1_28|[Salmonella_phage_SETP13]hypothetical_protein|18112..18612|166	0.191	151	119	0	17	167	10	157	5.662E-06	319
4_cl5_Carvaje	NC_024217.1|YP_009037310.1_120|[Nitrincola_phage_1M3-16]hypothetical_protein|complement(64505..64858)|117	0.183	119	95	0	7	125	1	117	5.988E-06	318
4_cl5_Carvaje	NC_054637.1|YP_010053153.1_29|[Escherichia_phage_vB_EcoS_Sa179lw]hypothetical_protein|15910..16383|157	0.122	149	123	0	15	155	2	150	5.988E-06	318
4_cl5_Carvaje	NC_071152.1|YP_010685763.1_30|[Klebsiella_phage_VLCpiS13a]virion_structural_protein|17455..17925|156	0.101	149	133	0	7	155	1	149	6.334E-06	317
4_cl5_Carvaje	NC_073317.1|YP_010749084.1_28|[Escherichia_phage_vB_EcoS_fPoEco01]hypothetical_protein|18289..18789|166	0.213	142	107	0	17	153	10	151	6.334E-06	317
4_cl5_Carvaje	NC_041898.1|YP_009597357.1_26|[Escherichia_phage_K1ind2]hypothetical_protein|16992..18392|466	0.224	123	94	0	17	139	10	131	6.334E-06	317
4_cl5_Carvaje	NC_070823.1|YP_010655298.1_72|[Pseudoalteromonas_phage_vB_PspS-H40/1]hypothetical_protein|44459..44860|133	0.113	119	104	0	9	127	3	120	7.085E-06	315
4_cl5_Carvaje	NC_020839.1|YP_007673206.1_6|[Rhodobacter_phage_RC1]virion_structural_protein|complement(6559..6981)|140	0.161	140	99	0	7	125	1	140	7.493E-06	314
4_cl5_Carvaje	NC_020866.1|YP_007676430.1_51|[Rhodovulum_phage_RS1]virion_structural_protein|32787..33209|140	0.161	140	99	0	7	125	1	140	7.493E-06	314
4_cl5_Carvaje	NC_073195.1|YP_010747307.1_28|[Salmonella_phage_Shelanagig]hypothetical_protein|18443..18943|166	0.191	151	119	0	17	167	10	157	7.493E-06	314
4_cl5_Carvaje	NC_073323.1|YP_010749527.1_27|[Escherichia_phage_vB_EcoS-phiEc3]minor_tail_protein|17198..18616|472	0.233	118	88	0	17	132	10	127	7.493E-06	314
4_cl5_Carvaje	NC_093713.1|YP_011217263.1_8|[Escherichia_phage_P_AB-2017]hypothetical_protein|complement(8713..9213)|166	0.201	141	108	0	17	152	10	150	7.925E-06	313
4_cl5_Carvaje	NC_010495.1|YP_001742072.1_35|[Salmonella_phage_Vi_II-E1]hypothetical_protein|24365..24835|156	0.122	149	123	0	15	155	1	149	8.382E-06	312
4_cl5_Carvaje	NC_054642.1|YP_010053565.1_32|[Salmonella_phage_Seszw_1]hypothetical_protein|17534..18007|157	0.128	141	121	0	15	155	11	150	8.382E-06	312
4_cl5_Carvaje	NC_093712.1|YP_011217191.1_3|[Escherichia_phage_L_AB-2017]hypothetical_protein|complement(1052..1552)|166	0.201	141	108	0	17	152	10	150	8.382E-06	312
4_cl5_Carvaje	NC_071145.1|YP_010685197.1_17|[Klebsiella_phage_VLCpiS13e]virion_structural_protein|10270..10743|157	0.090	150	135	0	7	155	1	150	8.865E-06	311
4_cl5_Carvaje	NC_069155.1|YP_010582758.1_50|[Serratia_phage_Tsm2]hypothetical_protein|30094..30588|164	0.232	155	117	0	7	159	1	155	9.376E-06	310
4_cl5_Carvaje	NC_021563.1|YP_008130357.1_64|[Serratia_phage_Eta]hypothetical_protein|36442..36936|164	0.203	153	120	0	7	157	1	153	9.376E-06	310
4_cl5_Carvaje	NC_021775.1|YP_008239652.1_55|[Salmonella_phage_FSL_SP-031]hypothetical_protein|36428..36928|166	0.189	151	119	0	17	167	10	157	9.917E-06	309
4_cl5_Carvaje	NC_054651.1|YP_010054281.1_6|[Escherichia_phage_C1]hypothetical_protein|complement(6554..7027)|157	0.114	141	123	0	15	155	11	150	1.049E-05	308
4_cl5_Carvaje	NC_048198.1|YP_009824047.1_17|[Erwinia_phage_vB_EhrS_59]hypothetical_protein|14104..14601|165	0.115	127	106	0	9	129	2	128	1.049E-05	308
4_cl5_Carvaje	NC_069147.1|YP_010582233.1_64|[Salmonella_phage_GRNsp27]hypothetical_protein|40507..41007|166	0.224	114	86	0	17	128	10	123	1.049E-05	308
4_cl5_Carvaje	NC_054643.1|YP_010053681.1_76|[Salmonella_phage_SeSz-2]hypothetical_protein|39846..40316|156	0.122	149	123	0	15	155	1	149	1.109E-05	307
4_cl5_Carvaje	NC_070846.1|YP_010657369.1_2|[Salmonella_phage_LPSTLL]hypothetical_protein|1594..2067|157	0.109	149	125	0	15	155	1	149	1.173E-05	306
4_cl5_Carvaje	NC_073318.1|YP_010749194.1_61|[Escherichia_phage_NTEC3]hypothetical_protein|complement(34314..35714)|466	0.193	125	100	0	8	132	3	127	1.173E-05	306
4_cl5_Carvaje	NC_073175.1|YP_010746101.1_29|[Salmonella_virus_VSt10]hypothetical_protein|19072..19572|166	0.196	151	118	0	17	167	10	157	1.241E-05	305
4_cl5_Carvaje	NC_031924.1|YP_009322780.1_67|[Salmonella_phage_IME207]hypothetical_protein|28806..29282|158	0.103	141	125	0	15	155	11	150	1.312E-05	304
4_cl5_Carvaje	NC_054647.1|YP_010053951.1_16|[Salmonella_phage_Akira]hypothetical_protein|complement(13949..14422)|157	0.114	141	123	0	15	155	11	150	1.468E-05	302
4_cl5_Carvaje	NC_054648.1|YP_010054082.1_62|[Salmonella_phage_vB_Se_STGO-35-1]minor_tail_protein|29548..30021|157	0.121	141	122	0	15	155	11	150	1.468E-05	302
4_cl5_Carvaje	NC_071003.1|YP_010675369.1_21|[Enterobacter_phage_vB_EclS_CobraSix]hypothetical_protein|14964..15461|165	0.124	126	107	0	7	129	1	126	1.553E-05	301
4_cl5_Carvaje	NC_071153.1|YP_010685868.1_57|[Klebsiella_phage_BUCT610]hypothetical_protein|27338..27808|156	0.082	141	128	0	15	155	10	149	1.642E-05	300
4_cl5_Carvaje	NC_071157.1|YP_010686190.1_59|[Klebsiella_phage_VLCpiS13c]virion_structural_protein|complement(35238..35708)|156	0.082	141	128	0	15	155	10	149	1.642E-05	300
4_cl5_Carvaje	NC_031918.1|YP_009322249.1_52|[Salmonella_phage_64795_sal3]hypothetical_protein|27290..27772|160	0.135	133	113	0	23	155	22	153	1.642E-05	300
4_cl5_Carvaje	NC_069150.1|YP_010582406.1_33|[Salmonella_phage_vB_STM-ZS]hypothetical_protein|complement(22605..23105)|166	0.196	151	118	0	17	167	10	157	1.642E-05	300
4_cl5_Carvaje	NC_069146.1|YP_010582164.1_57|[Salmonella_phage_St162]hypothetical_protein|36455..36955|166	0.196	151	118	0	17	167	10	157	1.642E-05	300
4_cl5_Carvaje	NC_069148.1|YP_010582260.1_27|[Salmonella_phage_TS6]hypothetical_protein|complement(19322..19822)|166	0.196	151	118	0	17	167	10	157	1.642E-05	300
4_cl5_Carvaje	NC_069149.1|YP_010582359.1_61|[Salmonella_phage_vB_SenTO17]hypothetical_protein|complement(31844..32344)|166	0.196	151	118	0	17	167	10	157	1.642E-05	300
4_cl5_Carvaje	NC_069151.1|YP_010582466.1_34|[Salmonella_phage_vB_SenS_SE1]hypothetical_protein|complement(21758..22258)|166	0.196	151	118	0	17	167	10	157	1.642E-05	300
4_cl5_Carvaje	NC_073315.1|YP_010748930.1_28|[Escherichia_phage_vB_EcoS_fFiEco03]hypothetical_protein|17935..19305|456	0.222	115	89	0	15	129	1	115	1.642E-05	300
4_cl5_Carvaje	NC_069152.1|YP_010582522.1_27|[Salmonella_phage_Shemara]hypothetical_protein|18129..18629|166	0.206	114	88	0	17	128	10	123	1.837E-05	298
4_cl5_Carvaje	NC_071149.1|YP_010685562.1_68|[Klebsiella_phage_vB_Kpn_ZCKp20p]baseplate_wedge_protein|32709..33179|156	0.075	141	129	0	15	155	10	149	1.943E-05	297
4_cl5_Carvaje	NC_071156.1|YP_010686107.1_56|[Klebsiella_phage_6991]hypothetical_protein|28567..29037|156	0.075	141	129	0	15	155	10	149	1.943E-05	297
4_cl5_Carvaje	NC_071150.1|YP_010685647.1_69|[Klebsiella_phage_ZCKP8]minor_tail_protein|32402..32872|156	0.075	141	129	0	15	155	10	149	1.943E-05	297
4_cl5_Carvaje	NC_071151.1|YP_010685719.1_57|[Klebsiella_phage_vB_Kpn_ZC2]minor_tail_protein|32717..33187|156	0.075	141	129	0	15	155	10	149	1.943E-05	297
4_cl5_Carvaje	NC_054641.1|YP_010053509.1_61|[Salmonella_virus_KFS-SE2]hypothetical_protein|complement(34627..35097)|156	0.140	139	115	0	23	157	18	156	2.055E-05	296
4_cl5_Carvaje	NC_054639.1|YP_010053346.1_63|[Salmonella_phage_Skate]hypothetical_protein|28397..28873|158	0.104	124	101	0	15	128	2	125	2.298E-05	294
4_cl5_Carvaje	NC_028698.1|YP_009191569.1_16|[Salmonella_phage_f18SE]hypothetical_protein|complement(15923..16423)|166	0.189	151	119	0	17	167	10	157	2.298E-05	294
4_cl5_Carvaje	NC_071142.1|YP_010684975.1_52|[Klebsiella_phage_VLCpiS13d]virion_structural_protein|25572..26042|156	0.075	141	129	0	15	155	10	149	2.431E-05	293
4_cl5_Carvaje	NC_071144.1|YP_010685103.1_4|[Klebsiella_phage_VLCpiS13f]virion_structural_protein|complement(4718..5191)|157	0.081	150	136	0	7	155	1	150	2.431E-05	293
4_cl5_Carvaje	NC_028819.1|YP_009200200.1_14|[Pseudoalteromonas_phage_H103]virion_structural_protein|complement(10119..10595)|158	0.094	161	142	0	7	167	1	158	2.571E-05	292
4_cl5_Carvaje	NC_070971.1|YP_010671790.1_27|[Pseudomonas_virus_PBPA162]hypothetical_protein|complement(21915..22742)|275	0.133	131	112	0	7	136	124	254	2.571E-05	292
4_cl5_Carvaje	NC_042037.1|YP_009614658.1_62|[Aeromonas_phage_pIS4-A]hypothetical_protein|32456..32926|156	0.075	141	129	0	15	155	10	149	2.719E-05	291
4_cl5_Carvaje	NC_021534.1|YP_008126232.1_68|[Vibrio_phage_pYD38-A]hypothetical_protein|complement(39512..39982)|156	0.075	141	129	0	15	155	10	149	2.719E-05	291
4_cl5_Carvaje	NC_071143.1|YP_010685006.1_3|[Flyfo_siphovirus_Tbat1_6]hypothetical_protein|3131..3601|156	0.075	141	129	0	15	155	10	149	2.719E-05	291
4_cl5_Carvaje	NC_069156.1|YP_010582773.1_5|[Serratia_phage_vB_SmaM-Otaku]hypothetical_protein|complement(4881..5375)|164	0.240	147	109	0	7	151	1	147	3.042E-05	289
4_cl5_Carvaje	NC_054649.1|YP_010054112.1_4|[Escherichia_phage_vB_EcoS_swi2]hypothetical_protein|complement(5668..6141)|157	0.118	150	131	0	7	155	1	150	3.217E-05	288
4_cl5_Carvaje	NC_054650.1|YP_010054212.1_16|[Shigella_phage_DS8]hypothetical_protein|8852..9325|157	0.109	149	125	0	15	155	2	150	3.599E-05	286
4_cl5_Carvaje	NC_016165.1|YP_004934695.1_52|[Rhodobacter_phage_RcapMu]virion_structural_protein|31713..32135|140	0.167	139	99	0	6	125	2	140	3.806E-05	285
4_cl5_Carvaje	NC_054640.1|YP_010053420.1_47|[Salmonella_phage_Segz_1]hypothetical_protein|23514..23987|157	0.111	141	123	0	17	155	10	150	4.026E-05	284
4_cl5_Carvaje	NC_070970.1|YP_010671701.1_28|[Pseudomonas_phage_Iggy]hypothetical_protein|20297..21124|275	0.126	143	114	0	6	136	112	254	4.026E-05	284
4_cl5_Carvaje	NC_049941.1|YP_009909100.1_55|[Stx2-converting_phage_Stx2a_WGPS2]minor_tail_protein|40553..40894|113	0.071	110	97	0	17	126	9	113	4.258E-05	283
4_cl5_Carvaje	NC_004813.1|YP_001449305.1_68|[Enterobacteria_phage_BP-4795]minor_tail_protein|41004..41345|113	0.071	110	97	0	17	126	9	113	4.258E-05	283
4_cl5_Carvaje	NC_049942.1|YP_009909178.1_67|[Escherichia_phage_JLK-2012]minor_tail_protein|43932..44273|113	0.071	110	97	0	17	126	9	113	4.258E-05	283
4_cl5_Carvaje	NC_007024.1|YP_239288.1_20|[Xanthomonas_phage_Xp15]virion_structural_protein|16353..16724|123	0.104	120	105	0	11	128	4	123	4.503E-05	282
4_cl5_Carvaje	NC_071146.1|YP_010685295.1_37|[Klebsiella_phage_vB_KpnS_MK54]minor_tail_protein|19423..19893|156	0.083	149	134	0	7	155	3	149	4.503E-05	282
4_cl5_Carvaje	NC_054645.1|YP_010053778.1_13|[Salmonella_phage_LPST10]hypothetical_protein|complement(11731..12204)|157	0.123	150	130	0	7	155	1	150	5.037E-05	280
4_cl5_Carvaje	NC_054646.1|YP_010053891.1_39|[Salmonella_phage_VB_StyS_BS5]hypothetical_protein|19802..20275|157	0.123	150	130	0	7	155	1	150	5.037E-05	280
4_cl5_Carvaje	NC_054644.1|YP_010053740.1_57|[Salmonella_virus_VSt472]hypothetical_protein|28620..29093|157	0.123	150	130	0	7	155	1	150	5.037E-05	280
4_cl5_Carvaje	NC_029033.1|YP_009220355.1_54|[Achromobacter_phage_phiAxp-1]virion_structural_protein|33078..34382|434	0.120	123	106	0	7	129	1	122	5.037E-05	280
4_cl5_Carvaje	NC_049944.1|YP_009909330.1_65|[Stx2-converting_phage_Stx2a_WGPS8]minor_tail_protein|42010..42351|113	0.080	110	96	0	17	126	9	113	5.327E-05	279
4_cl5_Carvaje	NC_011356.1|YP_002274199.1_63|[Enterobacteria_phage_YYZ-2008]minor_tail_protein|41055..41396|113	0.080	110	96	0	17	126	9	113	5.327E-05	279
4_cl5_Carvaje	NC_049945.1|YP_009909408.1_65|[Stx2-converting_phage_Stx2a_WGPS6]minor_tail_protein|44910..45251|113	0.080	110	96	0	17	126	9	113	5.327E-05	279
4_cl5_Carvaje	NC_011357.1|YP_002274276.1_65|[Stx2-converting_phage_1717]minor_tail_protein|47498..47839|113	0.080	110	96	0	17	126	9	113	5.327E-05	279
4_cl5_Carvaje	NC_049943.1|YP_009909253.1_63|[Enterobacteria_phage_2851]minor_tail_protein|44185..44526|113	0.080	110	96	0	17	126	9	113	5.327E-05	279
4_cl5_Carvaje	NC_019927.1|YP_007237618.1_44|[Cronobacter_phage_ENT47670]hypothetical_protein|46209..46706|165	0.095	125	103	0	15	129	2	126	5.634E-05	278
4_cl5_Carvaje	NC_071155.1|YP_010686024.1_52|[Klebsiella_phage_VLCpiS13b]virion_structural_protein|26421..26891|156	0.077	148	135	0	9	155	2	149	6.303E-05	276
4_cl5_Carvaje	NC_015465.1|YP_004421739.1_17|[Synechococcus_phage_S-CBS3]minor_tail_protein|17265..17633|122	0.151	114	93	0	15	125	5	118	7.886E-05	272
4_cl5_Carvaje	NC_007709.1|YP_453576.1_18|[Xanthomonas_phage_OP1]virion_structural_protein|13552..13905|117	0.122	111	97	0	16	126	7	117	1.044E-04	267
4_cl5_Carvaje	NC_070824.1|YP_010655303.1_4|[Pseudoalteromonas_phage_C7]hypothetical_protein|complement(4549..5016)|155	0.121	161	131	0	7	167	2	151	1.104E-04	266
4_cl5_Carvaje	NC_034248.1|YP_009352271.1_14|[Rhizobium_phage_RHEph10]minor_tail_protein|13132..13488|118	0.087	122	106	0	6	127	2	118	1.167E-04	265
4_cl5_Carvaje	NC_071154.1|YP_010685917.1_23|[Klebsiella_phage_BUCT541]hypothetical_protein|complement(17295..17765)|156	0.092	115	103	0	15	128	10	124	1.381E-04	262
4_cl5_Carvaje	NC_054652.1|YP_010054356.1_5|[Klebsiella_phage_YX3973]hypothetical_protein|6251..6721|156	0.092	115	103	0	15	128	10	124	1.381E-04	262
4_cl5_Carvaje	NC_054653.1|YP_010054428.1_13|[Klebsiella_virus_KpV2811]hypothetical_protein|complement(13683..14153)|156	0.092	115	103	0	15	128	10	124	1.381E-04	262
4_cl5_Carvaje	NC_054654.1|YP_010054542.1_49|[Klebsiella_phage_vB_KpnS_ZX4]hypothetical_protein|25749..26219|156	0.092	115	103	0	15	128	10	124	1.381E-04	262
4_cl5_Carvaje	NC_019541.1|YP_007010627.1_46|[Acinetobacter_phage_YMC/09/02/B1251]virion_structural_protein|33893..34291|132	0.147	127	103	0	17	138	6	132	1.634E-04	259
4_cl5_Carvaje	NC_020846.1|YP_007674000.1_38|[Vibrio_phage_pYD21-A]virion_structural_protein|24843..25325|160	0.147	158	125	0	9	156	3	160	1.634E-04	259
4_cl5_Carvaje	NC_019545.1|YP_007011001.1_31|[Salmonella_phage_SPN3UB]minor_tail_protein|18861..19208|115	0.130	110	94	0	17	126	7	115	1.728E-04	258
4_cl5_Carvaje	NC_004902.1|NP_858966.1_19|[Xanthomonas_phage_Xp10]virion_structural_protein|13362..13718|118	0.129	121	102	0	7	127	1	118	1.828E-04	257
4_cl5_Carvaje	NC_009543.1|YP_001285688.1_16|[Xanthomonas_phage_Xop411]virion_structural_protein|12401..12757|118	0.131	111	96	0	17	127	8	118	1.828E-04	257
4_cl5_Carvaje	NC_042091.1|YP_009620694.1_25|[Pseudomonas_phage_nickie]hypothetical_protein|21208..21573|121	0.120	119	102	0	8	124	3	121	1.828E-04	257
4_cl5_Carvaje	NC_006949.1|YP_224161.1_23|[Enterobacteria_phage_ES18]minor_tail_protein|17169..17516|115	0.120	120	100	0	7	126	1	115	1.933E-04	256
4_cl5_Carvaje	NC_023502.1|YP_009003193.1_36|[Rhizobium_phage_vB_RleS_L338C]minor_tail_protein|27949..28305|118	0.120	122	102	0	6	127	2	118	2.045E-04	255
4_cl5_Carvaje	NC_054636.1|YP_010053061.1_17|[Shigella_phage_Sf11_SMD-2017]hypothetical_protein|complement(13880..15253)|457	0.125	125	106	0	7	128	1	125	2.045E-04	255
4_cl5_Carvaje	NC_016164.1|YP_004934618.1_18|[Synechococcus_phage_S-CBS1]minor_tail_protein|16762..17130|122	0.131	114	96	0	15	125	5	118	2.706E-04	250
4_cl5_Carvaje	NC_023566.1|YP_009005959.1_33|[Rhizobium_phage_vB_RglS_P106B]minor_tail_protein|21784..22149|121	0.086	121	110	0	7	127	1	121	3.386E-04	246
4_cl5_Carvaje	NC_003309.1|NP_536372.1_16|[Burkholderia_phage_phiE125]minor_tail_protein|13348..13686|112	0.081	121	101	0	7	127	2	112	3.581E-04	245
4_cl5_Carvaje	NC_005284.1|NP_945045.1_15|[Burkholderia_phage_phi1026b]minor_tail_protein|12607..12945|112	0.081	121	101	0	7	127	2	112	3.581E-04	245
4_cl5_Carvaje	NC_070822.1|YP_010655179.1_15|[Pseudoalteromonas_phage_TW1]hypothetical_protein|8086..8556|156	0.081	122	108	0	7	128	3	121	3.581E-04	245
4_cl5_Carvaje	NC_019933.2|YP_007238089.1_19|[Xanthomonas_phage_CP1]virion_structural_protein|14827..15189|120	0.093	115	102	0	15	127	6	120	4.481E-04	241
4_cl5_Carvaje	NC_018279.1|YP_006560828.1_22|[Salmonella_phage_vB_SosS_Oslo]minor_tail_protein|15584..15931|115	0.118	110	95	0	17	126	7	115	5.012E-04	239
4_cl5_Carvaje	NC_024204.1|YP_009035165.1_28|[Salmonella_phage_vB_SenS-Ent3]hypothetical_protein|19099..19542|147	0.222	148	106	0	20	167	2	138	5.012E-04	239
4_cl5_Carvaje	NC_023608.1|YP_009009952.1_28|[Salmonella_phage_vB_SenS-Ent2]hypothetical_protein|19095..19538|147	0.222	148	106	0	20	167	2	138	5.012E-04	239
4_cl5_Carvaje	NC_021317.1|YP_008058254.1_8|[Salmonella_phage_L13]hypothetical_protein|complement(7496..7939)|147	0.222	148	106	0	20	167	2	138	5.012E-04	239
4_cl5_Carvaje	NC_031021.1|YP_009280168.1_40|[Salmonella_phage_MA12]hypothetical_protein|complement(28634..29077)|147	0.222	148	106	0	20	167	2	138	5.012E-04	239
4_cl5_Carvaje	NC_070823.1|YP_010655299.1_73|[Pseudoalteromonas_phage_vB_PspS-H40/1]hypothetical_protein|44860..45306|148	0.149	135	108	0	1	135	1	128	5.012E-04	239
4_cl5_Carvaje	NC_016763.1|YP_005098153.1_57|[Salmonella_phage_SE2]hypothetical_protein|37051..37494|147	0.215	148	107	0	20	167	2	138	5.301E-04	238
4_cl5_Carvaje	NC_073170.1|YP_010745802.1_38|[Salmonella_phage_SE-W109]hypothetical_protein|complement(24001..24444)|147	0.215	148	107	0	20	167	2	138	5.301E-04	238
4_cl5_Carvaje	NC_019932.1|YP_007238057.1_47|[Erwinia_phage_ENT90]tail_protein|complement(21792..22319)|175	0.158	171	134	0	7	166	5	175	5.930E-04	236
4_cl5_Carvaje	NC_015721.1|YP_004678852.1_25|[Bdellovibrio_phage_phi1402]hypothetical_protein|14273..14857|194	0.137	119	99	0	11	129	61	176	5.930E-04	236
4_cl5_Carvaje	NC_073210.1|YP_010748238.1_23|[Salmonella_phage_fmb-p1]hypothetical_protein|complement(23471..23914)|147	0.214	148	107	0	20	167	2	138	7.848E-04	231
4_cl5_Carvaje	NC_071020.1|YP_010677399.1_91|[Stenotrophomonas_phage_BUCT626]hypothetical_protein|complement(54409..54771)|120	0.111	114	96	0	15	123	6	119	8.300E-04	230
4_cl5_Carvaje	NC_028805.1|YP_009199097.1_36|[Brevibacillus_phage_Jenst]S-layer_homology_domain-containing_protein|28432..29052|206	0.124	142	117	0	17	158	29	162	8.779E-04	229
4_cl5_Carvaje	NC_073205.1|YP_010747958.1_31|[Salmonella_phage_LP31]hypothetical_protein|20982..21425|147	0.207	148	108	0	20	167	2	138	9.285E-04	228
4_cl5_Carvaje	NC_015463.1|YP_004421477.1_23|[Synechococcus_phage_S-CBS2]unknown_structural_protein|15824..16180|118	0.137	104	85	0	25	124	15	118	9.820E-04	227
4_cl5_Isfahan	NC_041925.1|YP_009600624.1_42|[Proteus_phage_VB_PmiS-Isfahan]hypothetical_protein|25971..26468|165	1.000	165	0	0	1	165	1	165	2.419E-19	861
4_cl5_Isfahan	NC_047786.1|YP_009787821.1_47|[Salmonella_phage_vB_SenS_Sasha]virion_structural_protein|27788..28291|167	0.447	163	90	0	3	165	5	167	8.298E-12	554
4_cl5_Isfahan	NC_042062.1|YP_009617880.1_51|[Salmonella_phage_SP069]hypothetical_protein|29434..29937|167	0.473	133	70	0	1	133	3	135	1.858E-10	499
4_cl5_Isfahan	NC_025443.1|YP_009101221.1_51|[Salmonella_phage_9NA]virion_structural_protein|28178..28681|167	0.432	155	87	0	1	155	3	157	9.041E-10	471
4_cl5_Isfahan	NC_071011.1|YP_010676308.1_51|[Klebsiella_phage_vB_KpnS-Carvaje]virion_structural_protein|27754..28257|167	0.415	165	96	0	1	165	3	167	9.567E-10	470
4_cl5_Isfahan	NC_029066.1|YP_009222842.1_72|[Pseudomonas_phage_PS-1]virion_structural_protein|40548..41054|168	0.163	155	119	0	5	159	1	143	4.047E-07	363
4_cl5_Isfahan	NC_025471.1|YP_009104265.1_28|[Idiomarinaceae_phage_Phi1M2-2]virion_structural_protein|16209..16694|161	0.165	123	102	0	5	127	1	123	9.447E-07	348
4_cl5_Isfahan	NC_016762.1|YP_005098084.1_57|[Pseudomonas_phage_phi297]virion_structural_protein|37368..37835|155	0.167	128	105	0	5	131	1	128	1.970E-06	335
4_cl5_Isfahan	NC_011373.1|YP_002284353.1_19|[Pseudomonas_phage_PAJU2]virion_structural_protein|14682..15146|154	0.200	119	88	0	17	127	10	128	2.925E-06	328
4_cl5_Isfahan	NC_002484.2|NP_061517.1_20|[Pseudomonas_phage_D3]virion_structural_protein|13793..14272|159	0.168	123	95	0	17	131	10	132	2.925E-06	328
4_cl5_Isfahan	NC_016765.1|YP_005098223.1_20|[Pseudomonas_phage_PMG1]virion_structural_protein|13837..14316|159	0.168	123	95	0	17	131	10	132	2.925E-06	328
4_cl5_Isfahan	NC_031059.1|YP_009285933.1_48|[Rhodovulum_phage_vB_RhkS_P1]virion_structural_protein|27232..27588|118	0.171	109	90	0	15	123	9	117	3.096E-06	327
4_cl5_Isfahan	NC_028695.2|YP_009191448.1_40|[Enterobacter_phage_phiEap-2]hypothetical_protein|21610..22104|164	0.198	149	111	0	13	152	2	150	3.096E-06	327
4_cl5_Isfahan	NC_074664.1|YP_010773482.1_14|[Pseudomonas_phage_BUCT566]hypothetical_protein|10993..11460|155	0.171	128	104	0	5	131	1	128	3.466E-06	325
4_cl5_Isfahan	NC_073031.1|YP_010738739.1_12|[Janthinobacterium_phage_vB_JliS-Donnerlittchen]hypothetical_protein|6881..7357|158	0.112	130	113	0	5	134	1	128	3.881E-06	323
4_cl5_Isfahan	NC_073316.1|YP_010749009.1_30|[Escherichia_phage_vB_EcoS_fFiEco02]hypothetical_protein|19687..20187|166	0.201	142	111	0	13	152	11	152	4.106E-06	322
4_cl5_Isfahan	NC_074663.1|YP_010773399.1_9|[Pseudomonas_phage_vB_Pae_LC3I3]hypothetical_protein|6635..7102|155	0.167	128	105	0	5	131	1	128	4.598E-06	320
4_cl5_Isfahan	NC_030929.1|YP_009275521.1_34|[Pseudomonas_phage_JBD44]virion_structural_protein|21460..21927|155	0.167	128	105	0	5	131	1	128	4.598E-06	320
4_cl5_Isfahan	NC_041897.1|YP_009597306.1_26|[Escherichia_phage_K1ind1]hypothetical_protein|16991..18391|466	0.147	132	109	0	3	134	2	130	8.091E-06	310
4_cl5_Isfahan	NC_069155.1|YP_010582758.1_50|[Serratia_phage_Tsm2]hypothetical_protein|30094..30588|164	0.226	155	118	0	5	157	1	155	9.059E-06	308
4_cl5_Isfahan	NC_054638.1|YP_010053258.1_48|[Salmonella_phage_vB_SenS_SB28]hypothetical_protein|24344..24814|156	0.130	150	126	0	5	150	2	151	9.586E-06	307
4_cl5_Isfahan	NC_070772.1|YP_010649711.1_24|[Vibrio_phage_Seahorse]hypothetical_protein|20900..21397|165	0.220	156	120	0	1	156	6	160	9.586E-06	307
4_cl5_Isfahan	NC_073322.1|YP_010749475.1_46|[Escherichia_phage_vB_EcoS-Ro145c2YLVW]hypothetical_protein|23553..24026|157	0.189	143	113	0	13	152	1	143	1.014E-05	306
4_cl5_Isfahan	NC_025466.1|YP_009103926.1_40|[Shewanella_sp._phage_3/49]hypothetical_protein|23325..23825|166	0.180	149	120	0	7	153	3	151	1.014E-05	306
4_cl5_Isfahan	NC_073183.1|YP_010746577.1_24|[Salmonella_phage_NBSal007]hypothetical_protein|complement(21183..21683)|166	0.156	139	104	0	18	141	14	152	1.073E-05	305
4_cl5_Isfahan	NC_054642.1|YP_010053565.1_32|[Salmonella_phage_Seszw_1]hypothetical_protein|17534..18007|157	0.126	155	131	0	5	155	3	157	1.272E-05	302
4_cl5_Isfahan	NC_093713.1|YP_011217263.1_8|[Escherichia_phage_P_AB-2017]hypothetical_protein|complement(8713..9213)|166	0.179	149	120	0	4	150	2	150	1.272E-05	302
4_cl5_Isfahan	NC_093712.1|YP_011217191.1_3|[Escherichia_phage_L_AB-2017]hypothetical_protein|complement(1052..1552)|166	0.173	149	121	0	4	150	2	150	1.346E-05	301
4_cl5_Isfahan	NC_073314.1|YP_010748874.1_48|[Escherichia_virus_fEg-Eco19]hypothetical_protein|24956..25456|166	0.180	148	119	0	4	149	2	149	1.346E-05	301
4_cl5_Isfahan	NC_073172.1|YP_010745932.1_46|[Salmonella_phage_skrot]hypothetical_protein|24902..25402|166	0.154	139	104	0	18	141	14	152	1.424E-05	300
4_cl5_Isfahan	NC_041992.1|YP_009608663.1_42|[Salmonella_phage_wksl3]hypothetical_protein|complement(27064..27564)|166	0.167	141	112	0	17	152	12	152	1.424E-05	300
4_cl5_Isfahan	NC_024217.1|YP_009037310.1_120|[Nitrincola_phage_1M3-16]hypothetical_protein|complement(64505..64858)|117	0.150	117	94	0	13	123	1	117	1.507E-05	299
4_cl5_Isfahan	NC_073214.1|YP_010748481.1_38|[Salmonella_phage_vB_SenS_ER1]hypothetical_protein|21670..22170|166	0.149	150	115	0	6	141	3	152	1.507E-05	299
4_cl5_Isfahan	NC_069153.1|YP_010582605.1_27|[Salmonella_virus_VSiP]hypothetical_protein|18017..18517|166	0.154	140	105	0	18	142	14	153	1.507E-05	299
4_cl5_Isfahan	NC_073217.1|YP_010748688.1_48|[Salmonella_phage_pink]hypothetical_protein|25082..25582|166	0.149	150	115	0	6	141	3	152	1.507E-05	299
4_cl5_Isfahan	NC_073191.1|YP_010747048.1_26|[Salmonella_phage_vB_SenS-EnJE6]hypothetical_protein|complement(19818..20318)|166	0.156	139	104	0	18	141	14	152	1.687E-05	297
4_cl5_Isfahan	NC_070823.1|YP_010655298.1_72|[Pseudoalteromonas_phage_vB_PspS-H40/1]hypothetical_protein|44459..44860|133	0.104	120	106	0	7	126	3	121	1.785E-05	296
4_cl5_Isfahan	NC_054643.1|YP_010053681.1_76|[Salmonella_phage_SeSz-2]hypothetical_protein|39846..40316|156	0.126	155	131	0	5	155	2	156	1.785E-05	296
4_cl5_Isfahan	NC_073320.1|YP_010749347.1_61|[Escherichia_phage_26]hypothetical_protein|32941..33414|157	0.201	143	111	0	13	152	1	143	1.785E-05	296
4_cl5_Isfahan	NC_027994.1|YP_009168856.1_24|[Escherichia_phage_K1H]hypothetical_protein|16248..16748|166	0.168	148	121	0	4	149	2	149	1.785E-05	296
4_cl5_Isfahan	NC_027993.1|YP_009168807.1_27|[Escherichia_phage_K1G]hypothetical_protein|17937..18437|166	0.168	148	121	0	4	149	2	149	1.785E-05	296
4_cl5_Isfahan	NC_048181.1|YP_009821861.1_25|[Raoultella_phage_RP180]hypothetical_protein|19172..19666|164	0.198	150	111	0	3	142	2	151	1.889E-05	295
4_cl5_Isfahan	NC_073317.1|YP_010749084.1_28|[Escherichia_phage_vB_EcoS_fPoEco01]hypothetical_protein|18289..18789|166	0.176	151	122	0	4	152	2	152	1.889E-05	295
4_cl5_Isfahan	NC_009447.1|YP_001210237.1_17|[Burkholderia_phage_BcepGomr]virion_structural_protein|13816..14934|372	0.147	127	107	0	1	127	124	249	1.889E-05	295
4_cl5_Isfahan	NC_073324.1|YP_010749624.1_44|[Escherichia_phage_vB_EcoS-22664BS2]hypothetical_protein|22068..23465|465	0.180	106	86	0	17	122	12	117	1.889E-05	295
4_cl5_Isfahan	NC_041898.1|YP_009597357.1_26|[Escherichia_phage_K1ind2]hypothetical_protein|16992..18392|466	0.154	119	99	0	17	134	12	130	1.889E-05	295
4_cl5_Isfahan	NC_021563.1|YP_008130357.1_64|[Serratia_phage_Eta]hypothetical_protein|36442..36936|164	0.222	154	117	0	5	156	1	154	1.999E-05	294
4_cl5_Isfahan	NC_021775.1|YP_008239652.1_55|[Salmonella_phage_FSL_SP-031]hypothetical_protein|36428..36928|166	0.154	140	105	0	18	142	14	153	1.999E-05	294
4_cl5_Isfahan	NC_054648.1|YP_010054082.1_62|[Salmonella_phage_vB_Se_STGO-35-1]minor_tail_protein|29548..30021|157	0.108	162	134	0	4	165	2	152	2.115E-05	293
4_cl5_Isfahan	NC_049941.1|YP_009909100.1_55|[Stx2-converting_phage_Stx2a_WGPS2]minor_tail_protein|40553..40894|113	0.141	112	89	0	15	126	9	113	2.238E-05	292
4_cl5_Isfahan	NC_004813.1|YP_001449305.1_68|[Enterobacteria_phage_BP-4795]minor_tail_protein|41004..41345|113	0.141	112	89	0	15	126	9	113	2.238E-05	292
4_cl5_Isfahan	NC_054637.1|YP_010053153.1_29|[Escherichia_phage_vB_EcoS_Sa179lw]hypothetical_protein|15910..16383|157	0.129	151	127	0	4	150	2	152	2.238E-05	292
4_cl5_Isfahan	NC_049944.1|YP_009909330.1_65|[Stx2-converting_phage_Stx2a_WGPS8]minor_tail_protein|42010..42351|113	0.150	112	88	0	15	126	9	113	2.368E-05	291
4_cl5_Isfahan	NC_011356.1|YP_002274199.1_63|[Enterobacteria_phage_YYZ-2008]minor_tail_protein|41055..41396|113	0.150	112	88	0	15	126	9	113	2.368E-05	291
4_cl5_Isfahan	NC_049945.1|YP_009909408.1_65|[Stx2-converting_phage_Stx2a_WGPS6]minor_tail_protein|44910..45251|113	0.150	112	88	0	15	126	9	113	2.368E-05	291
4_cl5_Isfahan	NC_011357.1|YP_002274276.1_65|[Stx2-converting_phage_1717]minor_tail_protein|47498..47839|113	0.150	112	88	0	15	126	9	113	2.368E-05	291
4_cl5_Isfahan	NC_049943.1|YP_009909253.1_63|[Enterobacteria_phage_2851]minor_tail_protein|44185..44526|113	0.150	112	88	0	15	126	9	113	2.368E-05	291
4_cl5_Isfahan	NC_070846.1|YP_010657369.1_2|[Salmonella_phage_LPSTLL]hypothetical_protein|1594..2067|157	0.118	149	128	0	5	150	2	150	2.368E-05	291
4_cl5_Isfahan	NC_073219.1|YP_010748806.1_39|[Salmonella_phage_sidste]hypothetical_protein|23863..24363|166	0.153	141	105	0	17	141	12	152	2.368E-05	291
4_cl5_Isfahan	NC_073218.1|YP_010748749.1_38|[Salmonella_phage_demigod]hypothetical_protein|24667..25167|166	0.153	141	105	0	17	141	12	152	2.368E-05	291
4_cl5_Isfahan	NC_073190.1|YP_010747004.1_50|[Salmonella_phage_vB_SenS_S528]hypothetical_protein|24404..24904|166	0.167	141	103	0	17	141	12	152	2.506E-05	290
4_cl5_Isfahan	NC_073207.1|YP_010748064.1_18|[Salmonella_phage_SHWT1]hypothetical_protein|complement(17411..17911)|166	0.167	141	103	0	17	141	12	152	2.506E-05	290
4_cl5_Isfahan	NC_073189.1|YP_010746947.1_55|[Salmonella_phage_JD01]hypothetical_protein|complement(38045..38545)|166	0.167	141	103	0	17	141	12	152	2.506E-05	290
4_cl5_Isfahan	NC_073193.1|YP_010747216.1_59|[Salmonella_phage_vB_SalS-S10]hypothetical_protein|39171..39671|166	0.167	141	103	0	17	141	12	152	2.506E-05	290
4_cl5_Isfahan	NC_073192.1|YP_010747095.1_6|[Salmonella_phage_F118P13]hypothetical_protein|complement(5673..6173)|166	0.167	141	103	0	17	141	12	152	2.506E-05	290
4_cl5_Isfahan	NC_073188.1|YP_010746874.1_48|[Salmonella_phage_vB_SenS_S532]hypothetical_protein|24316..24816|166	0.167	141	103	0	17	141	12	152	2.506E-05	290
4_cl5_Isfahan	NC_070971.1|YP_010671790.1_27|[Pseudomonas_virus_PBPA162]hypothetical_protein|complement(21915..22742)|275	0.198	143	104	0	4	134	112	254	2.506E-05	290
4_cl5_Isfahan	NC_042084.1|YP_009620106.1_26|[Escherichia_phage_VB_EcoS-Golestan]hypothetical_protein|17370..18788|472	0.176	138	109	0	17	149	12	149	2.506E-05	290
4_cl5_Isfahan	NC_069154.1|YP_010582691.1_40|[Klebsiella_phage_VLCpiS11a]virion_structural_protein|complement(25256..25750)|164	0.177	154	119	0	13	157	2	155	2.805E-05	288
4_cl5_Isfahan	NC_073321.1|YP_010749394.1_37|[Escherichia_phage_ZCEC5]hypothetical_protein|20117..20617|166	0.164	151	124	0	4	152	2	152	2.805E-05	288
4_cl5_Isfahan	NC_073202.1|YP_010747772.1_47|[Salmonella_phage_celemicas]hypothetical_protein|25526..26026|166	0.181	141	111	0	17	152	12	152	2.969E-05	287
4_cl5_Isfahan	NC_041991.1|YP_009608582.1_27|[Salmonella_phage_vB_SenS_AG11]hypothetical_protein|17728..18228|166	0.167	151	122	0	5	152	2	152	2.969E-05	287
4_cl5_Isfahan	NC_073209.1|YP_010748162.1_6|[Salmonella_phage_GRNsp50]hypothetical_protein|complement(5544..6044)|166	0.181	141	111	0	17	152	12	152	2.969E-05	287
4_cl5_Isfahan	NC_073173.1|YP_010745993.1_42|[Salmonella_phage_blauehaus]hypothetical_protein|23963..24463|166	0.181	141	111	0	17	152	12	152	2.969E-05	287
4_cl5_Isfahan	NC_073169.1|YP_010745715.1_18|[Salmonella_phage_SS5]hypothetical_protein|complement(15759..16259)|166	0.148	139	105	0	18	141	14	152	2.969E-05	287
4_cl5_Isfahan	NC_073178.1|YP_010746288.1_31|[Salmonella_phage_vB_SenS_TUMS_E19]hypothetical_protein|20086..20586|166	0.181	141	111	0	17	152	12	152	2.969E-05	287
4_cl5_Isfahan	NC_073200.1|YP_010747627.1_31|[Salmonella_phage_S100]hypothetical_protein|20810..21310|166	0.181	141	111	0	17	152	12	152	2.969E-05	287
4_cl5_Isfahan	NC_073203.1|YP_010747823.1_31|[Salmonella_phage_MET_P1_001_43]hypothetical_protein|19249..19749|166	0.181	141	111	0	17	152	12	152	2.969E-05	287
4_cl5_Isfahan	NC_069147.1|YP_010582233.1_64|[Salmonella_phage_GRNsp27]hypothetical_protein|40507..41007|166	0.154	140	105	0	18	142	14	153	2.969E-05	287
4_cl5_Isfahan	NC_073213.1|YP_010748406.1_26|[Salmonella_phage_vB_SenS_SB3]hypothetical_protein|17765..18265|166	0.167	141	103	0	17	141	12	152	2.969E-05	287
4_cl5_Isfahan	NC_073201.1|YP_010747703.1_41|[Salmonella_phage_dunkel]hypothetical_protein|25780..26280|166	0.181	141	111	0	17	152	12	152	2.969E-05	287
4_cl5_Isfahan	NC_073186.1|YP_010746744.1_32|[Salmonella_phage_vB_SenS_PVP-SE2]hypothetical_protein|complement(23538..24038)|166	0.181	141	111	0	17	152	12	152	2.969E-05	287
4_cl5_Isfahan	NC_073196.1|YP_010747352.1_5|[Salmonella_phage_NBSal006]hypothetical_protein|complement(3960..4460)|166	0.167	141	103	0	17	141	12	152	2.969E-05	287
4_cl5_Isfahan	NC_073215.1|YP_010748512.1_4|[Salmonella_phage_SGPC]tail_protein|complement(1472..1972)|166	0.156	139	104	0	18	141	14	152	3.141E-05	286
4_cl5_Isfahan	NC_073199.1|YP_010747561.1_29|[Salmonella_phage_S102]hypothetical_protein|19783..20283|166	0.167	141	103	0	17	141	12	152	3.141E-05	286
4_cl5_Isfahan	NC_073198.1|YP_010747531.1_59|[Salmonella_phage_vB_SenS_ER21]hypothetical_protein|complement(40052..40552)|166	0.167	141	103	0	17	141	12	152	3.141E-05	286
4_cl5_Isfahan	NC_073197.1|YP_010747470.1_58|[Salmonella_phage_vB_SenS_ER23]hypothetical_protein|40103..40603|166	0.167	141	103	0	17	141	12	152	3.141E-05	286
4_cl5_Isfahan	NC_073325.1|YP_010749670.1_4|[Escherichia_phage_vB_EcoS_XY1]minor_tail_protein|complement(3811..5211)|466	0.165	128	106	0	7	134	3	130	3.141E-05	286
4_cl5_Isfahan	NC_031924.1|YP_009322780.1_67|[Salmonella_phage_IME207]hypothetical_protein|28806..29282|158	0.117	150	129	0	4	150	2	151	3.324E-05	285
4_cl5_Isfahan	NC_073194.1|YP_010747222.1_3|[Salmonella_phage_vB_SalP_LDW16]hypothetical_protein|complement(1350..1850)|166	0.170	139	111	0	18	152	14	152	3.324E-05	285
4_cl5_Isfahan	NC_009232.2|YP_001110816.2_27|[Salmonella_phage_SETP3]hypothetical_protein|18460..18960|166	0.148	139	105	0	18	141	14	152	3.517E-05	284
4_cl5_Isfahan	NC_006940.2|YP_308655.1_54|[Salmonella_phage_SS3e]hypothetical_protein|complement(36137..36637)|166	0.156	139	104	0	18	141	14	152	3.517E-05	284
4_cl5_Isfahan	NC_073212.1|YP_010748343.1_28|[Salmonella_phage_ZCSE9]hypothetical_protein|19068..19568|166	0.156	139	104	0	18	141	14	152	3.517E-05	284
4_cl5_Isfahan	NC_010495.1|YP_001742072.1_35|[Salmonella_phage_Vi_II-E1]hypothetical_protein|24365..24835|156	0.114	156	125	0	14	155	1	156	3.722E-05	283
4_cl5_Isfahan	NC_073174.1|YP_010746054.1_42|[Salmonella_phage_wast]hypothetical_protein|23773..24273|166	0.156	139	104	0	18	141	14	152	3.722E-05	283
4_cl5_Isfahan	NC_073187.1|YP_010746797.1_25|[Salmonella_phage_vB_SenS-EnJE1]hypothetical_protein|complement(22305..22805)|166	0.156	139	104	0	18	141	14	152	3.722E-05	283
4_cl5_Isfahan	NC_022752.1|YP_008767027.1_28|[Salmonella_phage_SETP13]hypothetical_protein|18112..18612|166	0.156	139	104	0	18	141	14	152	3.722E-05	283
4_cl5_Isfahan	NC_073319.1|YP_010749258.1_53|[Escherichia_phage_SZH-1]hypothetical_protein|complement(25719..26192)|157	0.208	138	98	0	18	142	7	144	3.938E-05	282
4_cl5_Isfahan	NC_073323.1|YP_010749527.1_27|[Escherichia_phage_vB_EcoS-phiEc3]minor_tail_protein|17198..18616|472	0.162	119	98	0	17	134	12	130	3.938E-05	282
4_cl5_Isfahan	NC_054651.1|YP_010054281.1_6|[Escherichia_phage_C1]hypothetical_protein|complement(6554..7027)|157	0.102	162	135	0	4	165	2	152	4.167E-05	281
4_cl5_Isfahan	NC_070970.1|YP_010671701.1_28|[Pseudomonas_phage_Iggy]hypothetical_protein|20297..21124|275	0.191	143	105	0	4	134	112	254	4.167E-05	281
4_cl5_Isfahan	NC_049942.1|YP_009909178.1_67|[Escherichia_phage_JLK-2012]minor_tail_protein|43932..44273|113	0.132	112	90	0	15	126	9	113	4.409E-05	280
4_cl5_Isfahan	NC_054647.1|YP_010053951.1_16|[Salmonella_phage_Akira]hypothetical_protein|complement(13949..14422)|157	0.130	162	131	0	4	165	2	152	4.409E-05	280
4_cl5_Isfahan	NC_021777.1|YP_008239738.1_29|[Salmonella_phage_Jersey]hypothetical_protein|20172..20672|166	0.147	152	116	0	5	141	1	152	4.409E-05	280
4_cl5_Isfahan	NC_069152.1|YP_010582522.1_27|[Salmonella_phage_Shemara]hypothetical_protein|18129..18629|166	0.140	140	107	0	18	142	14	153	4.409E-05	280
4_cl5_Isfahan	NC_073184.1|YP_010746642.1_32|[Salmonella_phage_F12013]tail_protein|complement(23758..24258)|166	0.167	141	103	0	17	141	12	152	4.409E-05	280
4_cl5_Isfahan	NC_022754.1|YP_008767198.1_27|[Salmonella_phage_SETP7]hypothetical_protein|17572..18072|166	0.156	139	104	0	18	141	14	152	4.666E-05	279
4_cl5_Isfahan	NC_073182.1|YP_010746525.1_29|[Salmonella_virus_VSe103]hypothetical_protein|19773..20273|166	0.165	141	104	0	17	141	12	152	4.666E-05	279
4_cl5_Isfahan	NC_073216.1|YP_010748575.1_5|[Salmonella_phage_STP03]hypothetical_protein|complement(5491..5991)|166	0.156	139	104	0	18	141	14	152	4.666E-05	279
4_cl5_Isfahan	NC_073181.1|YP_010746468.1_30|[Salmonella_phage_5sent1]minor_tail_protein|19967..20467|166	0.165	141	104	0	17	141	12	152	4.666E-05	279
4_cl5_Isfahan	NC_073179.1|YP_010746349.1_30|[Salmonella_phage_vB_SenS_TUMS_E4]hypothetical_protein|20065..20565|166	0.165	141	104	0	17	141	12	152	4.666E-05	279
4_cl5_Isfahan	NC_019539.1|YP_007010481.1_28|[Salmonella_phage_vB_SenS-Ent1]hypothetical_protein|18977..19477|166	0.165	141	104	0	17	141	12	152	4.666E-05	279
4_cl5_Isfahan	NC_073185.1|YP_010746711.1_42|[Salmonella_phage_PBSE191]hypothetical_protein|39461..39961|166	0.165	141	104	0	17	141	12	152	4.666E-05	279
4_cl5_Isfahan	NC_054650.1|YP_010054212.1_16|[Shigella_phage_DS8]hypothetical_protein|8852..9325|157	0.129	151	127	0	4	150	2	152	4.937E-05	278
4_cl5_Isfahan	NC_069156.1|YP_010582773.1_5|[Serratia_phage_vB_SmaM-Otaku]hypothetical_protein|complement(4881..5375)|164	0.232	147	111	0	5	149	1	147	4.937E-05	278
4_cl5_Isfahan	NC_048198.1|YP_009824047.1_17|[Erwinia_phage_vB_EhrS_59]hypothetical_protein|14104..14601|165	0.118	124	105	0	7	126	2	125	4.937E-05	278
4_cl5_Isfahan	NC_069150.1|YP_010582406.1_33|[Salmonella_phage_vB_STM-ZS]hypothetical_protein|complement(22605..23105)|166	0.161	140	104	0	18	142	14	153	4.937E-05	278
4_cl5_Isfahan	NC_069146.1|YP_010582164.1_57|[Salmonella_phage_St162]hypothetical_protein|36455..36955|166	0.161	140	104	0	18	142	14	153	4.937E-05	278
4_cl5_Isfahan	NC_069148.1|YP_010582260.1_27|[Salmonella_phage_TS6]hypothetical_protein|complement(19322..19822)|166	0.161	140	104	0	18	142	14	153	4.937E-05	278
4_cl5_Isfahan	NC_073195.1|YP_010747307.1_28|[Salmonella_phage_Shelanagig]hypothetical_protein|18443..18943|166	0.156	139	104	0	18	141	14	152	4.937E-05	278
4_cl5_Isfahan	NC_069149.1|YP_010582359.1_61|[Salmonella_phage_vB_SenTO17]hypothetical_protein|complement(31844..32344)|166	0.161	140	104	0	18	142	14	153	4.937E-05	278
4_cl5_Isfahan	NC_069151.1|YP_010582466.1_34|[Salmonella_phage_vB_SenS_SE1]hypothetical_protein|complement(21758..22258)|166	0.161	140	104	0	18	142	14	153	4.937E-05	278
4_cl5_Isfahan	NC_019545.1|YP_007011001.1_31|[Salmonella_phage_SPN3UB]minor_tail_protein|18861..19208|115	0.145	109	91	0	15	123	7	114	5.849E-05	275
4_cl5_Isfahan	NC_073175.1|YP_010746101.1_29|[Salmonella_virus_VSt10]hypothetical_protein|19072..19572|166	0.156	139	104	0	18	141	14	152	5.849E-05	275
4_cl5_Isfahan	NC_073315.1|YP_010748930.1_28|[Escherichia_phage_vB_EcoS_fFiEco03]hypothetical_protein|17935..19305|456	0.219	111	86	0	17	127	5	115	5.849E-05	275
4_cl5_Isfahan	NC_028698.1|YP_009191569.1_16|[Salmonella_phage_f18SE]hypothetical_protein|complement(15923..16423)|166	0.166	139	103	0	18	141	14	152	6.189E-05	274
4_cl5_Isfahan	NC_071157.1|YP_010686190.1_59|[Klebsiella_phage_VLCpiS13c]virion_structural_protein|complement(35238..35708)|156	0.115	159	132	0	7	165	2	151	6.549E-05	273
4_cl5_Isfahan	NC_054641.1|YP_010053509.1_61|[Salmonella_virus_KFS-SE2]hypothetical_protein|complement(34627..35097)|156	0.119	155	132	0	5	155	2	156	6.930E-05	272
4_cl5_Isfahan	NC_054639.1|YP_010053346.1_63|[Salmonella_phage_Skate]hypothetical_protein|28397..28873|158	0.118	124	108	0	4	126	2	125	6.930E-05	272
4_cl5_Isfahan	NC_073208.1|YP_010748125.1_26|[Salmonella_phage_SLMP1]hypothetical_protein|complement(20699..21199)|166	0.179	141	111	0	17	152	12	152	6.930E-05	272
4_cl5_Isfahan	NC_073176.1|YP_010746159.1_28|[Salmonella_virus_VSe101]hypothetical_protein|19414..19914|166	0.179	141	111	0	17	152	12	152	6.930E-05	272
4_cl5_Isfahan	NC_073211.1|YP_010748298.1_37|[Salmonella_phage_T102]hypothetical_protein|22571..23071|166	0.179	141	111	0	17	152	12	152	6.930E-05	272
4_cl5_Isfahan	NC_028834.1|YP_009201754.1_20|[Achromobacter_phage_83-24]hypothetical_protein|15509..16585|358	0.192	127	100	0	3	127	129	255	6.930E-05	272
4_cl5_Isfahan	NC_006949.1|YP_224161.1_23|[Enterobacteria_phage_ES18]minor_tail_protein|17169..17516|115	0.129	119	98	0	5	123	1	114	7.759E-05	270
4_cl5_Isfahan	NC_071152.1|YP_010685763.1_30|[Klebsiella_phage_VLCpiS13a]virion_structural_protein|17455..17925|156	0.109	161	134	0	5	165	1	151	7.759E-05	270
4_cl5_Isfahan	NC_028819.1|YP_009200200.1_14|[Pseudoalteromonas_phage_H103]virion_structural_protein|complement(10119..10595)|158	0.094	161	140	0	5	165	3	158	7.759E-05	270
4_cl5_Isfahan	NC_020839.1|YP_007673206.1_6|[Rhodobacter_phage_RC1]virion_structural_protein|complement(6559..6981)|140	0.111	140	105	0	5	123	1	140	8.210E-05	269
4_cl5_Isfahan	NC_020866.1|YP_007676430.1_51|[Rhodovulum_phage_RS1]virion_structural_protein|32787..33209|140	0.111	140	105	0	5	123	1	140	8.210E-05	269
4_cl5_Isfahan	NC_028768.1|YP_009196207.1_22|[Achromobacter_phage_JWX]virion_structural_protein|16122..17195|357	0.189	127	101	0	1	127	129	254	8.210E-05	269
4_cl5_Isfahan	NC_071153.1|YP_010685868.1_57|[Klebsiella_phage_BUCT610]hypothetical_protein|27338..27808|156	0.115	159	132	0	7	165	2	151	8.688E-05	268
4_cl5_Isfahan	NC_071149.1|YP_010685562.1_68|[Klebsiella_phage_vB_Kpn_ZCKp20p]baseplate_wedge_protein|32709..33179|156	0.115	159	132	0	7	165	2	151	9.727E-05	266
4_cl5_Isfahan	NC_071156.1|YP_010686107.1_56|[Klebsiella_phage_6991]hypothetical_protein|28567..29037|156	0.115	159	132	0	7	165	2	151	9.727E-05	266
4_cl5_Isfahan	NC_071150.1|YP_010685647.1_69|[Klebsiella_phage_ZCKP8]minor_tail_protein|32402..32872|156	0.115	159	132	0	7	165	2	151	9.727E-05	266
4_cl5_Isfahan	NC_071151.1|YP_010685719.1_57|[Klebsiella_phage_vB_Kpn_ZC2]minor_tail_protein|32717..33187|156	0.115	159	132	0	7	165	2	151	9.727E-05	266
4_cl5_Isfahan	NC_071145.1|YP_010685197.1_17|[Klebsiella_phage_VLCpiS13e]virion_structural_protein|10270..10743|157	0.115	161	134	0	5	165	1	152	1.029E-04	265
4_cl5_Isfahan	NC_042091.1|YP_009620694.1_25|[Pseudomonas_phage_nickie]hypothetical_protein|21208..21573|121	0.113	116	100	0	6	119	3	118	1.089E-04	264
4_cl5_Isfahan	NC_073318.1|YP_010749194.1_61|[Escherichia_phage_NTEC3]hypothetical_protein|complement(34314..35714)|466	0.136	128	109	0	6	133	3	129	1.089E-04	264
4_cl5_Isfahan	NC_031918.1|YP_009322249.1_52|[Salmonella_phage_64795_sal3]hypothetical_protein|27290..27772|160	0.111	159	135	0	3	155	2	160	1.152E-04	263
4_cl5_Isfahan	NC_054649.1|YP_010054112.1_4|[Escherichia_phage_vB_EcoS_swi2]hypothetical_protein|complement(5668..6141)|157	0.103	161	135	0	5	165	1	152	1.219E-04	262
4_cl5_Isfahan	NC_042037.1|YP_009614658.1_62|[Aeromonas_phage_pIS4-A]hypothetical_protein|32456..32926|156	0.115	159	132	0	7	165	2	151	1.445E-04	259
4_cl5_Isfahan	NC_021534.1|YP_008126232.1_68|[Vibrio_phage_pYD38-A]hypothetical_protein|complement(39512..39982)|156	0.115	159	132	0	7	165	2	151	1.445E-04	259
4_cl5_Isfahan	NC_071143.1|YP_010685006.1_3|[Flyfo_siphovirus_Tbat1_6]hypothetical_protein|3131..3601|156	0.115	159	132	0	7	165	2	151	1.445E-04	259
4_cl5_Isfahan	NC_007709.1|YP_453576.1_18|[Xanthomonas_phage_OP1]virion_structural_protein|13552..13905|117	0.098	109	97	0	13	121	6	114	1.529E-04	258
4_cl5_Isfahan	NC_023502.1|YP_009003193.1_36|[Rhizobium_phage_vB_RleS_L338C]minor_tail_protein|27949..28305|118	0.131	119	98	0	4	122	2	115	1.529E-04	258
4_cl5_Isfahan	NC_018279.1|YP_006560828.1_22|[Salmonella_phage_vB_SosS_Oslo]minor_tail_protein|15584..15931|115	0.136	109	92	0	15	123	7	114	1.811E-04	255
4_cl5_Isfahan	NC_071142.1|YP_010684975.1_52|[Klebsiella_phage_VLCpiS13d]virion_structural_protein|25572..26042|156	0.113	159	132	0	7	165	2	151	1.917E-04	254
4_cl5_Isfahan	NC_071146.1|YP_010685295.1_37|[Klebsiella_phage_vB_KpnS_MK54]minor_tail_protein|19423..19893|156	0.120	161	130	0	5	165	3	151	1.917E-04	254
4_cl5_Isfahan	NC_054636.1|YP_010053061.1_17|[Shigella_phage_Sf11_SMD-2017]hypothetical_protein|complement(13880..15253)|457	0.131	124	107	0	4	127	2	125	2.146E-04	252
4_cl5_Isfahan	NC_007024.1|YP_239288.1_20|[Xanthomonas_phage_Xp15]virion_structural_protein|16353..16724|123	0.075	116	103	0	15	126	8	123	2.271E-04	251
4_cl5_Isfahan	NC_071144.1|YP_010685103.1_4|[Klebsiella_phage_VLCpiS13f]virion_structural_protein|complement(4718..5191)|157	0.108	161	132	0	5	165	4	152	2.403E-04	250
4_cl5_Isfahan	NC_029033.1|YP_009220355.1_54|[Achromobacter_phage_phiAxp-1]virion_structural_protein|33078..34382|434	0.150	123	103	0	5	127	1	122	2.690E-04	248
4_cl5_Isfahan	NC_004902.1|NP_858966.1_19|[Xanthomonas_phage_Xp10]virion_structural_protein|13362..13718|118	0.094	114	101	0	13	126	6	118	3.373E-04	244
4_cl5_Isfahan	NC_071155.1|YP_010686024.1_52|[Klebsiella_phage_VLCpiS13b]virion_structural_protein|26421..26891|156	0.109	159	133	0	7	165	2	151	3.373E-04	244
4_cl5_Isfahan	NC_054640.1|YP_010053420.1_47|[Salmonella_phage_Segz_1]hypothetical_protein|23514..23987|157	0.116	150	126	0	16	165	10	152	3.373E-04	244
4_cl5_Isfahan	NC_070824.1|YP_010655303.1_4|[Pseudoalteromonas_phage_C7]hypothetical_protein|complement(4549..5016)|155	0.153	151	116	0	15	165	14	151	3.569E-04	243
4_cl5_Isfahan	NC_009543.1|YP_001285688.1_16|[Xanthomonas_phage_Xop411]virion_structural_protein|12401..12757|118	0.106	109	97	0	13	121	6	114	3.996E-04	241
4_cl5_Isfahan	NC_071020.1|YP_010677399.1_91|[Stenotrophomonas_phage_BUCT626]hypothetical_protein|complement(54409..54771)|120	0.138	117	97	0	7	120	2	118	3.996E-04	241
4_cl5_Isfahan	NC_034248.1|YP_009352271.1_14|[Rhizobium_phage_RHEph10]minor_tail_protein|13132..13488|118	0.106	118	97	0	4	121	2	111	4.474E-04	239
4_cl5_Isfahan	NC_015465.1|YP_004421739.1_17|[Synechococcus_phage_S-CBS3]minor_tail_protein|17265..17633|122	0.145	111	91	0	17	124	9	119	4.474E-04	239
4_cl5_Isfahan	NC_016165.1|YP_004934695.1_52|[Rhodobacter_phage_RcapMu]virion_structural_protein|31713..32135|140	0.154	139	101	0	4	123	2	140	4.734E-04	238
4_cl5_Isfahan	NC_054645.1|YP_010053778.1_13|[Salmonella_phage_LPST10]hypothetical_protein|complement(11731..12204)|157	0.116	152	128	0	5	150	1	152	4.734E-04	238
4_cl5_Isfahan	NC_054646.1|YP_010053891.1_39|[Salmonella_phage_VB_StyS_BS5]hypothetical_protein|19802..20275|157	0.116	152	128	0	5	150	1	152	4.734E-04	238
4_cl5_Isfahan	NC_054644.1|YP_010053740.1_57|[Salmonella_virus_VSt472]hypothetical_protein|28620..29093|157	0.116	152	128	0	5	150	1	152	4.734E-04	238
4_cl5_Isfahan	NC_071019.1|YP_010677215.1_9|[Stenotrophomonas_phage_vB_SmaS_BUCT548]hypothetical_protein|7128..7490|120	0.137	118	98	0	7	120	2	119	5.301E-04	236
4_cl5_Isfahan	NC_071021.1|YP_010677479.1_73|[Stenotrophomonas_phage_BUCT627]hypothetical_protein|complement(42907..43269)|120	0.137	118	98	0	7	120	2	119	5.301E-04	236
4_cl5_Isfahan	NC_048080.1|YP_009813893.1_39|[Acinetobacter_phage_vB_AbaM_B09_Aci05]virion_structural_protein|30908..31477|189	0.141	158	126	0	17	164	23	180	5.609E-04	235
4_cl5_Isfahan	NC_048074.1|YP_009813099.1_40|[Acinetobacter_phage_vB_AbaM_B09_Aci01-1]virion_structural_protein|30459..31028|189	0.141	158	126	0	17	164	23	180	5.609E-04	235
4_cl5_Isfahan	NC_048075.1|YP_009813263.1_41|[Acinetobacter_phage_vB_AbaM_B09_Aci02-2]virion_structural_protein|30445..31014|189	0.141	158	126	0	17	164	23	180	5.609E-04	235
4_cl5_Isfahan	NC_071154.1|YP_010685917.1_23|[Klebsiella_phage_BUCT541]hypothetical_protein|complement(17295..17765)|156	0.103	123	108	0	7	127	2	124	6.280E-04	233
4_cl5_Isfahan	NC_054652.1|YP_010054356.1_5|[Klebsiella_phage_YX3973]hypothetical_protein|6251..6721|156	0.103	123	108	0	7	127	2	124	6.280E-04	233
4_cl5_Isfahan	NC_054653.1|YP_010054428.1_13|[Klebsiella_virus_KpV2811]hypothetical_protein|complement(13683..14153)|156	0.103	123	108	0	7	127	2	124	6.280E-04	233
4_cl5_Isfahan	NC_054654.1|YP_010054542.1_49|[Klebsiella_phage_vB_KpnS_ZX4]hypothetical_protein|25749..26219|156	0.103	123	108	0	7	127	2	124	6.280E-04	233
4_cl5_Isfahan	NC_047902.1|YP_009796566.1_15|[Pseudomonas_phage_PMBT3]minor_tail_protein|16638..16985|115	0.100	108	95	0	17	124	10	115	7.873E-04	229
4_cl5_Isfahan	NC_019541.1|YP_007010627.1_46|[Acinetobacter_phage_YMC/09/02/B1251]virion_structural_protein|33893..34291|132	0.146	114	92	0	14	122	1	114	8.331E-04	228
4_cl5_Isfahan	NC_012742.1|YP_002922631.1_17|[Xanthomonas_phage_phiL7]virion_structural_protein|13581..13940|119	0.083	114	104	0	9	122	4	117	9.328E-04	226
4_cl5_Isfahan	NC_016164.1|YP_004934618.1_18|[Synechococcus_phage_S-CBS1]minor_tail_protein|16762..17130|122	0.117	113	96	0	17	126	9	121	9.328E-04	226
5_cl1_Seahorse	NC_070772.1|YP_010649711.1_24|[Vibrio_phage_Seahorse]hypothetical_protein|20900..21397|165	1.000	165	0	0	1	165	1	165	6.765E-19	827
5_cl1_Seahorse	NC_047786.1|YP_009787821.1_47|[Salmonella_phage_vB_SenS_Sasha]virion_structural_protein|27788..28291|167	0.232	155	111	0	20	164	6	160	2.173E-06	327
5_cl1_Seahorse	NC_025466.1|YP_009103926.1_40|[Shewanella_sp._phage_3/49]hypothetical_protein|23325..23825|166	0.218	147	112	0	22	165	12	158	2.739E-05	283
5_cl1_Seahorse	NC_021563.1|YP_008130357.1_64|[Serratia_phage_Eta]hypothetical_protein|36442..36936|164	0.208	159	123	0	10	165	1	159	5.162E-05	272
5_cl1_Seahorse	NC_025443.1|YP_009101221.1_51|[Salmonella_phage_9NA]virion_structural_protein|28178..28681|167	0.225	153	117	0	14	165	11	163	5.162E-05	272
5_cl1_Seahorse	NC_016762.1|YP_005098084.1_57|[Pseudomonas_phage_phi297]virion_structural_protein|37368..37835|155	0.190	156	120	0	10	165	1	149	6.136E-05	269
5_cl1_Seahorse	NC_042062.1|YP_009617880.1_51|[Salmonella_phage_SP069]hypothetical_protein|29434..29937|167	0.222	121	93	0	14	133	11	131	6.499E-05	268
5_cl1_Seahorse	NC_041925.1|YP_009600624.1_42|[Proteus_phage_VB_PmiS-Isfahan]hypothetical_protein|25971..26468|165	0.219	153	112	0	14	158	9	161	8.183E-05	264
5_cl1_Seahorse	NC_029066.1|YP_009222842.1_72|[Pseudomonas_phage_PS-1]virion_structural_protein|40548..41054|168	0.161	148	120	0	22	165	20	167	8.183E-05	264
5_cl1_Seahorse	NC_071011.1|YP_010676308.1_51|[Klebsiella_phage_vB_KpnS-Carvaje]virion_structural_protein|27754..28257|167	0.220	151	116	0	14	164	11	160	9.182E-05	262
5_cl1_Seahorse	NC_002484.2|NP_061517.1_20|[Pseudomonas_phage_D3]virion_structural_protein|13793..14272|159	0.202	144	107	0	22	165	19	153	9.727E-05	261
5_cl1_Seahorse	NC_016765.1|YP_005098223.1_20|[Pseudomonas_phage_PMG1]virion_structural_protein|13837..14316|159	0.202	144	107	0	22	165	19	153	9.727E-05	261
5_cl1_Seahorse	NC_028695.2|YP_009191448.1_40|[Enterobacter_phage_phiEap-2]hypothetical_protein|21610..22104|164	0.180	152	120	0	19	165	3	154	1.225E-04	257
5_cl1_Seahorse	NC_069155.1|YP_010582758.1_50|[Serratia_phage_Tsm2]hypothetical_protein|30094..30588|164	0.214	160	122	0	10	165	1	160	1.297E-04	256
5_cl1_Seahorse	NC_074664.1|YP_010773482.1_14|[Pseudomonas_phage_BUCT566]hypothetical_protein|10993..11460|155	0.190	156	120	0	10	165	1	149	1.456E-04	254
5_cl1_Seahorse	NC_073208.1|YP_010748125.1_26|[Salmonella_phage_SLMP1]hypothetical_protein|complement(20699..21199)|166	0.193	144	107	0	22	165	24	156	1.941E-04	249
5_cl1_Seahorse	NC_073176.1|YP_010746159.1_28|[Salmonella_virus_VSe101]hypothetical_protein|19414..19914|166	0.193	144	107	0	22	165	24	156	1.941E-04	249
5_cl1_Seahorse	NC_073211.1|YP_010748298.1_37|[Salmonella_phage_T102]hypothetical_protein|22571..23071|166	0.193	144	107	0	22	165	24	156	1.941E-04	249
5_cl1_Seahorse	NC_074663.1|YP_010773399.1_9|[Pseudomonas_phage_vB_Pae_LC3I3]hypothetical_protein|6635..7102|155	0.190	156	120	0	10	165	1	149	2.179E-04	247
5_cl1_Seahorse	NC_030929.1|YP_009275521.1_34|[Pseudomonas_phage_JBD44]virion_structural_protein|21460..21927|155	0.190	156	120	0	10	165	1	149	2.179E-04	247
5_cl1_Seahorse	NC_073175.1|YP_010746101.1_29|[Salmonella_virus_VSt10]hypothetical_protein|19072..19572|166	0.197	154	117	0	19	165	3	156	2.179E-04	247
5_cl1_Seahorse	NC_073182.1|YP_010746525.1_29|[Salmonella_virus_VSe103]hypothetical_protein|19773..20273|166	0.184	144	108	0	22	165	24	156	2.308E-04	246
5_cl1_Seahorse	NC_073216.1|YP_010748575.1_5|[Salmonella_phage_STP03]hypothetical_protein|complement(5491..5991)|166	0.179	154	120	0	19	165	3	156	2.308E-04	246
5_cl1_Seahorse	NC_073174.1|YP_010746054.1_42|[Salmonella_phage_wast]hypothetical_protein|23773..24273|166	0.185	154	119	0	19	165	3	156	2.308E-04	246
5_cl1_Seahorse	NC_073181.1|YP_010746468.1_30|[Salmonella_phage_5sent1]minor_tail_protein|19967..20467|166	0.184	144	108	0	22	165	24	156	2.308E-04	246
5_cl1_Seahorse	NC_073179.1|YP_010746349.1_30|[Salmonella_phage_vB_SenS_TUMS_E4]hypothetical_protein|20065..20565|166	0.184	144	108	0	22	165	24	156	2.308E-04	246
5_cl1_Seahorse	NC_073187.1|YP_010746797.1_25|[Salmonella_phage_vB_SenS-EnJE1]hypothetical_protein|complement(22305..22805)|166	0.185	154	119	0	19	165	3	156	2.308E-04	246
5_cl1_Seahorse	NC_019539.1|YP_007010481.1_28|[Salmonella_phage_vB_SenS-Ent1]hypothetical_protein|18977..19477|166	0.184	144	108	0	22	165	24	156	2.308E-04	246
5_cl1_Seahorse	NC_022752.1|YP_008767027.1_28|[Salmonella_phage_SETP13]hypothetical_protein|18112..18612|166	0.185	154	119	0	19	165	3	156	2.308E-04	246
5_cl1_Seahorse	NC_073213.1|YP_010748406.1_26|[Salmonella_phage_vB_SenS_SB3]hypothetical_protein|17765..18265|166	0.193	144	107	0	22	165	24	156	2.308E-04	246
5_cl1_Seahorse	NC_073185.1|YP_010746711.1_42|[Salmonella_phage_PBSE191]hypothetical_protein|39461..39961|166	0.184	144	108	0	22	165	24	156	2.308E-04	246
5_cl1_Seahorse	NC_073196.1|YP_010747352.1_5|[Salmonella_phage_NBSal006]hypothetical_protein|complement(3960..4460)|166	0.193	144	107	0	22	165	24	156	2.308E-04	246
5_cl1_Seahorse	NC_041992.1|YP_009608663.1_42|[Salmonella_phage_wksl3]hypothetical_protein|complement(27064..27564)|166	0.225	127	98	0	39	165	30	156	2.444E-04	245
5_cl1_Seahorse	NC_073194.1|YP_010747222.1_3|[Salmonella_phage_vB_SalP_LDW16]hypothetical_protein|complement(1350..1850)|166	0.206	154	116	0	19	165	3	156	2.444E-04	245
5_cl1_Seahorse	NC_041991.1|YP_009608582.1_27|[Salmonella_phage_vB_SenS_AG11]hypothetical_protein|17728..18228|166	0.193	156	124	0	10	165	2	156	2.589E-04	244
5_cl1_Seahorse	NC_073214.1|YP_010748481.1_38|[Salmonella_phage_vB_SenS_ER1]hypothetical_protein|21670..22170|166	0.189	155	124	0	11	165	3	156	2.589E-04	244
5_cl1_Seahorse	NC_073217.1|YP_010748688.1_48|[Salmonella_phage_pink]hypothetical_protein|25082..25582|166	0.189	155	124	0	11	165	3	156	2.589E-04	244
5_cl1_Seahorse	NC_006940.2|YP_308655.1_54|[Salmonella_phage_SS3e]hypothetical_protein|complement(36137..36637)|166	0.200	154	117	0	19	165	3	156	2.589E-04	244
5_cl1_Seahorse	NC_073212.1|YP_010748343.1_28|[Salmonella_phage_ZCSE9]hypothetical_protein|19068..19568|166	0.200	154	117	0	19	165	3	156	2.589E-04	244
5_cl1_Seahorse	NC_069156.1|YP_010582773.1_5|[Serratia_phage_vB_SmaM-Otaku]hypothetical_protein|complement(4881..5375)|164	0.214	156	120	0	10	165	1	154	2.743E-04	243
5_cl1_Seahorse	NC_073317.1|YP_010749084.1_28|[Escherichia_phage_vB_EcoS_fPoEco01]hypothetical_protein|18289..18789|166	0.220	132	98	0	39	165	30	161	2.743E-04	243
5_cl1_Seahorse	NC_073318.1|YP_010749194.1_61|[Escherichia_phage_NTEC3]hypothetical_protein|complement(34314..35714)|466	0.209	121	93	0	11	131	3	120	2.743E-04	243
5_cl1_Seahorse	NC_022754.1|YP_008767198.1_27|[Salmonella_phage_SETP7]hypothetical_protein|17572..18072|166	0.187	154	119	0	19	165	3	156	2.906E-04	242
5_cl1_Seahorse	NC_073172.1|YP_010745932.1_46|[Salmonella_phage_skrot]hypothetical_protein|24902..25402|166	0.185	154	119	0	19	165	3	156	2.906E-04	242
5_cl1_Seahorse	NC_073184.1|YP_010746642.1_32|[Salmonella_phage_F12013]tail_protein|complement(23758..24258)|166	0.193	144	107	0	22	165	24	156	2.906E-04	242
5_cl1_Seahorse	NC_021777.1|YP_008239738.1_29|[Salmonella_phage_Jersey]hypothetical_protein|20172..20672|166	0.193	156	124	0	10	165	2	156	3.078E-04	241
5_cl1_Seahorse	NC_073215.1|YP_010748512.1_4|[Salmonella_phage_SGPC]tail_protein|complement(1472..1972)|166	0.193	154	118	0	19	165	3	156	3.078E-04	241
5_cl1_Seahorse	NC_073199.1|YP_010747561.1_29|[Salmonella_phage_S102]hypothetical_protein|19783..20283|166	0.218	127	99	0	39	165	30	156	3.260E-04	240
5_cl1_Seahorse	NC_073198.1|YP_010747531.1_59|[Salmonella_phage_vB_SenS_ER21]hypothetical_protein|complement(40052..40552)|166	0.218	127	99	0	39	165	30	156	3.260E-04	240
5_cl1_Seahorse	NC_073197.1|YP_010747470.1_58|[Salmonella_phage_vB_SenS_ER23]hypothetical_protein|40103..40603|166	0.218	127	99	0	39	165	30	156	3.260E-04	240
5_cl1_Seahorse	NC_073183.1|YP_010746577.1_24|[Salmonella_phage_NBSal007]hypothetical_protein|complement(21183..21683)|166	0.185	154	119	0	19	165	3	156	3.260E-04	240
5_cl1_Seahorse	NC_073202.1|YP_010747772.1_47|[Salmonella_phage_celemicas]hypothetical_protein|25526..26026|166	0.225	127	98	0	39	165	30	156	3.454E-04	239
5_cl1_Seahorse	NC_073209.1|YP_010748162.1_6|[Salmonella_phage_GRNsp50]hypothetical_protein|complement(5544..6044)|166	0.225	127	98	0	39	165	30	156	3.454E-04	239
5_cl1_Seahorse	NC_073173.1|YP_010745993.1_42|[Salmonella_phage_blauehaus]hypothetical_protein|23963..24463|166	0.225	127	98	0	39	165	30	156	3.454E-04	239
5_cl1_Seahorse	NC_073178.1|YP_010746288.1_31|[Salmonella_phage_vB_SenS_TUMS_E19]hypothetical_protein|20086..20586|166	0.225	127	98	0	39	165	30	156	3.454E-04	239
5_cl1_Seahorse	NC_073200.1|YP_010747627.1_31|[Salmonella_phage_S100]hypothetical_protein|20810..21310|166	0.225	127	98	0	39	165	30	156	3.454E-04	239
5_cl1_Seahorse	NC_073203.1|YP_010747823.1_31|[Salmonella_phage_MET_P1_001_43]hypothetical_protein|19249..19749|166	0.225	127	98	0	39	165	30	156	3.454E-04	239
5_cl1_Seahorse	NC_073201.1|YP_010747703.1_41|[Salmonella_phage_dunkel]hypothetical_protein|25780..26280|166	0.225	127	98	0	39	165	30	156	3.454E-04	239
5_cl1_Seahorse	NC_073186.1|YP_010746744.1_32|[Salmonella_phage_vB_SenS_PVP-SE2]hypothetical_protein|complement(23538..24038)|166	0.225	127	98	0	39	165	30	156	3.454E-04	239
5_cl1_Seahorse	NC_073190.1|YP_010747004.1_50|[Salmonella_phage_vB_SenS_S528]hypothetical_protein|24404..24904|166	0.233	127	97	0	39	165	30	156	3.875E-04	237
5_cl1_Seahorse	NC_073207.1|YP_010748064.1_18|[Salmonella_phage_SHWT1]hypothetical_protein|complement(17411..17911)|166	0.233	127	97	0	39	165	30	156	3.875E-04	237
5_cl1_Seahorse	NC_073189.1|YP_010746947.1_55|[Salmonella_phage_JD01]hypothetical_protein|complement(38045..38545)|166	0.233	127	97	0	39	165	30	156	3.875E-04	237
5_cl1_Seahorse	NC_073193.1|YP_010747216.1_59|[Salmonella_phage_vB_SalS-S10]hypothetical_protein|39171..39671|166	0.233	127	97	0	39	165	30	156	3.875E-04	237
5_cl1_Seahorse	NC_073192.1|YP_010747095.1_6|[Salmonella_phage_F118P13]hypothetical_protein|complement(5673..6173)|166	0.233	127	97	0	39	165	30	156	3.875E-04	237
5_cl1_Seahorse	NC_073188.1|YP_010746874.1_48|[Salmonella_phage_vB_SenS_S532]hypothetical_protein|24316..24816|166	0.233	127	97	0	39	165	30	156	3.875E-04	237
5_cl1_Seahorse	NC_073191.1|YP_010747048.1_26|[Salmonella_phage_vB_SenS-EnJE6]hypothetical_protein|complement(19818..20318)|166	0.191	154	118	0	19	165	3	156	4.105E-04	236
5_cl1_Seahorse	NC_028698.1|YP_009191569.1_16|[Salmonella_phage_f18SE]hypothetical_protein|complement(15923..16423)|166	0.185	154	119	0	19	165	3	156	4.348E-04	235
5_cl1_Seahorse	NC_073169.1|YP_010745715.1_18|[Salmonella_phage_SS5]hypothetical_protein|complement(15759..16259)|166	0.225	127	98	0	39	165	30	156	4.606E-04	234
5_cl1_Seahorse	NC_054643.1|YP_010053681.1_76|[Salmonella_phage_SeSz-2]hypothetical_protein|39846..40316|156	0.132	142	116	0	22	163	19	153	5.168E-04	232
5_cl1_Seahorse	NC_073321.1|YP_010749394.1_37|[Escherichia_phage_ZCEC5]hypothetical_protein|20117..20617|166	0.190	159	118	0	19	165	3	161	5.168E-04	232
5_cl1_Seahorse	NC_073325.1|YP_010749670.1_4|[Escherichia_phage_vB_EcoS_XY1]minor_tail_protein|complement(3811..5211)|466	0.200	131	103	0	10	139	1	131	5.168E-04	232
5_cl1_Seahorse	NC_073320.1|YP_010749347.1_61|[Escherichia_phage_26]hypothetical_protein|32941..33414|157	0.195	142	107	0	22	163	17	150	5.800E-04	230
5_cl1_Seahorse	NC_073316.1|YP_010749009.1_30|[Escherichia_phage_vB_EcoS_fFiEco02]hypothetical_protein|19687..20187|166	0.214	132	99	0	39	165	30	161	5.800E-04	230
5_cl1_Seahorse	NC_041897.1|YP_009597306.1_26|[Escherichia_phage_K1ind1]hypothetical_protein|16991..18391|466	0.195	120	94	0	22	139	12	131	5.800E-04	230
5_cl1_Seahorse	NC_054651.1|YP_010054281.1_6|[Escherichia_phage_C1]hypothetical_protein|complement(6554..7027)|157	0.130	144	118	0	22	165	20	156	6.143E-04	229
5_cl1_Seahorse	NC_054638.1|YP_010053258.1_48|[Salmonella_phage_vB_SenS_SB28]hypothetical_protein|24344..24814|156	0.110	144	121	0	22	165	19	155	6.508E-04	228
5_cl1_Seahorse	NC_073322.1|YP_010749475.1_46|[Escherichia_phage_vB_EcoS-Ro145c2YLVW]hypothetical_protein|23553..24026|157	0.198	142	110	0	22	163	13	150	6.508E-04	228
5_cl1_Seahorse	NC_009232.2|YP_001110816.2_27|[Salmonella_phage_SETP3]hypothetical_protein|18460..18960|166	0.191	154	118	0	19	165	3	156	6.508E-04	228
5_cl1_Seahorse	NC_073323.1|YP_010749527.1_27|[Escherichia_phage_vB_EcoS-phiEc3]minor_tail_protein|17198..18616|472	0.214	110	85	0	22	131	12	120	6.508E-04	228
5_cl1_Seahorse	NC_073219.1|YP_010748806.1_39|[Salmonella_phage_sidste]hypothetical_protein|23863..24363|166	0.225	127	98	0	39	165	30	156	6.893E-04	227
5_cl1_Seahorse	NC_073195.1|YP_010747307.1_28|[Salmonella_phage_Shelanagig]hypothetical_protein|18443..18943|166	0.185	154	119	0	19	165	3	156	6.893E-04	227
5_cl1_Seahorse	NC_073218.1|YP_010748749.1_38|[Salmonella_phage_demigod]hypothetical_protein|24667..25167|166	0.225	127	98	0	39	165	30	156	6.893E-04	227
5_cl1_Seahorse	NC_070846.1|YP_010657369.1_2|[Salmonella_phage_LPSTLL]hypothetical_protein|1594..2067|157	0.132	142	116	0	22	163	19	153	7.302E-04	226
5_cl1_Seahorse	NC_073324.1|YP_010749624.1_44|[Escherichia_phage_vB_EcoS-22664BS2]hypothetical_protein|22068..23465|465	0.221	110	84	0	22	131	12	120	7.302E-04	226
5_cl1_Seahorse	NC_070823.1|YP_010655298.1_72|[Pseudoalteromonas_phage_vB_PspS-H40/1]hypothetical_protein|44459..44860|133	0.131	122	105	0	10	131	1	122	7.735E-04	225
5_cl1_Seahorse	NC_041898.1|YP_009597357.1_26|[Escherichia_phage_K1ind2]hypothetical_protein|16992..18392|466	0.181	129	98	0	19	139	3	131	7.735E-04	225
5_cl1_Seahorse	NC_031059.1|YP_009285933.1_48|[Rhodovulum_phage_vB_RhkS_P1]virion_structural_protein|27232..27588|118	0.175	111	90	0	18	127	7	117	8.194E-04	224
5_cl1_Seahorse	NC_054642.1|YP_010053565.1_32|[Salmonella_phage_Seszw_1]hypothetical_protein|17534..18007|157	0.132	142	116	0	22	163	20	154	8.679E-04	223
5_cl1_Seahorse	NC_073314.1|YP_010748874.1_48|[Escherichia_virus_fEg-Eco19]hypothetical_protein|24956..25456|166	0.221	118	87	0	41	153	32	149	8.679E-04	223
5_cl1_Seahorse	NC_054648.1|YP_010054082.1_62|[Salmonella_phage_vB_Se_STGO-35-1]minor_tail_protein|29548..30021|157	0.130	144	118	0	22	165	20	156	9.194E-04	222
5_cl1_Seahorse	NC_054640.1|YP_010053420.1_47|[Salmonella_phage_Segz_1]hypothetical_protein|23514..23987|157	0.144	144	118	0	22	165	18	156	9.194E-04	222
5_cl1_Seahorse	NC_073319.1|YP_010749258.1_53|[Escherichia_phage_SZH-1]hypothetical_protein|complement(25719..26192)|157	0.221	138	104	0	22	155	5	142	9.739E-04	221
5_cl1_Seahorse	NC_054637.1|YP_010053153.1_29|[Escherichia_phage_vB_EcoS_Sa179lw]hypothetical_protein|15910..16383|157	0.117	144	120	0	22	165	20	156	9.739E-04	221
6_cl1_TRS1	NC_073031.1|YP_010738739.1_12|[Janthinobacterium_phage_vB_JliS-Donnerlittchen]hypothetical_protein|6881..7357|158	0.209	155	116	0	1	155	1	148	1.495E-08	431
6_cl1_TRS1	NC_019541.1|YP_007010627.1_46|[Acinetobacter_phage_YMC/09/02/B1251]virion_structural_protein|33893..34291|132	0.290	131	91	0	1	129	1	131	7.022E-08	403
6_cl1_TRS1	NC_025471.1|YP_009104265.1_28|[Idiomarinaceae_phage_Phi1M2-2]virion_structural_protein|16209..16694|161	0.186	160	125	0	1	155	1	160	7.420E-08	402
6_cl1_TRS1	NC_071152.1|YP_010685763.1_30|[Klebsiella_phage_VLCpiS13a]virion_structural_protein|17455..17925|156	0.153	156	130	0	1	155	1	156	8.287E-08	400
6_cl1_TRS1	NC_029066.1|YP_009222842.1_72|[Pseudomonas_phage_PS-1]virion_structural_protein|40548..41054|168	0.153	167	130	0	1	155	1	167	8.758E-08	399
6_cl1_TRS1	NC_054651.1|YP_010054281.1_6|[Escherichia_phage_C1]hypothetical_protein|complement(6554..7027)|157	0.152	155	131	0	1	155	3	157	1.289E-07	392
6_cl1_TRS1	NC_071157.1|YP_010686190.1_59|[Klebsiella_phage_VLCpiS13c]virion_structural_protein|complement(35238..35708)|156	0.152	156	131	0	1	155	1	156	1.700E-07	387
6_cl1_TRS1	NC_071146.1|YP_010685295.1_37|[Klebsiella_phage_vB_KpnS_MK54]minor_tail_protein|19423..19893|156	0.147	156	131	0	1	155	1	156	1.898E-07	385
6_cl1_TRS1	NC_016762.1|YP_005098084.1_57|[Pseudomonas_phage_phi297]virion_structural_protein|37368..37835|155	0.209	151	109	0	1	139	1	151	2.954E-07	377
6_cl1_TRS1	NC_054647.1|YP_010053951.1_16|[Salmonella_phage_Akira]hypothetical_protein|complement(13949..14422)|157	0.163	154	125	0	1	150	3	156	3.121E-07	376
6_cl1_TRS1	NC_048198.1|YP_009824047.1_17|[Erwinia_phage_vB_EhrS_59]hypothetical_protein|14104..14601|165	0.166	155	124	0	6	155	10	164	3.684E-07	373
6_cl1_TRS1	NC_002484.2|NP_061517.1_20|[Pseudomonas_phage_D3]virion_structural_protein|13793..14272|159	0.180	155	113	0	1	139	1	155	3.893E-07	372
6_cl1_TRS1	NC_016765.1|YP_005098223.1_20|[Pseudomonas_phage_PMG1]virion_structural_protein|13837..14316|159	0.180	155	113	0	1	139	1	155	3.893E-07	372
6_cl1_TRS1	NC_071153.1|YP_010685868.1_57|[Klebsiella_phage_BUCT610]hypothetical_protein|27338..27808|156	0.148	144	119	0	12	155	16	156	4.595E-07	369
6_cl1_TRS1	NC_073183.1|YP_010746577.1_24|[Salmonella_phage_NBSal007]hypothetical_protein|complement(21183..21683)|166	0.195	155	123	0	2	155	4	158	4.595E-07	369
6_cl1_TRS1	NC_073184.1|YP_010746642.1_32|[Salmonella_phage_F12013]tail_protein|complement(23758..24258)|166	0.173	154	127	0	2	155	4	157	4.595E-07	369
6_cl1_TRS1	NC_071149.1|YP_010685562.1_68|[Klebsiella_phage_vB_Kpn_ZCKp20p]baseplate_wedge_protein|32709..33179|156	0.141	144	120	0	12	155	16	156	5.132E-07	367
6_cl1_TRS1	NC_071156.1|YP_010686107.1_56|[Klebsiella_phage_6991]hypothetical_protein|28567..29037|156	0.141	144	120	0	12	155	16	156	5.132E-07	367
6_cl1_TRS1	NC_071150.1|YP_010685647.1_69|[Klebsiella_phage_ZCKP8]minor_tail_protein|32402..32872|156	0.141	144	120	0	12	155	16	156	5.132E-07	367
6_cl1_TRS1	NC_071151.1|YP_010685719.1_57|[Klebsiella_phage_vB_Kpn_ZC2]minor_tail_protein|32717..33187|156	0.141	144	120	0	12	155	16	156	5.132E-07	367
6_cl1_TRS1	NC_074664.1|YP_010773482.1_14|[Pseudomonas_phage_BUCT566]hypothetical_protein|10993..11460|155	0.202	151	110	0	1	139	1	151	5.424E-07	366
6_cl1_TRS1	NC_054642.1|YP_010053565.1_32|[Salmonella_phage_Seszw_1]hypothetical_protein|17534..18007|157	0.161	154	125	0	1	150	3	156	5.424E-07	366
6_cl1_TRS1	NC_042037.1|YP_009614658.1_62|[Aeromonas_phage_pIS4-A]hypothetical_protein|32456..32926|156	0.141	144	120	0	12	155	16	156	5.732E-07	365
6_cl1_TRS1	NC_021534.1|YP_008126232.1_68|[Vibrio_phage_pYD38-A]hypothetical_protein|complement(39512..39982)|156	0.141	144	120	0	12	155	16	156	5.732E-07	365
6_cl1_TRS1	NC_071143.1|YP_010685006.1_3|[Flyfo_siphovirus_Tbat1_6]hypothetical_protein|3131..3601|156	0.141	144	120	0	12	155	16	156	5.732E-07	365
6_cl1_TRS1	NC_041898.1|YP_009597357.1_26|[Escherichia_phage_K1ind2]hypothetical_protein|16992..18392|466	0.204	138	105	0	2	139	4	136	5.732E-07	365
6_cl1_TRS1	NC_074663.1|YP_010773399.1_9|[Pseudomonas_phage_vB_Pae_LC3I3]hypothetical_protein|6635..7102|155	0.209	151	109	0	1	139	1	151	6.057E-07	364
6_cl1_TRS1	NC_030929.1|YP_009275521.1_34|[Pseudomonas_phage_JBD44]virion_structural_protein|21460..21927|155	0.209	151	109	0	1	139	1	151	6.057E-07	364
6_cl1_TRS1	NC_054641.1|YP_010053509.1_61|[Salmonella_virus_KFS-SE2]hypothetical_protein|complement(34627..35097)|156	0.156	147	122	0	6	150	9	155	6.402E-07	363
6_cl1_TRS1	NC_073213.1|YP_010748406.1_26|[Salmonella_phage_vB_SenS_SB3]hypothetical_protein|17765..18265|166	0.179	154	126	0	2	155	4	157	6.402E-07	363
6_cl1_TRS1	NC_073196.1|YP_010747352.1_5|[Salmonella_phage_NBSal006]hypothetical_protein|complement(3960..4460)|166	0.179	154	126	0	2	155	4	157	6.402E-07	363
6_cl1_TRS1	NC_073199.1|YP_010747561.1_29|[Salmonella_phage_S102]hypothetical_protein|19783..20283|166	0.179	154	126	0	2	155	4	157	6.765E-07	362
6_cl1_TRS1	NC_073198.1|YP_010747531.1_59|[Salmonella_phage_vB_SenS_ER21]hypothetical_protein|complement(40052..40552)|166	0.179	154	126	0	2	155	4	157	6.765E-07	362
6_cl1_TRS1	NC_073197.1|YP_010747470.1_58|[Salmonella_phage_vB_SenS_ER23]hypothetical_protein|40103..40603|166	0.179	154	126	0	2	155	4	157	6.765E-07	362
6_cl1_TRS1	NC_071142.1|YP_010684975.1_52|[Klebsiella_phage_VLCpiS13d]virion_structural_protein|25572..26042|156	0.156	144	117	0	12	155	16	155	7.556E-07	360
6_cl1_TRS1	NC_054648.1|YP_010054082.1_62|[Salmonella_phage_vB_Se_STGO-35-1]minor_tail_protein|29548..30021|157	0.151	155	131	0	1	155	3	157	7.556E-07	360
6_cl1_TRS1	NC_041991.1|YP_009608582.1_27|[Salmonella_phage_vB_SenS_AG11]hypothetical_protein|17728..18228|166	0.182	157	126	0	1	155	1	157	7.556E-07	360
6_cl1_TRS1	NC_073219.1|YP_010748806.1_39|[Salmonella_phage_sidste]hypothetical_protein|23863..24363|166	0.159	154	129	0	2	155	4	157	7.985E-07	359
6_cl1_TRS1	NC_073218.1|YP_010748749.1_38|[Salmonella_phage_demigod]hypothetical_protein|24667..25167|166	0.159	154	129	0	2	155	4	157	7.985E-07	359
6_cl1_TRS1	NC_073316.1|YP_010749009.1_30|[Escherichia_phage_vB_EcoS_fFiEco02]hypothetical_protein|19687..20187|166	0.157	158	129	0	2	155	4	161	7.985E-07	359
6_cl1_TRS1	NC_054640.1|YP_010053420.1_47|[Salmonella_phage_Segz_1]hypothetical_protein|23514..23987|157	0.147	157	129	0	4	155	1	157	8.439E-07	358
6_cl1_TRS1	NC_054638.1|YP_010053258.1_48|[Salmonella_phage_vB_SenS_SB28]hypothetical_protein|24344..24814|156	0.145	150	126	0	6	155	9	156	8.918E-07	357
6_cl1_TRS1	NC_025466.1|YP_009103926.1_40|[Shewanella_sp._phage_3/49]hypothetical_protein|23325..23825|166	0.155	150	125	0	6	155	10	158	9.425E-07	356
6_cl1_TRS1	NC_041992.1|YP_009608663.1_42|[Salmonella_phage_wksl3]hypothetical_protein|complement(27064..27564)|166	0.190	154	124	0	2	155	4	157	9.425E-07	356
6_cl1_TRS1	NC_071155.1|YP_010686024.1_52|[Klebsiella_phage_VLCpiS13b]virion_structural_protein|26421..26891|156	0.161	150	123	0	6	155	9	156	9.960E-07	355
6_cl1_TRS1	NC_073215.1|YP_010748512.1_4|[Salmonella_phage_SGPC]tail_protein|complement(1472..1972)|166	0.179	154	126	0	2	155	4	157	9.960E-07	355
6_cl1_TRS1	NC_073325.1|YP_010749670.1_4|[Escherichia_phage_vB_EcoS_XY1]minor_tail_protein|complement(3811..5211)|466	0.196	131	101	0	1	126	1	131	9.960E-07	355
6_cl1_TRS1	NC_071144.1|YP_010685103.1_4|[Klebsiella_phage_VLCpiS13f]virion_structural_protein|complement(4718..5191)|157	0.164	144	117	0	12	155	17	157	1.053E-06	354
6_cl1_TRS1	NC_031924.1|YP_009322780.1_67|[Salmonella_phage_IME207]hypothetical_protein|28806..29282|158	0.153	153	128	0	1	153	3	154	1.053E-06	354
6_cl1_TRS1	NC_022754.1|YP_008767198.1_27|[Salmonella_phage_SETP7]hypothetical_protein|17572..18072|166	0.179	154	126	0	2	155	4	157	1.053E-06	354
6_cl1_TRS1	NC_073182.1|YP_010746525.1_29|[Salmonella_virus_VSe103]hypothetical_protein|19773..20273|166	0.180	154	125	0	2	155	4	157	1.053E-06	354
6_cl1_TRS1	NC_073181.1|YP_010746468.1_30|[Salmonella_phage_5sent1]minor_tail_protein|19967..20467|166	0.180	154	125	0	2	155	4	157	1.053E-06	354
6_cl1_TRS1	NC_073172.1|YP_010745932.1_46|[Salmonella_phage_skrot]hypothetical_protein|24902..25402|166	0.182	155	125	0	2	155	4	158	1.053E-06	354
6_cl1_TRS1	NC_073179.1|YP_010746349.1_30|[Salmonella_phage_vB_SenS_TUMS_E4]hypothetical_protein|20065..20565|166	0.180	154	125	0	2	155	4	157	1.053E-06	354
6_cl1_TRS1	NC_073191.1|YP_010747048.1_26|[Salmonella_phage_vB_SenS-EnJE6]hypothetical_protein|complement(19818..20318)|166	0.189	155	124	0	2	155	4	158	1.053E-06	354
6_cl1_TRS1	NC_073169.1|YP_010745715.1_18|[Salmonella_phage_SS5]hypothetical_protein|complement(15759..16259)|166	0.185	155	110	0	2	137	4	158	1.053E-06	354
6_cl1_TRS1	NC_019539.1|YP_007010481.1_28|[Salmonella_phage_vB_SenS-Ent1]hypothetical_protein|18977..19477|166	0.180	154	125	0	2	155	4	157	1.053E-06	354
6_cl1_TRS1	NC_073185.1|YP_010746711.1_42|[Salmonella_phage_PBSE191]hypothetical_protein|39461..39961|166	0.180	154	125	0	2	155	4	157	1.053E-06	354
6_cl1_TRS1	NC_011373.1|YP_002284353.1_19|[Pseudomonas_phage_PAJU2]virion_structural_protein|14682..15146|154	0.204	147	99	0	1	125	1	147	1.112E-06	353
6_cl1_TRS1	NC_028695.2|YP_009191448.1_40|[Enterobacter_phage_phiEap-2]hypothetical_protein|21610..22104|164	0.181	148	108	0	6	138	10	157	1.112E-06	353
6_cl1_TRS1	NC_073214.1|YP_010748481.1_38|[Salmonella_phage_vB_SenS_ER1]hypothetical_protein|21670..22170|166	0.192	157	124	0	1	155	2	158	1.112E-06	353
6_cl1_TRS1	NC_073217.1|YP_010748688.1_48|[Salmonella_phage_pink]hypothetical_protein|25082..25582|166	0.192	157	124	0	1	155	2	158	1.112E-06	353
6_cl1_TRS1	NC_006940.2|YP_308655.1_54|[Salmonella_phage_SS3e]hypothetical_protein|complement(36137..36637)|166	0.179	154	126	0	2	155	4	157	1.112E-06	353
6_cl1_TRS1	NC_073212.1|YP_010748343.1_28|[Salmonella_phage_ZCSE9]hypothetical_protein|19068..19568|166	0.179	154	126	0	2	155	4	157	1.112E-06	353
6_cl1_TRS1	NC_041897.1|YP_009597306.1_26|[Escherichia_phage_K1ind1]hypothetical_protein|16991..18391|466	0.213	134	99	0	6	139	10	136	1.112E-06	353
6_cl1_TRS1	NC_073174.1|YP_010746054.1_42|[Salmonella_phage_wast]hypothetical_protein|23773..24273|166	0.189	155	124	0	2	155	4	158	1.242E-06	351
6_cl1_TRS1	NC_073187.1|YP_010746797.1_25|[Salmonella_phage_vB_SenS-EnJE1]hypothetical_protein|complement(22305..22805)|166	0.189	155	124	0	2	155	4	158	1.242E-06	351
6_cl1_TRS1	NC_022752.1|YP_008767027.1_28|[Salmonella_phage_SETP13]hypothetical_protein|18112..18612|166	0.189	155	124	0	2	155	4	158	1.242E-06	351
6_cl1_TRS1	NC_010495.1|YP_001742072.1_35|[Salmonella_phage_Vi_II-E1]hypothetical_protein|24365..24835|156	0.162	147	121	0	6	150	9	155	1.313E-06	350
6_cl1_TRS1	NC_071145.1|YP_010685197.1_17|[Klebsiella_phage_VLCpiS13e]virion_structural_protein|10270..10743|157	0.140	157	130	0	4	155	1	157	1.388E-06	349
6_cl1_TRS1	NC_073190.1|YP_010747004.1_50|[Salmonella_phage_vB_SenS_S528]hypothetical_protein|24404..24904|166	0.159	154	129	0	2	155	4	157	1.388E-06	349
6_cl1_TRS1	NC_073207.1|YP_010748064.1_18|[Salmonella_phage_SHWT1]hypothetical_protein|complement(17411..17911)|166	0.159	154	129	0	2	155	4	157	1.388E-06	349
6_cl1_TRS1	NC_073189.1|YP_010746947.1_55|[Salmonella_phage_JD01]hypothetical_protein|complement(38045..38545)|166	0.159	154	129	0	2	155	4	157	1.388E-06	349
6_cl1_TRS1	NC_069153.1|YP_010582605.1_27|[Salmonella_virus_VSiP]hypothetical_protein|18017..18517|166	0.191	156	110	0	2	138	4	159	1.388E-06	349
6_cl1_TRS1	NC_073193.1|YP_010747216.1_59|[Salmonella_phage_vB_SalS-S10]hypothetical_protein|39171..39671|166	0.159	154	129	0	2	155	4	157	1.388E-06	349
6_cl1_TRS1	NC_073192.1|YP_010747095.1_6|[Salmonella_phage_F118P13]hypothetical_protein|complement(5673..6173)|166	0.159	154	129	0	2	155	4	157	1.388E-06	349
6_cl1_TRS1	NC_073188.1|YP_010746874.1_48|[Salmonella_phage_vB_SenS_S532]hypothetical_protein|24316..24816|166	0.159	154	129	0	2	155	4	157	1.388E-06	349
6_cl1_TRS1	NC_054637.1|YP_010053153.1_29|[Escherichia_phage_vB_EcoS_Sa179lw]hypothetical_protein|15910..16383|157	0.158	150	124	0	6	155	10	157	1.466E-06	348
6_cl1_TRS1	NC_054645.1|YP_010053778.1_13|[Salmonella_phage_LPST10]hypothetical_protein|complement(11731..12204)|157	0.142	157	130	0	4	155	1	157	1.550E-06	347
6_cl1_TRS1	NC_054646.1|YP_010053891.1_39|[Salmonella_phage_VB_StyS_BS5]hypothetical_protein|19802..20275|157	0.142	157	130	0	4	155	1	157	1.550E-06	347
6_cl1_TRS1	NC_054644.1|YP_010053740.1_57|[Salmonella_virus_VSt472]hypothetical_protein|28620..29093|157	0.142	157	130	0	4	155	1	157	1.550E-06	347
6_cl1_TRS1	NC_054639.1|YP_010053346.1_63|[Salmonella_phage_Skate]hypothetical_protein|28397..28873|158	0.156	148	122	0	6	153	10	154	1.550E-06	347
6_cl1_TRS1	NC_073202.1|YP_010747772.1_47|[Salmonella_phage_celemicas]hypothetical_protein|25526..26026|166	0.184	156	111	0	2	138	4	159	1.550E-06	347
6_cl1_TRS1	NC_073209.1|YP_010748162.1_6|[Salmonella_phage_GRNsp50]hypothetical_protein|complement(5544..6044)|166	0.184	156	111	0	2	138	4	159	1.550E-06	347
6_cl1_TRS1	NC_073173.1|YP_010745993.1_42|[Salmonella_phage_blauehaus]hypothetical_protein|23963..24463|166	0.184	156	111	0	2	138	4	159	1.550E-06	347
6_cl1_TRS1	NC_073178.1|YP_010746288.1_31|[Salmonella_phage_vB_SenS_TUMS_E19]hypothetical_protein|20086..20586|166	0.184	156	111	0	2	138	4	159	1.550E-06	347
6_cl1_TRS1	NC_073200.1|YP_010747627.1_31|[Salmonella_phage_S100]hypothetical_protein|20810..21310|166	0.184	156	111	0	2	138	4	159	1.550E-06	347
6_cl1_TRS1	NC_073203.1|YP_010747823.1_31|[Salmonella_phage_MET_P1_001_43]hypothetical_protein|19249..19749|166	0.184	156	111	0	2	138	4	159	1.550E-06	347
6_cl1_TRS1	NC_073201.1|YP_010747703.1_41|[Salmonella_phage_dunkel]hypothetical_protein|25780..26280|166	0.184	156	111	0	2	138	4	159	1.550E-06	347
6_cl1_TRS1	NC_073186.1|YP_010746744.1_32|[Salmonella_phage_vB_SenS_PVP-SE2]hypothetical_protein|complement(23538..24038)|166	0.184	156	111	0	2	138	4	159	1.550E-06	347
6_cl1_TRS1	NC_009232.2|YP_001110816.2_27|[Salmonella_phage_SETP3]hypothetical_protein|18460..18960|166	0.189	155	124	0	2	155	4	158	1.638E-06	346
6_cl1_TRS1	NC_073323.1|YP_010749527.1_27|[Escherichia_phage_vB_EcoS-phiEc3]minor_tail_protein|17198..18616|472	0.186	128	101	0	2	126	4	131	1.638E-06	346
6_cl1_TRS1	NC_073175.1|YP_010746101.1_29|[Salmonella_virus_VSt10]hypothetical_protein|19072..19572|166	0.179	154	126	0	2	155	4	157	1.731E-06	345
6_cl1_TRS1	NC_042084.1|YP_009620106.1_26|[Escherichia_phage_VB_EcoS-Golestan]hypothetical_protein|17370..18788|472	0.176	154	122	0	2	155	4	152	1.731E-06	345
6_cl1_TRS1	NC_054643.1|YP_010053681.1_76|[Salmonella_phage_SeSz-2]hypothetical_protein|39846..40316|156	0.162	147	121	0	6	150	9	155	1.829E-06	344
6_cl1_TRS1	NC_054650.1|YP_010054212.1_16|[Shigella_phage_DS8]hypothetical_protein|8852..9325|157	0.157	150	124	0	6	155	10	157	2.043E-06	342
6_cl1_TRS1	NC_073216.1|YP_010748575.1_5|[Salmonella_phage_STP03]hypothetical_protein|complement(5491..5991)|166	0.182	155	125	0	2	155	4	158	2.043E-06	342
6_cl1_TRS1	NC_073195.1|YP_010747307.1_28|[Salmonella_phage_Shelanagig]hypothetical_protein|18443..18943|166	0.195	155	123	0	2	155	4	158	2.043E-06	342
6_cl1_TRS1	NC_070846.1|YP_010657369.1_2|[Salmonella_phage_LPSTLL]hypothetical_protein|1594..2067|157	0.153	148	122	0	6	153	9	153	2.159E-06	341
6_cl1_TRS1	NC_019927.1|YP_007237618.1_44|[Cronobacter_phage_ENT47670]hypothetical_protein|46209..46706|165	0.160	156	126	0	5	155	9	164	2.159E-06	341
6_cl1_TRS1	NC_073321.1|YP_010749394.1_37|[Escherichia_phage_ZCEC5]hypothetical_protein|20117..20617|166	0.178	158	126	0	2	155	4	161	2.548E-06	338
6_cl1_TRS1	NC_073194.1|YP_010747222.1_3|[Salmonella_phage_vB_SalP_LDW16]hypothetical_protein|complement(1350..1850)|166	0.184	156	111	0	2	138	4	159	2.548E-06	338
6_cl1_TRS1	NC_069147.1|YP_010582233.1_64|[Salmonella_phage_GRNsp27]hypothetical_protein|40507..41007|166	0.171	163	127	0	2	155	4	166	2.693E-06	337
6_cl1_TRS1	NC_021777.1|YP_008239738.1_29|[Salmonella_phage_Jersey]hypothetical_protein|20172..20672|166	0.161	158	129	0	1	155	1	158	2.846E-06	336
6_cl1_TRS1	NC_073324.1|YP_010749624.1_44|[Escherichia_phage_vB_EcoS-22664BS2]hypothetical_protein|22068..23465|465	0.174	138	109	0	2	139	4	136	2.846E-06	336
6_cl1_TRS1	NC_073317.1|YP_010749084.1_28|[Escherichia_phage_vB_EcoS_fPoEco01]hypothetical_protein|18289..18789|166	0.173	158	127	0	2	155	4	161	3.007E-06	335
6_cl1_TRS1	NC_073318.1|YP_010749194.1_61|[Escherichia_phage_NTEC3]hypothetical_protein|complement(34314..35714)|466	0.184	139	110	0	1	139	1	136	3.007E-06	335
6_cl1_TRS1	NC_027994.1|YP_009168856.1_24|[Escherichia_phage_K1H]hypothetical_protein|16248..16748|166	0.175	158	126	0	2	155	4	161	3.178E-06	334
6_cl1_TRS1	NC_027993.1|YP_009168807.1_27|[Escherichia_phage_K1G]hypothetical_protein|17937..18437|166	0.175	158	126	0	2	155	4	161	3.178E-06	334
6_cl1_TRS1	NC_054636.1|YP_010053061.1_17|[Shigella_phage_Sf11_SMD-2017]hypothetical_protein|complement(13880..15253)|457	0.121	153	133	0	4	155	1	153	3.359E-06	333
6_cl1_TRS1	NC_071003.1|YP_010675369.1_21|[Enterobacter_phage_vB_EclS_CobraSix]hypothetical_protein|14964..15461|165	0.165	134	109	0	6	139	10	141	3.550E-06	332
6_cl1_TRS1	NC_073208.1|YP_010748125.1_26|[Salmonella_phage_SLMP1]hypothetical_protein|complement(20699..21199)|166	0.184	156	111	0	2	138	4	159	3.550E-06	332
6_cl1_TRS1	NC_073176.1|YP_010746159.1_28|[Salmonella_virus_VSe101]hypothetical_protein|19414..19914|166	0.184	156	111	0	2	138	4	159	3.550E-06	332
6_cl1_TRS1	NC_073211.1|YP_010748298.1_37|[Salmonella_phage_T102]hypothetical_protein|22571..23071|166	0.184	156	111	0	2	138	4	159	3.550E-06	332
6_cl1_TRS1	NC_069150.1|YP_010582406.1_33|[Salmonella_phage_vB_STM-ZS]hypothetical_protein|complement(22605..23105)|166	0.184	156	111	0	2	138	4	159	3.751E-06	331
6_cl1_TRS1	NC_021775.1|YP_008239652.1_55|[Salmonella_phage_FSL_SP-031]hypothetical_protein|36428..36928|166	0.191	156	110	0	2	138	4	159	3.751E-06	331
6_cl1_TRS1	NC_069146.1|YP_010582164.1_57|[Salmonella_phage_St162]hypothetical_protein|36455..36955|166	0.184	156	111	0	2	138	4	159	3.751E-06	331
6_cl1_TRS1	NC_069148.1|YP_010582260.1_27|[Salmonella_phage_TS6]hypothetical_protein|complement(19322..19822)|166	0.184	156	111	0	2	138	4	159	3.751E-06	331
6_cl1_TRS1	NC_069149.1|YP_010582359.1_61|[Salmonella_phage_vB_SenTO17]hypothetical_protein|complement(31844..32344)|166	0.184	156	111	0	2	138	4	159	3.751E-06	331
6_cl1_TRS1	NC_093713.1|YP_011217263.1_8|[Escherichia_phage_P_AB-2017]hypothetical_protein|complement(8713..9213)|166	0.167	158	127	0	2	155	4	161	3.751E-06	331
6_cl1_TRS1	NC_069151.1|YP_010582466.1_34|[Salmonella_phage_vB_SenS_SE1]hypothetical_protein|complement(21758..22258)|166	0.184	156	111	0	2	138	4	159	3.751E-06	331
6_cl1_TRS1	NC_031918.1|YP_009322249.1_52|[Salmonella_phage_64795_sal3]hypothetical_protein|27290..27772|160	0.150	153	126	0	2	150	7	159	3.964E-06	330
6_cl1_TRS1	NC_093712.1|YP_011217191.1_3|[Escherichia_phage_L_AB-2017]hypothetical_protein|complement(1052..1552)|166	0.167	158	127	0	2	155	4	161	4.428E-06	328
6_cl1_TRS1	NC_073314.1|YP_010748874.1_48|[Escherichia_virus_fEg-Eco19]hypothetical_protein|24956..25456|166	0.168	152	124	0	6	155	10	161	4.428E-06	328
6_cl1_TRS1	NC_071154.1|YP_010685917.1_23|[Klebsiella_phage_BUCT541]hypothetical_protein|complement(17295..17765)|156	0.159	156	130	0	1	155	1	156	4.679E-06	327
6_cl1_TRS1	NC_054652.1|YP_010054356.1_5|[Klebsiella_phage_YX3973]hypothetical_protein|6251..6721|156	0.159	156	130	0	1	155	1	156	4.679E-06	327
6_cl1_TRS1	NC_054654.1|YP_010054542.1_49|[Klebsiella_phage_vB_KpnS_ZX4]hypothetical_protein|25749..26219|156	0.159	156	130	0	1	155	1	156	4.679E-06	327
6_cl1_TRS1	NC_020839.1|YP_007673206.1_6|[Rhodobacter_phage_RC1]virion_structural_protein|complement(6559..6981)|140	0.192	140	90	0	1	113	1	140	5.226E-06	325
6_cl1_TRS1	NC_020866.1|YP_007676430.1_51|[Rhodovulum_phage_RS1]virion_structural_protein|32787..33209|140	0.192	140	90	0	1	113	1	140	5.226E-06	325
6_cl1_TRS1	NC_054653.1|YP_010054428.1_13|[Klebsiella_virus_KpV2811]hypothetical_protein|complement(13683..14153)|156	0.159	156	130	0	1	155	1	156	5.523E-06	324
6_cl1_TRS1	NC_069154.1|YP_010582691.1_40|[Klebsiella_phage_VLCpiS11a]virion_structural_protein|complement(25256..25750)|164	0.174	159	127	0	1	155	1	159	5.836E-06	323
6_cl1_TRS1	NC_054649.1|YP_010054112.1_4|[Escherichia_phage_vB_EcoS_swi2]hypothetical_protein|complement(5668..6141)|157	0.158	151	125	0	5	155	9	157	6.889E-06	320
6_cl1_TRS1	NC_009447.1|YP_001210237.1_17|[Burkholderia_phage_BcepGomr]virion_structural_protein|13816..14934|372	0.195	122	95	0	1	119	128	249	6.889E-06	320
6_cl1_TRS1	NC_028698.1|YP_009191569.1_16|[Salmonella_phage_f18SE]hypothetical_protein|complement(15923..16423)|166	0.179	155	126	0	2	155	4	158	8.131E-06	317
6_cl1_TRS1	NC_069152.1|YP_010582522.1_27|[Salmonella_phage_Shemara]hypothetical_protein|18129..18629|166	0.197	156	109	0	2	138	4	159	8.593E-06	316
6_cl1_TRS1	NC_028819.1|YP_009200200.1_14|[Pseudoalteromonas_phage_H103]virion_structural_protein|complement(10119..10595)|158	0.150	151	125	0	5	155	11	158	9.597E-06	314
6_cl1_TRS1	NC_031059.1|YP_009285933.1_48|[Rhodovulum_phage_vB_RhkS_P1]virion_structural_protein|27232..27588|118	0.157	118	95	0	1	114	1	118	1.072E-05	312
6_cl1_TRS1	NC_048181.1|YP_009821861.1_25|[Raoultella_phage_RP180]hypothetical_protein|19172..19666|164	0.167	150	124	0	6	155	10	159	1.413E-05	307
6_cl1_TRS1	NC_069156.1|YP_010582773.1_5|[Serratia_phage_vB_SmaM-Otaku]hypothetical_protein|complement(4881..5375)|164	0.162	159	116	0	1	139	1	159	1.493E-05	306
6_cl1_TRS1	NC_047786.1|YP_009787821.1_47|[Salmonella_phage_vB_SenS_Sasha]virion_structural_protein|27788..28291|167	0.156	151	122	0	4	154	15	160	1.493E-05	306
6_cl1_TRS1	NC_069155.1|YP_010582758.1_50|[Serratia_phage_Tsm2]hypothetical_protein|30094..30588|164	0.149	160	131	0	1	155	1	160	1.968E-05	301
6_cl1_TRS1	NC_025443.1|YP_009101221.1_51|[Salmonella_phage_9NA]virion_structural_protein|28178..28681|167	0.155	150	124	0	6	155	17	164	2.080E-05	300
6_cl1_TRS1	NC_073320.1|YP_010749347.1_61|[Escherichia_phage_26]hypothetical_protein|32941..33414|157	0.159	152	127	0	4	155	1	152	2.455E-05	297
6_cl1_TRS1	NC_042062.1|YP_009617880.1_51|[Salmonella_phage_SP069]hypothetical_protein|29434..29937|167	0.164	151	124	0	6	154	17	167	2.455E-05	297
6_cl1_TRS1	NC_021563.1|YP_008130357.1_64|[Serratia_phage_Eta]hypothetical_protein|36442..36936|164	0.142	159	132	0	1	155	1	159	2.594E-05	296
6_cl1_TRS1	NC_029033.1|YP_009220355.1_54|[Achromobacter_phage_phiAxp-1]virion_structural_protein|33078..34382|434	0.181	125	96	0	1	118	1	125	2.898E-05	294
6_cl1_TRS1	NC_016165.1|YP_004934695.1_52|[Rhodobacter_phage_RcapMu]virion_structural_protein|31713..32135|140	0.204	132	86	0	5	113	9	140	3.062E-05	293
6_cl1_TRS1	NC_073322.1|YP_010749475.1_46|[Escherichia_phage_vB_EcoS-Ro145c2YLVW]hypothetical_protein|23553..24026|157	0.152	152	128	0	4	155	1	152	4.266E-05	287
6_cl1_TRS1	NC_041925.1|YP_009600624.1_42|[Proteus_phage_VB_PmiS-Isfahan]hypothetical_protein|25971..26468|165	0.145	151	127	0	6	154	15	165	4.508E-05	286
6_cl1_TRS1	NC_028768.1|YP_009196207.1_22|[Achromobacter_phage_JWX]virion_structural_protein|16122..17195|357	0.175	117	92	0	6	118	10	126	5.035E-05	284
6_cl1_TRS1	NC_070823.1|YP_010655298.1_72|[Pseudoalteromonas_phage_vB_PspS-H40/1]hypothetical_protein|44459..44860|133	0.136	122	101	0	1	118	1	122	5.623E-05	282
6_cl1_TRS1	NC_070970.1|YP_010671701.1_28|[Pseudomonas_phage_Iggy]hypothetical_protein|20297..21124|275	0.128	150	128	0	4	153	128	275	6.280E-05	280
6_cl1_TRS1	NC_070971.1|YP_010671790.1_27|[Pseudomonas_virus_PBPA162]hypothetical_protein|complement(21915..22742)|275	0.134	150	127	0	4	153	128	275	6.637E-05	279
6_cl1_TRS1	NC_028834.1|YP_009201754.1_20|[Achromobacter_phage_83-24]hypothetical_protein|15509..16585|358	0.225	118	87	0	6	118	10	127	6.637E-05	279
6_cl1_TRS1	NC_007024.1|YP_239288.1_20|[Xanthomonas_phage_Xp15]virion_structural_protein|16353..16724|123	0.134	123	100	0	1	117	1	123	7.413E-05	277
6_cl1_TRS1	NC_016763.1|YP_005098153.1_57|[Salmonella_phage_SE2]hypothetical_protein|37051..37494|147	0.190	140	111	0	16	155	2	139	7.413E-05	277
6_cl1_TRS1	NC_073170.1|YP_010745802.1_38|[Salmonella_phage_SE-W109]hypothetical_protein|complement(24001..24444)|147	0.190	140	111	0	16	155	2	139	7.413E-05	277
6_cl1_TRS1	NC_073319.1|YP_010749258.1_53|[Escherichia_phage_SZH-1]hypothetical_protein|complement(25719..26192)|157	0.165	152	126	0	4	155	1	152	8.279E-05	275
6_cl1_TRS1	NC_024204.1|YP_009035165.1_28|[Salmonella_phage_vB_SenS-Ent3]hypothetical_protein|19099..19542|147	0.190	140	111	0	16	155	2	139	9.246E-05	273
6_cl1_TRS1	NC_023608.1|YP_009009952.1_28|[Salmonella_phage_vB_SenS-Ent2]hypothetical_protein|19095..19538|147	0.190	140	111	0	16	155	2	139	9.246E-05	273
6_cl1_TRS1	NC_021317.1|YP_008058254.1_8|[Salmonella_phage_L13]hypothetical_protein|complement(7496..7939)|147	0.190	140	111	0	16	155	2	139	9.246E-05	273
6_cl1_TRS1	NC_031021.1|YP_009280168.1_40|[Salmonella_phage_MA12]hypothetical_protein|complement(28634..29077)|147	0.190	140	111	0	16	155	2	139	9.246E-05	273
6_cl1_TRS1	NC_073315.1|YP_010748930.1_28|[Escherichia_phage_vB_EcoS_fFiEco03]hypothetical_protein|17935..19305|456	0.166	117	96	0	4	119	1	117	1.698E-04	262
6_cl1_TRS1	NC_009543.1|YP_001285688.1_16|[Xanthomonas_phage_Xop411]virion_structural_protein|12401..12757|118	0.106	118	102	0	1	115	1	118	1.794E-04	261
6_cl1_TRS1	NC_015465.1|YP_004421739.1_17|[Synechococcus_phage_S-CBS3]minor_tail_protein|17265..17633|122	0.150	117	96	0	4	117	5	121	2.238E-04	257
6_cl1_TRS1	NC_073205.1|YP_010747958.1_31|[Salmonella_phage_LP31]hypothetical_protein|20982..21425|147	0.187	138	98	0	16	137	2	139	2.365E-04	256
6_cl1_TRS1	NC_004902.1|NP_858966.1_19|[Xanthomonas_phage_Xp10]virion_structural_protein|13362..13718|118	0.114	118	101	0	1	115	1	118	2.642E-04	254
6_cl1_TRS1	NC_073206.1|YP_010748033.1_49|[Salmonella_phage_CTH7]hypothetical_protein|complement(32715..33158)|147	0.187	138	98	0	16	137	2	139	2.642E-04	254
6_cl1_TRS1	NC_020846.1|YP_007674000.1_38|[Vibrio_phage_pYD21-A]virion_structural_protein|24843..25325|160	0.107	150	129	0	5	150	9	158	2.642E-04	254
6_cl1_TRS1	NC_073210.1|YP_010748238.1_23|[Salmonella_phage_fmb-p1]hypothetical_protein|complement(23471..23914)|147	0.190	141	100	0	16	139	2	142	2.950E-04	252
6_cl1_TRS1	NC_007709.1|YP_453576.1_18|[Xanthomonas_phage_OP1]virion_structural_protein|13552..13905|117	0.108	117	101	0	1	114	1	117	3.118E-04	251
6_cl1_TRS1	NC_024217.1|YP_009037310.1_120|[Nitrincola_phage_1M3-16]hypothetical_protein|complement(64505..64858)|117	0.166	116	93	0	1	113	2	117	3.118E-04	251
6_cl1_TRS1	NC_070822.1|YP_010655179.1_15|[Pseudoalteromonas_phage_TW1]hypothetical_protein|8086..8556|156	0.109	140	119	0	5	139	11	150	3.295E-04	250
6_cl1_TRS1	NC_070772.1|YP_010649711.1_24|[Vibrio_phage_Seahorse]hypothetical_protein|20900..21397|165	0.160	147	113	0	4	138	18	164	4.591E-04	244
6_cl1_TRS1	NC_070823.1|YP_010655299.1_73|[Pseudoalteromonas_phage_vB_PspS-H40/1]hypothetical_protein|44860..45306|148	0.124	149	114	0	4	152	18	148	5.418E-04	241
6_cl1_TRS1	NC_070843.1|YP_010657042.1_18|[Bacillus_phage_PBC4]hypothetical_protein|17789..18154|121	0.172	110	88	0	4	113	15	121	5.726E-04	240
6_cl1_TRS1	NC_026017.1|YP_009113175.1_28|[Salmonella_phage_LSPA1]hypothetical_protein|19764..20207|147	0.167	141	102	0	16	139	2	142	7.548E-04	235
6_cl1_TRS1	NC_023734.1|YP_009017604.1_39|[Psychrobacter_phage_Psymv2]tail_protein|25702..26064|120	0.120	115	97	0	1	115	10	120	7.977E-04	234
6_cl1_TRS1	NC_071011.1|YP_010676308.1_51|[Klebsiella_phage_vB_KpnS-Carvaje]virion_structural_protein|27754..28257|167	0.155	151	126	0	6	155	17	167	7.977E-04	234
6_cl1_TRS1	NC_016766.1|YP_005098334.1_35|[Synechococcus_phage_S-CBS4]minor_tail_protein|25163..25516|117	0.106	117	104	0	1	117	1	117	8.909E-04	232
6_cl1_TRS1	NC_030909.1|YP_009273704.1_22|[Pseudomonas_phage_YMC11/07/P54_PAE_BP]virion_structural_protein|complement(17708..18106)|132	0.193	127	94	0	22	139	2	128	8.909E-04	232
1_cl100_NTEC3_cr1-159	NC_093713.1|YP_011217263.1_8|[Escherichia_phage_P_AB-2017]hypothetical_protein|complement(8713..9213)|166	0.981	159	3	0	1	159	1	159	1.281E-21	981
1_cl100_NTEC3_cr1-159	NC_093712.1|YP_011217191.1_3|[Escherichia_phage_L_AB-2017]hypothetical_protein|complement(1052..1552)|166	0.993	159	1	0	1	159	1	159	1.353E-21	980
1_cl100_NTEC3_cr1-159	NC_073316.1|YP_010749009.1_30|[Escherichia_phage_vB_EcoS_fFiEco02]hypothetical_protein|19687..20187|166	0.962	159	6	0	1	159	1	159	1.781E-21	975
1_cl100_NTEC3_cr1-159	NC_027994.1|YP_009168856.1_24|[Escherichia_phage_K1H]hypothetical_protein|16248..16748|166	0.981	159	3	0	1	159	1	159	1.987E-21	973
1_cl100_NTEC3_cr1-159	NC_027993.1|YP_009168807.1_27|[Escherichia_phage_K1G]hypothetical_protein|17937..18437|166	0.981	159	3	0	1	159	1	159	1.987E-21	973
1_cl100_NTEC3_cr1-159	NC_073317.1|YP_010749084.1_28|[Escherichia_phage_vB_EcoS_fPoEco01]hypothetical_protein|18289..18789|166	0.974	159	4	0	1	159	1	159	4.060E-21	960
1_cl100_NTEC3_cr1-159	NC_073314.1|YP_010748874.1_48|[Escherichia_virus_fEg-Eco19]hypothetical_protein|24956..25456|166	0.974	159	4	0	1	159	1	159	4.289E-21	959
1_cl100_NTEC3_cr1-159	NC_073321.1|YP_010749394.1_37|[Escherichia_phage_ZCEC5]hypothetical_protein|20117..20617|166	0.962	159	6	0	1	159	1	159	8.762E-21	946
1_cl100_NTEC3_cr1-159	NC_042084.1|YP_009620106.1_26|[Escherichia_phage_VB_EcoS-Golestan]hypothetical_protein|17370..18788|472	0.930	159	11	0	1	159	1	159	2.489E-20	927
1_cl100_NTEC3_cr1-159	NC_041898.1|YP_009597357.1_26|[Escherichia_phage_K1ind2]hypothetical_protein|16992..18392|466	0.952	147	7	0	1	147	1	147	2.935E-20	924
1_cl100_NTEC3_cr1-159	NC_041897.1|YP_009597306.1_26|[Escherichia_phage_K1ind1]hypothetical_protein|16991..18391|466	0.971	141	4	0	1	141	1	141	5.675E-20	912
1_cl100_NTEC3_cr1-159	NC_073323.1|YP_010749527.1_27|[Escherichia_phage_vB_EcoS-phiEc3]minor_tail_protein|17198..18616|472	0.966	148	5	0	1	148	1	148	7.891E-20	906
1_cl100_NTEC3_cr1-159	NC_073325.1|YP_010749670.1_4|[Escherichia_phage_vB_EcoS_XY1]minor_tail_protein|complement(3811..5211)|466	0.965	145	5	0	1	145	1	145	8.808E-20	904
1_cl100_NTEC3_cr1-159	NC_073324.1|YP_010749624.1_44|[Escherichia_phage_vB_EcoS-22664BS2]hypothetical_protein|22068..23465|465	0.978	142	3	0	1	142	1	142	1.799E-19	891
1_cl100_NTEC3_cr1-159	NC_073318.1|YP_010749194.1_61|[Escherichia_phage_NTEC3]hypothetical_protein|complement(34314..35714)|466	1.000	158	0	0	1	158	1	158	6.027E-19	869
1_cl100_NTEC3_cr1-159	NC_073199.1|YP_010747561.1_29|[Salmonella_phage_S102]hypothetical_protein|19783..20283|166	0.792	159	33	0	1	159	1	159	8.854E-19	862
1_cl100_NTEC3_cr1-159	NC_073198.1|YP_010747531.1_59|[Salmonella_phage_vB_SenS_ER21]hypothetical_protein|complement(40052..40552)|166	0.792	159	33	0	1	159	1	159	8.854E-19	862
1_cl100_NTEC3_cr1-159	NC_073197.1|YP_010747470.1_58|[Salmonella_phage_vB_SenS_ER23]hypothetical_protein|40103..40603|166	0.792	159	33	0	1	159	1	159	8.854E-19	862
1_cl100_NTEC3_cr1-159	NC_073202.1|YP_010747772.1_47|[Salmonella_phage_celemicas]hypothetical_protein|25526..26026|166	0.786	159	34	0	1	159	1	159	9.354E-19	861
1_cl100_NTEC3_cr1-159	NC_073209.1|YP_010748162.1_6|[Salmonella_phage_GRNsp50]hypothetical_protein|complement(5544..6044)|166	0.786	159	34	0	1	159	1	159	9.354E-19	861
1_cl100_NTEC3_cr1-159	NC_073173.1|YP_010745993.1_42|[Salmonella_phage_blauehaus]hypothetical_protein|23963..24463|166	0.786	159	34	0	1	159	1	159	9.354E-19	861
1_cl100_NTEC3_cr1-159	NC_073178.1|YP_010746288.1_31|[Salmonella_phage_vB_SenS_TUMS_E19]hypothetical_protein|20086..20586|166	0.786	159	34	0	1	159	1	159	9.354E-19	861
1_cl100_NTEC3_cr1-159	NC_073200.1|YP_010747627.1_31|[Salmonella_phage_S100]hypothetical_protein|20810..21310|166	0.786	159	34	0	1	159	1	159	9.354E-19	861
1_cl100_NTEC3_cr1-159	NC_073203.1|YP_010747823.1_31|[Salmonella_phage_MET_P1_001_43]hypothetical_protein|19249..19749|166	0.786	159	34	0	1	159	1	159	9.354E-19	861
1_cl100_NTEC3_cr1-159	NC_073201.1|YP_010747703.1_41|[Salmonella_phage_dunkel]hypothetical_protein|25780..26280|166	0.786	159	34	0	1	159	1	159	9.354E-19	861
1_cl100_NTEC3_cr1-159	NC_073186.1|YP_010746744.1_32|[Salmonella_phage_vB_SenS_PVP-SE2]hypothetical_protein|complement(23538..24038)|166	0.786	159	34	0	1	159	1	159	9.354E-19	861
1_cl100_NTEC3_cr1-159	NC_073219.1|YP_010748806.1_39|[Salmonella_phage_sidste]hypothetical_protein|23863..24363|166	0.779	159	35	0	1	159	1	159	1.044E-18	859
1_cl100_NTEC3_cr1-159	NC_073218.1|YP_010748749.1_38|[Salmonella_phage_demigod]hypothetical_protein|24667..25167|166	0.779	159	35	0	1	159	1	159	1.044E-18	859
1_cl100_NTEC3_cr1-159	NC_073184.1|YP_010746642.1_32|[Salmonella_phage_F12013]tail_protein|complement(23758..24258)|166	0.792	159	33	0	1	159	1	159	1.165E-18	857
1_cl100_NTEC3_cr1-159	NC_073169.1|YP_010745715.1_18|[Salmonella_phage_SS5]hypothetical_protein|complement(15759..16259)|166	0.786	159	34	0	1	159	1	159	1.231E-18	856
1_cl100_NTEC3_cr1-159	NC_073190.1|YP_010747004.1_50|[Salmonella_phage_vB_SenS_S528]hypothetical_protein|24404..24904|166	0.779	159	35	0	1	159	1	159	1.301E-18	855
1_cl100_NTEC3_cr1-159	NC_073207.1|YP_010748064.1_18|[Salmonella_phage_SHWT1]hypothetical_protein|complement(17411..17911)|166	0.779	159	35	0	1	159	1	159	1.301E-18	855
1_cl100_NTEC3_cr1-159	NC_073189.1|YP_010746947.1_55|[Salmonella_phage_JD01]hypothetical_protein|complement(38045..38545)|166	0.779	159	35	0	1	159	1	159	1.301E-18	855
1_cl100_NTEC3_cr1-159	NC_073193.1|YP_010747216.1_59|[Salmonella_phage_vB_SalS-S10]hypothetical_protein|39171..39671|166	0.779	159	35	0	1	159	1	159	1.301E-18	855
1_cl100_NTEC3_cr1-159	NC_073192.1|YP_010747095.1_6|[Salmonella_phage_F118P13]hypothetical_protein|complement(5673..6173)|166	0.779	159	35	0	1	159	1	159	1.301E-18	855
1_cl100_NTEC3_cr1-159	NC_073188.1|YP_010746874.1_48|[Salmonella_phage_vB_SenS_S532]hypothetical_protein|24316..24816|166	0.779	159	35	0	1	159	1	159	1.301E-18	855
1_cl100_NTEC3_cr1-159	NC_073213.1|YP_010748406.1_26|[Salmonella_phage_vB_SenS_SB3]hypothetical_protein|17765..18265|166	0.786	159	34	0	1	159	1	159	1.534E-18	852
1_cl100_NTEC3_cr1-159	NC_073196.1|YP_010747352.1_5|[Salmonella_phage_NBSal006]hypothetical_protein|complement(3960..4460)|166	0.786	159	34	0	1	159	1	159	1.534E-18	852
1_cl100_NTEC3_cr1-159	NC_073208.1|YP_010748125.1_26|[Salmonella_phage_SLMP1]hypothetical_protein|complement(20699..21199)|166	0.779	159	35	0	1	159	1	159	2.966E-18	840
1_cl100_NTEC3_cr1-159	NC_073176.1|YP_010746159.1_28|[Salmonella_virus_VSe101]hypothetical_protein|19414..19914|166	0.779	159	35	0	1	159	1	159	2.966E-18	840
1_cl100_NTEC3_cr1-159	NC_073211.1|YP_010748298.1_37|[Salmonella_phage_T102]hypothetical_protein|22571..23071|166	0.779	159	35	0	1	159	1	159	2.966E-18	840
1_cl100_NTEC3_cr1-159	NC_073191.1|YP_010747048.1_26|[Salmonella_phage_vB_SenS-EnJE6]hypothetical_protein|complement(19818..20318)|166	0.786	159	34	0	1	159	1	159	3.695E-18	836
1_cl100_NTEC3_cr1-159	NC_073194.1|YP_010747222.1_3|[Salmonella_phage_vB_SalP_LDW16]hypothetical_protein|complement(1350..1850)|166	0.779	159	35	0	1	159	1	159	3.903E-18	835
1_cl100_NTEC3_cr1-159	NC_073215.1|YP_010748512.1_4|[Salmonella_phage_SGPC]tail_protein|complement(1472..1972)|166	0.779	159	35	0	1	159	1	159	4.603E-18	832
1_cl100_NTEC3_cr1-159	NC_041992.1|YP_009608663.1_42|[Salmonella_phage_wksl3]hypothetical_protein|complement(27064..27564)|166	0.773	159	36	0	1	159	1	159	4.603E-18	832
1_cl100_NTEC3_cr1-159	NC_073183.1|YP_010746577.1_24|[Salmonella_phage_NBSal007]hypothetical_protein|complement(21183..21683)|166	0.779	159	35	0	1	159	1	159	4.863E-18	831
1_cl100_NTEC3_cr1-159	NC_006940.2|YP_308655.1_54|[Salmonella_phage_SS3e]hypothetical_protein|complement(36137..36637)|166	0.786	159	34	0	1	159	1	159	4.863E-18	831
1_cl100_NTEC3_cr1-159	NC_073212.1|YP_010748343.1_28|[Salmonella_phage_ZCSE9]hypothetical_protein|19068..19568|166	0.786	159	34	0	1	159	1	159	4.863E-18	831
1_cl100_NTEC3_cr1-159	NC_073182.1|YP_010746525.1_29|[Salmonella_virus_VSe103]hypothetical_protein|19773..20273|166	0.786	159	34	0	1	159	1	159	5.138E-18	830
1_cl100_NTEC3_cr1-159	NC_073181.1|YP_010746468.1_30|[Salmonella_phage_5sent1]minor_tail_protein|19967..20467|166	0.786	159	34	0	1	159	1	159	5.138E-18	830
1_cl100_NTEC3_cr1-159	NC_073179.1|YP_010746349.1_30|[Salmonella_phage_vB_SenS_TUMS_E4]hypothetical_protein|20065..20565|166	0.786	159	34	0	1	159	1	159	5.138E-18	830
1_cl100_NTEC3_cr1-159	NC_019539.1|YP_007010481.1_28|[Salmonella_phage_vB_SenS-Ent1]hypothetical_protein|18977..19477|166	0.786	159	34	0	1	159	1	159	5.138E-18	830
1_cl100_NTEC3_cr1-159	NC_073185.1|YP_010746711.1_42|[Salmonella_phage_PBSE191]hypothetical_protein|39461..39961|166	0.786	159	34	0	1	159	1	159	5.138E-18	830
1_cl100_NTEC3_cr1-159	NC_073214.1|YP_010748481.1_38|[Salmonella_phage_vB_SenS_ER1]hypothetical_protein|21670..22170|166	0.773	159	36	0	1	159	1	159	5.734E-18	828
1_cl100_NTEC3_cr1-159	NC_073217.1|YP_010748688.1_48|[Salmonella_phage_pink]hypothetical_protein|25082..25582|166	0.773	159	36	0	1	159	1	159	5.734E-18	828
1_cl100_NTEC3_cr1-159	NC_041991.1|YP_009608582.1_27|[Salmonella_phage_vB_SenS_AG11]hypothetical_protein|17728..18228|166	0.773	159	36	0	1	159	1	159	6.058E-18	827
1_cl100_NTEC3_cr1-159	NC_069150.1|YP_010582406.1_33|[Salmonella_phage_vB_STM-ZS]hypothetical_protein|complement(22605..23105)|166	0.811	159	30	0	1	159	1	159	6.401E-18	826
1_cl100_NTEC3_cr1-159	NC_069146.1|YP_010582164.1_57|[Salmonella_phage_St162]hypothetical_protein|36455..36955|166	0.811	159	30	0	1	159	1	159	6.401E-18	826
1_cl100_NTEC3_cr1-159	NC_069148.1|YP_010582260.1_27|[Salmonella_phage_TS6]hypothetical_protein|complement(19322..19822)|166	0.811	159	30	0	1	159	1	159	6.401E-18	826
1_cl100_NTEC3_cr1-159	NC_069149.1|YP_010582359.1_61|[Salmonella_phage_vB_SenTO17]hypothetical_protein|complement(31844..32344)|166	0.811	159	30	0	1	159	1	159	6.401E-18	826
1_cl100_NTEC3_cr1-159	NC_069151.1|YP_010582466.1_34|[Salmonella_phage_vB_SenS_SE1]hypothetical_protein|complement(21758..22258)|166	0.811	159	30	0	1	159	1	159	6.401E-18	826
1_cl100_NTEC3_cr1-159	NC_073174.1|YP_010746054.1_42|[Salmonella_phage_wast]hypothetical_protein|23773..24273|166	0.779	159	35	0	1	159	1	159	7.548E-18	823
1_cl100_NTEC3_cr1-159	NC_009232.2|YP_001110816.2_27|[Salmonella_phage_SETP3]hypothetical_protein|18460..18960|166	0.767	159	37	0	1	159	1	159	7.548E-18	823
1_cl100_NTEC3_cr1-159	NC_073187.1|YP_010746797.1_25|[Salmonella_phage_vB_SenS-EnJE1]hypothetical_protein|complement(22305..22805)|166	0.779	159	35	0	1	159	1	159	7.548E-18	823
1_cl100_NTEC3_cr1-159	NC_022752.1|YP_008767027.1_28|[Salmonella_phage_SETP13]hypothetical_protein|18112..18612|166	0.779	159	35	0	1	159	1	159	7.548E-18	823
1_cl100_NTEC3_cr1-159	NC_073216.1|YP_010748575.1_5|[Salmonella_phage_STP03]hypothetical_protein|complement(5491..5991)|166	0.773	159	36	0	1	159	1	159	7.974E-18	822
1_cl100_NTEC3_cr1-159	NC_073172.1|YP_010745932.1_46|[Salmonella_phage_skrot]hypothetical_protein|24902..25402|166	0.773	159	36	0	1	159	1	159	7.974E-18	822
1_cl100_NTEC3_cr1-159	NC_022754.1|YP_008767198.1_27|[Salmonella_phage_SETP7]hypothetical_protein|17572..18072|166	0.773	159	36	0	1	159	1	159	1.050E-17	817
1_cl100_NTEC3_cr1-159	NC_069153.1|YP_010582605.1_27|[Salmonella_virus_VSiP]hypothetical_protein|18017..18517|166	0.779	159	35	0	1	159	1	159	1.109E-17	816
1_cl100_NTEC3_cr1-159	NC_073175.1|YP_010746101.1_29|[Salmonella_virus_VSt10]hypothetical_protein|19072..19572|166	0.779	159	35	0	1	159	1	159	1.109E-17	816
1_cl100_NTEC3_cr1-159	NC_073195.1|YP_010747307.1_28|[Salmonella_phage_Shelanagig]hypothetical_protein|18443..18943|166	0.773	159	36	0	1	159	1	159	1.238E-17	814
1_cl100_NTEC3_cr1-159	NC_021775.1|YP_008239652.1_55|[Salmonella_phage_FSL_SP-031]hypothetical_protein|36428..36928|166	0.792	159	33	0	1	159	1	159	1.542E-17	810
1_cl100_NTEC3_cr1-159	NC_021777.1|YP_008239738.1_29|[Salmonella_phage_Jersey]hypothetical_protein|20172..20672|166	0.779	159	35	0	1	159	1	159	1.818E-17	807
1_cl100_NTEC3_cr1-159	NC_069147.1|YP_010582233.1_64|[Salmonella_phage_GRNsp27]hypothetical_protein|40507..41007|166	0.792	159	33	0	1	159	1	159	2.671E-17	800
1_cl100_NTEC3_cr1-159	NC_069152.1|YP_010582522.1_27|[Salmonella_phage_Shemara]hypothetical_protein|18129..18629|166	0.779	159	35	0	1	159	1	159	4.145E-17	792
1_cl100_NTEC3_cr1-159	NC_028698.1|YP_009191569.1_16|[Salmonella_phage_f18SE]hypothetical_protein|complement(15923..16423)|166	0.779	159	35	0	1	159	1	159	6.090E-17	785
1_cl100_NTEC3_cr1-159	NC_028695.2|YP_009191448.1_40|[Enterobacter_phage_phiEap-2]hypothetical_protein|21610..22104|164	0.603	159	62	0	1	159	1	157	1.739E-15	724
1_cl100_NTEC3_cr1-159	NC_048181.1|YP_009821861.1_25|[Raoultella_phage_RP180]hypothetical_protein|19172..19666|164	0.662	159	53	0	1	159	1	157	1.009E-14	692
1_cl100_NTEC3_cr1-159	NC_073205.1|YP_010747958.1_31|[Salmonella_phage_LP31]hypothetical_protein|20982..21425|147	0.784	139	30	0	21	159	2	140	3.986E-14	667
1_cl100_NTEC3_cr1-159	NC_073322.1|YP_010749475.1_46|[Escherichia_phage_vB_EcoS-Ro145c2YLVW]hypothetical_protein|23553..24026|157	0.660	150	50	0	10	159	3	150	3.986E-14	667
1_cl100_NTEC3_cr1-159	NC_073206.1|YP_010748033.1_49|[Salmonella_phage_CTH7]hypothetical_protein|complement(32715..33158)|147	0.784	139	30	0	21	159	2	140	4.449E-14	665
1_cl100_NTEC3_cr1-159	NC_024204.1|YP_009035165.1_28|[Salmonella_phage_vB_SenS-Ent3]hypothetical_protein|19099..19542|147	0.791	139	29	0	21	159	2	140	4.700E-14	664
1_cl100_NTEC3_cr1-159	NC_023608.1|YP_009009952.1_28|[Salmonella_phage_vB_SenS-Ent2]hypothetical_protein|19095..19538|147	0.791	139	29	0	21	159	2	140	4.700E-14	664
1_cl100_NTEC3_cr1-159	NC_021317.1|YP_008058254.1_8|[Salmonella_phage_L13]hypothetical_protein|complement(7496..7939)|147	0.791	139	29	0	21	159	2	140	4.700E-14	664
1_cl100_NTEC3_cr1-159	NC_031021.1|YP_009280168.1_40|[Salmonella_phage_MA12]hypothetical_protein|complement(28634..29077)|147	0.791	139	29	0	21	159	2	140	4.700E-14	664
1_cl100_NTEC3_cr1-159	NC_016763.1|YP_005098153.1_57|[Salmonella_phage_SE2]hypothetical_protein|37051..37494|147	0.784	139	30	0	21	159	2	140	5.246E-14	662
1_cl100_NTEC3_cr1-159	NC_073170.1|YP_010745802.1_38|[Salmonella_phage_SE-W109]hypothetical_protein|complement(24001..24444)|147	0.784	139	30	0	21	159	2	140	5.246E-14	662
1_cl100_NTEC3_cr1-159	NC_073320.1|YP_010749347.1_61|[Escherichia_phage_26]hypothetical_protein|32941..33414|157	0.653	150	51	0	10	159	3	150	1.072E-13	649
1_cl100_NTEC3_cr1-159	NC_073210.1|YP_010748238.1_23|[Salmonella_phage_fmb-p1]hypothetical_protein|complement(23471..23914)|147	0.784	139	30	0	21	159	2	140	1.132E-13	648
1_cl100_NTEC3_cr1-159	NC_073204.1|YP_010747918.1_50|[Salmonella_phage_LPSE1]hypothetical_protein|33185..33628|147	0.769	139	32	0	21	159	2	140	1.410E-13	644
1_cl100_NTEC3_cr1-159	NC_031925.1|YP_009322856.1_49|[Salmonella_phage_BPS11Q3]hypothetical_protein|complement(33054..33497)|147	0.769	139	32	0	21	159	2	140	1.410E-13	644
1_cl100_NTEC3_cr1-159	NC_069155.1|YP_010582758.1_50|[Serratia_phage_Tsm2]hypothetical_protein|30094..30588|164	0.591	159	64	0	1	159	1	157	1.410E-13	644
1_cl100_NTEC3_cr1-159	NC_026017.1|YP_009113175.1_28|[Salmonella_phage_LSPA1]hypothetical_protein|19764..20207|147	0.776	139	31	0	21	159	2	140	1.663E-13	641
1_cl100_NTEC3_cr1-159	NC_069154.1|YP_010582691.1_40|[Klebsiella_phage_VLCpiS11a]virion_structural_protein|complement(25256..25750)|164	0.559	159	69	0	1	159	1	157	1.663E-13	641
1_cl100_NTEC3_cr1-159	NC_042065.1|YP_009617944.1_25|[Salmonella_phage_FSL_SP-101]hypothetical_protein|17112..17555|147	0.769	139	32	0	21	159	2	140	2.189E-13	636
1_cl100_NTEC3_cr1-159	NC_073319.1|YP_010749258.1_53|[Escherichia_phage_SZH-1]hypothetical_protein|complement(25719..26192)|157	0.673	150	48	0	10	159	3	150	2.581E-13	633
1_cl100_NTEC3_cr1-159	NC_069156.1|YP_010582773.1_5|[Serratia_phage_vB_SmaM-Otaku]hypothetical_protein|complement(4881..5375)|164	0.597	159	63	0	1	159	1	157	3.216E-13	629
1_cl100_NTEC3_cr1-159	NC_021563.1|YP_008130357.1_64|[Serratia_phage_Eta]hypothetical_protein|36442..36936|164	0.578	159	66	0	1	159	1	157	3.590E-13	627
1_cl100_NTEC3_cr1-159	NC_025466.1|YP_009103926.1_40|[Shewanella_sp._phage_3/49]hypothetical_protein|23325..23825|166	0.509	157	76	0	1	157	1	155	4.725E-13	622
1_cl100_NTEC3_cr1-159	NC_073315.1|YP_010748930.1_28|[Escherichia_phage_vB_EcoS_fFiEco03]hypothetical_protein|17935..19305|456	0.631	133	48	0	9	141	2	132	3.812E-12	584
1_cl100_NTEC3_cr1-159	NC_071146.1|YP_010685295.1_37|[Klebsiella_phage_vB_KpnS_MK54]minor_tail_protein|19423..19893|156	0.171	158	128	0	2	159	1	156	8.401E-08	402
1_cl100_NTEC3_cr1-159	NC_054651.1|YP_010054281.1_6|[Escherichia_phage_C1]hypothetical_protein|complement(6554..7027)|157	0.192	150	116	0	1	145	1	150	1.168E-07	396
1_cl100_NTEC3_cr1-159	NC_028834.1|YP_009201754.1_20|[Achromobacter_phage_83-24]hypothetical_protein|15509..16585|358	0.201	123	95	0	1	120	129	251	1.624E-07	390
1_cl100_NTEC3_cr1-159	NC_071152.1|YP_010685763.1_30|[Klebsiella_phage_VLCpiS13a]virion_structural_protein|17455..17925|156	0.159	158	130	0	2	159	1	156	2.024E-07	386
1_cl100_NTEC3_cr1-159	NC_054642.1|YP_010053565.1_32|[Salmonella_phage_Seszw_1]hypothetical_protein|17534..18007|157	0.202	157	120	0	1	152	1	157	2.386E-07	383
1_cl100_NTEC3_cr1-159	NC_054647.1|YP_010053951.1_16|[Salmonella_phage_Akira]hypothetical_protein|complement(13949..14422)|157	0.196	157	121	0	1	152	1	157	2.386E-07	383
1_cl100_NTEC3_cr1-159	NC_054638.1|YP_010053258.1_48|[Salmonella_phage_vB_SenS_SB28]hypothetical_protein|24344..24814|156	0.181	158	127	0	2	159	1	156	2.814E-07	380
1_cl100_NTEC3_cr1-159	NC_071145.1|YP_010685197.1_17|[Klebsiella_phage_VLCpiS13e]virion_structural_protein|10270..10743|157	0.180	159	128	0	1	159	1	157	2.973E-07	379
1_cl100_NTEC3_cr1-159	NC_054640.1|YP_010053420.1_47|[Salmonella_phage_Segz_1]hypothetical_protein|23514..23987|157	0.194	159	126	0	1	159	1	157	3.141E-07	378
1_cl100_NTEC3_cr1-159	NC_019927.1|YP_007237618.1_44|[Cronobacter_phage_ENT47670]hypothetical_protein|46209..46706|165	0.206	126	94	0	1	120	1	126	3.704E-07	375
1_cl100_NTEC3_cr1-159	NC_071155.1|YP_010686024.1_52|[Klebsiella_phage_VLCpiS13b]virion_structural_protein|26421..26891|156	0.177	158	128	0	2	159	1	156	3.913E-07	374
1_cl100_NTEC3_cr1-159	NC_071153.1|YP_010685868.1_57|[Klebsiella_phage_BUCT610]hypothetical_protein|27338..27808|156	0.176	158	128	0	2	159	1	156	3.913E-07	374
1_cl100_NTEC3_cr1-159	NC_071157.1|YP_010686190.1_59|[Klebsiella_phage_VLCpiS13c]virion_structural_protein|complement(35238..35708)|156	0.171	158	128	0	2	159	1	156	4.134E-07	373
1_cl100_NTEC3_cr1-159	NC_073031.1|YP_010738739.1_12|[Janthinobacterium_phage_vB_JliS-Donnerlittchen]hypothetical_protein|6881..7357|158	0.170	128	105	0	4	131	2	128	4.134E-07	373
1_cl100_NTEC3_cr1-159	NC_054637.1|YP_010053153.1_29|[Escherichia_phage_vB_EcoS_Sa179lw]hypothetical_protein|15910..16383|157	0.205	150	114	0	1	145	1	150	4.367E-07	372
1_cl100_NTEC3_cr1-159	NC_071144.1|YP_010685103.1_4|[Klebsiella_phage_VLCpiS13f]virion_structural_protein|complement(4718..5191)|157	0.177	159	128	0	1	159	1	157	4.367E-07	372
1_cl100_NTEC3_cr1-159	NC_028819.1|YP_009200200.1_14|[Pseudoalteromonas_phage_H103]virion_structural_protein|complement(10119..10595)|158	0.188	141	113	0	2	141	3	143	4.614E-07	371
1_cl100_NTEC3_cr1-159	NC_071149.1|YP_010685562.1_68|[Klebsiella_phage_vB_Kpn_ZCKp20p]baseplate_wedge_protein|32709..33179|156	0.176	158	128	0	2	159	1	156	4.875E-07	370
1_cl100_NTEC3_cr1-159	NC_054643.1|YP_010053681.1_76|[Salmonella_phage_SeSz-2]hypothetical_protein|39846..40316|156	0.197	156	120	0	2	152	1	156	4.875E-07	370
1_cl100_NTEC3_cr1-159	NC_071156.1|YP_010686107.1_56|[Klebsiella_phage_6991]hypothetical_protein|28567..29037|156	0.176	158	128	0	2	159	1	156	4.875E-07	370
1_cl100_NTEC3_cr1-159	NC_054641.1|YP_010053509.1_61|[Salmonella_virus_KFS-SE2]hypothetical_protein|complement(34627..35097)|156	0.184	156	122	0	2	152	1	156	4.875E-07	370
1_cl100_NTEC3_cr1-159	NC_071150.1|YP_010685647.1_69|[Klebsiella_phage_ZCKP8]minor_tail_protein|32402..32872|156	0.176	158	128	0	2	159	1	156	4.875E-07	370
1_cl100_NTEC3_cr1-159	NC_071151.1|YP_010685719.1_57|[Klebsiella_phage_vB_Kpn_ZC2]minor_tail_protein|32717..33187|156	0.176	158	128	0	2	159	1	156	4.875E-07	370
1_cl100_NTEC3_cr1-159	NC_042037.1|YP_009614658.1_62|[Aeromonas_phage_pIS4-A]hypothetical_protein|32456..32926|156	0.176	158	128	0	2	159	1	156	5.441E-07	368
1_cl100_NTEC3_cr1-159	NC_021534.1|YP_008126232.1_68|[Vibrio_phage_pYD38-A]hypothetical_protein|complement(39512..39982)|156	0.176	158	128	0	2	159	1	156	5.441E-07	368
1_cl100_NTEC3_cr1-159	NC_071143.1|YP_010685006.1_3|[Flyfo_siphovirus_Tbat1_6]hypothetical_protein|3131..3601|156	0.176	158	128	0	2	159	1	156	5.441E-07	368
1_cl100_NTEC3_cr1-159	NC_054648.1|YP_010054082.1_62|[Salmonella_phage_vB_Se_STGO-35-1]minor_tail_protein|29548..30021|157	0.205	150	114	0	1	145	1	150	5.441E-07	368
1_cl100_NTEC3_cr1-159	NC_031924.1|YP_009322780.1_67|[Salmonella_phage_IME207]hypothetical_protein|28806..29282|158	0.200	159	122	0	1	159	1	154	5.441E-07	368
1_cl100_NTEC3_cr1-159	NC_071003.1|YP_010675369.1_21|[Enterobacter_phage_vB_EclS_CobraSix]hypothetical_protein|14964..15461|165	0.209	123	93	0	1	119	1	123	5.748E-07	367
1_cl100_NTEC3_cr1-159	NC_054639.1|YP_010053346.1_63|[Salmonella_phage_Skate]hypothetical_protein|28397..28873|158	0.189	159	124	0	1	159	1	154	6.073E-07	366
1_cl100_NTEC3_cr1-159	NC_010495.1|YP_001742072.1_35|[Salmonella_phage_Vi_II-E1]hypothetical_protein|24365..24835|156	0.194	156	121	0	2	152	1	156	6.778E-07	364
1_cl100_NTEC3_cr1-159	NC_071142.1|YP_010684975.1_52|[Klebsiella_phage_VLCpiS13d]virion_structural_protein|25572..26042|156	0.176	158	128	0	2	159	1	156	7.161E-07	363
1_cl100_NTEC3_cr1-159	NC_048198.1|YP_009824047.1_17|[Erwinia_phage_vB_EhrS_59]hypothetical_protein|14104..14601|165	0.183	130	100	0	2	124	1	130	7.161E-07	363
1_cl100_NTEC3_cr1-159	NC_054653.1|YP_010054428.1_13|[Klebsiella_virus_KpV2811]hypothetical_protein|complement(13683..14153)|156	0.202	150	104	0	2	132	1	150	7.566E-07	362
1_cl100_NTEC3_cr1-159	NC_054636.1|YP_010053061.1_17|[Shigella_phage_Sf11_SMD-2017]hypothetical_protein|complement(13880..15253)|457	0.203	123	94	0	1	119	1	123	7.566E-07	362
1_cl100_NTEC3_cr1-159	NC_031918.1|YP_009322249.1_52|[Salmonella_phage_64795_sal3]hypothetical_protein|27290..27772|160	0.183	157	123	0	1	152	4	160	8.445E-07	360
1_cl100_NTEC3_cr1-159	NC_071154.1|YP_010685917.1_23|[Klebsiella_phage_BUCT541]hypothetical_protein|complement(17295..17765)|156	0.200	122	94	0	2	119	1	122	8.922E-07	359
1_cl100_NTEC3_cr1-159	NC_054652.1|YP_010054356.1_5|[Klebsiella_phage_YX3973]hypothetical_protein|6251..6721|156	0.200	122	94	0	2	119	1	122	8.922E-07	359
1_cl100_NTEC3_cr1-159	NC_054654.1|YP_010054542.1_49|[Klebsiella_phage_vB_KpnS_ZX4]hypothetical_protein|25749..26219|156	0.200	122	94	0	2	119	1	122	8.922E-07	359
1_cl100_NTEC3_cr1-159	NC_070846.1|YP_010657369.1_2|[Salmonella_phage_LPSTLL]hypothetical_protein|1594..2067|157	0.189	158	123	0	2	159	1	153	8.922E-07	359
1_cl100_NTEC3_cr1-159	NC_054645.1|YP_010053778.1_13|[Salmonella_phage_LPST10]hypothetical_protein|complement(11731..12204)|157	0.188	159	127	0	1	159	1	157	1.174E-06	354
1_cl100_NTEC3_cr1-159	NC_054646.1|YP_010053891.1_39|[Salmonella_phage_VB_StyS_BS5]hypothetical_protein|19802..20275|157	0.188	159	127	0	1	159	1	157	1.174E-06	354
1_cl100_NTEC3_cr1-159	NC_054644.1|YP_010053740.1_57|[Salmonella_virus_VSt472]hypothetical_protein|28620..29093|157	0.188	159	127	0	1	159	1	157	1.174E-06	354
1_cl100_NTEC3_cr1-159	NC_054650.1|YP_010054212.1_16|[Shigella_phage_DS8]hypothetical_protein|8852..9325|157	0.187	159	127	0	1	159	1	157	1.311E-06	352
1_cl100_NTEC3_cr1-159	NC_054649.1|YP_010054112.1_4|[Escherichia_phage_vB_EcoS_swi2]hypothetical_protein|complement(5668..6141)|157	0.164	159	130	0	1	159	1	157	1.385E-06	351
1_cl100_NTEC3_cr1-159	NC_025471.1|YP_009104265.1_28|[Idiomarinaceae_phage_Phi1M2-2]virion_structural_protein|16209..16694|161	0.206	157	123	0	4	159	2	158	1.633E-06	348
1_cl100_NTEC3_cr1-159	NC_009447.1|YP_001210237.1_17|[Burkholderia_phage_BcepGomr]virion_structural_protein|13816..14934|372	0.165	120	99	0	1	120	126	245	1.633E-06	348
1_cl100_NTEC3_cr1-159	NC_020839.1|YP_007673206.1_6|[Rhodobacter_phage_RC1]virion_structural_protein|complement(6559..6981)|140	0.142	139	100	0	1	117	1	139	1.725E-06	347
1_cl100_NTEC3_cr1-159	NC_020866.1|YP_007676430.1_51|[Rhodovulum_phage_RS1]virion_structural_protein|32787..33209|140	0.142	139	100	0	1	117	1	139	1.725E-06	347
1_cl100_NTEC3_cr1-159	NC_029066.1|YP_009222842.1_72|[Pseudomonas_phage_PS-1]virion_structural_protein|40548..41054|168	0.142	166	133	0	4	159	2	167	1.725E-06	347
1_cl100_NTEC3_cr1-159	NC_016165.1|YP_004934695.1_52|[Rhodobacter_phage_RcapMu]virion_structural_protein|31713..32135|140	0.188	138	93	0	1	116	1	138	2.399E-06	341
1_cl100_NTEC3_cr1-159	NC_002484.2|NP_061517.1_20|[Pseudomonas_phage_D3]virion_structural_protein|13793..14272|159	0.160	155	125	0	4	158	2	151	3.524E-06	334
1_cl100_NTEC3_cr1-159	NC_016765.1|YP_005098223.1_20|[Pseudomonas_phage_PMG1]virion_structural_protein|13837..14316|159	0.160	155	125	0	4	158	2	151	3.524E-06	334
1_cl100_NTEC3_cr1-159	NC_074663.1|YP_010773399.1_9|[Pseudomonas_phage_vB_Pae_LC3I3]hypothetical_protein|6635..7102|155	0.150	155	123	0	4	158	2	147	4.900E-06	328
1_cl100_NTEC3_cr1-159	NC_030929.1|YP_009275521.1_34|[Pseudomonas_phage_JBD44]virion_structural_protein|21460..21927|155	0.150	155	123	0	4	158	2	147	4.900E-06	328
1_cl100_NTEC3_cr1-159	NC_011373.1|YP_002284353.1_19|[Pseudomonas_phage_PAJU2]virion_structural_protein|14682..15146|154	0.171	127	99	0	4	124	2	128	5.778E-06	325
1_cl100_NTEC3_cr1-159	NC_074664.1|YP_010773482.1_14|[Pseudomonas_phage_BUCT566]hypothetical_protein|10993..11460|155	0.150	155	123	0	4	158	2	147	7.605E-06	320
1_cl100_NTEC3_cr1-159	NC_028768.1|YP_009196207.1_22|[Achromobacter_phage_JWX]virion_structural_protein|16122..17195|357	0.121	123	105	0	1	120	128	250	8.035E-06	319
1_cl100_NTEC3_cr1-159	NC_019541.1|YP_007010627.1_46|[Acinetobacter_phage_YMC/09/02/B1251]virion_structural_protein|33893..34291|132	0.161	134	109	0	1	134	1	131	8.968E-06	317
1_cl100_NTEC3_cr1-159	NC_016762.1|YP_005098084.1_57|[Pseudomonas_phage_phi297]virion_structural_protein|37368..37835|155	0.163	155	121	0	4	158	2	147	8.968E-06	317
1_cl100_NTEC3_cr1-159	NC_070971.1|YP_010671790.1_27|[Pseudomonas_virus_PBPA162]hypothetical_protein|complement(21915..22742)|275	0.185	133	106	0	1	131	122	254	1.247E-05	311
1_cl100_NTEC3_cr1-159	NC_042091.1|YP_009620694.1_25|[Pseudomonas_phage_nickie]hypothetical_protein|21208..21573|121	0.185	121	95	0	1	117	1	121	1.317E-05	310
1_cl100_NTEC3_cr1-159	NC_034248.1|YP_009352271.1_14|[Rhizobium_phage_RHEph10]minor_tail_protein|13132..13488|118	0.144	116	95	0	1	116	1	112	1.392E-05	309
1_cl100_NTEC3_cr1-159	NC_070822.1|YP_010655179.1_15|[Pseudoalteromonas_phage_TW1]hypothetical_protein|8086..8556|156	0.211	119	92	0	1	119	3	119	1.936E-05	303
1_cl100_NTEC3_cr1-159	NC_070970.1|YP_010671701.1_28|[Pseudomonas_phage_Iggy]hypothetical_protein|20297..21124|275	0.185	133	106	0	1	131	122	254	2.160E-05	301
1_cl100_NTEC3_cr1-159	NC_016766.1|YP_005098334.1_35|[Synechococcus_phage_S-CBS4]minor_tail_protein|25163..25516|117	0.146	120	97	0	1	120	1	115	2.282E-05	300
1_cl100_NTEC3_cr1-159	NC_031059.1|YP_009285933.1_48|[Rhodovulum_phage_vB_RhkS_P1]virion_structural_protein|27232..27588|118	0.165	118	96	0	2	119	3	118	2.411E-05	299
1_cl100_NTEC3_cr1-159	NC_020846.1|YP_007674000.1_38|[Vibrio_phage_pYD21-A]virion_structural_protein|24843..25325|160	0.153	125	100	0	1	119	1	125	3.004E-05	295
1_cl100_NTEC3_cr1-159	NC_070823.1|YP_010655298.1_72|[Pseudoalteromonas_phage_vB_PspS-H40/1]hypothetical_protein|44459..44860|133	0.160	119	99	0	1	119	1	119	3.542E-05	292
1_cl100_NTEC3_cr1-159	NC_049944.1|YP_009909330.1_65|[Stx2-converting_phage_Stx2a_WGPS8]minor_tail_protein|42010..42351|113	0.127	116	95	0	1	116	1	110	4.662E-05	287
1_cl100_NTEC3_cr1-159	NC_011356.1|YP_002274199.1_63|[Enterobacteria_phage_YYZ-2008]minor_tail_protein|41055..41396|113	0.127	116	95	0	1	116	1	110	4.662E-05	287
1_cl100_NTEC3_cr1-159	NC_049945.1|YP_009909408.1_65|[Stx2-converting_phage_Stx2a_WGPS6]minor_tail_protein|44910..45251|113	0.127	116	95	0	1	116	1	110	4.662E-05	287
1_cl100_NTEC3_cr1-159	NC_011357.1|YP_002274276.1_65|[Stx2-converting_phage_1717]minor_tail_protein|47498..47839|113	0.127	116	95	0	1	116	1	110	4.662E-05	287
1_cl100_NTEC3_cr1-159	NC_049943.1|YP_009909253.1_63|[Enterobacteria_phage_2851]minor_tail_protein|44185..44526|113	0.127	116	95	0	1	116	1	110	4.662E-05	287
1_cl100_NTEC3_cr1-159	NC_049941.1|YP_009909100.1_55|[Stx2-converting_phage_Stx2a_WGPS2]minor_tail_protein|40553..40894|113	0.127	116	95	0	1	116	1	110	5.498E-05	284
1_cl100_NTEC3_cr1-159	NC_004813.1|YP_001449305.1_68|[Enterobacteria_phage_BP-4795]minor_tail_protein|41004..41345|113	0.127	116	95	0	1	116	1	110	5.498E-05	284
1_cl100_NTEC3_cr1-159	NC_049942.1|YP_009909178.1_67|[Escherichia_phage_JLK-2012]minor_tail_protein|43932..44273|113	0.127	116	95	0	1	116	1	110	5.808E-05	283
1_cl100_NTEC3_cr1-159	NC_029033.1|YP_009220355.1_54|[Achromobacter_phage_phiAxp-1]virion_structural_protein|33078..34382|434	0.137	123	104	0	3	124	129	251	5.808E-05	283
1_cl100_NTEC3_cr1-159	NC_024217.1|YP_009037310.1_120|[Nitrincola_phage_1M3-16]hypothetical_protein|complement(64505..64858)|117	0.203	119	92	0	2	120	1	117	6.483E-05	281
1_cl100_NTEC3_cr1-159	NC_019933.2|YP_007238089.1_19|[Xanthomonas_phage_CP1]virion_structural_protein|14827..15189|120	0.106	118	103	0	4	119	2	119	6.483E-05	281
1_cl100_NTEC3_cr1-159	NC_023502.1|YP_009003193.1_36|[Rhizobium_phage_vB_RleS_L338C]minor_tail_protein|27949..28305|118	0.125	118	99	0	2	119	4	117	7.236E-05	279
1_cl100_NTEC3_cr1-159	NC_009543.1|YP_001285688.1_16|[Xanthomonas_phage_Xop411]virion_structural_protein|12401..12757|118	0.123	116	101	0	4	119	2	117	9.015E-05	275
1_cl100_NTEC3_cr1-159	NC_007709.1|YP_453576.1_18|[Xanthomonas_phage_OP1]virion_structural_protein|13552..13905|117	0.126	116	101	0	4	119	2	117	1.063E-04	272
1_cl100_NTEC3_cr1-159	NC_048166.1|YP_009820346.1_15|[Pseudomonas_phage_Lana]minor_tail_protein|16872..17201|109	0.160	110	88	0	11	120	3	108	1.324E-04	268
1_cl100_NTEC3_cr1-159	NC_047902.1|YP_009796566.1_15|[Pseudomonas_phage_PMBT3]minor_tail_protein|16638..16985|115	0.170	115	91	0	6	120	4	114	1.399E-04	267
1_cl100_NTEC3_cr1-159	NC_004902.1|NP_858966.1_19|[Xanthomonas_phage_Xp10]virion_structural_protein|13362..13718|118	0.134	116	100	0	4	119	2	117	1.478E-04	266
1_cl100_NTEC3_cr1-159	NC_070824.1|YP_010655303.1_4|[Pseudoalteromonas_phage_C7]hypothetical_protein|complement(4549..5016)|155	0.135	136	116	0	1	135	4	139	1.562E-04	265
1_cl100_NTEC3_cr1-159	NC_006949.1|YP_224161.1_23|[Enterobacteria_phage_ES18]minor_tail_protein|17169..17516|115	0.193	117	91	0	4	120	1	114	1.946E-04	261
1_cl100_NTEC3_cr1-159	NC_007024.1|YP_239288.1_20|[Xanthomonas_phage_Xp15]virion_structural_protein|16353..16724|123	0.119	119	102	0	4	120	2	120	2.172E-04	259
1_cl100_NTEC3_cr1-159	NC_019545.1|YP_007011001.1_31|[Salmonella_phage_SPN3UB]minor_tail_protein|18861..19208|115	0.190	119	92	0	2	120	1	114	2.705E-04	255
1_cl100_NTEC3_cr1-159	NC_070772.1|YP_010649711.1_24|[Vibrio_phage_Seahorse]hypothetical_protein|20900..21397|165	0.165	160	114	0	1	138	1	160	2.858E-04	254
1_cl100_NTEC3_cr1-159	NC_018279.1|YP_006560828.1_22|[Salmonella_phage_vB_SosS_Oslo]minor_tail_protein|15584..15931|115	0.195	119	91	0	2	120	1	114	3.370E-04	251
1_cl100_NTEC3_cr1-159	NC_071020.1|YP_010677399.1_91|[Stenotrophomonas_phage_BUCT626]hypothetical_protein|complement(54409..54771)|120	0.132	119	100	0	4	119	2	120	3.561E-04	250
1_cl100_NTEC3_cr1-159	NC_070823.1|YP_010655299.1_73|[Pseudoalteromonas_phage_vB_PspS-H40/1]hypothetical_protein|44860..45306|148	0.141	119	86	0	1	119	13	113	5.231E-04	243
1_cl100_NTEC3_cr1-159	NC_071017.1|YP_010677054.1_50|[Stenotrophomonas_phage_Salva]hypothetical_protein|25137..25502|121	0.123	119	101	0	4	119	2	120	6.169E-04	240
1_cl100_NTEC3_cr1-159	NC_071019.1|YP_010677215.1_9|[Stenotrophomonas_phage_vB_SmaS_BUCT548]hypothetical_protein|7128..7490|120	0.140	119	98	0	4	118	2	120	6.885E-04	238
1_cl100_NTEC3_cr1-159	NC_071021.1|YP_010677479.1_73|[Stenotrophomonas_phage_BUCT627]hypothetical_protein|complement(42907..43269)|120	0.140	119	98	0	4	118	2	120	6.885E-04	238
1_cl100_NTEC3_cr1-159	NC_047786.1|YP_009787821.1_47|[Salmonella_phage_vB_SenS_Sasha]virion_structural_protein|27788..28291|167	0.198	143	111	0	16	158	22	160	7.685E-04	236
1_cl100_NTEC3_cr1-159	NC_042062.1|YP_009617880.1_51|[Salmonella_phage_SP069]hypothetical_protein|29434..29937|167	0.206	119	92	0	10	128	17	133	8.119E-04	235
1_cl100_NTEC3_cr1-159	NC_015465.1|YP_004421739.1_17|[Synechococcus_phage_S-CBS3]minor_tail_protein|17265..17633|122	0.152	118	98	0	4	120	2	119	8.578E-04	234
1_cl100_NTEC3_cr1-159	NC_015463.1|YP_004421477.1_23|[Synechococcus_phage_S-CBS2]unknown_structural_protein|15824..16180|118	0.130	117	100	0	1	116	1	117	9.062E-04	233
1_cl100_Golestan_cr1-159	NC_042084.1|YP_009620106.1_26|[Escherichia_phage_VB_EcoS-Golestan]hypothetical_protein|17370..18788|472	1.000	159	0	0	1	159	1	159	2.628E-22	997
1_cl100_Golestan_cr1-159	NC_093713.1|YP_011217263.1_8|[Escherichia_phage_P_AB-2017]hypothetical_protein|complement(8713..9213)|166	0.924	159	12	0	1	159	1	159	1.320E-21	968
1_cl100_Golestan_cr1-159	NC_093712.1|YP_011217191.1_3|[Escherichia_phage_L_AB-2017]hypothetical_protein|complement(1052..1552)|166	0.937	159	10	0	1	159	1	159	1.396E-21	967
1_cl100_Golestan_cr1-159	NC_041897.1|YP_009597306.1_26|[Escherichia_phage_K1ind1]hypothetical_protein|16991..18391|466	0.993	159	1	0	1	159	1	159	1.844E-21	962
1_cl100_Golestan_cr1-159	NC_027994.1|YP_009168856.1_24|[Escherichia_phage_K1H]hypothetical_protein|16248..16748|166	0.924	159	12	0	1	159	1	159	2.061E-21	960
1_cl100_Golestan_cr1-159	NC_027993.1|YP_009168807.1_27|[Escherichia_phage_K1G]hypothetical_protein|17937..18437|166	0.924	159	12	0	1	159	1	159	2.061E-21	960
1_cl100_Golestan_cr1-159	NC_041898.1|YP_009597357.1_26|[Escherichia_phage_K1ind2]hypothetical_protein|16992..18392|466	0.987	159	2	0	1	159	1	159	2.303E-21	958
1_cl100_Golestan_cr1-159	NC_073316.1|YP_010749009.1_30|[Escherichia_phage_vB_EcoS_fFiEco02]hypothetical_protein|19687..20187|166	0.899	159	16	0	1	159	1	159	2.435E-21	957
1_cl100_Golestan_cr1-159	NC_073317.1|YP_010749084.1_28|[Escherichia_phage_vB_EcoS_fPoEco01]hypothetical_protein|18289..18789|166	0.924	159	12	0	1	159	1	159	2.722E-21	955
1_cl100_Golestan_cr1-159	NC_073321.1|YP_010749394.1_37|[Escherichia_phage_ZCEC5]hypothetical_protein|20117..20617|166	0.930	159	11	0	1	159	1	159	3.216E-21	952
1_cl100_Golestan_cr1-159	NC_073314.1|YP_010748874.1_48|[Escherichia_virus_fEg-Eco19]hypothetical_protein|24956..25456|166	0.918	159	13	0	1	159	1	159	3.801E-21	949
1_cl100_Golestan_cr1-159	NC_073323.1|YP_010749527.1_27|[Escherichia_phage_vB_EcoS-phiEc3]minor_tail_protein|17198..18616|472	1.000	148	0	0	1	148	1	148	4.018E-21	948
1_cl100_Golestan_cr1-159	NC_073325.1|YP_010749670.1_4|[Escherichia_phage_vB_EcoS_XY1]minor_tail_protein|complement(3811..5211)|466	0.965	146	5	0	1	146	1	146	1.445E-20	925
1_cl100_Golestan_cr1-159	NC_073324.1|YP_010749624.1_44|[Escherichia_phage_vB_EcoS-22664BS2]hypothetical_protein|22068..23465|465	0.986	143	2	0	1	143	1	143	2.134E-20	918
1_cl100_Golestan_cr1-159	NC_073213.1|YP_010748406.1_26|[Salmonella_phage_vB_SenS_SB3]hypothetical_protein|17765..18265|166	0.779	159	35	0	1	159	1	159	1.198E-19	887
1_cl100_Golestan_cr1-159	NC_073196.1|YP_010747352.1_5|[Salmonella_phage_NBSal006]hypothetical_protein|complement(3960..4460)|166	0.779	159	35	0	1	159	1	159	1.198E-19	887
1_cl100_Golestan_cr1-159	NC_073199.1|YP_010747561.1_29|[Salmonella_phage_S102]hypothetical_protein|19783..20283|166	0.786	159	34	0	1	159	1	159	1.416E-19	884
1_cl100_Golestan_cr1-159	NC_073198.1|YP_010747531.1_59|[Salmonella_phage_vB_SenS_ER21]hypothetical_protein|complement(40052..40552)|166	0.786	159	34	0	1	159	1	159	1.416E-19	884
1_cl100_Golestan_cr1-159	NC_073197.1|YP_010747470.1_58|[Salmonella_phage_vB_SenS_ER23]hypothetical_protein|40103..40603|166	0.786	159	34	0	1	159	1	159	1.416E-19	884
1_cl100_Golestan_cr1-159	NC_073202.1|YP_010747772.1_47|[Salmonella_phage_celemicas]hypothetical_protein|25526..26026|166	0.779	159	35	0	1	159	1	159	1.497E-19	883
1_cl100_Golestan_cr1-159	NC_073209.1|YP_010748162.1_6|[Salmonella_phage_GRNsp50]hypothetical_protein|complement(5544..6044)|166	0.779	159	35	0	1	159	1	159	1.497E-19	883
1_cl100_Golestan_cr1-159	NC_073173.1|YP_010745993.1_42|[Salmonella_phage_blauehaus]hypothetical_protein|23963..24463|166	0.779	159	35	0	1	159	1	159	1.497E-19	883
1_cl100_Golestan_cr1-159	NC_073178.1|YP_010746288.1_31|[Salmonella_phage_vB_SenS_TUMS_E19]hypothetical_protein|20086..20586|166	0.779	159	35	0	1	159	1	159	1.497E-19	883
1_cl100_Golestan_cr1-159	NC_073200.1|YP_010747627.1_31|[Salmonella_phage_S100]hypothetical_protein|20810..21310|166	0.779	159	35	0	1	159	1	159	1.497E-19	883
1_cl100_Golestan_cr1-159	NC_073203.1|YP_010747823.1_31|[Salmonella_phage_MET_P1_001_43]hypothetical_protein|19249..19749|166	0.779	159	35	0	1	159	1	159	1.497E-19	883
1_cl100_Golestan_cr1-159	NC_073201.1|YP_010747703.1_41|[Salmonella_phage_dunkel]hypothetical_protein|25780..26280|166	0.779	159	35	0	1	159	1	159	1.497E-19	883
1_cl100_Golestan_cr1-159	NC_073186.1|YP_010746744.1_32|[Salmonella_phage_vB_SenS_PVP-SE2]hypothetical_protein|complement(23538..24038)|166	0.779	159	35	0	1	159	1	159	1.497E-19	883
1_cl100_Golestan_cr1-159	NC_073318.1|YP_010749194.1_61|[Escherichia_phage_NTEC3]hypothetical_protein|complement(34314..35714)|466	0.966	148	5	0	1	148	1	148	1.582E-19	882
1_cl100_Golestan_cr1-159	NC_073184.1|YP_010746642.1_32|[Salmonella_phage_F12013]tail_protein|complement(23758..24258)|166	0.786	159	34	0	1	159	1	159	1.769E-19	880
1_cl100_Golestan_cr1-159	NC_073190.1|YP_010747004.1_50|[Salmonella_phage_vB_SenS_S528]hypothetical_protein|24404..24904|166	0.773	159	36	0	1	159	1	159	1.870E-19	879
1_cl100_Golestan_cr1-159	NC_073207.1|YP_010748064.1_18|[Salmonella_phage_SHWT1]hypothetical_protein|complement(17411..17911)|166	0.773	159	36	0	1	159	1	159	1.870E-19	879
1_cl100_Golestan_cr1-159	NC_073189.1|YP_010746947.1_55|[Salmonella_phage_JD01]hypothetical_protein|complement(38045..38545)|166	0.773	159	36	0	1	159	1	159	1.870E-19	879
1_cl100_Golestan_cr1-159	NC_073169.1|YP_010745715.1_18|[Salmonella_phage_SS5]hypothetical_protein|complement(15759..16259)|166	0.779	159	35	0	1	159	1	159	1.870E-19	879
1_cl100_Golestan_cr1-159	NC_073193.1|YP_010747216.1_59|[Salmonella_phage_vB_SalS-S10]hypothetical_protein|39171..39671|166	0.773	159	36	0	1	159	1	159	1.870E-19	879
1_cl100_Golestan_cr1-159	NC_073192.1|YP_010747095.1_6|[Salmonella_phage_F118P13]hypothetical_protein|complement(5673..6173)|166	0.773	159	36	0	1	159	1	159	1.870E-19	879
1_cl100_Golestan_cr1-159	NC_073188.1|YP_010746874.1_48|[Salmonella_phage_vB_SenS_S532]hypothetical_protein|24316..24816|166	0.773	159	36	0	1	159	1	159	1.870E-19	879
1_cl100_Golestan_cr1-159	NC_073219.1|YP_010748806.1_39|[Salmonella_phage_sidste]hypothetical_protein|23863..24363|166	0.773	159	36	0	1	159	1	159	2.611E-19	873
1_cl100_Golestan_cr1-159	NC_073191.1|YP_010747048.1_26|[Salmonella_phage_vB_SenS-EnJE6]hypothetical_protein|complement(19818..20318)|166	0.779	159	35	0	1	159	1	159	2.611E-19	873
1_cl100_Golestan_cr1-159	NC_073218.1|YP_010748749.1_38|[Salmonella_phage_demigod]hypothetical_protein|24667..25167|166	0.773	159	36	0	1	159	1	159	2.611E-19	873
1_cl100_Golestan_cr1-159	NC_073183.1|YP_010746577.1_24|[Salmonella_phage_NBSal007]hypothetical_protein|complement(21183..21683)|166	0.773	159	36	0	1	159	1	159	3.449E-19	868
1_cl100_Golestan_cr1-159	NC_041992.1|YP_009608663.1_42|[Salmonella_phage_wksl3]hypothetical_protein|complement(27064..27564)|166	0.767	159	37	0	1	159	1	159	3.646E-19	867
1_cl100_Golestan_cr1-159	NC_073214.1|YP_010748481.1_38|[Salmonella_phage_vB_SenS_ER1]hypothetical_protein|21670..22170|166	0.767	159	37	0	1	159	1	159	4.309E-19	864
1_cl100_Golestan_cr1-159	NC_073217.1|YP_010748688.1_48|[Salmonella_phage_pink]hypothetical_protein|25082..25582|166	0.767	159	37	0	1	159	1	159	4.309E-19	864
1_cl100_Golestan_cr1-159	NC_073208.1|YP_010748125.1_26|[Salmonella_phage_SLMP1]hypothetical_protein|complement(20699..21199)|166	0.773	159	36	0	1	159	1	159	4.816E-19	862
1_cl100_Golestan_cr1-159	NC_041991.1|YP_009608582.1_27|[Salmonella_phage_vB_SenS_AG11]hypothetical_protein|17728..18228|166	0.767	159	37	0	1	159	1	159	4.816E-19	862
1_cl100_Golestan_cr1-159	NC_073215.1|YP_010748512.1_4|[Salmonella_phage_SGPC]tail_protein|complement(1472..1972)|166	0.773	159	36	0	1	159	1	159	4.816E-19	862
1_cl100_Golestan_cr1-159	NC_073176.1|YP_010746159.1_28|[Salmonella_virus_VSe101]hypothetical_protein|19414..19914|166	0.773	159	36	0	1	159	1	159	4.816E-19	862
1_cl100_Golestan_cr1-159	NC_073211.1|YP_010748298.1_37|[Salmonella_phage_T102]hypothetical_protein|22571..23071|166	0.773	159	36	0	1	159	1	159	4.816E-19	862
1_cl100_Golestan_cr1-159	NC_006940.2|YP_308655.1_54|[Salmonella_phage_SS3e]hypothetical_protein|complement(36137..36637)|166	0.779	159	35	0	1	159	1	159	5.092E-19	861
1_cl100_Golestan_cr1-159	NC_073212.1|YP_010748343.1_28|[Salmonella_phage_ZCSE9]hypothetical_protein|19068..19568|166	0.779	159	35	0	1	159	1	159	5.092E-19	861
1_cl100_Golestan_cr1-159	NC_069150.1|YP_010582406.1_33|[Salmonella_phage_vB_STM-ZS]hypothetical_protein|complement(22605..23105)|166	0.792	159	33	0	1	159	1	159	6.017E-19	858
1_cl100_Golestan_cr1-159	NC_069146.1|YP_010582164.1_57|[Salmonella_phage_St162]hypothetical_protein|36455..36955|166	0.792	159	33	0	1	159	1	159	6.017E-19	858
1_cl100_Golestan_cr1-159	NC_069148.1|YP_010582260.1_27|[Salmonella_phage_TS6]hypothetical_protein|complement(19322..19822)|166	0.792	159	33	0	1	159	1	159	6.017E-19	858
1_cl100_Golestan_cr1-159	NC_069149.1|YP_010582359.1_61|[Salmonella_phage_vB_SenTO17]hypothetical_protein|complement(31844..32344)|166	0.792	159	33	0	1	159	1	159	6.017E-19	858
1_cl100_Golestan_cr1-159	NC_069151.1|YP_010582466.1_34|[Salmonella_phage_vB_SenS_SE1]hypothetical_protein|complement(21758..22258)|166	0.792	159	33	0	1	159	1	159	6.017E-19	858
1_cl100_Golestan_cr1-159	NC_073174.1|YP_010746054.1_42|[Salmonella_phage_wast]hypothetical_protein|23773..24273|166	0.773	159	36	0	1	159	1	159	7.948E-19	853
1_cl100_Golestan_cr1-159	NC_009232.2|YP_001110816.2_27|[Salmonella_phage_SETP3]hypothetical_protein|18460..18960|166	0.761	159	38	0	1	159	1	159	7.948E-19	853
1_cl100_Golestan_cr1-159	NC_073187.1|YP_010746797.1_25|[Salmonella_phage_vB_SenS-EnJE1]hypothetical_protein|complement(22305..22805)|166	0.773	159	36	0	1	159	1	159	7.948E-19	853
1_cl100_Golestan_cr1-159	NC_022752.1|YP_008767027.1_28|[Salmonella_phage_SETP13]hypothetical_protein|18112..18612|166	0.773	159	36	0	1	159	1	159	7.948E-19	853
1_cl100_Golestan_cr1-159	NC_073182.1|YP_010746525.1_29|[Salmonella_virus_VSe103]hypothetical_protein|19773..20273|166	0.779	159	35	0	1	159	1	159	8.403E-19	852
1_cl100_Golestan_cr1-159	NC_073216.1|YP_010748575.1_5|[Salmonella_phage_STP03]hypothetical_protein|complement(5491..5991)|166	0.767	159	37	0	1	159	1	159	8.403E-19	852
1_cl100_Golestan_cr1-159	NC_073181.1|YP_010746468.1_30|[Salmonella_phage_5sent1]minor_tail_protein|19967..20467|166	0.779	159	35	0	1	159	1	159	8.403E-19	852
1_cl100_Golestan_cr1-159	NC_073179.1|YP_010746349.1_30|[Salmonella_phage_vB_SenS_TUMS_E4]hypothetical_protein|20065..20565|166	0.779	159	35	0	1	159	1	159	8.403E-19	852
1_cl100_Golestan_cr1-159	NC_019539.1|YP_007010481.1_28|[Salmonella_phage_vB_SenS-Ent1]hypothetical_protein|18977..19477|166	0.779	159	35	0	1	159	1	159	8.403E-19	852
1_cl100_Golestan_cr1-159	NC_073185.1|YP_010746711.1_42|[Salmonella_phage_PBSE191]hypothetical_protein|39461..39961|166	0.779	159	35	0	1	159	1	159	8.403E-19	852
1_cl100_Golestan_cr1-159	NC_073172.1|YP_010745932.1_46|[Salmonella_phage_skrot]hypothetical_protein|24902..25402|166	0.767	159	37	0	1	159	1	159	9.392E-19	850
1_cl100_Golestan_cr1-159	NC_073194.1|YP_010747222.1_3|[Salmonella_phage_vB_SalP_LDW16]hypothetical_protein|complement(1350..1850)|166	0.773	159	36	0	1	159	1	159	9.392E-19	850
1_cl100_Golestan_cr1-159	NC_022754.1|YP_008767198.1_27|[Salmonella_phage_SETP7]hypothetical_protein|17572..18072|166	0.767	159	37	0	1	159	1	159	1.241E-18	845
1_cl100_Golestan_cr1-159	NC_073195.1|YP_010747307.1_28|[Salmonella_phage_Shelanagig]hypothetical_protein|18443..18943|166	0.767	159	37	0	1	159	1	159	1.312E-18	844
1_cl100_Golestan_cr1-159	NC_069147.1|YP_010582233.1_64|[Salmonella_phage_GRNsp27]hypothetical_protein|40507..41007|166	0.779	159	35	0	1	159	1	159	1.936E-18	837
1_cl100_Golestan_cr1-159	NC_073175.1|YP_010746101.1_29|[Salmonella_virus_VSt10]hypothetical_protein|19072..19572|166	0.773	159	36	0	1	159	1	159	2.419E-18	833
1_cl100_Golestan_cr1-159	NC_069153.1|YP_010582605.1_27|[Salmonella_virus_VSiP]hypothetical_protein|18017..18517|166	0.767	159	37	0	1	159	1	159	2.558E-18	832
1_cl100_Golestan_cr1-159	NC_021777.1|YP_008239738.1_29|[Salmonella_phage_Jersey]hypothetical_protein|20172..20672|166	0.773	159	36	0	1	159	1	159	2.704E-18	831
1_cl100_Golestan_cr1-159	NC_021775.1|YP_008239652.1_55|[Salmonella_phage_FSL_SP-031]hypothetical_protein|36428..36928|166	0.773	159	36	0	1	159	1	159	3.378E-18	827
1_cl100_Golestan_cr1-159	NC_069152.1|YP_010582522.1_27|[Salmonella_phage_Shemara]hypothetical_protein|18129..18629|166	0.767	159	37	0	1	159	1	159	5.273E-18	819
1_cl100_Golestan_cr1-159	NC_028698.1|YP_009191569.1_16|[Salmonella_phage_f18SE]hypothetical_protein|complement(15923..16423)|166	0.773	159	36	0	1	159	1	159	6.588E-18	815
1_cl100_Golestan_cr1-159	NC_048181.1|YP_009821861.1_25|[Raoultella_phage_RP180]hypothetical_protein|19172..19666|164	0.625	159	59	0	1	159	1	157	6.544E-15	691
1_cl100_Golestan_cr1-159	NC_073205.1|YP_010747958.1_31|[Salmonella_phage_LP31]hypothetical_protein|20982..21425|147	0.776	139	31	0	21	159	2	140	1.080E-14	682
1_cl100_Golestan_cr1-159	NC_028695.2|YP_009191448.1_40|[Enterobacter_phage_phiEap-2]hypothetical_protein|21610..22104|164	0.566	159	68	0	1	159	1	157	1.080E-14	682
1_cl100_Golestan_cr1-159	NC_024204.1|YP_009035165.1_28|[Salmonella_phage_vB_SenS-Ent3]hypothetical_protein|19099..19542|147	0.784	139	30	0	21	159	2	140	1.207E-14	680
1_cl100_Golestan_cr1-159	NC_023608.1|YP_009009952.1_28|[Salmonella_phage_vB_SenS-Ent2]hypothetical_protein|19095..19538|147	0.784	139	30	0	21	159	2	140	1.207E-14	680
1_cl100_Golestan_cr1-159	NC_021317.1|YP_008058254.1_8|[Salmonella_phage_L13]hypothetical_protein|complement(7496..7939)|147	0.784	139	30	0	21	159	2	140	1.207E-14	680
1_cl100_Golestan_cr1-159	NC_031021.1|YP_009280168.1_40|[Salmonella_phage_MA12]hypothetical_protein|complement(28634..29077)|147	0.784	139	30	0	21	159	2	140	1.207E-14	680
1_cl100_Golestan_cr1-159	NC_016763.1|YP_005098153.1_57|[Salmonella_phage_SE2]hypothetical_protein|37051..37494|147	0.776	139	31	0	21	159	2	140	1.276E-14	679
1_cl100_Golestan_cr1-159	NC_073170.1|YP_010745802.1_38|[Salmonella_phage_SE-W109]hypothetical_protein|complement(24001..24444)|147	0.776	139	31	0	21	159	2	140	1.276E-14	679
1_cl100_Golestan_cr1-159	NC_073206.1|YP_010748033.1_49|[Salmonella_phage_CTH7]hypothetical_protein|complement(32715..33158)|147	0.776	139	31	0	21	159	2	140	2.227E-14	669
1_cl100_Golestan_cr1-159	NC_073210.1|YP_010748238.1_23|[Salmonella_phage_fmb-p1]hypothetical_protein|complement(23471..23914)|147	0.776	139	31	0	21	159	2	140	3.674E-14	660
1_cl100_Golestan_cr1-159	NC_069154.1|YP_010582691.1_40|[Klebsiella_phage_VLCpiS11a]virion_structural_protein|complement(25256..25750)|164	0.559	159	69	0	1	159	1	157	4.342E-14	657
1_cl100_Golestan_cr1-159	NC_026017.1|YP_009113175.1_28|[Salmonella_phage_LSPA1]hypothetical_protein|19764..20207|147	0.769	139	32	0	21	159	2	140	6.410E-14	650
1_cl100_Golestan_cr1-159	NC_073320.1|YP_010749347.1_61|[Escherichia_phage_26]hypothetical_protein|32941..33414|157	0.613	150	57	0	10	159	3	150	9.464E-14	643
1_cl100_Golestan_cr1-159	NC_073204.1|YP_010747918.1_50|[Salmonella_phage_LPSE1]hypothetical_protein|33185..33628|147	0.762	139	33	0	21	159	2	140	1.058E-13	641
1_cl100_Golestan_cr1-159	NC_031925.1|YP_009322856.1_49|[Salmonella_phage_BPS11Q3]hypothetical_protein|complement(33054..33497)|147	0.762	139	33	0	21	159	2	140	1.058E-13	641
1_cl100_Golestan_cr1-159	NC_025466.1|YP_009103926.1_40|[Shewanella_sp._phage_3/49]hypothetical_protein|23325..23825|166	0.515	157	75	0	1	157	1	155	1.322E-13	637
1_cl100_Golestan_cr1-159	NC_069155.1|YP_010582758.1_50|[Serratia_phage_Tsm2]hypothetical_protein|30094..30588|164	0.540	159	72	0	1	159	1	157	1.397E-13	636
1_cl100_Golestan_cr1-159	NC_073322.1|YP_010749475.1_46|[Escherichia_phage_vB_EcoS-Ro145c2YLVW]hypothetical_protein|23553..24026|157	0.613	150	57	0	10	159	3	150	1.746E-13	632
1_cl100_Golestan_cr1-159	NC_021563.1|YP_008130357.1_64|[Serratia_phage_Eta]hypothetical_protein|36442..36936|164	0.534	159	73	0	1	159	1	157	1.746E-13	632
1_cl100_Golestan_cr1-159	NC_042065.1|YP_009617944.1_25|[Salmonella_phage_FSL_SP-101]hypothetical_protein|17112..17555|147	0.755	139	34	0	21	159	2	140	1.951E-13	630
1_cl100_Golestan_cr1-159	NC_069156.1|YP_010582773.1_5|[Serratia_phage_vB_SmaM-Otaku]hypothetical_protein|complement(4881..5375)|164	0.547	159	71	0	1	159	1	157	3.220E-13	621
1_cl100_Golestan_cr1-159	NC_073319.1|YP_010749258.1_53|[Escherichia_phage_SZH-1]hypothetical_protein|complement(25719..26192)|157	0.626	150	55	0	10	159	3	150	4.253E-13	616
1_cl100_Golestan_cr1-159	NC_073315.1|YP_010748930.1_28|[Escherichia_phage_vB_EcoS_fFiEco03]hypothetical_protein|17935..19305|456	0.622	135	50	0	9	143	2	134	2.821E-12	582
1_cl100_Golestan_cr1-159	NC_054651.1|YP_010054281.1_6|[Escherichia_phage_C1]hypothetical_protein|complement(6554..7027)|157	0.192	159	126	0	1	159	1	157	2.902E-08	416
1_cl100_Golestan_cr1-159	NC_028819.1|YP_009200200.1_14|[Pseudoalteromonas_phage_H103]virion_structural_protein|complement(10119..10595)|158	0.186	158	126	0	2	159	3	158	3.834E-08	411
1_cl100_Golestan_cr1-159	NC_028834.1|YP_009201754.1_20|[Achromobacter_phage_83-24]hypothetical_protein|15509..16585|358	0.201	123	95	0	1	120	129	251	7.071E-08	400
1_cl100_Golestan_cr1-159	NC_071152.1|YP_010685763.1_30|[Klebsiella_phage_VLCpiS13a]virion_structural_protein|17455..17925|156	0.179	158	127	0	2	159	1	156	8.834E-08	396
1_cl100_Golestan_cr1-159	NC_071146.1|YP_010685295.1_37|[Klebsiella_phage_vB_KpnS_MK54]minor_tail_protein|19423..19893|156	0.187	158	126	0	2	159	1	156	9.340E-08	395
1_cl100_Golestan_cr1-159	NC_054638.1|YP_010053258.1_48|[Salmonella_phage_vB_SenS_SB28]hypothetical_protein|24344..24814|156	0.186	158	126	0	2	159	1	156	9.340E-08	395
1_cl100_Golestan_cr1-159	NC_073031.1|YP_010738739.1_12|[Janthinobacterium_phage_vB_JliS-Donnerlittchen]hypothetical_protein|6881..7357|158	0.167	130	107	0	4	133	2	130	9.875E-08	394
1_cl100_Golestan_cr1-159	NC_071157.1|YP_010686190.1_59|[Klebsiella_phage_VLCpiS13c]virion_structural_protein|complement(35238..35708)|156	0.187	158	126	0	2	159	1	156	1.458E-07	387
1_cl100_Golestan_cr1-159	NC_071144.1|YP_010685103.1_4|[Klebsiella_phage_VLCpiS13f]virion_structural_protein|complement(4718..5191)|157	0.191	159	126	0	1	159	1	157	1.458E-07	387
1_cl100_Golestan_cr1-159	NC_054647.1|YP_010053951.1_16|[Salmonella_phage_Akira]hypothetical_protein|complement(13949..14422)|157	0.193	154	121	0	1	154	1	151	1.630E-07	385
1_cl100_Golestan_cr1-159	NC_071149.1|YP_010685562.1_68|[Klebsiella_phage_vB_Kpn_ZCKp20p]baseplate_wedge_protein|32709..33179|156	0.192	158	125	0	2	159	1	156	1.723E-07	384
1_cl100_Golestan_cr1-159	NC_071156.1|YP_010686107.1_56|[Klebsiella_phage_6991]hypothetical_protein|28567..29037|156	0.192	158	125	0	2	159	1	156	1.723E-07	384
1_cl100_Golestan_cr1-159	NC_071150.1|YP_010685647.1_69|[Klebsiella_phage_ZCKP8]minor_tail_protein|32402..32872|156	0.192	158	125	0	2	159	1	156	1.723E-07	384
1_cl100_Golestan_cr1-159	NC_071151.1|YP_010685719.1_57|[Klebsiella_phage_vB_Kpn_ZC2]minor_tail_protein|32717..33187|156	0.192	158	125	0	2	159	1	156	1.723E-07	384
1_cl100_Golestan_cr1-159	NC_054640.1|YP_010053420.1_47|[Salmonella_phage_Segz_1]hypothetical_protein|23514..23987|157	0.200	159	125	0	1	159	1	157	1.723E-07	384
1_cl100_Golestan_cr1-159	NC_042037.1|YP_009614658.1_62|[Aeromonas_phage_pIS4-A]hypothetical_protein|32456..32926|156	0.192	158	125	0	2	159	1	156	1.926E-07	382
1_cl100_Golestan_cr1-159	NC_021534.1|YP_008126232.1_68|[Vibrio_phage_pYD38-A]hypothetical_protein|complement(39512..39982)|156	0.192	158	125	0	2	159	1	156	1.926E-07	382
1_cl100_Golestan_cr1-159	NC_071143.1|YP_010685006.1_3|[Flyfo_siphovirus_Tbat1_6]hypothetical_protein|3131..3601|156	0.192	158	125	0	2	159	1	156	1.926E-07	382
1_cl100_Golestan_cr1-159	NC_054641.1|YP_010053509.1_61|[Salmonella_virus_KFS-SE2]hypothetical_protein|complement(34627..35097)|156	0.178	156	123	0	2	152	1	156	2.036E-07	381
1_cl100_Golestan_cr1-159	NC_054642.1|YP_010053565.1_32|[Salmonella_phage_Seszw_1]hypothetical_protein|17534..18007|157	0.196	157	121	0	1	152	1	157	2.036E-07	381
1_cl100_Golestan_cr1-159	NC_054637.1|YP_010053153.1_29|[Escherichia_phage_vB_EcoS_Sa179lw]hypothetical_protein|15910..16383|157	0.203	159	124	0	1	159	1	157	2.036E-07	381
1_cl100_Golestan_cr1-159	NC_071142.1|YP_010684975.1_52|[Klebsiella_phage_VLCpiS13d]virion_structural_protein|25572..26042|156	0.187	158	126	0	2	159	1	156	2.276E-07	379
1_cl100_Golestan_cr1-159	NC_031924.1|YP_009322780.1_67|[Salmonella_phage_IME207]hypothetical_protein|28806..29282|158	0.202	157	122	0	1	157	1	154	2.276E-07	379
1_cl100_Golestan_cr1-159	NC_071003.1|YP_010675369.1_21|[Enterobacter_phage_vB_EclS_CobraSix]hypothetical_protein|14964..15461|165	0.209	123	93	0	1	119	1	123	2.406E-07	378
1_cl100_Golestan_cr1-159	NC_054636.1|YP_010053061.1_17|[Shigella_phage_Sf11_SMD-2017]hypothetical_protein|complement(13880..15253)|457	0.203	123	94	0	1	119	1	123	2.543E-07	377
1_cl100_Golestan_cr1-159	NC_054648.1|YP_010054082.1_62|[Salmonella_phage_vB_Se_STGO-35-1]minor_tail_protein|29548..30021|157	0.198	159	125	0	1	159	1	157	2.843E-07	375
1_cl100_Golestan_cr1-159	NC_071145.1|YP_010685197.1_17|[Klebsiella_phage_VLCpiS13e]virion_structural_protein|10270..10743|157	0.191	159	126	0	1	159	1	157	2.843E-07	375
1_cl100_Golestan_cr1-159	NC_071153.1|YP_010685868.1_57|[Klebsiella_phage_BUCT610]hypothetical_protein|27338..27808|156	0.192	158	125	0	2	159	1	156	3.755E-07	370
1_cl100_Golestan_cr1-159	NC_054639.1|YP_010053346.1_63|[Salmonella_phage_Skate]hypothetical_protein|28397..28873|158	0.200	159	122	0	1	159	1	154	3.970E-07	369
1_cl100_Golestan_cr1-159	NC_054643.1|YP_010053681.1_76|[Salmonella_phage_SeSz-2]hypothetical_protein|39846..40316|156	0.191	156	121	0	2	152	1	156	4.197E-07	368
1_cl100_Golestan_cr1-159	NC_019927.1|YP_007237618.1_44|[Cronobacter_phage_ENT47670]hypothetical_protein|46209..46706|165	0.206	126	94	0	1	120	1	126	4.197E-07	368
1_cl100_Golestan_cr1-159	NC_071155.1|YP_010686024.1_52|[Klebsiella_phage_VLCpiS13b]virion_structural_protein|26421..26891|156	0.187	158	126	0	2	159	1	156	4.437E-07	367
1_cl100_Golestan_cr1-159	NC_025471.1|YP_009104265.1_28|[Idiomarinaceae_phage_Phi1M2-2]virion_structural_protein|16209..16694|161	0.218	158	121	0	4	159	2	159	4.437E-07	367
1_cl100_Golestan_cr1-159	NC_070846.1|YP_010657369.1_2|[Salmonella_phage_LPSTLL]hypothetical_protein|1594..2067|157	0.191	156	123	0	2	157	1	153	4.691E-07	366
1_cl100_Golestan_cr1-159	NC_010495.1|YP_001742072.1_35|[Salmonella_phage_Vi_II-E1]hypothetical_protein|24365..24835|156	0.188	156	122	0	2	152	1	156	5.861E-07	362
1_cl100_Golestan_cr1-159	NC_020839.1|YP_007673206.1_6|[Rhodobacter_phage_RC1]virion_structural_protein|complement(6559..6981)|140	0.150	139	99	0	1	117	1	139	6.197E-07	361
1_cl100_Golestan_cr1-159	NC_020866.1|YP_007676430.1_51|[Rhodovulum_phage_RS1]virion_structural_protein|32787..33209|140	0.150	139	99	0	1	117	1	139	6.197E-07	361
1_cl100_Golestan_cr1-159	NC_054649.1|YP_010054112.1_4|[Escherichia_phage_vB_EcoS_swi2]hypothetical_protein|complement(5668..6141)|157	0.175	159	129	0	1	159	1	157	6.551E-07	360
1_cl100_Golestan_cr1-159	NC_031918.1|YP_009322249.1_52|[Salmonella_phage_64795_sal3]hypothetical_protein|27290..27772|160	0.177	157	124	0	1	152	4	160	7.323E-07	358
1_cl100_Golestan_cr1-159	NC_029066.1|YP_009222842.1_72|[Pseudomonas_phage_PS-1]virion_structural_protein|40548..41054|168	0.142	166	133	0	4	159	2	167	7.323E-07	358
1_cl100_Golestan_cr1-159	NC_048198.1|YP_009824047.1_17|[Erwinia_phage_vB_EhrS_59]hypothetical_protein|14104..14601|165	0.183	130	100	0	2	124	1	130	8.185E-07	356
1_cl100_Golestan_cr1-159	NC_054650.1|YP_010054212.1_16|[Shigella_phage_DS8]hypothetical_protein|8852..9325|157	0.185	159	127	0	1	159	1	157	8.653E-07	355
1_cl100_Golestan_cr1-159	NC_054645.1|YP_010053778.1_13|[Salmonella_phage_LPST10]hypothetical_protein|complement(11731..12204)|157	0.187	159	127	0	1	159	1	157	9.148E-07	354
1_cl100_Golestan_cr1-159	NC_054646.1|YP_010053891.1_39|[Salmonella_phage_VB_StyS_BS5]hypothetical_protein|19802..20275|157	0.187	159	127	0	1	159	1	157	9.148E-07	354
1_cl100_Golestan_cr1-159	NC_054644.1|YP_010053740.1_57|[Salmonella_virus_VSt472]hypothetical_protein|28620..29093|157	0.187	159	127	0	1	159	1	157	9.148E-07	354
1_cl100_Golestan_cr1-159	NC_019541.1|YP_007010627.1_46|[Acinetobacter_phage_YMC/09/02/B1251]virion_structural_protein|33893..34291|132	0.176	134	107	0	1	134	1	131	9.672E-07	353
1_cl100_Golestan_cr1-159	NC_002484.2|NP_061517.1_20|[Pseudomonas_phage_D3]virion_structural_protein|13793..14272|159	0.171	156	114	0	4	142	2	157	9.672E-07	353
1_cl100_Golestan_cr1-159	NC_016765.1|YP_005098223.1_20|[Pseudomonas_phage_PMG1]virion_structural_protein|13837..14316|159	0.171	156	114	0	4	142	2	157	9.672E-07	353
1_cl100_Golestan_cr1-159	NC_074664.1|YP_010773482.1_14|[Pseudomonas_phage_BUCT566]hypothetical_protein|10993..11460|155	0.162	152	116	0	4	142	2	153	1.081E-06	351
1_cl100_Golestan_cr1-159	NC_009447.1|YP_001210237.1_17|[Burkholderia_phage_BcepGomr]virion_structural_protein|13816..14934|372	0.169	120	99	0	1	120	126	245	1.143E-06	350
1_cl100_Golestan_cr1-159	NC_074663.1|YP_010773399.1_9|[Pseudomonas_phage_vB_Pae_LC3I3]hypothetical_protein|6635..7102|155	0.162	152	116	0	4	142	2	153	1.208E-06	349
1_cl100_Golestan_cr1-159	NC_030929.1|YP_009275521.1_34|[Pseudomonas_phage_JBD44]virion_structural_protein|21460..21927|155	0.162	152	116	0	4	142	2	153	1.208E-06	349
1_cl100_Golestan_cr1-159	NC_016762.1|YP_005098084.1_57|[Pseudomonas_phage_phi297]virion_structural_protein|37368..37835|155	0.160	141	111	0	4	136	2	142	1.687E-06	343
1_cl100_Golestan_cr1-159	NC_071154.1|YP_010685917.1_23|[Klebsiella_phage_BUCT541]hypothetical_protein|complement(17295..17765)|156	0.200	122	94	0	2	119	1	122	1.687E-06	343
1_cl100_Golestan_cr1-159	NC_054652.1|YP_010054356.1_5|[Klebsiella_phage_YX3973]hypothetical_protein|6251..6721|156	0.200	122	94	0	2	119	1	122	1.687E-06	343
1_cl100_Golestan_cr1-159	NC_054653.1|YP_010054428.1_13|[Klebsiella_virus_KpV2811]hypothetical_protein|complement(13683..14153)|156	0.200	122	94	0	2	119	1	122	1.687E-06	343
1_cl100_Golestan_cr1-159	NC_054654.1|YP_010054542.1_49|[Klebsiella_phage_vB_KpnS_ZX4]hypothetical_protein|25749..26219|156	0.200	122	94	0	2	119	1	122	1.687E-06	343
1_cl100_Golestan_cr1-159	NC_034248.1|YP_009352271.1_14|[Rhizobium_phage_RHEph10]minor_tail_protein|13132..13488|118	0.144	116	95	0	1	116	1	112	3.479E-06	330
1_cl100_Golestan_cr1-159	NC_011373.1|YP_002284353.1_19|[Pseudomonas_phage_PAJU2]virion_structural_protein|14682..15146|154	0.171	127	99	0	4	124	2	128	4.111E-06	327
1_cl100_Golestan_cr1-159	NC_016165.1|YP_004934695.1_52|[Rhodobacter_phage_RcapMu]virion_structural_protein|31713..32135|140	0.195	138	93	0	1	116	1	138	4.595E-06	325
1_cl100_Golestan_cr1-159	NC_029033.1|YP_009220355.1_54|[Achromobacter_phage_phiAxp-1]virion_structural_protein|33078..34382|434	0.137	123	104	0	3	124	129	251	4.858E-06	324
1_cl100_Golestan_cr1-159	NC_070971.1|YP_010671790.1_27|[Pseudomonas_virus_PBPA162]hypothetical_protein|complement(21915..22742)|275	0.181	129	103	0	1	127	122	250	6.069E-06	320
1_cl100_Golestan_cr1-159	NC_031059.1|YP_009285933.1_48|[Rhodovulum_phage_vB_RhkS_P1]virion_structural_protein|27232..27588|118	0.165	118	96	0	2	119	3	118	6.784E-06	318
1_cl100_Golestan_cr1-159	NC_042091.1|YP_009620694.1_25|[Pseudomonas_phage_nickie]hypothetical_protein|21208..21573|121	0.185	121	95	0	1	117	1	121	7.172E-06	317
1_cl100_Golestan_cr1-159	NC_028768.1|YP_009196207.1_22|[Achromobacter_phage_JWX]virion_structural_protein|16122..17195|357	0.121	123	105	0	1	120	128	250	7.583E-06	316
1_cl100_Golestan_cr1-159	NC_070970.1|YP_010671701.1_28|[Pseudomonas_phage_Iggy]hypothetical_protein|20297..21124|275	0.181	129	103	0	1	127	122	250	1.002E-05	311
1_cl100_Golestan_cr1-159	NC_020846.1|YP_007674000.1_38|[Vibrio_phage_pYD21-A]virion_structural_protein|24843..25325|160	0.158	159	128	0	1	153	1	159	1.847E-05	300
1_cl100_Golestan_cr1-159	NC_049944.1|YP_009909330.1_65|[Stx2-converting_phage_Stx2a_WGPS8]minor_tail_protein|42010..42351|113	0.127	116	95	0	1	116	1	110	2.727E-05	293
1_cl100_Golestan_cr1-159	NC_011356.1|YP_002274199.1_63|[Enterobacteria_phage_YYZ-2008]minor_tail_protein|41055..41396|113	0.127	116	95	0	1	116	1	110	2.727E-05	293
1_cl100_Golestan_cr1-159	NC_049945.1|YP_009909408.1_65|[Stx2-converting_phage_Stx2a_WGPS6]minor_tail_protein|44910..45251|113	0.127	116	95	0	1	116	1	110	2.727E-05	293
1_cl100_Golestan_cr1-159	NC_011357.1|YP_002274276.1_65|[Stx2-converting_phage_1717]minor_tail_protein|47498..47839|113	0.127	116	95	0	1	116	1	110	2.727E-05	293
1_cl100_Golestan_cr1-159	NC_049943.1|YP_009909253.1_63|[Enterobacteria_phage_2851]minor_tail_protein|44185..44526|113	0.127	116	95	0	1	116	1	110	2.727E-05	293
1_cl100_Golestan_cr1-159	NC_023502.1|YP_009003193.1_36|[Rhizobium_phage_vB_RleS_L338C]minor_tail_protein|27949..28305|118	0.125	118	99	0	2	119	4	117	2.727E-05	293
1_cl100_Golestan_cr1-159	NC_070822.1|YP_010655179.1_15|[Pseudoalteromonas_phage_TW1]hypothetical_protein|8086..8556|156	0.203	119	92	0	1	119	3	119	2.727E-05	293
1_cl100_Golestan_cr1-159	NC_049941.1|YP_009909100.1_55|[Stx2-converting_phage_Stx2a_WGPS2]minor_tail_protein|40553..40894|113	0.127	116	95	0	1	116	1	110	3.223E-05	290
1_cl100_Golestan_cr1-159	NC_004813.1|YP_001449305.1_68|[Enterobacteria_phage_BP-4795]minor_tail_protein|41004..41345|113	0.127	116	95	0	1	116	1	110	3.223E-05	290
1_cl100_Golestan_cr1-159	NC_070823.1|YP_010655298.1_72|[Pseudoalteromonas_phage_vB_PspS-H40/1]hypothetical_protein|44459..44860|133	0.160	119	99	0	1	119	1	119	3.223E-05	290
1_cl100_Golestan_cr1-159	NC_016766.1|YP_005098334.1_35|[Synechococcus_phage_S-CBS4]minor_tail_protein|25163..25516|117	0.146	120	97	0	1	120	1	115	3.407E-05	289
1_cl100_Golestan_cr1-159	NC_070824.1|YP_010655303.1_4|[Pseudoalteromonas_phage_C7]hypothetical_protein|complement(4549..5016)|155	0.161	136	112	0	1	135	4	139	3.407E-05	289
1_cl100_Golestan_cr1-159	NC_049942.1|YP_009909178.1_67|[Escherichia_phage_JLK-2012]minor_tail_protein|43932..44273|113	0.127	116	95	0	1	116	1	110	3.602E-05	288
1_cl100_Golestan_cr1-159	NC_021190.1|YP_007947941.1_16|[Enterobacteria_phage_phi80_(Lula)]minor_tail_protein|13636..13974|112	0.163	120	93	0	1	120	1	112	4.257E-05	285
1_cl100_Golestan_cr1-159	NC_019706.1|YP_007111517.1_14|[Enterobacteria_phage_mEp043_c-1]minor_tail_protein|12702..13040|112	0.163	120	93	0	1	120	1	112	4.257E-05	285
1_cl100_Golestan_cr1-159	NC_019720.1|YP_007112357.1_14|[Enterobacteria_phage_mEp213]minor_tail_protein|12702..13040|112	0.163	120	93	0	1	120	1	112	4.257E-05	285
1_cl100_Golestan_cr1-159	NC_047902.1|YP_009796566.1_15|[Pseudomonas_phage_PMBT3]minor_tail_protein|16638..16985|115	0.170	115	91	0	6	120	4	114	4.758E-05	283
1_cl100_Golestan_cr1-159	NC_009543.1|YP_001285688.1_16|[Xanthomonas_phage_Xop411]virion_structural_protein|12401..12757|118	0.134	116	100	0	4	119	2	117	4.758E-05	283
1_cl100_Golestan_cr1-159	NC_007024.1|YP_239288.1_20|[Xanthomonas_phage_Xp15]virion_structural_protein|16353..16724|123	0.111	119	103	0	4	120	2	120	5.031E-05	282
1_cl100_Golestan_cr1-159	NC_007709.1|YP_453576.1_18|[Xanthomonas_phage_OP1]virion_structural_protein|13552..13905|117	0.126	116	101	0	4	119	2	117	5.319E-05	281
1_cl100_Golestan_cr1-159	NC_004902.1|NP_858966.1_19|[Xanthomonas_phage_Xp10]virion_structural_protein|13362..13718|118	0.134	116	100	0	4	119	2	117	7.427E-05	275
1_cl100_Golestan_cr1-159	NC_019933.2|YP_007238089.1_19|[Xanthomonas_phage_CP1]virion_structural_protein|14827..15189|120	0.106	118	103	0	4	119	2	119	1.096E-04	268
1_cl100_Golestan_cr1-159	NC_024217.1|YP_009037310.1_120|[Nitrincola_phage_1M3-16]hypothetical_protein|complement(64505..64858)|117	0.176	115	94	0	2	116	1	115	1.159E-04	267
1_cl100_Golestan_cr1-159	NC_048166.1|YP_009820346.1_15|[Pseudomonas_phage_Lana]minor_tail_protein|16872..17201|109	0.160	110	88	0	11	120	3	108	1.370E-04	264
1_cl100_Golestan_cr1-159	NC_019545.1|YP_007011001.1_31|[Salmonella_phage_SPN3UB]minor_tail_protein|18861..19208|115	0.190	119	92	0	2	120	1	114	1.531E-04	262
1_cl100_Golestan_cr1-159	NC_071020.1|YP_010677399.1_91|[Stenotrophomonas_phage_BUCT626]hypothetical_protein|complement(54409..54771)|120	0.140	119	99	0	4	119	2	120	1.619E-04	261
1_cl100_Golestan_cr1-159	NC_071019.1|YP_010677215.1_9|[Stenotrophomonas_phage_vB_SmaS_BUCT548]hypothetical_protein|7128..7490|120	0.148	119	97	0	4	118	2	120	2.671E-04	252
1_cl100_Golestan_cr1-159	NC_071021.1|YP_010677479.1_73|[Stenotrophomonas_phage_BUCT627]hypothetical_protein|complement(42907..43269)|120	0.148	119	97	0	4	118	2	120	2.671E-04	252
1_cl100_Golestan_cr1-159	NC_071017.1|YP_010677054.1_50|[Stenotrophomonas_phage_Salva]hypothetical_protein|25137..25502|121	0.132	119	100	0	4	119	2	120	3.730E-04	246
1_cl100_Golestan_cr1-159	NC_070772.1|YP_010649711.1_24|[Vibrio_phage_Seahorse]hypothetical_protein|20900..21397|165	0.159	160	115	0	1	138	1	160	3.730E-04	246
1_cl100_Golestan_cr1-159	NC_070823.1|YP_010655299.1_73|[Pseudoalteromonas_phage_vB_PspS-H40/1]hypothetical_protein|44860..45306|148	0.141	119	86	0	1	119	13	113	4.927E-04	241
1_cl100_Golestan_cr1-159	NC_015465.1|YP_004421739.1_17|[Synechococcus_phage_S-CBS3]minor_tail_protein|17265..17633|122	0.145	118	99	0	4	120	2	119	5.507E-04	239
1_cl100_Golestan_cr1-159	NC_015463.1|YP_004421477.1_23|[Synechococcus_phage_S-CBS2]unknown_structural_protein|15824..16180|118	0.107	117	103	0	1	116	1	117	5.823E-04	238
1_cl100_Golestan_cr1-159	NC_042062.1|YP_009617880.1_51|[Salmonella_phage_SP069]hypothetical_protein|29434..29937|167	0.211	119	92	0	10	128	17	133	5.823E-04	238
1_cl100_Golestan_cr1-159	NC_071018.1|YP_010677153.1_47|[Stenotrophomonas_phage_Siara]minor_tail_protein|24189..24554|121	0.140	119	99	0	4	119	2	120	6.156E-04	237
1_cl100_Golestan_cr1-159	NC_048878.1|YP_009859586.1_37|[Alteromonas_phage_vB_AcoS-R7M]glycoside_hydrolase|26139..26753|204	0.113	172	101	0	1	115	2	173	6.881E-04	235
1_cl100_Golestan_cr1-159	NC_048728.1|YP_009840833.1_37|[Streptomyces_phage_Comrade]minor_tail_protein|30898..31299|133	0.163	107	82	0	18	116	26	132	7.275E-04	234
1_cl100_Golestan_cr1-159	NC_073084.1|YP_010742293.1_58|[Escherichia_phage_vb_EcoS_bov22_1]hypothetical_protein|39046..39645|199	0.106	125	105	0	2	119	72	196	7.275E-04	234
1_cl100_Golestan_cr1-159	NC_021558.1|YP_008129880.1_14|[Paenibacillus_phage_PG1]hypothetical_protein|7972..8331|119	0.153	107	90	0	11	117	13	119	8.596E-04	231
1_cl100_K1G_DT	NC_027994.1|YP_009168856.1_24|[Escherichia_phage_K1H]hypothetical_protein|16248..16748|166	1.000	166	0	0	1	166	1	166	5.586E-24	1071
1_cl100_K1G_DT	NC_027993.1|YP_009168807.1_27|[Escherichia_phage_K1G]hypothetical_protein|17937..18437|166	1.000	166	0	0	1	166	1	166	5.586E-24	1071
1_cl100_K1G_DT	NC_093713.1|YP_011217263.1_8|[Escherichia_phage_P_AB-2017]hypothetical_protein|complement(8713..9213)|166	0.975	166	4	0	1	166	1	166	6.240E-24	1069
1_cl100_K1G_DT	NC_093712.1|YP_011217191.1_3|[Escherichia_phage_L_AB-2017]hypothetical_protein|complement(1052..1552)|166	0.987	166	2	0	1	166	1	166	6.596E-24	1068
1_cl100_K1G_DT	NC_073316.1|YP_010749009.1_30|[Escherichia_phage_vB_EcoS_fFiEco02]hypothetical_protein|19687..20187|166	0.945	166	9	0	1	166	1	166	1.148E-23	1058
1_cl100_K1G_DT	NC_073317.1|YP_010749084.1_28|[Escherichia_phage_vB_EcoS_fPoEco01]hypothetical_protein|18289..18789|166	0.969	166	5	0	1	166	1	166	1.355E-23	1055
1_cl100_K1G_DT	NC_073314.1|YP_010748874.1_48|[Escherichia_virus_fEg-Eco19]hypothetical_protein|24956..25456|166	0.969	166	5	0	1	166	1	166	1.998E-23	1048
1_cl100_K1G_DT	NC_073321.1|YP_010749394.1_37|[Escherichia_phage_ZCEC5]hypothetical_protein|20117..20617|166	0.969	166	5	0	1	166	1	166	3.289E-23	1039
1_cl100_K1G_DT	NC_042084.1|YP_009620106.1_26|[Escherichia_phage_VB_EcoS-Golestan]hypothetical_protein|17370..18788|472	0.903	166	16	0	1	166	1	166	4.446E-22	992
1_cl100_K1G_DT	NC_041898.1|YP_009597357.1_26|[Escherichia_phage_K1ind2]hypothetical_protein|16992..18392|466	0.945	147	8	0	1	147	1	147	3.091E-21	957
1_cl100_K1G_DT	NC_041897.1|YP_009597306.1_26|[Escherichia_phage_K1ind1]hypothetical_protein|16991..18391|466	0.964	142	5	0	1	142	1	142	3.858E-21	953
1_cl100_K1G_DT	NC_073190.1|YP_010747004.1_50|[Salmonella_phage_vB_SenS_S528]hypothetical_protein|24404..24904|166	0.777	166	37	0	1	166	1	166	7.500E-21	941
1_cl100_K1G_DT	NC_073207.1|YP_010748064.1_18|[Salmonella_phage_SHWT1]hypothetical_protein|complement(17411..17911)|166	0.777	166	37	0	1	166	1	166	7.500E-21	941
1_cl100_K1G_DT	NC_073189.1|YP_010746947.1_55|[Salmonella_phage_JD01]hypothetical_protein|complement(38045..38545)|166	0.777	166	37	0	1	166	1	166	7.500E-21	941
1_cl100_K1G_DT	NC_073199.1|YP_010747561.1_29|[Salmonella_phage_S102]hypothetical_protein|19783..20283|166	0.789	166	35	0	1	166	1	166	7.500E-21	941
1_cl100_K1G_DT	NC_073198.1|YP_010747531.1_59|[Salmonella_phage_vB_SenS_ER21]hypothetical_protein|complement(40052..40552)|166	0.789	166	35	0	1	166	1	166	7.500E-21	941
1_cl100_K1G_DT	NC_073197.1|YP_010747470.1_58|[Salmonella_phage_vB_SenS_ER23]hypothetical_protein|40103..40603|166	0.789	166	35	0	1	166	1	166	7.500E-21	941
1_cl100_K1G_DT	NC_073193.1|YP_010747216.1_59|[Salmonella_phage_vB_SalS-S10]hypothetical_protein|39171..39671|166	0.777	166	37	0	1	166	1	166	7.500E-21	941
1_cl100_K1G_DT	NC_073192.1|YP_010747095.1_6|[Salmonella_phage_F118P13]hypothetical_protein|complement(5673..6173)|166	0.777	166	37	0	1	166	1	166	7.500E-21	941
1_cl100_K1G_DT	NC_073188.1|YP_010746874.1_48|[Salmonella_phage_vB_SenS_S532]hypothetical_protein|24316..24816|166	0.777	166	37	0	1	166	1	166	7.500E-21	941
1_cl100_K1G_DT	NC_073323.1|YP_010749527.1_27|[Escherichia_phage_vB_EcoS-phiEc3]minor_tail_protein|17198..18616|472	0.959	148	6	0	1	148	1	148	7.500E-21	941
1_cl100_K1G_DT	NC_073202.1|YP_010747772.1_47|[Salmonella_phage_celemicas]hypothetical_protein|25526..26026|166	0.783	166	36	0	1	166	1	166	7.928E-21	940
1_cl100_K1G_DT	NC_073209.1|YP_010748162.1_6|[Salmonella_phage_GRNsp50]hypothetical_protein|complement(5544..6044)|166	0.783	166	36	0	1	166	1	166	7.928E-21	940
1_cl100_K1G_DT	NC_073173.1|YP_010745993.1_42|[Salmonella_phage_blauehaus]hypothetical_protein|23963..24463|166	0.783	166	36	0	1	166	1	166	7.928E-21	940
1_cl100_K1G_DT	NC_073178.1|YP_010746288.1_31|[Salmonella_phage_vB_SenS_TUMS_E19]hypothetical_protein|20086..20586|166	0.783	166	36	0	1	166	1	166	7.928E-21	940
1_cl100_K1G_DT	NC_073200.1|YP_010747627.1_31|[Salmonella_phage_S100]hypothetical_protein|20810..21310|166	0.783	166	36	0	1	166	1	166	7.928E-21	940
1_cl100_K1G_DT	NC_073203.1|YP_010747823.1_31|[Salmonella_phage_MET_P1_001_43]hypothetical_protein|19249..19749|166	0.783	166	36	0	1	166	1	166	7.928E-21	940
1_cl100_K1G_DT	NC_073201.1|YP_010747703.1_41|[Salmonella_phage_dunkel]hypothetical_protein|25780..26280|166	0.783	166	36	0	1	166	1	166	7.928E-21	940
1_cl100_K1G_DT	NC_073186.1|YP_010746744.1_32|[Salmonella_phage_vB_SenS_PVP-SE2]hypothetical_protein|complement(23538..24038)|166	0.783	166	36	0	1	166	1	166	7.928E-21	940
1_cl100_K1G_DT	NC_073184.1|YP_010746642.1_32|[Salmonella_phage_F12013]tail_protein|complement(23758..24258)|166	0.789	166	35	0	1	166	1	166	9.895E-21	936
1_cl100_K1G_DT	NC_073169.1|YP_010745715.1_18|[Salmonella_phage_SS5]hypothetical_protein|complement(15759..16259)|166	0.783	166	36	0	1	166	1	166	1.046E-20	935
1_cl100_K1G_DT	NC_073325.1|YP_010749670.1_4|[Escherichia_phage_vB_EcoS_XY1]minor_tail_protein|complement(3811..5211)|466	0.958	145	6	0	1	145	1	145	1.046E-20	935
1_cl100_K1G_DT	NC_073213.1|YP_010748406.1_26|[Salmonella_phage_vB_SenS_SB3]hypothetical_protein|17765..18265|166	0.783	166	36	0	1	166	1	166	1.168E-20	933
1_cl100_K1G_DT	NC_073196.1|YP_010747352.1_5|[Salmonella_phage_NBSal006]hypothetical_protein|complement(3960..4460)|166	0.783	166	36	0	1	166	1	166	1.168E-20	933
1_cl100_K1G_DT	NC_073219.1|YP_010748806.1_39|[Salmonella_phage_sidste]hypothetical_protein|23863..24363|166	0.777	166	37	0	1	166	1	166	1.541E-20	928
1_cl100_K1G_DT	NC_073218.1|YP_010748749.1_38|[Salmonella_phage_demigod]hypothetical_protein|24667..25167|166	0.777	166	37	0	1	166	1	166	1.541E-20	928
1_cl100_K1G_DT	NC_073208.1|YP_010748125.1_26|[Salmonella_phage_SLMP1]hypothetical_protein|complement(20699..21199)|166	0.783	166	36	0	1	166	1	166	2.401E-20	920
1_cl100_K1G_DT	NC_073176.1|YP_010746159.1_28|[Salmonella_virus_VSe101]hypothetical_protein|19414..19914|166	0.783	166	36	0	1	166	1	166	2.401E-20	920
1_cl100_K1G_DT	NC_073211.1|YP_010748298.1_37|[Salmonella_phage_T102]hypothetical_protein|22571..23071|166	0.783	166	36	0	1	166	1	166	2.401E-20	920
1_cl100_K1G_DT	NC_073191.1|YP_010747048.1_26|[Salmonella_phage_vB_SenS-EnJE6]hypothetical_protein|complement(19818..20318)|166	0.783	166	36	0	1	166	1	166	2.538E-20	919
1_cl100_K1G_DT	NC_073318.1|YP_010749194.1_61|[Escherichia_phage_NTEC3]hypothetical_protein|complement(34314..35714)|466	0.902	174	16	0	1	166	1	174	2.538E-20	919
1_cl100_K1G_DT	NC_073215.1|YP_010748512.1_4|[Salmonella_phage_SGPC]tail_protein|complement(1472..1972)|166	0.783	166	36	0	1	166	1	166	2.997E-20	916
1_cl100_K1G_DT	NC_073324.1|YP_010749624.1_44|[Escherichia_phage_vB_EcoS-22664BS2]hypothetical_protein|22068..23465|465	0.971	142	4	0	1	142	1	142	3.167E-20	915
1_cl100_K1G_DT	NC_069150.1|YP_010582406.1_33|[Salmonella_phage_vB_STM-ZS]hypothetical_protein|complement(22605..23105)|166	0.813	166	31	0	1	166	1	166	3.348E-20	914
1_cl100_K1G_DT	NC_069146.1|YP_010582164.1_57|[Salmonella_phage_St162]hypothetical_protein|36455..36955|166	0.813	166	31	0	1	166	1	166	3.348E-20	914
1_cl100_K1G_DT	NC_069148.1|YP_010582260.1_27|[Salmonella_phage_TS6]hypothetical_protein|complement(19322..19822)|166	0.813	166	31	0	1	166	1	166	3.348E-20	914
1_cl100_K1G_DT	NC_069149.1|YP_010582359.1_61|[Salmonella_phage_vB_SenTO17]hypothetical_protein|complement(31844..32344)|166	0.813	166	31	0	1	166	1	166	3.348E-20	914
1_cl100_K1G_DT	NC_073194.1|YP_010747222.1_3|[Salmonella_phage_vB_SalP_LDW16]hypothetical_protein|complement(1350..1850)|166	0.777	166	37	0	1	166	1	166	3.348E-20	914
1_cl100_K1G_DT	NC_006940.2|YP_308655.1_54|[Salmonella_phage_SS3e]hypothetical_protein|complement(36137..36637)|166	0.783	166	36	0	1	166	1	166	3.348E-20	914
1_cl100_K1G_DT	NC_073212.1|YP_010748343.1_28|[Salmonella_phage_ZCSE9]hypothetical_protein|19068..19568|166	0.783	166	36	0	1	166	1	166	3.348E-20	914
1_cl100_K1G_DT	NC_069151.1|YP_010582466.1_34|[Salmonella_phage_vB_SenS_SE1]hypothetical_protein|complement(21758..22258)|166	0.813	166	31	0	1	166	1	166	3.348E-20	914
1_cl100_K1G_DT	NC_041992.1|YP_009608663.1_42|[Salmonella_phage_wksl3]hypothetical_protein|complement(27064..27564)|166	0.771	166	38	0	1	166	1	166	3.538E-20	913
1_cl100_K1G_DT	NC_073183.1|YP_010746577.1_24|[Salmonella_phage_NBSal007]hypothetical_protein|complement(21183..21683)|166	0.777	166	37	0	1	166	1	166	3.538E-20	913
1_cl100_K1G_DT	NC_073182.1|YP_010746525.1_29|[Salmonella_virus_VSe103]hypothetical_protein|19773..20273|166	0.789	166	35	0	1	166	1	166	4.178E-20	910
1_cl100_K1G_DT	NC_073181.1|YP_010746468.1_30|[Salmonella_phage_5sent1]minor_tail_protein|19967..20467|166	0.789	166	35	0	1	166	1	166	4.178E-20	910
1_cl100_K1G_DT	NC_073179.1|YP_010746349.1_30|[Salmonella_phage_vB_SenS_TUMS_E4]hypothetical_protein|20065..20565|166	0.789	166	35	0	1	166	1	166	4.178E-20	910
1_cl100_K1G_DT	NC_019539.1|YP_007010481.1_28|[Salmonella_phage_vB_SenS-Ent1]hypothetical_protein|18977..19477|166	0.789	166	35	0	1	166	1	166	4.178E-20	910
1_cl100_K1G_DT	NC_073185.1|YP_010746711.1_42|[Salmonella_phage_PBSE191]hypothetical_protein|39461..39961|166	0.789	166	35	0	1	166	1	166	4.178E-20	910
1_cl100_K1G_DT	NC_041991.1|YP_009608582.1_27|[Salmonella_phage_vB_SenS_AG11]hypothetical_protein|17728..18228|166	0.777	166	37	0	1	166	1	166	4.416E-20	909
1_cl100_K1G_DT	NC_073214.1|YP_010748481.1_38|[Salmonella_phage_vB_SenS_ER1]hypothetical_protein|21670..22170|166	0.777	166	37	0	1	166	1	166	4.416E-20	909
1_cl100_K1G_DT	NC_073217.1|YP_010748688.1_48|[Salmonella_phage_pink]hypothetical_protein|25082..25582|166	0.777	166	37	0	1	166	1	166	4.416E-20	909
1_cl100_K1G_DT	NC_073174.1|YP_010746054.1_42|[Salmonella_phage_wast]hypothetical_protein|23773..24273|166	0.783	166	36	0	1	166	1	166	4.934E-20	907
1_cl100_K1G_DT	NC_009232.2|YP_001110816.2_27|[Salmonella_phage_SETP3]hypothetical_protein|18460..18960|166	0.771	166	38	0	1	166	1	166	4.934E-20	907
1_cl100_K1G_DT	NC_073187.1|YP_010746797.1_25|[Salmonella_phage_vB_SenS-EnJE1]hypothetical_protein|complement(22305..22805)|166	0.783	166	36	0	1	166	1	166	4.934E-20	907
1_cl100_K1G_DT	NC_022752.1|YP_008767027.1_28|[Salmonella_phage_SETP13]hypothetical_protein|18112..18612|166	0.783	166	36	0	1	166	1	166	4.934E-20	907
1_cl100_K1G_DT	NC_073216.1|YP_010748575.1_5|[Salmonella_phage_STP03]hypothetical_protein|complement(5491..5991)|166	0.777	166	37	0	1	166	1	166	5.215E-20	906
1_cl100_K1G_DT	NC_073172.1|YP_010745932.1_46|[Salmonella_phage_skrot]hypothetical_protein|24902..25402|166	0.777	166	37	0	1	166	1	166	5.826E-20	904
1_cl100_K1G_DT	NC_022754.1|YP_008767198.1_27|[Salmonella_phage_SETP7]hypothetical_protein|17572..18072|166	0.777	166	37	0	1	166	1	166	7.686E-20	899
1_cl100_K1G_DT	NC_073195.1|YP_010747307.1_28|[Salmonella_phage_Shelanagig]hypothetical_protein|18443..18943|166	0.777	166	37	0	1	166	1	166	8.123E-20	898
1_cl100_K1G_DT	NC_073175.1|YP_010746101.1_29|[Salmonella_virus_VSt10]hypothetical_protein|19072..19572|166	0.783	166	36	0	1	166	1	166	8.123E-20	898
1_cl100_K1G_DT	NC_021777.1|YP_008239738.1_29|[Salmonella_phage_Jersey]hypothetical_protein|20172..20672|166	0.777	166	37	0	1	166	1	166	1.197E-19	891
1_cl100_K1G_DT	NC_069153.1|YP_010582605.1_27|[Salmonella_virus_VSiP]hypothetical_protein|18017..18517|166	0.783	166	36	0	1	166	1	166	1.197E-19	891
1_cl100_K1G_DT	NC_021775.1|YP_008239652.1_55|[Salmonella_phage_FSL_SP-031]hypothetical_protein|36428..36928|166	0.795	166	34	0	1	166	1	166	1.669E-19	885
1_cl100_K1G_DT	NC_069147.1|YP_010582233.1_64|[Salmonella_phage_GRNsp27]hypothetical_protein|40507..41007|166	0.789	166	35	0	1	166	1	166	2.460E-19	878
1_cl100_K1G_DT	NC_069152.1|YP_010582522.1_27|[Salmonella_phage_Shemara]hypothetical_protein|18129..18629|166	0.777	166	37	0	1	166	1	166	3.430E-19	872
1_cl100_K1G_DT	NC_028698.1|YP_009191569.1_16|[Salmonella_phage_f18SE]hypothetical_protein|complement(15923..16423)|166	0.783	166	36	0	1	166	1	166	3.832E-19	870
1_cl100_K1G_DT	NC_028695.2|YP_009191448.1_40|[Enterobacter_phage_phiEap-2]hypothetical_protein|21610..22104|164	0.620	166	62	0	1	166	1	164	7.402E-17	775
1_cl100_K1G_DT	NC_048181.1|YP_009821861.1_25|[Raoultella_phage_RP180]hypothetical_protein|19172..19666|164	0.676	166	53	0	1	166	1	164	1.699E-16	760
1_cl100_K1G_DT	NC_069155.1|YP_010582758.1_50|[Serratia_phage_Tsm2]hypothetical_protein|30094..30588|164	0.620	166	62	0	1	166	1	164	1.001E-15	728
1_cl100_K1G_DT	NC_069154.1|YP_010582691.1_40|[Klebsiella_phage_VLCpiS11a]virion_structural_protein|complement(25256..25750)|164	0.590	166	67	0	1	166	1	164	1.118E-15	726
1_cl100_K1G_DT	NC_073205.1|YP_010747958.1_31|[Salmonella_phage_LP31]hypothetical_protein|20982..21425|147	0.780	146	32	0	21	166	2	147	1.181E-15	725
1_cl100_K1G_DT	NC_024204.1|YP_009035165.1_28|[Salmonella_phage_vB_SenS-Ent3]hypothetical_protein|19099..19542|147	0.794	146	30	0	21	166	2	147	1.320E-15	723
1_cl100_K1G_DT	NC_023608.1|YP_009009952.1_28|[Salmonella_phage_vB_SenS-Ent2]hypothetical_protein|19095..19538|147	0.794	146	30	0	21	166	2	147	1.320E-15	723
1_cl100_K1G_DT	NC_021317.1|YP_008058254.1_8|[Salmonella_phage_L13]hypothetical_protein|complement(7496..7939)|147	0.794	146	30	0	21	166	2	147	1.320E-15	723
1_cl100_K1G_DT	NC_031021.1|YP_009280168.1_40|[Salmonella_phage_MA12]hypothetical_protein|complement(28634..29077)|147	0.794	146	30	0	21	166	2	147	1.320E-15	723
1_cl100_K1G_DT	NC_016763.1|YP_005098153.1_57|[Salmonella_phage_SE2]hypothetical_protein|37051..37494|147	0.787	146	31	0	21	166	2	147	1.559E-15	720
1_cl100_K1G_DT	NC_073170.1|YP_010745802.1_38|[Salmonella_phage_SE-W109]hypothetical_protein|complement(24001..24444)|147	0.787	146	31	0	21	166	2	147	1.559E-15	720
1_cl100_K1G_DT	NC_021563.1|YP_008130357.1_64|[Serratia_phage_Eta]hypothetical_protein|36442..36936|164	0.608	166	64	0	1	166	1	164	1.647E-15	719
1_cl100_K1G_DT	NC_069156.1|YP_010582773.1_5|[Serratia_phage_vB_SmaM-Otaku]hypothetical_protein|complement(4881..5375)|164	0.626	166	61	0	1	166	1	164	2.056E-15	715
1_cl100_K1G_DT	NC_073206.1|YP_010748033.1_49|[Salmonella_phage_CTH7]hypothetical_protein|complement(32715..33158)|147	0.780	146	32	0	21	166	2	147	3.385E-15	706
1_cl100_K1G_DT	NC_073320.1|YP_010749347.1_61|[Escherichia_phage_26]hypothetical_protein|32941..33414|157	0.662	157	52	0	10	166	3	157	3.578E-15	705
1_cl100_K1G_DT	NC_073210.1|YP_010748238.1_23|[Salmonella_phage_fmb-p1]hypothetical_protein|complement(23471..23914)|147	0.787	146	31	0	21	166	2	147	4.225E-15	702
1_cl100_K1G_DT	NC_073322.1|YP_010749475.1_46|[Escherichia_phage_vB_EcoS-Ro145c2YLVW]hypothetical_protein|23553..24026|157	0.675	157	50	0	10	166	3	157	5.574E-15	697
1_cl100_K1G_DT	NC_026017.1|YP_009113175.1_28|[Salmonella_phage_LSPA1]hypothetical_protein|19764..20207|147	0.773	146	33	0	21	166	2	147	6.956E-15	693
1_cl100_K1G_DT	NC_073204.1|YP_010747918.1_50|[Salmonella_phage_LPSE1]hypothetical_protein|33185..33628|147	0.767	146	34	0	21	166	2	147	9.177E-15	688
1_cl100_K1G_DT	NC_031925.1|YP_009322856.1_49|[Salmonella_phage_BPS11Q3]hypothetical_protein|complement(33054..33497)|147	0.767	146	34	0	21	166	2	147	9.177E-15	688
1_cl100_K1G_DT	NC_073319.1|YP_010749258.1_53|[Escherichia_phage_SZH-1]hypothetical_protein|complement(25719..26192)|157	0.687	157	48	0	10	166	3	157	9.699E-15	687
1_cl100_K1G_DT	NC_042065.1|YP_009617944.1_25|[Salmonella_phage_FSL_SP-101]hypothetical_protein|17112..17555|147	0.773	146	33	0	21	166	2	147	1.429E-14	680
1_cl100_K1G_DT	NC_025466.1|YP_009103926.1_40|[Shewanella_sp._phage_3/49]hypothetical_protein|23325..23825|166	0.475	166	85	0	1	166	1	162	7.534E-14	650
1_cl100_K1G_DT	NC_073315.1|YP_010748930.1_28|[Escherichia_phage_vB_EcoS_fFiEco03]hypothetical_protein|17935..19305|456	0.629	135	49	0	8	142	1	133	2.918E-12	584
1_cl100_K1G_DT	NC_028819.1|YP_009200200.1_14|[Pseudoalteromonas_phage_H103]virion_structural_protein|complement(10119..10595)|158	0.188	152	121	0	2	151	3	154	1.749E-08	427
1_cl100_K1G_DT	NC_054651.1|YP_010054281.1_6|[Escherichia_phage_C1]hypothetical_protein|complement(6554..7027)|157	0.172	162	129	0	1	162	1	157	1.849E-08	426
1_cl100_K1G_DT	NC_073031.1|YP_010738739.1_12|[Janthinobacterium_phage_vB_JliS-Donnerlittchen]hypothetical_protein|6881..7357|158	0.176	163	118	0	4	166	2	145	2.439E-08	421
1_cl100_K1G_DT	NC_028834.1|YP_009201754.1_20|[Achromobacter_phage_83-24]hypothetical_protein|15509..16585|358	0.201	123	95	0	1	120	129	251	4.244E-08	411
1_cl100_K1G_DT	NC_054638.1|YP_010053258.1_48|[Salmonella_phage_vB_SenS_SB28]hypothetical_protein|24344..24814|156	0.173	161	128	0	2	162	1	156	4.741E-08	409
1_cl100_K1G_DT	NC_071152.1|YP_010685763.1_30|[Klebsiella_phage_VLCpiS13a]virion_structural_protein|17455..17925|156	0.156	161	131	0	2	162	1	156	6.611E-08	403
1_cl100_K1G_DT	NC_054642.1|YP_010053565.1_32|[Salmonella_phage_Seszw_1]hypothetical_protein|17534..18007|157	0.208	157	120	0	1	152	1	157	6.987E-08	402
1_cl100_K1G_DT	NC_071146.1|YP_010685295.1_37|[Klebsiella_phage_vB_KpnS_MK54]minor_tail_protein|19423..19893|156	0.168	161	129	0	2	162	1	156	7.386E-08	401
1_cl100_K1G_DT	NC_054637.1|YP_010053153.1_29|[Escherichia_phage_vB_EcoS_Sa179lw]hypothetical_protein|15910..16383|157	0.190	162	126	0	1	162	1	157	7.806E-08	400
1_cl100_K1G_DT	NC_054641.1|YP_010053509.1_61|[Salmonella_virus_KFS-SE2]hypothetical_protein|complement(34627..35097)|156	0.191	156	121	0	2	152	1	156	9.218E-08	397
1_cl100_K1G_DT	NC_054647.1|YP_010053951.1_16|[Salmonella_phage_Akira]hypothetical_protein|complement(13949..14422)|157	0.189	157	122	0	1	152	1	157	9.743E-08	396
1_cl100_K1G_DT	NC_054640.1|YP_010053420.1_47|[Salmonella_phage_Segz_1]hypothetical_protein|23514..23987|157	0.180	162	128	0	1	162	1	157	1.088E-07	394
1_cl100_K1G_DT	NC_031924.1|YP_009322780.1_67|[Salmonella_phage_IME207]hypothetical_protein|28806..29282|158	0.189	163	127	0	1	163	1	158	1.088E-07	394
1_cl100_K1G_DT	NC_071157.1|YP_010686190.1_59|[Klebsiella_phage_VLCpiS13c]virion_structural_protein|complement(35238..35708)|156	0.168	161	129	0	2	162	1	156	1.150E-07	393
1_cl100_K1G_DT	NC_054636.1|YP_010053061.1_17|[Shigella_phage_Sf11_SMD-2017]hypothetical_protein|complement(13880..15253)|457	0.211	123	93	0	1	119	1	123	1.150E-07	393
1_cl100_K1G_DT	NC_071149.1|YP_010685562.1_68|[Klebsiella_phage_vB_Kpn_ZCKp20p]baseplate_wedge_protein|32709..33179|156	0.173	161	128	0	2	162	1	156	1.359E-07	390
1_cl100_K1G_DT	NC_071156.1|YP_010686107.1_56|[Klebsiella_phage_6991]hypothetical_protein|28567..29037|156	0.173	161	128	0	2	162	1	156	1.359E-07	390
1_cl100_K1G_DT	NC_071150.1|YP_010685647.1_69|[Klebsiella_phage_ZCKP8]minor_tail_protein|32402..32872|156	0.173	161	128	0	2	162	1	156	1.359E-07	390
1_cl100_K1G_DT	NC_071151.1|YP_010685719.1_57|[Klebsiella_phage_vB_Kpn_ZC2]minor_tail_protein|32717..33187|156	0.173	161	128	0	2	162	1	156	1.359E-07	390
1_cl100_K1G_DT	NC_054643.1|YP_010053681.1_76|[Salmonella_phage_SeSz-2]hypothetical_protein|39846..40316|156	0.203	156	120	0	2	152	1	156	1.436E-07	389
1_cl100_K1G_DT	NC_071144.1|YP_010685103.1_4|[Klebsiella_phage_VLCpiS13f]virion_structural_protein|complement(4718..5191)|157	0.169	162	130	0	1	162	1	157	1.436E-07	389
1_cl100_K1G_DT	NC_042037.1|YP_009614658.1_62|[Aeromonas_phage_pIS4-A]hypothetical_protein|32456..32926|156	0.173	161	128	0	2	162	1	156	1.518E-07	388
1_cl100_K1G_DT	NC_021534.1|YP_008126232.1_68|[Vibrio_phage_pYD38-A]hypothetical_protein|complement(39512..39982)|156	0.173	161	128	0	2	162	1	156	1.518E-07	388
1_cl100_K1G_DT	NC_071143.1|YP_010685006.1_3|[Flyfo_siphovirus_Tbat1_6]hypothetical_protein|3131..3601|156	0.173	161	128	0	2	162	1	156	1.518E-07	388
1_cl100_K1G_DT	NC_054648.1|YP_010054082.1_62|[Salmonella_phage_vB_Se_STGO-35-1]minor_tail_protein|29548..30021|157	0.184	162	127	0	1	162	1	157	1.518E-07	388
1_cl100_K1G_DT	NC_071142.1|YP_010684975.1_52|[Klebsiella_phage_VLCpiS13d]virion_structural_protein|25572..26042|156	0.179	161	127	0	2	162	1	156	1.604E-07	387
1_cl100_K1G_DT	NC_071003.1|YP_010675369.1_21|[Enterobacter_phage_vB_EclS_CobraSix]hypothetical_protein|14964..15461|165	0.217	123	92	0	1	119	1	123	1.604E-07	387
1_cl100_K1G_DT	NC_071145.1|YP_010685197.1_17|[Klebsiella_phage_VLCpiS13e]virion_structural_protein|10270..10743|157	0.183	162	127	0	1	162	1	157	1.792E-07	385
1_cl100_K1G_DT	NC_010495.1|YP_001742072.1_35|[Salmonella_phage_Vi_II-E1]hypothetical_protein|24365..24835|156	0.201	156	120	0	2	152	1	156	2.002E-07	383
1_cl100_K1G_DT	NC_070846.1|YP_010657369.1_2|[Salmonella_phage_LPSTLL]hypothetical_protein|1594..2067|157	0.178	162	128	0	2	163	1	157	2.116E-07	382
1_cl100_K1G_DT	NC_054639.1|YP_010053346.1_63|[Salmonella_phage_Skate]hypothetical_protein|28397..28873|158	0.190	163	127	0	1	163	1	158	2.364E-07	380
1_cl100_K1G_DT	NC_019927.1|YP_007237618.1_44|[Cronobacter_phage_ENT47670]hypothetical_protein|46209..46706|165	0.186	164	128	0	1	164	1	158	2.364E-07	380
1_cl100_K1G_DT	NC_054650.1|YP_010054212.1_16|[Shigella_phage_DS8]hypothetical_protein|8852..9325|157	0.184	162	127	0	1	162	1	157	2.499E-07	379
1_cl100_K1G_DT	NC_031918.1|YP_009322249.1_52|[Salmonella_phage_64795_sal3]hypothetical_protein|27290..27772|160	0.189	157	122	0	1	152	4	160	2.499E-07	379
1_cl100_K1G_DT	NC_071153.1|YP_010685868.1_57|[Klebsiella_phage_BUCT610]hypothetical_protein|27338..27808|156	0.173	161	128	0	2	162	1	156	2.951E-07	376
1_cl100_K1G_DT	NC_071155.1|YP_010686024.1_52|[Klebsiella_phage_VLCpiS13b]virion_structural_protein|26421..26891|156	0.177	158	128	0	2	159	1	156	3.119E-07	375
1_cl100_K1G_DT	NC_029066.1|YP_009222842.1_72|[Pseudomonas_phage_PS-1]virion_structural_protein|40548..41054|168	0.142	167	134	0	4	160	2	168	3.119E-07	375
1_cl100_K1G_DT	NC_054645.1|YP_010053778.1_13|[Salmonella_phage_LPST10]hypothetical_protein|complement(11731..12204)|157	0.175	162	129	0	1	162	1	157	3.296E-07	374
1_cl100_K1G_DT	NC_054646.1|YP_010053891.1_39|[Salmonella_phage_VB_StyS_BS5]hypothetical_protein|19802..20275|157	0.175	162	129	0	1	162	1	157	3.296E-07	374
1_cl100_K1G_DT	NC_054644.1|YP_010053740.1_57|[Salmonella_virus_VSt472]hypothetical_protein|28620..29093|157	0.175	162	129	0	1	162	1	157	3.296E-07	374
1_cl100_K1G_DT	NC_074663.1|YP_010773399.1_9|[Pseudomonas_phage_vB_Pae_LC3I3]hypothetical_protein|6635..7102|155	0.163	160	126	0	4	163	2	153	3.893E-07	371
1_cl100_K1G_DT	NC_030929.1|YP_009275521.1_34|[Pseudomonas_phage_JBD44]virion_structural_protein|21460..21927|155	0.163	160	126	0	4	163	2	153	3.893E-07	371
1_cl100_K1G_DT	NC_002484.2|NP_061517.1_20|[Pseudomonas_phage_D3]virion_structural_protein|13793..14272|159	0.172	160	128	0	4	163	2	157	4.596E-07	368
1_cl100_K1G_DT	NC_016765.1|YP_005098223.1_20|[Pseudomonas_phage_PMG1]virion_structural_protein|13837..14316|159	0.172	160	128	0	4	163	2	157	4.596E-07	368
1_cl100_K1G_DT	NC_020839.1|YP_007673206.1_6|[Rhodobacter_phage_RC1]virion_structural_protein|complement(6559..6981)|140	0.142	139	100	0	1	117	1	139	5.135E-07	366
1_cl100_K1G_DT	NC_020866.1|YP_007676430.1_51|[Rhodovulum_phage_RS1]virion_structural_protein|32787..33209|140	0.142	139	100	0	1	117	1	139	5.135E-07	366
1_cl100_K1G_DT	NC_054653.1|YP_010054428.1_13|[Klebsiella_virus_KpV2811]hypothetical_protein|complement(13683..14153)|156	0.202	150	104	0	2	132	1	150	5.428E-07	365
1_cl100_K1G_DT	NC_009447.1|YP_001210237.1_17|[Burkholderia_phage_BcepGomr]virion_structural_protein|13816..14934|372	0.169	120	99	0	1	120	126	245	5.737E-07	364
1_cl100_K1G_DT	NC_054649.1|YP_010054112.1_4|[Escherichia_phage_vB_EcoS_swi2]hypothetical_protein|complement(5668..6141)|157	0.156	162	132	0	1	162	1	157	6.064E-07	363
1_cl100_K1G_DT	NC_074664.1|YP_010773482.1_14|[Pseudomonas_phage_BUCT566]hypothetical_protein|10993..11460|155	0.163	160	126	0	4	163	2	153	6.409E-07	362
1_cl100_K1G_DT	NC_071154.1|YP_010685917.1_23|[Klebsiella_phage_BUCT541]hypothetical_protein|complement(17295..17765)|156	0.202	150	104	0	2	132	1	150	7.568E-07	359
1_cl100_K1G_DT	NC_054652.1|YP_010054356.1_5|[Klebsiella_phage_YX3973]hypothetical_protein|6251..6721|156	0.202	150	104	0	2	132	1	150	7.568E-07	359
1_cl100_K1G_DT	NC_054654.1|YP_010054542.1_49|[Klebsiella_phage_vB_KpnS_ZX4]hypothetical_protein|25749..26219|156	0.202	150	104	0	2	132	1	150	7.568E-07	359
1_cl100_K1G_DT	NC_025471.1|YP_009104265.1_28|[Idiomarinaceae_phage_Phi1M2-2]virion_structural_protein|16209..16694|161	0.220	160	123	0	4	162	2	161	7.568E-07	359
1_cl100_K1G_DT	NC_048198.1|YP_009824047.1_17|[Erwinia_phage_vB_EhrS_59]hypothetical_protein|14104..14601|165	0.157	163	132	0	2	164	1	158	7.568E-07	359
1_cl100_K1G_DT	NC_016762.1|YP_005098084.1_57|[Pseudomonas_phage_phi297]virion_structural_protein|37368..37835|155	0.163	160	126	0	4	163	2	153	7.999E-07	358
1_cl100_K1G_DT	NC_011373.1|YP_002284353.1_19|[Pseudomonas_phage_PAJU2]virion_structural_protein|14682..15146|154	0.151	159	129	0	4	162	2	154	8.936E-07	356
1_cl100_K1G_DT	NC_034248.1|YP_009352271.1_14|[Rhizobium_phage_RHEph10]minor_tail_protein|13132..13488|118	0.144	116	95	0	1	116	1	112	2.423E-06	338
1_cl100_K1G_DT	NC_019541.1|YP_007010627.1_46|[Acinetobacter_phage_YMC/09/02/B1251]virion_structural_protein|33893..34291|132	0.176	134	107	0	1	134	1	131	2.706E-06	336
1_cl100_K1G_DT	NC_016165.1|YP_004934695.1_52|[Rhodobacter_phage_RcapMu]virion_structural_protein|31713..32135|140	0.188	138	93	0	1	116	1	138	2.706E-06	336
1_cl100_K1G_DT	NC_031059.1|YP_009285933.1_48|[Rhodovulum_phage_vB_RhkS_P1]virion_structural_protein|27232..27588|118	0.157	118	99	0	2	119	1	118	4.216E-06	328
1_cl100_K1G_DT	NC_070971.1|YP_010671790.1_27|[Pseudomonas_virus_PBPA162]hypothetical_protein|complement(21915..22742)|275	0.181	129	103	0	1	127	122	250	4.216E-06	328
1_cl100_K1G_DT	NC_042091.1|YP_009620694.1_25|[Pseudomonas_phage_nickie]hypothetical_protein|21208..21573|121	0.185	121	95	0	1	117	1	121	4.456E-06	327
1_cl100_K1G_DT	NC_028768.1|YP_009196207.1_22|[Achromobacter_phage_JWX]virion_structural_protein|16122..17195|357	0.195	120	94	0	2	119	1	120	4.456E-06	327
1_cl100_K1G_DT	NC_029033.1|YP_009220355.1_54|[Achromobacter_phage_phiAxp-1]virion_structural_protein|33078..34382|434	0.137	123	104	0	3	124	129	251	5.561E-06	323
1_cl100_K1G_DT	NC_070824.1|YP_010655303.1_4|[Pseudoalteromonas_phage_C7]hypothetical_protein|complement(4549..5016)|155	0.167	137	111	0	2	135	3	139	5.878E-06	322
1_cl100_K1G_DT	NC_070822.1|YP_010655179.1_15|[Pseudoalteromonas_phage_TW1]hypothetical_protein|8086..8556|156	0.181	166	122	0	1	166	2	151	5.878E-06	322
1_cl100_K1G_DT	NC_070970.1|YP_010671701.1_28|[Pseudomonas_phage_Iggy]hypothetical_protein|20297..21124|275	0.181	129	103	0	1	127	122	250	6.941E-06	319
1_cl100_K1G_DT	NC_049944.1|YP_009909330.1_65|[Stx2-converting_phage_Stx2a_WGPS8]minor_tail_protein|42010..42351|113	0.127	116	95	0	1	116	1	110	1.277E-05	308
1_cl100_K1G_DT	NC_011356.1|YP_002274199.1_63|[Enterobacteria_phage_YYZ-2008]minor_tail_protein|41055..41396|113	0.127	116	95	0	1	116	1	110	1.277E-05	308
1_cl100_K1G_DT	NC_049945.1|YP_009909408.1_65|[Stx2-converting_phage_Stx2a_WGPS6]minor_tail_protein|44910..45251|113	0.127	116	95	0	1	116	1	110	1.277E-05	308
1_cl100_K1G_DT	NC_011357.1|YP_002274276.1_65|[Stx2-converting_phage_1717]minor_tail_protein|47498..47839|113	0.127	116	95	0	1	116	1	110	1.277E-05	308
1_cl100_K1G_DT	NC_049943.1|YP_009909253.1_63|[Enterobacteria_phage_2851]minor_tail_protein|44185..44526|113	0.127	116	95	0	1	116	1	110	1.277E-05	308
1_cl100_K1G_DT	NC_049941.1|YP_009909100.1_55|[Stx2-converting_phage_Stx2a_WGPS2]minor_tail_protein|40553..40894|113	0.127	116	95	0	1	116	1	110	1.508E-05	305
1_cl100_K1G_DT	NC_004813.1|YP_001449305.1_68|[Enterobacteria_phage_BP-4795]minor_tail_protein|41004..41345|113	0.127	116	95	0	1	116	1	110	1.508E-05	305
1_cl100_K1G_DT	NC_049942.1|YP_009909178.1_67|[Escherichia_phage_JLK-2012]minor_tail_protein|43932..44273|113	0.127	116	95	0	1	116	1	110	1.780E-05	302
1_cl100_K1G_DT	NC_047902.1|YP_009796566.1_15|[Pseudomonas_phage_PMBT3]minor_tail_protein|16638..16985|115	0.175	115	91	0	6	120	4	114	1.780E-05	302
1_cl100_K1G_DT	NC_016766.1|YP_005098334.1_35|[Synechococcus_phage_S-CBS4]minor_tail_protein|25163..25516|117	0.145	121	98	0	1	121	1	116	1.882E-05	301
1_cl100_K1G_DT	NC_023502.1|YP_009003193.1_36|[Rhizobium_phage_vB_RleS_L338C]minor_tail_protein|27949..28305|118	0.125	118	99	0	2	119	4	117	1.989E-05	300
1_cl100_K1G_DT	NC_009543.1|YP_001285688.1_16|[Xanthomonas_phage_Xop411]virion_structural_protein|12401..12757|118	0.142	116	99	0	4	119	2	117	2.222E-05	298
1_cl100_K1G_DT	NC_070823.1|YP_010655298.1_72|[Pseudoalteromonas_phage_vB_PspS-H40/1]hypothetical_protein|44459..44860|133	0.160	119	99	0	1	119	1	119	2.931E-05	293
1_cl100_K1G_DT	NC_007709.1|YP_453576.1_18|[Xanthomonas_phage_OP1]virion_structural_protein|13552..13905|117	0.134	116	100	0	4	119	2	117	3.275E-05	291
1_cl100_K1G_DT	NC_020846.1|YP_007674000.1_38|[Vibrio_phage_pYD21-A]virion_structural_protein|24843..25325|160	0.162	130	103	0	1	124	1	130	3.461E-05	290
1_cl100_K1G_DT	NC_021190.1|YP_007947941.1_16|[Enterobacteria_phage_phi80_(Lula)]minor_tail_protein|13636..13974|112	0.155	120	94	0	1	120	1	112	3.867E-05	288
1_cl100_K1G_DT	NC_019706.1|YP_007111517.1_14|[Enterobacteria_phage_mEp043_c-1]minor_tail_protein|12702..13040|112	0.155	120	94	0	1	120	1	112	3.867E-05	288
1_cl100_K1G_DT	NC_019720.1|YP_007112357.1_14|[Enterobacteria_phage_mEp213]minor_tail_protein|12702..13040|112	0.155	120	94	0	1	120	1	112	3.867E-05	288
1_cl100_K1G_DT	NC_024217.1|YP_009037310.1_120|[Nitrincola_phage_1M3-16]hypothetical_protein|complement(64505..64858)|117	0.198	115	91	0	2	116	1	115	4.087E-05	287
1_cl100_K1G_DT	NC_004902.1|NP_858966.1_19|[Xanthomonas_phage_Xp10]virion_structural_protein|13362..13718|118	0.142	116	99	0	4	119	2	117	4.826E-05	284
1_cl100_K1G_DT	NC_006949.1|YP_224161.1_23|[Enterobacteria_phage_ES18]minor_tail_protein|17169..17516|115	0.193	117	91	0	4	120	1	114	6.023E-05	280
1_cl100_K1G_DT	NC_048166.1|YP_009820346.1_15|[Pseudomonas_phage_Lana]minor_tail_protein|16872..17201|109	0.160	110	88	0	11	120	3	108	6.729E-05	278
1_cl100_K1G_DT	NC_007024.1|YP_239288.1_20|[Xanthomonas_phage_Xp15]virion_structural_protein|16353..16724|123	0.126	119	101	0	4	120	2	120	6.729E-05	278
1_cl100_K1G_DT	NC_019933.2|YP_007238089.1_19|[Xanthomonas_phage_CP1]virion_structural_protein|14827..15189|120	0.140	118	99	0	4	119	2	119	7.518E-05	276
1_cl100_K1G_DT	NC_018279.1|YP_006560828.1_22|[Salmonella_phage_vB_SosS_Oslo]minor_tail_protein|15584..15931|115	0.195	119	91	0	2	120	1	114	9.917E-05	271
1_cl100_K1G_DT	NC_019545.1|YP_007011001.1_31|[Salmonella_phage_SPN3UB]minor_tail_protein|18861..19208|115	0.190	119	92	0	2	120	1	114	1.108E-04	269
1_cl100_K1G_DT	NC_071020.1|YP_010677399.1_91|[Stenotrophomonas_phage_BUCT626]hypothetical_protein|complement(54409..54771)|120	0.132	119	100	0	4	119	2	120	1.238E-04	267
1_cl100_K1G_DT	NC_015465.1|YP_004421739.1_17|[Synechococcus_phage_S-CBS3]minor_tail_protein|17265..17633|122	0.144	119	100	0	4	121	2	120	1.928E-04	259
1_cl100_K1G_DT	NC_070772.1|YP_010649711.1_24|[Vibrio_phage_Seahorse]hypothetical_protein|20900..21397|165	0.176	155	120	0	6	160	18	164	2.406E-04	255
1_cl100_K1G_DT	NC_071019.1|YP_010677215.1_9|[Stenotrophomonas_phage_vB_SmaS_BUCT548]hypothetical_protein|7128..7490|120	0.140	119	98	0	4	118	2	120	2.544E-04	254
1_cl100_K1G_DT	NC_071021.1|YP_010677479.1_73|[Stenotrophomonas_phage_BUCT627]hypothetical_protein|complement(42907..43269)|120	0.140	119	98	0	4	118	2	120	2.544E-04	254
1_cl100_K1G_DT	NC_047786.1|YP_009787821.1_47|[Salmonella_phage_vB_SenS_Sasha]virion_structural_protein|27788..28291|167	0.218	162	125	0	3	164	6	166	3.004E-04	251
1_cl100_K1G_DT	NC_070823.1|YP_010655299.1_73|[Pseudoalteromonas_phage_vB_PspS-H40/1]hypothetical_protein|44860..45306|148	0.158	119	84	0	1	119	13	113	3.175E-04	250
1_cl100_K1G_DT	NC_016158.1|YP_004934049.1_19|[Escherichia_phage_HK639]minor_tail_protein|16608..17015|135	0.099	118	98	0	2	119	23	132	3.749E-04	247
1_cl100_K1G_DT	NC_021784.1|YP_008240316.1_12|[Thermus_phage_phi_OH2]endolysin|complement(7204..7875)|223	0.120	119	97	0	10	120	19	137	4.427E-04	244
1_cl100_K1G_DT	NC_015463.1|YP_004421477.1_23|[Synechococcus_phage_S-CBS2]unknown_structural_protein|15824..16180|118	0.127	108	89	0	14	116	10	117	4.679E-04	243
1_cl100_K1G_DT	NC_071017.1|YP_010677054.1_50|[Stenotrophomonas_phage_Salva]hypothetical_protein|25137..25502|121	0.123	119	101	0	4	119	2	120	4.679E-04	243
1_cl100_K1G_DT	NC_048878.1|YP_009859586.1_37|[Alteromonas_phage_vB_AcoS-R7M]glycoside_hydrolase|26139..26753|204	0.106	203	105	0	1	119	2	204	5.227E-04	241
1_cl100_K1G_DT	NC_021558.1|YP_008129880.1_14|[Paenibacillus_phage_PG1]hypothetical_protein|7972..8331|119	0.161	107	89	0	11	117	13	119	5.839E-04	239
1_cl100_K1G_DT	NC_025443.1|YP_009101221.1_51|[Salmonella_phage_9NA]virion_structural_protein|28178..28681|167	0.204	155	119	0	10	164	17	166	6.172E-04	238
1_cl100_K1G_DT	NC_071018.1|YP_010677153.1_47|[Stenotrophomonas_phage_Siara]minor_tail_protein|24189..24554|121	0.132	119	100	0	4	119	2	120	6.524E-04	237
1_cl100_K1G_DT	NC_012742.1|YP_002922631.1_17|[Xanthomonas_phage_phiL7]virion_structural_protein|13581..13940|119	0.125	117	100	0	5	119	3	119	7.703E-04	234
1_cl100_K1G_DT	NC_016164.1|YP_004934618.1_18|[Synechococcus_phage_S-CBS1]minor_tail_protein|16762..17130|122	0.157	119	99	0	4	121	2	120	7.703E-04	234
1_cl100_K1G_DT	NC_048728.1|YP_009840833.1_37|[Streptomyces_phage_Comrade]minor_tail_protein|30898..31299|133	0.163	107	82	0	18	116	26	132	8.142E-04	233
1_cl100_K1G_DT	NC_022914.1|YP_008853738.1_15|[Staphylococcus_phage_phiRS7]tail_family_protein|14078..14881|267	0.116	121	105	0	1	120	1	121	8.606E-04	232
1_cl100_K1G_DT	NC_028895.1|YP_009207593.1_128|[Vibrio_phage_phi_3]distal_tail_protein|complement(90316..90936)|206	0.100	206	105	0	2	119	1	206	9.096E-04	231
1_cl100_K1G_DT	NC_047882.1|YP_009794800.1_117|[Vibrio_phage_JSF12]distal_tail_protein|75589..76209|206	0.100	206	105	0	2	119	1	206	9.096E-04	231
1_cl100_K1G_DT	NC_042074.1|YP_009618491.1_95|[Vibrio_phage_JSF10]distal_tail_protein|complement(69330..69950)|206	0.100	206	105	0	2	119	1	206	9.096E-04	231
1_cl100_K1G_DT	NC_071011.1|YP_010676308.1_51|[Klebsiella_phage_vB_KpnS-Carvaje]virion_structural_protein|27754..28257|167	0.182	154	121	0	10	163	17	165	9.614E-04	230
1_cl100_K1G_DT	NC_073094.1|YP_010742925.1_45|[Xanthomonas_phage_Langgrundblatt2]hypothetical_protein|23950..24579|209	0.075	194	109	0	1	119	3	196	9.614E-04	230
1_cl100_VLCpiS11a_DT	NC_069154.1|YP_010582691.1_40|[Klebsiella_phage_VLCpiS11a]virion_structural_protein|complement(25256..25750)|164	1.000	164	0	0	1	164	1	164	7.217E-23	988
1_cl100_VLCpiS11a_DT	NC_028695.2|YP_009191448.1_40|[Enterobacter_phage_phiEap-2]hypothetical_protein|21610..22104|164	0.823	164	29	0	1	164	1	164	3.392E-21	921
1_cl100_VLCpiS11a_DT	NC_021563.1|YP_008130357.1_64|[Serratia_phage_Eta]hypothetical_protein|36442..36936|164	0.750	164	41	0	1	164	1	164	1.336E-18	817
1_cl100_VLCpiS11a_DT	NC_073213.1|YP_010748406.1_26|[Salmonella_phage_vB_SenS_SB3]hypothetical_protein|17765..18265|166	0.614	166	63	0	1	164	1	166	2.116E-18	809
1_cl100_VLCpiS11a_DT	NC_073196.1|YP_010747352.1_5|[Salmonella_phage_NBSal006]hypothetical_protein|complement(3960..4460)|166	0.614	166	63	0	1	164	1	166	2.116E-18	809
1_cl100_VLCpiS11a_DT	NC_073219.1|YP_010748806.1_39|[Salmonella_phage_sidste]hypothetical_protein|23863..24363|166	0.614	166	63	0	1	164	1	166	2.820E-18	804
1_cl100_VLCpiS11a_DT	NC_073218.1|YP_010748749.1_38|[Salmonella_phage_demigod]hypothetical_protein|24667..25167|166	0.614	166	63	0	1	164	1	166	2.820E-18	804
1_cl100_VLCpiS11a_DT	NC_073199.1|YP_010747561.1_29|[Salmonella_phage_S102]hypothetical_protein|19783..20283|166	0.614	166	63	0	1	164	1	166	2.987E-18	803
1_cl100_VLCpiS11a_DT	NC_073198.1|YP_010747531.1_59|[Salmonella_phage_vB_SenS_ER21]hypothetical_protein|complement(40052..40552)|166	0.614	166	63	0	1	164	1	166	2.987E-18	803
1_cl100_VLCpiS11a_DT	NC_073197.1|YP_010747470.1_58|[Salmonella_phage_vB_SenS_ER23]hypothetical_protein|40103..40603|166	0.614	166	63	0	1	164	1	166	2.987E-18	803
1_cl100_VLCpiS11a_DT	NC_069155.1|YP_010582758.1_50|[Serratia_phage_Tsm2]hypothetical_protein|30094..30588|164	0.743	164	42	0	1	164	1	164	3.164E-18	802
1_cl100_VLCpiS11a_DT	NC_073169.1|YP_010745715.1_18|[Salmonella_phage_SS5]hypothetical_protein|complement(15759..16259)|166	0.620	166	62	0	1	164	1	166	3.351E-18	801
1_cl100_VLCpiS11a_DT	NC_073202.1|YP_010747772.1_47|[Salmonella_phage_celemicas]hypothetical_protein|25526..26026|166	0.620	166	62	0	1	164	1	166	3.759E-18	799
1_cl100_VLCpiS11a_DT	NC_073209.1|YP_010748162.1_6|[Salmonella_phage_GRNsp50]hypothetical_protein|complement(5544..6044)|166	0.620	166	62	0	1	164	1	166	3.759E-18	799
1_cl100_VLCpiS11a_DT	NC_073173.1|YP_010745993.1_42|[Salmonella_phage_blauehaus]hypothetical_protein|23963..24463|166	0.620	166	62	0	1	164	1	166	3.759E-18	799
1_cl100_VLCpiS11a_DT	NC_073178.1|YP_010746288.1_31|[Salmonella_phage_vB_SenS_TUMS_E19]hypothetical_protein|20086..20586|166	0.620	166	62	0	1	164	1	166	3.759E-18	799
1_cl100_VLCpiS11a_DT	NC_073200.1|YP_010747627.1_31|[Salmonella_phage_S100]hypothetical_protein|20810..21310|166	0.620	166	62	0	1	164	1	166	3.759E-18	799
1_cl100_VLCpiS11a_DT	NC_073203.1|YP_010747823.1_31|[Salmonella_phage_MET_P1_001_43]hypothetical_protein|19249..19749|166	0.620	166	62	0	1	164	1	166	3.759E-18	799
1_cl100_VLCpiS11a_DT	NC_073201.1|YP_010747703.1_41|[Salmonella_phage_dunkel]hypothetical_protein|25780..26280|166	0.620	166	62	0	1	164	1	166	3.759E-18	799
1_cl100_VLCpiS11a_DT	NC_073186.1|YP_010746744.1_32|[Salmonella_phage_vB_SenS_PVP-SE2]hypothetical_protein|complement(23538..24038)|166	0.620	166	62	0	1	164	1	166	3.759E-18	799
1_cl100_VLCpiS11a_DT	NC_041992.1|YP_009608663.1_42|[Salmonella_phage_wksl3]hypothetical_protein|complement(27064..27564)|166	0.614	166	63	0	1	164	1	166	3.982E-18	798
1_cl100_VLCpiS11a_DT	NC_073190.1|YP_010747004.1_50|[Salmonella_phage_vB_SenS_S528]hypothetical_protein|24404..24904|166	0.614	166	63	0	1	164	1	166	4.217E-18	797
1_cl100_VLCpiS11a_DT	NC_073207.1|YP_010748064.1_18|[Salmonella_phage_SHWT1]hypothetical_protein|complement(17411..17911)|166	0.614	166	63	0	1	164	1	166	4.217E-18	797
1_cl100_VLCpiS11a_DT	NC_073189.1|YP_010746947.1_55|[Salmonella_phage_JD01]hypothetical_protein|complement(38045..38545)|166	0.614	166	63	0	1	164	1	166	4.217E-18	797
1_cl100_VLCpiS11a_DT	NC_073193.1|YP_010747216.1_59|[Salmonella_phage_vB_SalS-S10]hypothetical_protein|39171..39671|166	0.614	166	63	0	1	164	1	166	4.217E-18	797
1_cl100_VLCpiS11a_DT	NC_073192.1|YP_010747095.1_6|[Salmonella_phage_F118P13]hypothetical_protein|complement(5673..6173)|166	0.614	166	63	0	1	164	1	166	4.217E-18	797
1_cl100_VLCpiS11a_DT	NC_073188.1|YP_010746874.1_48|[Salmonella_phage_vB_SenS_S532]hypothetical_protein|24316..24816|166	0.614	166	63	0	1	164	1	166	4.217E-18	797
1_cl100_VLCpiS11a_DT	NC_073184.1|YP_010746642.1_32|[Salmonella_phage_F12013]tail_protein|complement(23758..24258)|166	0.614	166	63	0	1	164	1	166	4.731E-18	795
1_cl100_VLCpiS11a_DT	NC_073208.1|YP_010748125.1_26|[Salmonella_phage_SLMP1]hypothetical_protein|complement(20699..21199)|166	0.620	166	62	0	1	164	1	166	5.307E-18	793
1_cl100_VLCpiS11a_DT	NC_073176.1|YP_010746159.1_28|[Salmonella_virus_VSe101]hypothetical_protein|19414..19914|166	0.620	166	62	0	1	164	1	166	5.307E-18	793
1_cl100_VLCpiS11a_DT	NC_073211.1|YP_010748298.1_37|[Salmonella_phage_T102]hypothetical_protein|22571..23071|166	0.620	166	62	0	1	164	1	166	5.307E-18	793
1_cl100_VLCpiS11a_DT	NC_073316.1|YP_010749009.1_30|[Escherichia_phage_vB_EcoS_fFiEco02]hypothetical_protein|19687..20187|166	0.590	166	67	0	1	164	1	166	5.621E-18	792
1_cl100_VLCpiS11a_DT	NC_069156.1|YP_010582773.1_5|[Serratia_phage_vB_SmaM-Otaku]hypothetical_protein|complement(4881..5375)|164	0.750	164	41	0	1	164	1	164	5.953E-18	791
1_cl100_VLCpiS11a_DT	NC_073215.1|YP_010748512.1_4|[Salmonella_phage_SGPC]tail_protein|complement(1472..1972)|166	0.608	166	64	0	1	164	1	166	5.953E-18	791
1_cl100_VLCpiS11a_DT	NC_073183.1|YP_010746577.1_24|[Salmonella_phage_NBSal007]hypothetical_protein|complement(21183..21683)|166	0.602	166	65	0	1	164	1	166	6.305E-18	790
1_cl100_VLCpiS11a_DT	NC_006940.2|YP_308655.1_54|[Salmonella_phage_SS3e]hypothetical_protein|complement(36137..36637)|166	0.608	166	64	0	1	164	1	166	6.678E-18	789
1_cl100_VLCpiS11a_DT	NC_073212.1|YP_010748343.1_28|[Salmonella_phage_ZCSE9]hypothetical_protein|19068..19568|166	0.608	166	64	0	1	164	1	166	6.678E-18	789
1_cl100_VLCpiS11a_DT	NC_073191.1|YP_010747048.1_26|[Salmonella_phage_vB_SenS-EnJE6]hypothetical_protein|complement(19818..20318)|166	0.608	166	64	0	1	164	1	166	7.073E-18	788
1_cl100_VLCpiS11a_DT	NC_073194.1|YP_010747222.1_3|[Salmonella_phage_vB_SalP_LDW16]hypothetical_protein|complement(1350..1850)|166	0.614	166	63	0	1	164	1	166	1.058E-17	781
1_cl100_VLCpiS11a_DT	NC_073182.1|YP_010746525.1_29|[Salmonella_virus_VSe103]hypothetical_protein|19773..20273|166	0.614	166	63	0	1	164	1	166	1.257E-17	778
1_cl100_VLCpiS11a_DT	NC_073181.1|YP_010746468.1_30|[Salmonella_phage_5sent1]minor_tail_protein|19967..20467|166	0.614	166	63	0	1	164	1	166	1.257E-17	778
1_cl100_VLCpiS11a_DT	NC_073179.1|YP_010746349.1_30|[Salmonella_phage_vB_SenS_TUMS_E4]hypothetical_protein|20065..20565|166	0.614	166	63	0	1	164	1	166	1.257E-17	778
1_cl100_VLCpiS11a_DT	NC_009232.2|YP_001110816.2_27|[Salmonella_phage_SETP3]hypothetical_protein|18460..18960|166	0.608	166	64	0	1	164	1	166	1.257E-17	778
1_cl100_VLCpiS11a_DT	NC_019539.1|YP_007010481.1_28|[Salmonella_phage_vB_SenS-Ent1]hypothetical_protein|18977..19477|166	0.614	166	63	0	1	164	1	166	1.257E-17	778
1_cl100_VLCpiS11a_DT	NC_073185.1|YP_010746711.1_42|[Salmonella_phage_PBSE191]hypothetical_protein|39461..39961|166	0.614	166	63	0	1	164	1	166	1.257E-17	778
1_cl100_VLCpiS11a_DT	NC_073216.1|YP_010748575.1_5|[Salmonella_phage_STP03]hypothetical_protein|complement(5491..5991)|166	0.602	166	65	0	1	164	1	166	1.410E-17	776
1_cl100_VLCpiS11a_DT	NC_048181.1|YP_009821861.1_25|[Raoultella_phage_RP180]hypothetical_protein|19172..19666|164	0.707	164	48	0	1	164	1	164	1.493E-17	775
1_cl100_VLCpiS11a_DT	NC_069150.1|YP_010582406.1_33|[Salmonella_phage_vB_STM-ZS]hypothetical_protein|complement(22605..23105)|166	0.626	166	61	0	1	164	1	166	1.493E-17	775
1_cl100_VLCpiS11a_DT	NC_027994.1|YP_009168856.1_24|[Escherichia_phage_K1H]hypothetical_protein|16248..16748|166	0.602	166	65	0	1	164	1	166	1.493E-17	775
1_cl100_VLCpiS11a_DT	NC_069146.1|YP_010582164.1_57|[Salmonella_phage_St162]hypothetical_protein|36455..36955|166	0.626	166	61	0	1	164	1	166	1.493E-17	775
1_cl100_VLCpiS11a_DT	NC_069148.1|YP_010582260.1_27|[Salmonella_phage_TS6]hypothetical_protein|complement(19322..19822)|166	0.626	166	61	0	1	164	1	166	1.493E-17	775
1_cl100_VLCpiS11a_DT	NC_069149.1|YP_010582359.1_61|[Salmonella_phage_vB_SenTO17]hypothetical_protein|complement(31844..32344)|166	0.626	166	61	0	1	164	1	166	1.493E-17	775
1_cl100_VLCpiS11a_DT	NC_027993.1|YP_009168807.1_27|[Escherichia_phage_K1G]hypothetical_protein|17937..18437|166	0.602	166	65	0	1	164	1	166	1.493E-17	775
1_cl100_VLCpiS11a_DT	NC_069151.1|YP_010582466.1_34|[Salmonella_phage_vB_SenS_SE1]hypothetical_protein|complement(21758..22258)|166	0.626	166	61	0	1	164	1	166	1.493E-17	775
1_cl100_VLCpiS11a_DT	NC_022754.1|YP_008767198.1_27|[Salmonella_phage_SETP7]hypothetical_protein|17572..18072|166	0.602	166	65	0	1	164	1	166	1.581E-17	774
1_cl100_VLCpiS11a_DT	NC_073174.1|YP_010746054.1_42|[Salmonella_phage_wast]hypothetical_protein|23773..24273|166	0.608	166	64	0	1	164	1	166	1.581E-17	774
1_cl100_VLCpiS11a_DT	NC_073187.1|YP_010746797.1_25|[Salmonella_phage_vB_SenS-EnJE1]hypothetical_protein|complement(22305..22805)|166	0.608	166	64	0	1	164	1	166	1.581E-17	774
1_cl100_VLCpiS11a_DT	NC_093713.1|YP_011217263.1_8|[Escherichia_phage_P_AB-2017]hypothetical_protein|complement(8713..9213)|166	0.596	166	66	0	1	164	1	166	1.581E-17	774
1_cl100_VLCpiS11a_DT	NC_022752.1|YP_008767027.1_28|[Salmonella_phage_SETP13]hypothetical_protein|18112..18612|166	0.608	166	64	0	1	164	1	166	1.581E-17	774
1_cl100_VLCpiS11a_DT	NC_073317.1|YP_010749084.1_28|[Escherichia_phage_vB_EcoS_fPoEco01]hypothetical_protein|18289..18789|166	0.584	166	68	0	1	164	1	166	1.581E-17	774
1_cl100_VLCpiS11a_DT	NC_073172.1|YP_010745932.1_46|[Salmonella_phage_skrot]hypothetical_protein|24902..25402|166	0.602	166	65	0	1	164	1	166	1.774E-17	772
1_cl100_VLCpiS11a_DT	NC_093712.1|YP_011217191.1_3|[Escherichia_phage_L_AB-2017]hypothetical_protein|complement(1052..1552)|166	0.590	166	67	0	1	164	1	166	1.879E-17	771
1_cl100_VLCpiS11a_DT	NC_073195.1|YP_010747307.1_28|[Salmonella_phage_Shelanagig]hypothetical_protein|18443..18943|166	0.602	166	65	0	1	164	1	166	2.652E-17	765
1_cl100_VLCpiS11a_DT	NC_041991.1|YP_009608582.1_27|[Salmonella_phage_vB_SenS_AG11]hypothetical_protein|17728..18228|166	0.602	166	65	0	1	164	1	166	3.151E-17	762
1_cl100_VLCpiS11a_DT	NC_073175.1|YP_010746101.1_29|[Salmonella_virus_VSt10]hypothetical_protein|19072..19572|166	0.608	166	64	0	1	164	1	166	3.744E-17	759
1_cl100_VLCpiS11a_DT	NC_073321.1|YP_010749394.1_37|[Escherichia_phage_ZCEC5]hypothetical_protein|20117..20617|166	0.579	166	69	0	1	164	1	166	3.744E-17	759
1_cl100_VLCpiS11a_DT	NC_073314.1|YP_010748874.1_48|[Escherichia_virus_fEg-Eco19]hypothetical_protein|24956..25456|166	0.590	166	67	0	1	164	1	166	3.966E-17	758
1_cl100_VLCpiS11a_DT	NC_073214.1|YP_010748481.1_38|[Salmonella_phage_vB_SenS_ER1]hypothetical_protein|21670..22170|166	0.602	166	65	0	1	164	1	166	4.712E-17	755
1_cl100_VLCpiS11a_DT	NC_073217.1|YP_010748688.1_48|[Salmonella_phage_pink]hypothetical_protein|25082..25582|166	0.602	166	65	0	1	164	1	166	4.712E-17	755
1_cl100_VLCpiS11a_DT	NC_069147.1|YP_010582233.1_64|[Salmonella_phage_GRNsp27]hypothetical_protein|40507..41007|166	0.626	166	61	0	1	164	1	166	5.598E-17	752
1_cl100_VLCpiS11a_DT	NC_028698.1|YP_009191569.1_16|[Salmonella_phage_f18SE]hypothetical_protein|complement(15923..16423)|166	0.608	166	64	0	1	164	1	166	6.280E-17	750
1_cl100_VLCpiS11a_DT	NC_021775.1|YP_008239652.1_55|[Salmonella_phage_FSL_SP-031]hypothetical_protein|36428..36928|166	0.626	166	61	0	1	164	1	166	6.651E-17	749
1_cl100_VLCpiS11a_DT	NC_069153.1|YP_010582605.1_27|[Salmonella_virus_VSiP]hypothetical_protein|18017..18517|166	0.620	166	62	0	1	164	1	166	7.903E-17	746
1_cl100_VLCpiS11a_DT	NC_042084.1|YP_009620106.1_26|[Escherichia_phage_VB_EcoS-Golestan]hypothetical_protein|17370..18788|472	0.573	164	69	0	1	162	1	164	8.370E-17	745
1_cl100_VLCpiS11a_DT	NC_021777.1|YP_008239738.1_29|[Salmonella_phage_Jersey]hypothetical_protein|20172..20672|166	0.620	166	62	0	1	164	1	166	1.053E-16	741
1_cl100_VLCpiS11a_DT	NC_069152.1|YP_010582522.1_27|[Salmonella_phage_Shemara]hypothetical_protein|18129..18629|166	0.608	166	64	0	1	164	1	166	1.053E-16	741
1_cl100_VLCpiS11a_DT	NC_073322.1|YP_010749475.1_46|[Escherichia_phage_vB_EcoS-Ro145c2YLVW]hypothetical_protein|23553..24026|157	0.696	155	47	0	10	164	3	157	1.871E-16	731
1_cl100_VLCpiS11a_DT	NC_073320.1|YP_010749347.1_61|[Escherichia_phage_26]hypothetical_protein|32941..33414|157	0.703	155	46	0	10	164	3	157	2.963E-16	723
1_cl100_VLCpiS11a_DT	NC_073323.1|YP_010749527.1_27|[Escherichia_phage_vB_EcoS-phiEc3]minor_tail_protein|17198..18616|472	0.540	148	67	0	1	146	1	148	5.576E-16	712
1_cl100_VLCpiS11a_DT	NC_073319.1|YP_010749258.1_53|[Escherichia_phage_SZH-1]hypothetical_protein|complement(25719..26192)|157	0.709	155	45	0	10	164	3	157	6.255E-16	710
1_cl100_VLCpiS11a_DT	NC_041898.1|YP_009597357.1_26|[Escherichia_phage_K1ind2]hypothetical_protein|16992..18392|466	0.578	147	61	0	1	145	1	147	1.049E-15	701
1_cl100_VLCpiS11a_DT	NC_041897.1|YP_009597306.1_26|[Escherichia_phage_K1ind1]hypothetical_protein|16991..18391|466	0.590	144	58	0	1	142	1	144	1.569E-15	694
1_cl100_VLCpiS11a_DT	NC_073325.1|YP_010749670.1_4|[Escherichia_phage_vB_EcoS_XY1]minor_tail_protein|complement(3811..5211)|466	0.544	145	65	0	1	143	1	145	2.631E-15	685
1_cl100_VLCpiS11a_DT	NC_073324.1|YP_010749624.1_44|[Escherichia_phage_vB_EcoS-22664BS2]hypothetical_protein|22068..23465|465	0.559	142	61	0	1	140	1	142	3.126E-15	682
1_cl100_VLCpiS11a_DT	NC_025466.1|YP_009103926.1_40|[Shewanella_sp._phage_3/49]hypothetical_protein|23325..23825|166	0.546	163	73	0	1	161	1	163	3.934E-15	678
1_cl100_VLCpiS11a_DT	NC_073318.1|YP_010749194.1_61|[Escherichia_phage_NTEC3]hypothetical_protein|complement(34314..35714)|466	0.553	148	65	0	1	146	1	148	1.475E-14	655
1_cl100_VLCpiS11a_DT	NC_073315.1|YP_010748930.1_28|[Escherichia_phage_vB_EcoS_fFiEco03]hypothetical_protein|17935..19305|456	0.729	133	36	0	8	140	1	133	5.531E-14	632
1_cl100_VLCpiS11a_DT	NC_016763.1|YP_005098153.1_57|[Salmonella_phage_SE2]hypothetical_protein|37051..37494|147	0.589	146	59	0	21	164	2	147	3.479E-13	600
1_cl100_VLCpiS11a_DT	NC_073170.1|YP_010745802.1_38|[Salmonella_phage_SE-W109]hypothetical_protein|complement(24001..24444)|147	0.589	146	59	0	21	164	2	147	3.479E-13	600
1_cl100_VLCpiS11a_DT	NC_024204.1|YP_009035165.1_28|[Salmonella_phage_vB_SenS-Ent3]hypothetical_protein|19099..19542|147	0.595	146	58	0	21	164	2	147	4.133E-13	597
1_cl100_VLCpiS11a_DT	NC_023608.1|YP_009009952.1_28|[Salmonella_phage_vB_SenS-Ent2]hypothetical_protein|19095..19538|147	0.595	146	58	0	21	164	2	147	4.133E-13	597
1_cl100_VLCpiS11a_DT	NC_021317.1|YP_008058254.1_8|[Salmonella_phage_L13]hypothetical_protein|complement(7496..7939)|147	0.595	146	58	0	21	164	2	147	4.133E-13	597
1_cl100_VLCpiS11a_DT	NC_031021.1|YP_009280168.1_40|[Salmonella_phage_MA12]hypothetical_protein|complement(28634..29077)|147	0.595	146	58	0	21	164	2	147	4.133E-13	597
1_cl100_VLCpiS11a_DT	NC_073206.1|YP_010748033.1_49|[Salmonella_phage_CTH7]hypothetical_protein|complement(32715..33158)|147	0.595	146	58	0	21	164	2	147	1.231E-12	578
1_cl100_VLCpiS11a_DT	NC_073205.1|YP_010747958.1_31|[Salmonella_phage_LP31]hypothetical_protein|20982..21425|147	0.595	146	58	0	21	164	2	147	1.304E-12	577
1_cl100_VLCpiS11a_DT	NC_073210.1|YP_010748238.1_23|[Salmonella_phage_fmb-p1]hypothetical_protein|complement(23471..23914)|147	0.602	146	57	0	21	164	2	147	1.463E-12	575
1_cl100_VLCpiS11a_DT	NC_073204.1|YP_010747918.1_50|[Salmonella_phage_LPSE1]hypothetical_protein|33185..33628|147	0.582	146	60	0	21	164	2	147	1.738E-12	572
1_cl100_VLCpiS11a_DT	NC_031925.1|YP_009322856.1_49|[Salmonella_phage_BPS11Q3]hypothetical_protein|complement(33054..33497)|147	0.582	146	60	0	21	164	2	147	1.738E-12	572
1_cl100_VLCpiS11a_DT	NC_026017.1|YP_009113175.1_28|[Salmonella_phage_LSPA1]hypothetical_protein|19764..20207|147	0.575	146	61	0	21	164	2	147	2.753E-12	564
1_cl100_VLCpiS11a_DT	NC_042065.1|YP_009617944.1_25|[Salmonella_phage_FSL_SP-101]hypothetical_protein|17112..17555|147	0.582	146	60	0	21	164	2	147	2.916E-12	563
1_cl100_VLCpiS11a_DT	NC_054651.1|YP_010054281.1_6|[Escherichia_phage_C1]hypothetical_protein|complement(6554..7027)|157	0.219	157	122	0	1	157	1	157	2.161E-09	448
1_cl100_VLCpiS11a_DT	NC_031924.1|YP_009322780.1_67|[Salmonella_phage_IME207]hypothetical_protein|28806..29282|158	0.220	161	122	0	1	161	1	158	3.232E-09	441
1_cl100_VLCpiS11a_DT	NC_054641.1|YP_010053509.1_61|[Salmonella_virus_KFS-SE2]hypothetical_protein|complement(34627..35097)|156	0.243	156	112	0	2	150	1	156	7.225E-09	427
1_cl100_VLCpiS11a_DT	NC_054648.1|YP_010054082.1_62|[Salmonella_phage_vB_Se_STGO-35-1]minor_tail_protein|29548..30021|157	0.213	157	123	0	1	157	1	157	7.225E-09	427
1_cl100_VLCpiS11a_DT	NC_054642.1|YP_010053565.1_32|[Salmonella_phage_Seszw_1]hypothetical_protein|17534..18007|157	0.242	157	113	0	1	150	1	157	7.652E-09	426
1_cl100_VLCpiS11a_DT	NC_054647.1|YP_010053951.1_16|[Salmonella_phage_Akira]hypothetical_protein|complement(13949..14422)|157	0.206	151	117	0	1	148	1	151	8.105E-09	425
1_cl100_VLCpiS11a_DT	NC_031918.1|YP_009322249.1_52|[Salmonella_phage_64795_sal3]hypothetical_protein|27290..27772|160	0.229	157	115	0	1	150	4	160	9.092E-09	423
1_cl100_VLCpiS11a_DT	NC_029066.1|YP_009222842.1_72|[Pseudomonas_phage_PS-1]virion_structural_protein|40548..41054|168	0.188	167	125	0	4	158	2	168	1.283E-08	417
1_cl100_VLCpiS11a_DT	NC_071152.1|YP_010685763.1_30|[Klebsiella_phage_VLCpiS13a]virion_structural_protein|17455..17925|156	0.196	156	125	0	2	157	1	156	1.525E-08	414
1_cl100_VLCpiS11a_DT	NC_054640.1|YP_010053420.1_47|[Salmonella_phage_Segz_1]hypothetical_protein|23514..23987|157	0.208	157	124	0	1	157	1	157	1.615E-08	413
1_cl100_VLCpiS11a_DT	NC_025471.1|YP_009104265.1_28|[Idiomarinaceae_phage_Phi1M2-2]virion_structural_protein|16209..16694|161	0.216	158	120	0	4	157	2	159	1.919E-08	410
1_cl100_VLCpiS11a_DT	NC_010495.1|YP_001742072.1_35|[Salmonella_phage_Vi_II-E1]hypothetical_protein|24365..24835|156	0.237	156	113	0	2	150	1	156	2.033E-08	409
1_cl100_VLCpiS11a_DT	NC_054639.1|YP_010053346.1_63|[Salmonella_phage_Skate]hypothetical_protein|28397..28873|158	0.212	151	116	0	1	148	1	151	2.033E-08	409
1_cl100_VLCpiS11a_DT	NC_054638.1|YP_010053258.1_48|[Salmonella_phage_vB_SenS_SB28]hypothetical_protein|24344..24814|156	0.190	156	126	0	2	157	1	156	2.280E-08	407
1_cl100_VLCpiS11a_DT	NC_054637.1|YP_010053153.1_29|[Escherichia_phage_vB_EcoS_Sa179lw]hypothetical_protein|15910..16383|157	0.198	157	125	0	1	157	1	157	2.415E-08	406
1_cl100_VLCpiS11a_DT	NC_054650.1|YP_010054212.1_16|[Shigella_phage_DS8]hypothetical_protein|8852..9325|157	0.204	157	124	0	1	157	1	157	2.558E-08	405
1_cl100_VLCpiS11a_DT	NC_071157.1|YP_010686190.1_59|[Klebsiella_phage_VLCpiS13c]virion_structural_protein|complement(35238..35708)|156	0.214	156	122	0	2	157	1	156	2.869E-08	403
1_cl100_VLCpiS11a_DT	NC_070846.1|YP_010657369.1_2|[Salmonella_phage_LPSTLL]hypothetical_protein|1594..2067|157	0.203	160	124	0	2	161	1	157	3.039E-08	402
1_cl100_VLCpiS11a_DT	NC_028819.1|YP_009200200.1_14|[Pseudoalteromonas_phage_H103]virion_structural_protein|complement(10119..10595)|158	0.193	152	119	0	2	149	3	154	3.219E-08	401
1_cl100_VLCpiS11a_DT	NC_071146.1|YP_010685295.1_37|[Klebsiella_phage_vB_KpnS_MK54]minor_tail_protein|19423..19893|156	0.208	156	123	0	2	157	1	156	3.409E-08	400
1_cl100_VLCpiS11a_DT	NC_054645.1|YP_010053778.1_13|[Salmonella_phage_LPST10]hypothetical_protein|complement(11731..12204)|157	0.200	157	125	0	1	157	1	157	3.409E-08	400
1_cl100_VLCpiS11a_DT	NC_054646.1|YP_010053891.1_39|[Salmonella_phage_VB_StyS_BS5]hypothetical_protein|19802..20275|157	0.200	157	125	0	1	157	1	157	3.409E-08	400
1_cl100_VLCpiS11a_DT	NC_054644.1|YP_010053740.1_57|[Salmonella_virus_VSt472]hypothetical_protein|28620..29093|157	0.200	157	125	0	1	157	1	157	3.409E-08	400
1_cl100_VLCpiS11a_DT	NC_054649.1|YP_010054112.1_4|[Escherichia_phage_vB_EcoS_swi2]hypothetical_protein|complement(5668..6141)|157	0.218	157	122	0	1	157	1	157	4.290E-08	396
1_cl100_VLCpiS11a_DT	NC_028834.1|YP_009201754.1_20|[Achromobacter_phage_83-24]hypothetical_protein|15509..16585|358	0.209	123	94	0	1	120	129	251	4.290E-08	396
1_cl100_VLCpiS11a_DT	NC_054643.1|YP_010053681.1_76|[Salmonella_phage_SeSz-2]hypothetical_protein|39846..40316|156	0.237	156	113	0	2	150	1	156	4.544E-08	395
1_cl100_VLCpiS11a_DT	NC_071142.1|YP_010684975.1_52|[Klebsiella_phage_VLCpiS13d]virion_structural_protein|25572..26042|156	0.214	156	122	0	2	157	1	156	6.415E-08	389
1_cl100_VLCpiS11a_DT	NC_042037.1|YP_009614658.1_62|[Aeromonas_phage_pIS4-A]hypothetical_protein|32456..32926|156	0.214	156	122	0	2	157	1	156	6.794E-08	388
1_cl100_VLCpiS11a_DT	NC_071149.1|YP_010685562.1_68|[Klebsiella_phage_vB_Kpn_ZCKp20p]baseplate_wedge_protein|32709..33179|156	0.208	156	123	0	2	157	1	156	6.794E-08	388
1_cl100_VLCpiS11a_DT	NC_071156.1|YP_010686107.1_56|[Klebsiella_phage_6991]hypothetical_protein|28567..29037|156	0.208	156	123	0	2	157	1	156	6.794E-08	388
1_cl100_VLCpiS11a_DT	NC_021534.1|YP_008126232.1_68|[Vibrio_phage_pYD38-A]hypothetical_protein|complement(39512..39982)|156	0.214	156	122	0	2	157	1	156	6.794E-08	388
1_cl100_VLCpiS11a_DT	NC_071143.1|YP_010685006.1_3|[Flyfo_siphovirus_Tbat1_6]hypothetical_protein|3131..3601|156	0.214	156	122	0	2	157	1	156	6.794E-08	388
1_cl100_VLCpiS11a_DT	NC_071150.1|YP_010685647.1_69|[Klebsiella_phage_ZCKP8]minor_tail_protein|32402..32872|156	0.208	156	123	0	2	157	1	156	6.794E-08	388
1_cl100_VLCpiS11a_DT	NC_071151.1|YP_010685719.1_57|[Klebsiella_phage_vB_Kpn_ZC2]minor_tail_protein|32717..33187|156	0.208	156	123	0	2	157	1	156	6.794E-08	388
1_cl100_VLCpiS11a_DT	NC_002484.2|NP_061517.1_20|[Pseudomonas_phage_D3]virion_structural_protein|13793..14272|159	0.196	159	125	0	4	162	2	158	7.621E-08	386
1_cl100_VLCpiS11a_DT	NC_016765.1|YP_005098223.1_20|[Pseudomonas_phage_PMG1]virion_structural_protein|13837..14316|159	0.196	159	125	0	4	162	2	158	7.621E-08	386
1_cl100_VLCpiS11a_DT	NC_071144.1|YP_010685103.1_4|[Klebsiella_phage_VLCpiS13f]virion_structural_protein|complement(4718..5191)|157	0.214	157	123	0	1	157	1	157	8.072E-08	385
1_cl100_VLCpiS11a_DT	NC_071153.1|YP_010685868.1_57|[Klebsiella_phage_BUCT610]hypothetical_protein|27338..27808|156	0.214	156	122	0	2	157	1	156	1.140E-07	379
1_cl100_VLCpiS11a_DT	NC_071003.1|YP_010675369.1_21|[Enterobacter_phage_vB_EclS_CobraSix]hypothetical_protein|14964..15461|165	0.210	130	99	0	1	126	1	130	1.140E-07	379
1_cl100_VLCpiS11a_DT	NC_071155.1|YP_010686024.1_52|[Klebsiella_phage_VLCpiS13b]virion_structural_protein|26421..26891|156	0.208	156	123	0	2	157	1	156	1.805E-07	371
1_cl100_VLCpiS11a_DT	NC_073031.1|YP_010738739.1_12|[Janthinobacterium_phage_vB_JliS-Donnerlittchen]hypothetical_protein|6881..7357|158	0.190	130	103	0	4	133	2	129	1.805E-07	371
1_cl100_VLCpiS11a_DT	NC_019927.1|YP_007237618.1_44|[Cronobacter_phage_ENT47670]hypothetical_protein|46209..46706|165	0.196	164	128	0	1	164	1	160	1.805E-07	371
1_cl100_VLCpiS11a_DT	NC_016762.1|YP_005098084.1_57|[Pseudomonas_phage_phi297]virion_structural_protein|37368..37835|155	0.174	159	126	0	4	162	2	154	2.144E-07	368
1_cl100_VLCpiS11a_DT	NC_071145.1|YP_010685197.1_17|[Klebsiella_phage_VLCpiS13e]virion_structural_protein|10270..10743|157	0.201	157	125	0	1	157	1	157	2.144E-07	368
1_cl100_VLCpiS11a_DT	NC_048198.1|YP_009824047.1_17|[Erwinia_phage_vB_EhrS_59]hypothetical_protein|14104..14601|165	0.187	163	129	0	2	164	1	160	2.405E-07	366
1_cl100_VLCpiS11a_DT	NC_074664.1|YP_010773482.1_14|[Pseudomonas_phage_BUCT566]hypothetical_protein|10993..11460|155	0.176	159	125	0	4	162	2	154	2.548E-07	365
1_cl100_VLCpiS11a_DT	NC_011373.1|YP_002284353.1_19|[Pseudomonas_phage_PAJU2]virion_structural_protein|14682..15146|154	0.213	146	112	0	4	146	2	147	3.206E-07	361
1_cl100_VLCpiS11a_DT	NC_074663.1|YP_010773399.1_9|[Pseudomonas_phage_vB_Pae_LC3I3]hypothetical_protein|6635..7102|155	0.165	159	127	0	4	162	2	154	3.395E-07	360
1_cl100_VLCpiS11a_DT	NC_030929.1|YP_009275521.1_34|[Pseudomonas_phage_JBD44]virion_structural_protein|21460..21927|155	0.165	159	127	0	4	162	2	154	3.395E-07	360
1_cl100_VLCpiS11a_DT	NC_071154.1|YP_010685917.1_23|[Klebsiella_phage_BUCT541]hypothetical_protein|complement(17295..17765)|156	0.204	156	123	0	2	157	1	156	3.395E-07	360
1_cl100_VLCpiS11a_DT	NC_054652.1|YP_010054356.1_5|[Klebsiella_phage_YX3973]hypothetical_protein|6251..6721|156	0.204	156	123	0	2	157	1	156	3.395E-07	360
1_cl100_VLCpiS11a_DT	NC_054654.1|YP_010054542.1_49|[Klebsiella_phage_vB_KpnS_ZX4]hypothetical_protein|25749..26219|156	0.204	156	123	0	2	157	1	156	3.395E-07	360
1_cl100_VLCpiS11a_DT	NC_054653.1|YP_010054428.1_13|[Klebsiella_virus_KpV2811]hypothetical_protein|complement(13683..14153)|156	0.204	127	99	0	2	126	1	127	4.526E-07	355
1_cl100_VLCpiS11a_DT	NC_054636.1|YP_010053061.1_17|[Shigella_phage_Sf11_SMD-2017]hypothetical_protein|complement(13880..15253)|457	0.204	160	124	0	1	160	1	157	4.526E-07	355
1_cl100_VLCpiS11a_DT	NC_031059.1|YP_009285933.1_48|[Rhodovulum_phage_vB_RhkS_P1]virion_structural_protein|27232..27588|118	0.165	118	98	0	2	119	1	118	6.767E-07	348
1_cl100_VLCpiS11a_DT	NC_009447.1|YP_001210237.1_17|[Burkholderia_phage_BcepGomr]virion_structural_protein|13816..14934|372	0.178	127	102	0	1	127	126	250	7.591E-07	346
1_cl100_VLCpiS11a_DT	NC_020839.1|YP_007673206.1_6|[Rhodobacter_phage_RC1]virion_structural_protein|complement(6559..6981)|140	0.172	138	95	0	1	116	1	138	1.072E-06	340
1_cl100_VLCpiS11a_DT	NC_020866.1|YP_007676430.1_51|[Rhodovulum_phage_RS1]virion_structural_protein|32787..33209|140	0.172	138	95	0	1	116	1	138	1.072E-06	340
1_cl100_VLCpiS11a_DT	NC_019541.1|YP_007010627.1_46|[Acinetobacter_phage_YMC/09/02/B1251]virion_structural_protein|33893..34291|132	0.201	130	99	0	4	133	2	126	1.797E-06	331
1_cl100_VLCpiS11a_DT	NC_028768.1|YP_009196207.1_22|[Achromobacter_phage_JWX]virion_structural_protein|16122..17195|357	0.178	123	98	0	1	120	128	250	1.904E-06	330
1_cl100_VLCpiS11a_DT	NC_007709.1|YP_453576.1_18|[Xanthomonas_phage_OP1]virion_structural_protein|13552..13905|117	0.193	116	93	0	4	119	2	117	3.015E-06	322
1_cl100_VLCpiS11a_DT	NC_042091.1|YP_009620694.1_25|[Pseudomonas_phage_nickie]hypothetical_protein|21208..21573|121	0.169	120	96	0	1	116	1	120	3.193E-06	321
1_cl100_VLCpiS11a_DT	NC_034248.1|YP_009352271.1_14|[Rhizobium_phage_RHEph10]minor_tail_protein|13132..13488|118	0.163	119	95	0	1	119	1	115	3.582E-06	319
1_cl100_VLCpiS11a_DT	NC_009543.1|YP_001285688.1_16|[Xanthomonas_phage_Xop411]virion_structural_protein|12401..12757|118	0.184	116	94	0	4	119	2	117	3.794E-06	318
1_cl100_VLCpiS11a_DT	NC_047786.1|YP_009787821.1_47|[Salmonella_phage_vB_SenS_Sasha]virion_structural_protein|27788..28291|167	0.235	155	116	0	8	162	14	166	3.794E-06	318
1_cl100_VLCpiS11a_DT	NC_070970.1|YP_010671701.1_28|[Pseudomonas_phage_Iggy]hypothetical_protein|20297..21124|275	0.148	163	127	0	1	163	122	271	4.018E-06	317
1_cl100_VLCpiS11a_DT	NC_024217.1|YP_009037310.1_120|[Nitrincola_phage_1M3-16]hypothetical_protein|complement(64505..64858)|117	0.201	115	91	0	2	116	1	115	4.507E-06	315
1_cl100_VLCpiS11a_DT	NC_070971.1|YP_010671790.1_27|[Pseudomonas_virus_PBPA162]hypothetical_protein|complement(21915..22742)|275	0.148	163	127	0	1	163	122	271	4.774E-06	314
1_cl100_VLCpiS11a_DT	NC_004902.1|NP_858966.1_19|[Xanthomonas_phage_Xp10]virion_structural_protein|13362..13718|118	0.176	116	95	0	4	119	2	117	5.056E-06	313
1_cl100_VLCpiS11a_DT	NC_007024.1|YP_239288.1_20|[Xanthomonas_phage_Xp15]virion_structural_protein|16353..16724|123	0.134	119	100	0	4	120	2	120	6.363E-06	309
1_cl100_VLCpiS11a_DT	NC_041880.1|YP_009595364.1_139|[Pseudomonas_phage_phiPMW]minor_tail_protein|59164..59511|115	0.165	119	93	0	1	119	1	112	8.983E-06	303
1_cl100_VLCpiS11a_DT	NC_020846.1|YP_007674000.1_38|[Vibrio_phage_pYD21-A]virion_structural_protein|24843..25325|160	0.137	159	129	0	1	151	1	159	8.983E-06	303
1_cl100_VLCpiS11a_DT	NC_049944.1|YP_009909330.1_65|[Stx2-converting_phage_Stx2a_WGPS8]minor_tail_protein|42010..42351|113	0.163	119	94	0	1	119	1	113	9.514E-06	302
1_cl100_VLCpiS11a_DT	NC_011356.1|YP_002274199.1_63|[Enterobacteria_phage_YYZ-2008]minor_tail_protein|41055..41396|113	0.163	119	94	0	1	119	1	113	9.514E-06	302
1_cl100_VLCpiS11a_DT	NC_049945.1|YP_009909408.1_65|[Stx2-converting_phage_Stx2a_WGPS6]minor_tail_protein|44910..45251|113	0.163	119	94	0	1	119	1	113	9.514E-06	302
1_cl100_VLCpiS11a_DT	NC_011357.1|YP_002274276.1_65|[Stx2-converting_phage_1717]minor_tail_protein|47498..47839|113	0.163	119	94	0	1	119	1	113	9.514E-06	302
1_cl100_VLCpiS11a_DT	NC_049943.1|YP_009909253.1_63|[Enterobacteria_phage_2851]minor_tail_protein|44185..44526|113	0.163	119	94	0	1	119	1	113	9.514E-06	302
1_cl100_VLCpiS11a_DT	NC_029033.1|YP_009220355.1_54|[Achromobacter_phage_phiAxp-1]virion_structural_protein|33078..34382|434	0.142	124	105	0	3	126	129	251	9.514E-06	302
1_cl100_VLCpiS11a_DT	NC_049941.1|YP_009909100.1_55|[Stx2-converting_phage_Stx2a_WGPS2]minor_tail_protein|40553..40894|113	0.163	119	94	0	1	119	1	113	1.067E-05	300
1_cl100_VLCpiS11a_DT	NC_004813.1|YP_001449305.1_68|[Enterobacteria_phage_BP-4795]minor_tail_protein|41004..41345|113	0.163	119	94	0	1	119	1	113	1.067E-05	300
1_cl100_VLCpiS11a_DT	NC_016165.1|YP_004934695.1_52|[Rhodobacter_phage_RcapMu]virion_structural_protein|31713..32135|140	0.192	138	93	0	1	116	1	138	1.067E-05	300
1_cl100_VLCpiS11a_DT	NC_049942.1|YP_009909178.1_67|[Escherichia_phage_JLK-2012]minor_tail_protein|43932..44273|113	0.163	119	94	0	1	119	1	113	1.130E-05	299
1_cl100_VLCpiS11a_DT	NC_070823.1|YP_010655298.1_72|[Pseudoalteromonas_phage_vB_PspS-H40/1]hypothetical_protein|44459..44860|133	0.178	127	102	0	1	127	1	125	1.596E-05	293
1_cl100_VLCpiS11a_DT	NC_070824.1|YP_010655303.1_4|[Pseudoalteromonas_phage_C7]hypothetical_protein|complement(4549..5016)|155	0.174	143	116	0	6	147	7	149	1.596E-05	293
1_cl100_VLCpiS11a_DT	NC_070822.1|YP_010655179.1_15|[Pseudoalteromonas_phage_TW1]hypothetical_protein|8086..8556|156	0.154	161	124	0	1	161	2	148	1.596E-05	293
1_cl100_VLCpiS11a_DT	NC_019933.2|YP_007238089.1_19|[Xanthomonas_phage_CP1]virion_structural_protein|14827..15189|120	0.190	118	93	0	4	119	2	119	2.527E-05	285
1_cl100_VLCpiS11a_DT	NC_070823.1|YP_010655299.1_73|[Pseudoalteromonas_phage_vB_PspS-H40/1]hypothetical_protein|44860..45306|148	0.179	161	111	0	1	161	13	148	2.527E-05	285
1_cl100_VLCpiS11a_DT	NC_023502.1|YP_009003193.1_36|[Rhizobium_phage_vB_RleS_L338C]minor_tail_protein|27949..28305|118	0.123	118	99	0	2	119	4	117	3.003E-05	282
1_cl100_VLCpiS11a_DT	NC_070772.1|YP_010649711.1_24|[Vibrio_phage_Seahorse]hypothetical_protein|20900..21397|165	0.160	148	120	0	11	158	21	164	3.003E-05	282
1_cl100_VLCpiS11a_DT	NC_025443.1|YP_009101221.1_51|[Salmonella_phage_9NA]virion_structural_protein|28178..28681|167	0.219	153	116	0	10	162	17	166	5.649E-05	271
1_cl100_VLCpiS11a_DT	NC_047902.1|YP_009796566.1_15|[Pseudomonas_phage_PMBT3]minor_tail_protein|16638..16985|115	0.109	115	98	0	6	120	4	114	6.712E-05	268
1_cl100_VLCpiS11a_DT	NC_016766.1|YP_005098334.1_35|[Synechococcus_phage_S-CBS4]minor_tail_protein|25163..25516|117	0.130	120	99	0	1	120	1	115	6.712E-05	268
1_cl100_VLCpiS11a_DT	NC_041925.1|YP_009600624.1_42|[Proteus_phage_VB_PmiS-Isfahan]hypothetical_protein|25971..26468|165	0.169	151	122	0	10	157	15	165	6.712E-05	268
1_cl100_VLCpiS11a_DT	NC_042062.1|YP_009617880.1_51|[Salmonella_phage_SP069]hypothetical_protein|29434..29937|167	0.253	122	88	0	10	131	17	135	6.712E-05	268
1_cl100_VLCpiS11a_DT	NC_015463.1|YP_004421477.1_23|[Synechococcus_phage_S-CBS2]unknown_structural_protein|15824..16180|118	0.157	108	86	0	14	116	10	117	8.947E-05	263
1_cl100_VLCpiS11a_DT	NC_021190.1|YP_007947941.1_16|[Enterobacteria_phage_phi80_(Lula)]minor_tail_protein|13636..13974|112	0.163	120	93	0	1	120	1	112	1.263E-04	257
1_cl100_VLCpiS11a_DT	NC_019706.1|YP_007111517.1_14|[Enterobacteria_phage_mEp043_c-1]minor_tail_protein|12702..13040|112	0.163	120	93	0	1	120	1	112	1.263E-04	257
1_cl100_VLCpiS11a_DT	NC_019720.1|YP_007112357.1_14|[Enterobacteria_phage_mEp213]minor_tail_protein|12702..13040|112	0.163	120	93	0	1	120	1	112	1.263E-04	257
1_cl100_VLCpiS11a_DT	NC_073057.1|YP_010740614.1_20|[Escherichia_phage_KarlBarth]putative_minor_tail_protein|14454..15053|199	0.154	114	95	0	6	119	84	196	1.338E-04	256
1_cl100_VLCpiS11a_DT	NC_073074.1|YP_010741676.1_62|[Escherichia_phage_UAE_MI-01]minor_tail_protein|complement(40900..41499)|199	0.170	115	94	0	6	119	82	196	1.589E-04	253
1_cl100_VLCpiS11a_DT	NC_073078.1|YP_010741872.1_3|[Escherichia_phage_welsh]minor_tail_protein|3832..4431|199	0.158	115	95	0	6	119	82	196	1.783E-04	251
1_cl100_VLCpiS11a_DT	NC_073066.1|YP_010741193.1_20|[Escherichia_phage_GeorgBuechner]putative_minor_tail_protein|14445..15044|199	0.170	115	94	0	6	119	82	196	1.888E-04	250
1_cl100_VLCpiS11a_DT	NC_071020.1|YP_010677399.1_91|[Stenotrophomonas_phage_BUCT626]hypothetical_protein|complement(54409..54771)|120	0.127	116	98	0	4	116	2	117	2.000E-04	249
1_cl100_VLCpiS11a_DT	NC_012223.2|YP_008550151.1_20|[Escherichia_phage_SSL-2009a]minor_tail_protein|14881..15480|199	0.158	115	95	0	6	119	82	196	2.000E-04	249
1_cl100_VLCpiS11a_DT	NC_073079.1|YP_010741947.1_20|[Escherichia_phage_vB_EcoD_Over9000]putative_minor_tail_protein|14884..15483|199	0.158	114	94	0	6	119	84	196	2.000E-04	249
1_cl100_VLCpiS11a_DT	NC_073070.1|YP_010741450.1_22|[Escherichia_phage_CEC_Kaz_2018]putative_minor_tail_protein|complement(17148..17747)|199	0.162	115	95	0	6	119	82	196	2.000E-04	249
1_cl100_VLCpiS11a_DT	NC_073081.1|YP_010742058.1_4|[Escherichia_phage_vB_EcoS_Sponge]putative_minor_tail_protein|3754..4353|199	0.158	114	94	0	6	119	84	196	2.000E-04	249
1_cl100_VLCpiS11a_DT	NC_013600.1|YP_003344953.1_18|[Sodalis_phage_SO-1]minor_tail_protein|14277..14876|199	0.158	114	94	0	6	119	84	196	2.118E-04	248
1_cl100_VLCpiS11a_DT	NC_073060.1|YP_010740820.1_31|[Escherichia_phage_vB_EcoS_WF5505]putative_minor_tail_protein|20393..20992|199	0.154	114	95	0	6	119	84	196	2.244E-04	247
1_cl100_VLCpiS11a_DT	NC_073062.1|YP_010740947.1_20|[Escherichia_phage_TheodorHerzl]putative_minor_tail_protein|14202..14801|199	0.158	115	95	0	6	119	82	196	2.376E-04	246
1_cl100_VLCpiS11a_DT	NC_073085.1|YP_010742344.1_48|[Escherichia_phage_vB_EcoS_011D5]putative_minor_tail_protein|31474..32073|199	0.162	115	95	0	6	119	82	196	2.376E-04	246
1_cl100_VLCpiS11a_DT	NC_073086.1|YP_010742409.1_48|[Escherichia_phage_vB_EcoS_L-h_1M]putative_minor_tail_protein|31474..32073|199	0.162	115	95	0	6	119	82	196	2.376E-04	246
1_cl100_VLCpiS11a_DT	NC_073080.1|YP_010742010.1_19|[Escherichia_phage_EC115]hypothetical_protein|14792..15421|209	0.154	114	95	0	6	119	94	206	2.376E-04	246
1_cl100_VLCpiS11a_DT	NC_073088.1|YP_010742504.1_19|[Escherichia_phage_PC2]minor_tail_protein|complement(17760..18389)|209	0.154	114	95	0	6	119	94	206	2.376E-04	246
1_cl100_VLCpiS11a_DT	NC_028901.1|YP_009208103.1_17|[Escherichia_phage_slur05]minor_tail_protein|complement(13585..14223)|212	0.148	119	100	0	1	119	92	209	2.517E-04	245
1_cl100_VLCpiS11a_DT	NC_073087.1|YP_010742477.1_51|[Escherichia_phage_Gluttony_ev152]Phage_minor_tail_protein|34716..35315|199	0.162	114	94	0	6	119	84	196	2.666E-04	244
1_cl100_VLCpiS11a_DT	NC_073061.1|YP_010740889.1_33|[Escherichia_phage_vB_EcoS-101114BS4]hypothetical_protein|18659..19258|199	0.154	114	95	0	6	119	84	196	2.666E-04	244
1_cl100_VLCpiS11a_DT	NC_073056.1|YP_010740585.1_51|[Escherichia_phage_rolling]minor_tail_protein|35413..36012|199	0.154	114	95	0	6	119	84	196	2.666E-04	244
1_cl100_VLCpiS11a_DT	NC_073069.1|YP_010741385.1_22|[Escherichia_phage_B2]putative_minor_tail_protein|complement(17148..17747)|199	0.162	115	95	0	6	119	82	196	2.990E-04	242
1_cl100_VLCpiS11a_DT	NC_073075.1|YP_010741718.1_41|[Escherichia_phage_ZCEC10]minor_tail_protein|22960..23598|212	0.148	119	100	0	1	119	92	209	2.990E-04	242
1_cl100_VLCpiS11a_DT	NC_073068.1|YP_010741321.1_20|[Escherichia_phage_vB_EcoD_Pubbukkers]putative_minor_tail_protein|14485..15123|212	0.162	115	95	0	6	119	95	209	2.990E-04	242
1_cl100_VLCpiS11a_DT	NC_073053.1|YP_010740367.1_19|[Escherichia_phage_vB_EcoD_Teewinot]putative_minor_tail_protein|14016..14654|212	0.170	115	94	0	6	119	95	209	2.990E-04	242
1_cl100_VLCpiS11a_DT	NC_073076.1|YP_010741802.1_48|[Escherichia_phage_jat]putative_minor_tail_protein|complement(34301..34939)|212	0.162	115	95	0	6	119	95	209	2.990E-04	242
1_cl100_VLCpiS11a_DT	NC_073054.1|YP_010740432.1_26|[Escherichia_phage_JLBYU37]putative_minor_tail_protein|complement(19229..19867)|212	0.162	115	95	0	6	119	95	209	2.990E-04	242
1_cl100_VLCpiS11a_DT	NC_031113.1|YP_009291469.1_52|[Escherichia_phage_Gluttony]minor_tail_protein|34870..35469|199	0.166	115	94	0	6	119	82	196	3.167E-04	241
1_cl100_VLCpiS11a_DT	NC_073077.1|YP_010741814.1_2|[Escherichia_phage_vB_Eco_Maverick]Phage_minor_tail_protein|2879..3478|199	0.154	114	95	0	6	119	84	196	3.167E-04	241
1_cl100_VLCpiS11a_DT	NC_073073.1|YP_010741583.1_31|[Escherichia_phage_mckay]minor_tail_protein|complement(20972..21571)|199	0.170	115	94	0	6	119	82	196	3.355E-04	240
1_cl100_VLCpiS11a_DT	NC_073084.1|YP_010742293.1_58|[Escherichia_phage_vb_EcoS_bov22_1]hypothetical_protein|39046..39645|199	0.142	117	99	0	3	119	81	196	3.355E-04	240
1_cl100_VLCpiS11a_DT	NC_073063.1|YP_010740992.1_2|[Escherichia_phage_vB_EcoS_PNS1]minor_tail_protein|3174..3773|199	0.158	115	95	0	6	119	82	196	3.355E-04	240
1_cl100_VLCpiS11a_DT	NC_073067.1|YP_010741257.1_20|[Escherichia_phage_PaulFeyerabend]putative_minor_tail_protein|14455..15054|199	0.162	115	95	0	6	119	82	196	3.355E-04	240
1_cl100_VLCpiS11a_DT	NC_073072.1|YP_010741515.1_22|[Escherichia_phage_bob]minor_tail_protein|complement(16214..16813)|199	0.170	115	94	0	6	119	82	196	3.355E-04	240
1_cl100_VLCpiS11a_DT	NC_073059.1|YP_010740788.1_68|[Escherichia_phage_vB_EcoS-CHD5UKE2]hypothetical_protein|complement(41738..42337)|199	0.154	114	95	0	6	119	84	196	3.553E-04	239
1_cl100_VLCpiS11a_DT	NC_016566.1|YP_004957455.1_19|[Shigella_phage_EP23]minor_tail_protein|15126..15725|199	0.170	115	94	0	6	119	82	196	3.553E-04	239
1_cl100_VLCpiS11a_DT	NC_073058.1|YP_010740688.1_29|[Escherichia_phage_vB_EcoS_WFI]hypothetical_protein|19890..20489|199	0.154	114	95	0	6	119	84	196	3.553E-04	239
1_cl100_VLCpiS11a_DT	NC_073071.1|YP_010844200.1_39|[Escherichia_phage_SECphi18]minor_tail_protein|22318..22917|199	0.154	114	95	0	6	119	84	196	3.763E-04	238
1_cl100_VLCpiS11a_DT	NC_073082.1|YP_010742136.1_19|[Shigella_phage_vB_SboD_StarDew]putative_minor_tail_protein|14565..15164|199	0.158	115	95	0	6	119	82	196	3.763E-04	238
1_cl100_VLCpiS11a_DT	NC_073089.1|YP_010742559.1_20|[Escherichia_phage_Oekolampad]putative_minor_tail_protein|14449..15048|199	0.162	115	95	0	6	119	82	196	3.763E-04	238
1_cl100_VLCpiS11a_DT	NC_073055.1|YP_010740518.1_50|[Escherichia_phage_vB_EcoD_Opt212]hypothetical_protein|complement(31386..31985)|199	0.162	115	95	0	6	119	82	196	3.763E-04	238
1_cl100_VLCpiS11a_DT	NC_031081.1|YP_009288149.1_27|[Escherichia_phage_Envy]minor_tail_protein|complement(19865..20464)|199	0.162	115	95	0	6	119	82	196	3.763E-04	238
1_cl100_VLCpiS11a_DT	NC_070841.1|YP_010656817.1_46|[Bacillus_phage_Basilisk]hypothetical_protein|29312..29677|121	0.136	110	92	0	7	116	14	120	3.986E-04	237
1_cl100_VLCpiS11a_DT	NC_070843.1|YP_010657042.1_18|[Bacillus_phage_PBC4]hypothetical_protein|17789..18154|121	0.165	110	89	0	7	116	14	120	3.986E-04	237
1_cl100_VLCpiS11a_DT	NC_070842.1|YP_010656952.1_43|[Bacillus_phage_v_B-Bak10]hypothetical_protein|29587..29952|121	0.136	110	92	0	7	116	14	120	3.986E-04	237
1_cl100_VLCpiS11a_DT	NC_073064.1|YP_010741077.1_30|[Escherichia_phage_vB_EcoS_PTXU06]hypothetical_protein|19897..20496|199	0.162	115	95	0	6	119	82	196	3.986E-04	237
1_cl100_VLCpiS11a_DT	NC_019724.1|YP_007112625.1_18|[Escherichia_phage_HK578]minor_tail_protein|14181..14780|199	0.166	115	94	0	6	119	82	196	3.986E-04	237
1_cl100_VLCpiS11a_DT	NC_071019.1|YP_010677215.1_9|[Stenotrophomonas_phage_vB_SmaS_BUCT548]hypothetical_protein|7128..7490|120	0.127	116	98	0	4	116	2	117	4.222E-04	236
1_cl100_VLCpiS11a_DT	NC_071021.1|YP_010677479.1_73|[Stenotrophomonas_phage_BUCT627]hypothetical_protein|complement(42907..43269)|120	0.127	116	98	0	4	116	2	117	4.222E-04	236
1_cl100_VLCpiS11a_DT	NC_016158.1|YP_004934049.1_19|[Escherichia_phage_HK639]minor_tail_protein|16608..17015|135	0.108	118	97	0	2	119	23	132	4.222E-04	236
1_cl100_VLCpiS11a_DT	NC_073051.1|YP_010740267.1_28|[Escherichia_phage_PEC14]minor_tail_protein|20616..21215|199	0.154	115	96	0	6	119	82	196	4.222E-04	236
1_cl100_VLCpiS11a_DT	NC_073094.1|YP_010742925.1_45|[Xanthomonas_phage_Langgrundblatt2]hypothetical_protein|23950..24579|209	0.083	199	113	0	2	125	4	202	4.222E-04	236
1_cl100_VLCpiS11a_DT	NC_019419.2|YP_006990429.1_45|[Escherichia_phage_JL1]minor_tail_protein|complement(30610..31209)|199	0.154	115	96	0	6	119	82	196	4.471E-04	235
1_cl100_VLCpiS11a_DT	NC_024783.1|YP_009055298.1_20|[Escherichia_phage_EK99P-1]minor_tail_protein|14704..15303|199	0.154	115	96	0	6	119	82	196	4.471E-04	235
1_cl100_VLCpiS11a_DT	NC_070844.1|YP_010657188.1_41|[Bacillus_phage_pW4]RNA_polymerase_binding_protein|29837..30202|121	0.162	110	89	0	7	116	14	120	4.736E-04	234
1_cl100_VLCpiS11a_DT	NC_070845.1|YP_010657325.1_72|[Bacillus_phage_BCPST]hypothetical_protein|complement(52544..52909)|121	0.162	110	89	0	7	116	14	120	4.736E-04	234
1_cl100_VLCpiS11a_DT	NC_073093.1|YP_010742856.1_42|[Xanthomonas_phage_Langgrundblatt1]hypothetical_protein|23809..24438|209	0.083	199	113	0	2	125	4	202	5.016E-04	233
1_cl100_VLCpiS11a_DT	NC_073095.1|YP_010742962.1_15|[Xanthomonas_phage_Pfeifenkraut]hypothetical_protein|complement(13239..13868)|209	0.088	199	112	0	2	125	4	202	5.312E-04	232
1_cl100_VLCpiS11a_DT	NC_048166.1|YP_009820346.1_15|[Pseudomonas_phage_Lana]minor_tail_protein|16872..17201|109	0.142	110	90	0	11	120	3	108	5.960E-04	230
1_cl100_VLCpiS11a_DT	NC_027383.1|YP_009152264.1_23|[Escherichia_phage_YD-2008.s]minor_tail_protein|complement(15976..16575)|199	0.146	114	96	0	6	119	84	196	5.960E-04	230
1_cl100_VLCpiS11a_DT	NC_071017.1|YP_010677054.1_50|[Stenotrophomonas_phage_Salva]hypothetical_protein|25137..25502|121	0.127	116	98	0	4	116	2	117	6.312E-04	229
1_cl100_VLCpiS11a_DT	NC_012742.1|YP_002922631.1_17|[Xanthomonas_phage_phiL7]virion_structural_protein|13581..13940|119	0.134	116	98	0	6	119	4	119	7.081E-04	227
1_cl100_VLCpiS11a_DT	NC_015465.1|YP_004421739.1_17|[Synechococcus_phage_S-CBS3]minor_tail_protein|17265..17633|122	0.120	118	102	0	4	120	2	119	7.500E-04	226
1_cl100_VLCpiS11a_DT	NC_073598.1|YP_010761530.1_11|[Arthrobacter_phage_BlueFeather]minor_tail_protein|8427..9185|252	0.128	135	107	0	16	150	107	230	7.943E-04	225
1_cl100_VLCpiS11a_DT	NC_071011.1|YP_010676308.1_51|[Klebsiella_phage_vB_KpnS-Carvaje]virion_structural_protein|27754..28257|167	0.193	152	119	0	10	161	17	165	9.996E-04	221
1_cl100_ro145c_DT	NC_073322.1|YP_010749475.1_46|[Escherichia_phage_vB_EcoS-Ro145c2YLVW]hypothetical_protein|23553..24026|157	1.000	157	0	0	1	157	1	157	1.275E-20	923
1_cl100_ro145c_DT	NC_073320.1|YP_010749347.1_61|[Escherichia_phage_26]hypothetical_protein|32941..33414|157	0.968	157	5	0	1	157	1	157	1.425E-20	921
1_cl100_ro145c_DT	NC_073319.1|YP_010749258.1_53|[Escherichia_phage_SZH-1]hypothetical_protein|complement(25719..26192)|157	0.961	157	6	0	1	157	1	157	2.788E-20	909
1_cl100_ro145c_DT	NC_048181.1|YP_009821861.1_25|[Raoultella_phage_RP180]hypothetical_protein|19172..19666|164	0.968	157	5	0	1	157	8	164	1.492E-19	879
1_cl100_ro145c_DT	NC_021563.1|YP_008130357.1_64|[Serratia_phage_Eta]hypothetical_protein|36442..36936|164	0.806	155	30	0	3	157	10	164	7.901E-18	808
1_cl100_ro145c_DT	NC_069155.1|YP_010582758.1_50|[Serratia_phage_Tsm2]hypothetical_protein|30094..30588|164	0.800	155	31	0	3	157	10	164	1.045E-17	803
1_cl100_ro145c_DT	NC_073182.1|YP_010746525.1_29|[Salmonella_virus_VSe103]hypothetical_protein|19773..20273|166	0.702	158	46	0	2	157	9	166	1.382E-17	798
1_cl100_ro145c_DT	NC_073181.1|YP_010746468.1_30|[Salmonella_phage_5sent1]minor_tail_protein|19967..20467|166	0.702	158	46	0	2	157	9	166	1.382E-17	798
1_cl100_ro145c_DT	NC_073179.1|YP_010746349.1_30|[Salmonella_phage_vB_SenS_TUMS_E4]hypothetical_protein|20065..20565|166	0.702	158	46	0	2	157	9	166	1.382E-17	798
1_cl100_ro145c_DT	NC_019539.1|YP_007010481.1_28|[Salmonella_phage_vB_SenS-Ent1]hypothetical_protein|18977..19477|166	0.702	158	46	0	2	157	9	166	1.382E-17	798
1_cl100_ro145c_DT	NC_041992.1|YP_009608663.1_42|[Salmonella_phage_wksl3]hypothetical_protein|complement(27064..27564)|166	0.702	158	46	0	2	157	9	166	1.382E-17	798
1_cl100_ro145c_DT	NC_073185.1|YP_010746711.1_42|[Salmonella_phage_PBSE191]hypothetical_protein|39461..39961|166	0.702	158	46	0	2	157	9	166	1.382E-17	798
1_cl100_ro145c_DT	NC_073172.1|YP_010745932.1_46|[Salmonella_phage_skrot]hypothetical_protein|24902..25402|166	0.689	158	48	0	2	157	9	166	2.703E-17	786
1_cl100_ro145c_DT	NC_073191.1|YP_010747048.1_26|[Salmonella_phage_vB_SenS-EnJE6]hypothetical_protein|complement(19818..20318)|166	0.702	158	46	0	2	157	9	166	2.859E-17	785
1_cl100_ro145c_DT	NC_073199.1|YP_010747561.1_29|[Salmonella_phage_S102]hypothetical_protein|19783..20283|166	0.708	158	45	0	2	157	9	166	2.859E-17	785
1_cl100_ro145c_DT	NC_073198.1|YP_010747531.1_59|[Salmonella_phage_vB_SenS_ER21]hypothetical_protein|complement(40052..40552)|166	0.708	158	45	0	2	157	9	166	2.859E-17	785
1_cl100_ro145c_DT	NC_073197.1|YP_010747470.1_58|[Salmonella_phage_vB_SenS_ER23]hypothetical_protein|40103..40603|166	0.708	158	45	0	2	157	9	166	2.859E-17	785
1_cl100_ro145c_DT	NC_073184.1|YP_010746642.1_32|[Salmonella_phage_F12013]tail_protein|complement(23758..24258)|166	0.708	158	45	0	2	157	9	166	2.859E-17	785
1_cl100_ro145c_DT	NC_069156.1|YP_010582773.1_5|[Serratia_phage_vB_SmaM-Otaku]hypothetical_protein|complement(4881..5375)|164	0.806	155	30	0	3	157	10	164	3.023E-17	784
1_cl100_ro145c_DT	NC_073183.1|YP_010746577.1_24|[Salmonella_phage_NBSal007]hypothetical_protein|complement(21183..21683)|166	0.696	158	47	0	2	157	9	166	3.381E-17	782
1_cl100_ro145c_DT	NC_073315.1|YP_010748930.1_28|[Escherichia_phage_vB_EcoS_fFiEco03]hypothetical_protein|17935..19305|456	0.985	134	2	0	1	134	1	134	3.381E-17	782
1_cl100_ro145c_DT	NC_073202.1|YP_010747772.1_47|[Salmonella_phage_celemicas]hypothetical_protein|25526..26026|166	0.708	158	45	0	2	157	9	166	3.781E-17	780
1_cl100_ro145c_DT	NC_073209.1|YP_010748162.1_6|[Salmonella_phage_GRNsp50]hypothetical_protein|complement(5544..6044)|166	0.708	158	45	0	2	157	9	166	3.781E-17	780
1_cl100_ro145c_DT	NC_073173.1|YP_010745993.1_42|[Salmonella_phage_blauehaus]hypothetical_protein|23963..24463|166	0.708	158	45	0	2	157	9	166	3.781E-17	780
1_cl100_ro145c_DT	NC_073178.1|YP_010746288.1_31|[Salmonella_phage_vB_SenS_TUMS_E19]hypothetical_protein|20086..20586|166	0.708	158	45	0	2	157	9	166	3.781E-17	780
1_cl100_ro145c_DT	NC_073200.1|YP_010747627.1_31|[Salmonella_phage_S100]hypothetical_protein|20810..21310|166	0.708	158	45	0	2	157	9	166	3.781E-17	780
1_cl100_ro145c_DT	NC_073203.1|YP_010747823.1_31|[Salmonella_phage_MET_P1_001_43]hypothetical_protein|19249..19749|166	0.708	158	45	0	2	157	9	166	3.781E-17	780
1_cl100_ro145c_DT	NC_073213.1|YP_010748406.1_26|[Salmonella_phage_vB_SenS_SB3]hypothetical_protein|17765..18265|166	0.708	158	45	0	2	157	9	166	3.781E-17	780
1_cl100_ro145c_DT	NC_073201.1|YP_010747703.1_41|[Salmonella_phage_dunkel]hypothetical_protein|25780..26280|166	0.708	158	45	0	2	157	9	166	3.781E-17	780
1_cl100_ro145c_DT	NC_073186.1|YP_010746744.1_32|[Salmonella_phage_vB_SenS_PVP-SE2]hypothetical_protein|complement(23538..24038)|166	0.708	158	45	0	2	157	9	166	3.781E-17	780
1_cl100_ro145c_DT	NC_073196.1|YP_010747352.1_5|[Salmonella_phage_NBSal006]hypothetical_protein|complement(3960..4460)|166	0.708	158	45	0	2	157	9	166	3.781E-17	780
1_cl100_ro145c_DT	NC_022754.1|YP_008767198.1_27|[Salmonella_phage_SETP7]hypothetical_protein|17572..18072|166	0.689	158	48	0	2	157	9	166	3.998E-17	779
1_cl100_ro145c_DT	NC_073215.1|YP_010748512.1_4|[Salmonella_phage_SGPC]tail_protein|complement(1472..1972)|166	0.696	158	47	0	2	157	9	166	4.228E-17	778
1_cl100_ro145c_DT	NC_073214.1|YP_010748481.1_38|[Salmonella_phage_vB_SenS_ER1]hypothetical_protein|21670..22170|166	0.687	157	48	0	3	157	10	166	4.228E-17	778
1_cl100_ro145c_DT	NC_009232.2|YP_001110816.2_27|[Salmonella_phage_SETP3]hypothetical_protein|18460..18960|166	0.689	158	48	0	2	157	9	166	4.228E-17	778
1_cl100_ro145c_DT	NC_073217.1|YP_010748688.1_48|[Salmonella_phage_pink]hypothetical_protein|25082..25582|166	0.687	157	48	0	3	157	10	166	4.228E-17	778
1_cl100_ro145c_DT	NC_028695.2|YP_009191448.1_40|[Enterobacter_phage_phiEap-2]hypothetical_protein|21610..22104|164	0.750	156	39	0	2	157	9	164	4.471E-17	777
1_cl100_ro145c_DT	NC_006940.2|YP_308655.1_54|[Salmonella_phage_SS3e]hypothetical_protein|complement(36137..36637)|166	0.702	158	46	0	2	157	9	166	4.471E-17	777
1_cl100_ro145c_DT	NC_073212.1|YP_010748343.1_28|[Salmonella_phage_ZCSE9]hypothetical_protein|19068..19568|166	0.702	158	46	0	2	157	9	166	4.471E-17	777
1_cl100_ro145c_DT	NC_073216.1|YP_010748575.1_5|[Salmonella_phage_STP03]hypothetical_protein|complement(5491..5991)|166	0.689	158	48	0	2	157	9	166	5.000E-17	775
1_cl100_ro145c_DT	NC_073174.1|YP_010746054.1_42|[Salmonella_phage_wast]hypothetical_protein|23773..24273|166	0.696	158	47	0	2	157	9	166	5.000E-17	775
1_cl100_ro145c_DT	NC_073187.1|YP_010746797.1_25|[Salmonella_phage_vB_SenS-EnJE1]hypothetical_protein|complement(22305..22805)|166	0.696	158	47	0	2	157	9	166	5.000E-17	775
1_cl100_ro145c_DT	NC_022752.1|YP_008767027.1_28|[Salmonella_phage_SETP13]hypothetical_protein|18112..18612|166	0.696	158	47	0	2	157	9	166	5.000E-17	775
1_cl100_ro145c_DT	NC_073195.1|YP_010747307.1_28|[Salmonella_phage_Shelanagig]hypothetical_protein|18443..18943|166	0.696	158	47	0	2	157	9	166	5.288E-17	774
1_cl100_ro145c_DT	NC_073208.1|YP_010748125.1_26|[Salmonella_phage_SLMP1]hypothetical_protein|complement(20699..21199)|166	0.702	158	46	0	2	157	9	166	5.592E-17	773
1_cl100_ro145c_DT	NC_073169.1|YP_010745715.1_18|[Salmonella_phage_SS5]hypothetical_protein|complement(15759..16259)|166	0.708	158	45	0	2	157	9	166	5.592E-17	773
1_cl100_ro145c_DT	NC_073176.1|YP_010746159.1_28|[Salmonella_virus_VSe101]hypothetical_protein|19414..19914|166	0.702	158	46	0	2	157	9	166	5.592E-17	773
1_cl100_ro145c_DT	NC_073211.1|YP_010748298.1_37|[Salmonella_phage_T102]hypothetical_protein|22571..23071|166	0.702	158	46	0	2	157	9	166	5.592E-17	773
1_cl100_ro145c_DT	NC_073194.1|YP_010747222.1_3|[Salmonella_phage_vB_SalP_LDW16]hypothetical_protein|complement(1350..1850)|166	0.702	158	46	0	2	157	9	166	5.592E-17	773
1_cl100_ro145c_DT	NC_073190.1|YP_010747004.1_50|[Salmonella_phage_vB_SenS_S528]hypothetical_protein|24404..24904|166	0.708	158	45	0	2	157	9	166	6.613E-17	770
1_cl100_ro145c_DT	NC_069150.1|YP_010582406.1_33|[Salmonella_phage_vB_STM-ZS]hypothetical_protein|complement(22605..23105)|166	0.713	157	44	0	3	157	10	166	6.613E-17	770
1_cl100_ro145c_DT	NC_073207.1|YP_010748064.1_18|[Salmonella_phage_SHWT1]hypothetical_protein|complement(17411..17911)|166	0.708	158	45	0	2	157	9	166	6.613E-17	770
1_cl100_ro145c_DT	NC_073189.1|YP_010746947.1_55|[Salmonella_phage_JD01]hypothetical_protein|complement(38045..38545)|166	0.708	158	45	0	2	157	9	166	6.613E-17	770
1_cl100_ro145c_DT	NC_069146.1|YP_010582164.1_57|[Salmonella_phage_St162]hypothetical_protein|36455..36955|166	0.713	157	44	0	3	157	10	166	6.613E-17	770
1_cl100_ro145c_DT	NC_069148.1|YP_010582260.1_27|[Salmonella_phage_TS6]hypothetical_protein|complement(19322..19822)|166	0.713	157	44	0	3	157	10	166	6.613E-17	770
1_cl100_ro145c_DT	NC_069149.1|YP_010582359.1_61|[Salmonella_phage_vB_SenTO17]hypothetical_protein|complement(31844..32344)|166	0.713	157	44	0	3	157	10	166	6.613E-17	770
1_cl100_ro145c_DT	NC_073193.1|YP_010747216.1_59|[Salmonella_phage_vB_SalS-S10]hypothetical_protein|39171..39671|166	0.708	158	45	0	2	157	9	166	6.613E-17	770
1_cl100_ro145c_DT	NC_073192.1|YP_010747095.1_6|[Salmonella_phage_F118P13]hypothetical_protein|complement(5673..6173)|166	0.708	158	45	0	2	157	9	166	6.613E-17	770
1_cl100_ro145c_DT	NC_069151.1|YP_010582466.1_34|[Salmonella_phage_vB_SenS_SE1]hypothetical_protein|complement(21758..22258)|166	0.713	157	44	0	3	157	10	166	6.613E-17	770
1_cl100_ro145c_DT	NC_073188.1|YP_010746874.1_48|[Salmonella_phage_vB_SenS_S532]hypothetical_protein|24316..24816|166	0.708	158	45	0	2	157	9	166	6.613E-17	770
1_cl100_ro145c_DT	NC_041991.1|YP_009608582.1_27|[Salmonella_phage_vB_SenS_AG11]hypothetical_protein|17728..18228|166	0.687	157	48	0	3	157	10	166	6.993E-17	769
1_cl100_ro145c_DT	NC_069153.1|YP_010582605.1_27|[Salmonella_virus_VSiP]hypothetical_protein|18017..18517|166	0.700	157	46	0	3	157	10	166	9.248E-17	764
1_cl100_ro145c_DT	NC_073219.1|YP_010748806.1_39|[Salmonella_phage_sidste]hypothetical_protein|23863..24363|166	0.702	158	46	0	2	157	9	166	1.094E-16	761
1_cl100_ro145c_DT	NC_073218.1|YP_010748749.1_38|[Salmonella_phage_demigod]hypothetical_protein|24667..25167|166	0.702	158	46	0	2	157	9	166	1.094E-16	761
1_cl100_ro145c_DT	NC_073316.1|YP_010749009.1_30|[Escherichia_phage_vB_EcoS_fFiEco02]hypothetical_protein|19687..20187|166	0.675	157	50	0	3	157	10	166	1.157E-16	760
1_cl100_ro145c_DT	NC_073175.1|YP_010746101.1_29|[Salmonella_virus_VSt10]hypothetical_protein|19072..19572|166	0.694	157	47	0	3	157	10	166	1.446E-16	756
1_cl100_ro145c_DT	NC_073321.1|YP_010749394.1_37|[Escherichia_phage_ZCEC5]hypothetical_protein|20117..20617|166	0.681	157	49	0	3	157	10	166	1.711E-16	753
1_cl100_ro145c_DT	NC_021777.1|YP_008239738.1_29|[Salmonella_phage_Jersey]hypothetical_protein|20172..20672|166	0.708	158	45	0	2	157	9	166	1.809E-16	752
1_cl100_ro145c_DT	NC_021775.1|YP_008239652.1_55|[Salmonella_phage_FSL_SP-031]hypothetical_protein|36428..36928|166	0.713	157	44	0	3	157	10	166	1.809E-16	752
1_cl100_ro145c_DT	NC_093713.1|YP_011217263.1_8|[Escherichia_phage_P_AB-2017]hypothetical_protein|complement(8713..9213)|166	0.681	157	49	0	3	157	10	166	1.913E-16	751
1_cl100_ro145c_DT	NC_027994.1|YP_009168856.1_24|[Escherichia_phage_K1H]hypothetical_protein|16248..16748|166	0.675	157	50	0	3	157	10	166	2.023E-16	750
1_cl100_ro145c_DT	NC_027993.1|YP_009168807.1_27|[Escherichia_phage_K1G]hypothetical_protein|17937..18437|166	0.675	157	50	0	3	157	10	166	2.023E-16	750
1_cl100_ro145c_DT	NC_069154.1|YP_010582691.1_40|[Klebsiella_phage_VLCpiS11a]virion_structural_protein|complement(25256..25750)|164	0.698	156	47	0	2	157	9	164	2.262E-16	748
1_cl100_ro145c_DT	NC_093712.1|YP_011217191.1_3|[Escherichia_phage_L_AB-2017]hypothetical_protein|complement(1052..1552)|166	0.675	157	50	0	3	157	10	166	2.262E-16	748
1_cl100_ro145c_DT	NC_073314.1|YP_010748874.1_48|[Escherichia_virus_fEg-Eco19]hypothetical_protein|24956..25456|166	0.675	157	50	0	3	157	10	166	2.530E-16	746
1_cl100_ro145c_DT	NC_073317.1|YP_010749084.1_28|[Escherichia_phage_vB_EcoS_fPoEco01]hypothetical_protein|18289..18789|166	0.668	157	51	0	3	157	10	166	2.675E-16	745
1_cl100_ro145c_DT	NC_069147.1|YP_010582233.1_64|[Salmonella_phage_GRNsp27]hypothetical_protein|40507..41007|166	0.694	157	47	0	3	157	10	166	3.742E-16	739
1_cl100_ro145c_DT	NC_028698.1|YP_009191569.1_16|[Salmonella_phage_f18SE]hypothetical_protein|complement(15923..16423)|166	0.694	157	47	0	3	157	10	166	3.957E-16	738
1_cl100_ro145c_DT	NC_069152.1|YP_010582522.1_27|[Salmonella_phage_Shemara]hypothetical_protein|18129..18629|166	0.675	157	50	0	3	157	10	166	6.189E-16	730
1_cl100_ro145c_DT	NC_042084.1|YP_009620106.1_26|[Escherichia_phage_VB_EcoS-Golestan]hypothetical_protein|17370..18788|472	0.612	155	59	0	3	155	10	164	4.898E-15	693
1_cl100_ro145c_DT	NC_025466.1|YP_009103926.1_40|[Shewanella_sp._phage_3/49]hypothetical_protein|23325..23825|166	0.573	150	64	0	3	152	10	159	6.850E-15	687
1_cl100_ro145c_DT	NC_016763.1|YP_005098153.1_57|[Salmonella_phage_SE2]hypothetical_protein|37051..37494|147	0.678	146	46	0	14	157	2	147	1.340E-14	675
1_cl100_ro145c_DT	NC_073170.1|YP_010745802.1_38|[Salmonella_phage_SE-W109]hypothetical_protein|complement(24001..24444)|147	0.678	146	46	0	14	157	2	147	1.340E-14	675
1_cl100_ro145c_DT	NC_073205.1|YP_010747958.1_31|[Salmonella_phage_LP31]hypothetical_protein|20982..21425|147	0.691	146	44	0	14	157	2	147	1.417E-14	674
1_cl100_ro145c_DT	NC_024204.1|YP_009035165.1_28|[Salmonella_phage_vB_SenS-Ent3]hypothetical_protein|19099..19542|147	0.684	146	45	0	14	157	2	147	1.676E-14	671
1_cl100_ro145c_DT	NC_073206.1|YP_010748033.1_49|[Salmonella_phage_CTH7]hypothetical_protein|complement(32715..33158)|147	0.691	146	44	0	14	157	2	147	1.676E-14	671
1_cl100_ro145c_DT	NC_023608.1|YP_009009952.1_28|[Salmonella_phage_vB_SenS-Ent2]hypothetical_protein|19095..19538|147	0.684	146	45	0	14	157	2	147	1.676E-14	671
1_cl100_ro145c_DT	NC_021317.1|YP_008058254.1_8|[Salmonella_phage_L13]hypothetical_protein|complement(7496..7939)|147	0.684	146	45	0	14	157	2	147	1.676E-14	671
1_cl100_ro145c_DT	NC_031021.1|YP_009280168.1_40|[Salmonella_phage_MA12]hypothetical_protein|complement(28634..29077)|147	0.684	146	45	0	14	157	2	147	1.676E-14	671
1_cl100_ro145c_DT	NC_073204.1|YP_010747918.1_50|[Salmonella_phage_LPSE1]hypothetical_protein|33185..33628|147	0.678	146	46	0	14	157	2	147	3.099E-14	660
1_cl100_ro145c_DT	NC_073210.1|YP_010748238.1_23|[Salmonella_phage_fmb-p1]hypothetical_protein|complement(23471..23914)|147	0.684	146	45	0	14	157	2	147	3.099E-14	660
1_cl100_ro145c_DT	NC_031925.1|YP_009322856.1_49|[Salmonella_phage_BPS11Q3]hypothetical_protein|complement(33054..33497)|147	0.678	146	46	0	14	157	2	147	3.099E-14	660
1_cl100_ro145c_DT	NC_041897.1|YP_009597306.1_26|[Escherichia_phage_K1ind1]hypothetical_protein|16991..18391|466	0.619	155	58	0	3	155	10	164	5.421E-14	650
1_cl100_ro145c_DT	NC_026017.1|YP_009113175.1_28|[Salmonella_phage_LSPA1]hypothetical_protein|19764..20207|147	0.664	146	48	0	14	157	2	147	5.733E-14	649
1_cl100_ro145c_DT	NC_041898.1|YP_009597357.1_26|[Escherichia_phage_K1ind2]hypothetical_protein|16992..18392|466	0.584	155	63	0	3	155	10	164	6.062E-14	648
1_cl100_ro145c_DT	NC_073323.1|YP_010749527.1_27|[Escherichia_phage_vB_EcoS-phiEc3]minor_tail_protein|17198..18616|472	0.625	139	51	0	3	139	10	148	6.062E-14	648
1_cl100_ro145c_DT	NC_042065.1|YP_009617944.1_25|[Salmonella_phage_FSL_SP-101]hypothetical_protein|17112..17555|147	0.664	146	48	0	14	157	2	147	8.018E-14	643
1_cl100_ro145c_DT	NC_073325.1|YP_010749670.1_4|[Escherichia_phage_vB_EcoS_XY1]minor_tail_protein|complement(3811..5211)|466	0.639	136	48	0	3	136	10	145	1.003E-13	639
1_cl100_ro145c_DT	NC_073318.1|YP_010749194.1_61|[Escherichia_phage_NTEC3]hypothetical_protein|complement(34314..35714)|466	0.624	155	57	0	3	155	10	164	1.003E-13	639
1_cl100_ro145c_DT	NC_073324.1|YP_010749624.1_44|[Escherichia_phage_vB_EcoS-22664BS2]hypothetical_protein|22068..23465|465	0.614	134	51	0	3	134	10	143	3.430E-13	617
1_cl100_ro145c_DT	NC_025471.1|YP_009104265.1_28|[Idiomarinaceae_phage_Phi1M2-2]virion_structural_protein|16209..16694|161	0.185	154	122	0	2	152	8	161	3.606E-07	369
1_cl100_ro145c_DT	NC_029066.1|YP_009222842.1_72|[Pseudomonas_phage_PS-1]virion_structural_protein|40548..41054|168	0.154	156	125	0	1	156	1	149	4.033E-07	367
1_cl100_ro145c_DT	NC_071157.1|YP_010686190.1_59|[Klebsiella_phage_VLCpiS13c]virion_structural_protein|complement(35238..35708)|156	0.158	156	128	0	1	153	1	156	4.510E-07	365
1_cl100_ro145c_DT	NC_071152.1|YP_010685763.1_30|[Klebsiella_phage_VLCpiS13a]virion_structural_protein|17455..17925|156	0.146	156	130	0	1	153	1	156	4.769E-07	364
1_cl100_ro145c_DT	NC_073031.1|YP_010738739.1_12|[Janthinobacterium_phage_vB_JliS-Donnerlittchen]hypothetical_protein|6881..7357|158	0.192	155	111	0	3	157	8	145	4.769E-07	364
1_cl100_ro145c_DT	NC_054651.1|YP_010054281.1_6|[Escherichia_phage_C1]hypothetical_protein|complement(6554..7027)|157	0.164	150	123	0	4	153	10	157	5.333E-07	362
1_cl100_ro145c_DT	NC_071146.1|YP_010685295.1_37|[Klebsiella_phage_vB_KpnS_MK54]minor_tail_protein|19423..19893|156	0.158	156	128	0	1	153	1	156	5.640E-07	361
1_cl100_ro145c_DT	NC_054641.1|YP_010053509.1_61|[Salmonella_virus_KFS-SE2]hypothetical_protein|complement(34627..35097)|156	0.193	156	115	0	1	143	1	156	6.307E-07	359
1_cl100_ro145c_DT	NC_002484.2|NP_061517.1_20|[Pseudomonas_phage_D3]virion_structural_protein|13793..14272|159	0.209	158	122	0	1	155	1	158	6.307E-07	359
1_cl100_ro145c_DT	NC_016765.1|YP_005098223.1_20|[Pseudomonas_phage_PMG1]virion_structural_protein|13837..14316|159	0.209	158	122	0	1	155	1	158	6.307E-07	359
1_cl100_ro145c_DT	NC_042037.1|YP_009614658.1_62|[Aeromonas_phage_pIS4-A]hypothetical_protein|32456..32926|156	0.158	156	128	0	1	153	1	156	7.053E-07	357
1_cl100_ro145c_DT	NC_021534.1|YP_008126232.1_68|[Vibrio_phage_pYD38-A]hypothetical_protein|complement(39512..39982)|156	0.158	156	128	0	1	153	1	156	7.053E-07	357
1_cl100_ro145c_DT	NC_071143.1|YP_010685006.1_3|[Flyfo_siphovirus_Tbat1_6]hypothetical_protein|3131..3601|156	0.158	156	128	0	1	153	1	156	7.053E-07	357
1_cl100_ro145c_DT	NC_071142.1|YP_010684975.1_52|[Klebsiella_phage_VLCpiS13d]virion_structural_protein|25572..26042|156	0.158	156	128	0	1	153	1	156	7.053E-07	357
1_cl100_ro145c_DT	NC_071149.1|YP_010685562.1_68|[Klebsiella_phage_vB_Kpn_ZCKp20p]baseplate_wedge_protein|32709..33179|156	0.152	156	129	0	1	153	1	156	7.888E-07	355
1_cl100_ro145c_DT	NC_071156.1|YP_010686107.1_56|[Klebsiella_phage_6991]hypothetical_protein|28567..29037|156	0.152	156	129	0	1	153	1	156	7.888E-07	355
1_cl100_ro145c_DT	NC_071150.1|YP_010685647.1_69|[Klebsiella_phage_ZCKP8]minor_tail_protein|32402..32872|156	0.152	156	129	0	1	153	1	156	7.888E-07	355
1_cl100_ro145c_DT	NC_071151.1|YP_010685719.1_57|[Klebsiella_phage_vB_Kpn_ZC2]minor_tail_protein|32717..33187|156	0.152	156	129	0	1	153	1	156	7.888E-07	355
1_cl100_ro145c_DT	NC_031924.1|YP_009322780.1_67|[Salmonella_phage_IME207]hypothetical_protein|28806..29282|158	0.184	151	121	0	4	154	10	158	7.888E-07	355
1_cl100_ro145c_DT	NC_028819.1|YP_009200200.1_14|[Pseudoalteromonas_phage_H103]virion_structural_protein|complement(10119..10595)|158	0.175	157	124	0	1	151	1	157	7.888E-07	355
1_cl100_ro145c_DT	NC_028834.1|YP_009201754.1_20|[Achromobacter_phage_83-24]hypothetical_protein|15509..16585|358	0.186	123	90	0	1	112	128	250	8.341E-07	354
1_cl100_ro145c_DT	NC_071153.1|YP_010685868.1_57|[Klebsiella_phage_BUCT610]hypothetical_protein|27338..27808|156	0.158	156	128	0	1	153	1	156	9.328E-07	352
1_cl100_ro145c_DT	NC_071144.1|YP_010685103.1_4|[Klebsiella_phage_VLCpiS13f]virion_structural_protein|complement(4718..5191)|157	0.171	157	126	0	1	153	1	157	9.865E-07	351
1_cl100_ro145c_DT	NC_010495.1|YP_001742072.1_35|[Salmonella_phage_Vi_II-E1]hypothetical_protein|24365..24835|156	0.180	153	122	0	1	150	1	153	1.167E-06	348
1_cl100_ro145c_DT	NC_071003.1|YP_010675369.1_21|[Enterobacter_phage_vB_EclS_CobraSix]hypothetical_protein|14964..15461|165	0.176	154	124	0	4	157	10	160	1.167E-06	348
1_cl100_ro145c_DT	NC_016762.1|YP_005098084.1_57|[Pseudomonas_phage_phi297]virion_structural_protein|37368..37835|155	0.183	154	119	0	2	155	8	154	1.380E-06	345
1_cl100_ro145c_DT	NC_054638.1|YP_010053258.1_48|[Salmonella_phage_vB_SenS_SB28]hypothetical_protein|24344..24814|156	0.164	156	127	0	1	153	1	156	1.380E-06	345
1_cl100_ro145c_DT	NC_054637.1|YP_010053153.1_29|[Escherichia_phage_vB_EcoS_Sa179lw]hypothetical_protein|15910..16383|157	0.173	150	122	0	4	153	10	157	1.380E-06	345
1_cl100_ro145c_DT	NC_071145.1|YP_010685197.1_17|[Klebsiella_phage_VLCpiS13e]virion_structural_protein|10270..10743|157	0.147	150	125	0	4	153	10	157	1.632E-06	342
1_cl100_ro145c_DT	NC_070846.1|YP_010657369.1_2|[Salmonella_phage_LPSTLL]hypothetical_protein|1594..2067|157	0.169	157	127	0	1	154	1	157	1.632E-06	342
1_cl100_ro145c_DT	NC_047786.1|YP_009787821.1_47|[Salmonella_phage_vB_SenS_Sasha]virion_structural_protein|27788..28291|167	0.234	155	115	0	1	155	16	166	1.632E-06	342
1_cl100_ro145c_DT	NC_074664.1|YP_010773482.1_14|[Pseudomonas_phage_BUCT566]hypothetical_protein|10993..11460|155	0.183	154	119	0	2	155	8	154	1.725E-06	341
1_cl100_ro145c_DT	NC_031918.1|YP_009322249.1_52|[Salmonella_phage_64795_sal3]hypothetical_protein|27290..27772|160	0.167	153	124	0	1	150	5	157	1.825E-06	340
1_cl100_ro145c_DT	NC_071155.1|YP_010686024.1_52|[Klebsiella_phage_VLCpiS13b]virion_structural_protein|26421..26891|156	0.158	156	128	0	1	153	1	156	1.930E-06	339
1_cl100_ro145c_DT	NC_054642.1|YP_010053565.1_32|[Salmonella_phage_Seszw_1]hypothetical_protein|17534..18007|157	0.176	147	119	0	4	150	10	154	2.041E-06	338
1_cl100_ro145c_DT	NC_054647.1|YP_010053951.1_16|[Salmonella_phage_Akira]hypothetical_protein|complement(13949..14422)|157	0.171	142	114	0	4	141	10	151	2.041E-06	338
1_cl100_ro145c_DT	NC_054648.1|YP_010054082.1_62|[Salmonella_phage_vB_Se_STGO-35-1]minor_tail_protein|29548..30021|157	0.167	148	122	0	4	150	10	157	2.041E-06	338
1_cl100_ro145c_DT	NC_074663.1|YP_010773399.1_9|[Pseudomonas_phage_vB_Pae_LC3I3]hypothetical_protein|6635..7102|155	0.183	154	119	0	2	155	8	154	2.158E-06	337
1_cl100_ro145c_DT	NC_030929.1|YP_009275521.1_34|[Pseudomonas_phage_JBD44]virion_structural_protein|21460..21927|155	0.183	154	119	0	2	155	8	154	2.158E-06	337
1_cl100_ro145c_DT	NC_048198.1|YP_009824047.1_17|[Erwinia_phage_vB_EhrS_59]hypothetical_protein|14104..14601|165	0.170	160	129	0	1	157	1	160	2.158E-06	337
1_cl100_ro145c_DT	NC_054650.1|YP_010054212.1_16|[Shigella_phage_DS8]hypothetical_protein|8852..9325|157	0.166	150	123	0	4	153	10	157	2.699E-06	333
1_cl100_ro145c_DT	NC_011373.1|YP_002284353.1_19|[Pseudomonas_phage_PAJU2]virion_structural_protein|14682..15146|154	0.212	151	113	0	3	153	7	151	2.854E-06	332
1_cl100_ro145c_DT	NC_054639.1|YP_010053346.1_63|[Salmonella_phage_Skate]hypothetical_protein|28397..28873|158	0.160	151	124	0	4	154	10	158	3.018E-06	331
1_cl100_ro145c_DT	NC_054643.1|YP_010053681.1_76|[Salmonella_phage_SeSz-2]hypothetical_protein|39846..40316|156	0.173	153	123	0	1	150	1	153	3.569E-06	328
1_cl100_ro145c_DT	NC_054640.1|YP_010053420.1_47|[Salmonella_phage_Segz_1]hypothetical_protein|23514..23987|157	0.181	157	124	0	1	153	1	157	3.569E-06	328
1_cl100_ro145c_DT	NC_054645.1|YP_010053778.1_13|[Salmonella_phage_LPST10]hypothetical_protein|complement(11731..12204)|157	0.177	157	123	0	1	150	1	157	4.720E-06	323
1_cl100_ro145c_DT	NC_054646.1|YP_010053891.1_39|[Salmonella_phage_VB_StyS_BS5]hypothetical_protein|19802..20275|157	0.177	157	123	0	1	150	1	157	4.720E-06	323
1_cl100_ro145c_DT	NC_054644.1|YP_010053740.1_57|[Salmonella_virus_VSt472]hypothetical_protein|28620..29093|157	0.177	157	123	0	1	150	1	157	4.720E-06	323
1_cl100_ro145c_DT	NC_019927.1|YP_007237618.1_44|[Cronobacter_phage_ENT47670]hypothetical_protein|46209..46706|165	0.173	154	124	0	4	157	10	160	4.992E-06	322
1_cl100_ro145c_DT	NC_071154.1|YP_010685917.1_23|[Klebsiella_phage_BUCT541]hypothetical_protein|complement(17295..17765)|156	0.186	128	95	0	1	118	1	128	7.807E-06	314
1_cl100_ro145c_DT	NC_054652.1|YP_010054356.1_5|[Klebsiella_phage_YX3973]hypothetical_protein|6251..6721|156	0.186	128	95	0	1	118	1	128	7.807E-06	314
1_cl100_ro145c_DT	NC_054654.1|YP_010054542.1_49|[Klebsiella_phage_vB_KpnS_ZX4]hypothetical_protein|25749..26219|156	0.186	128	95	0	1	118	1	128	7.807E-06	314
1_cl100_ro145c_DT	NC_054636.1|YP_010053061.1_17|[Shigella_phage_Sf11_SMD-2017]hypothetical_protein|complement(13880..15253)|457	0.163	150	123	0	4	153	10	157	7.807E-06	314
1_cl100_ro145c_DT	NC_054653.1|YP_010054428.1_13|[Klebsiella_virus_KpV2811]hypothetical_protein|complement(13683..14153)|156	0.186	128	95	0	1	118	1	128	8.256E-06	313
1_cl100_ro145c_DT	NC_041925.1|YP_009600624.1_42|[Proteus_phage_VB_PmiS-Isfahan]hypothetical_protein|25971..26468|165	0.198	152	119	0	3	154	15	163	8.256E-06	313
1_cl100_ro145c_DT	NC_054649.1|YP_010054112.1_4|[Escherichia_phage_vB_EcoS_swi2]hypothetical_protein|complement(5668..6141)|157	0.152	157	129	0	1	153	1	157	1.155E-05	307
1_cl100_ro145c_DT	NC_025443.1|YP_009101221.1_51|[Salmonella_phage_9NA]virion_structural_protein|28178..28681|167	0.212	153	117	0	3	155	17	166	1.221E-05	306
1_cl100_ro145c_DT	NC_020839.1|YP_007673206.1_6|[Rhodobacter_phage_RC1]virion_structural_protein|complement(6559..6981)|140	0.152	138	92	0	1	110	2	139	1.806E-05	299
1_cl100_ro145c_DT	NC_020866.1|YP_007676430.1_51|[Rhodovulum_phage_RS1]virion_structural_protein|32787..33209|140	0.152	138	92	0	1	110	2	139	1.806E-05	299
1_cl100_ro145c_DT	NC_070822.1|YP_010655179.1_15|[Pseudoalteromonas_phage_TW1]hypothetical_protein|8086..8556|156	0.181	153	113	0	5	157	13	151	2.020E-05	297
1_cl100_ro145c_DT	NC_028768.1|YP_009196207.1_22|[Achromobacter_phage_JWX]virion_structural_protein|16122..17195|357	0.159	119	93	0	1	112	131	249	2.136E-05	296
1_cl100_ro145c_DT	NC_034248.1|YP_009352271.1_14|[Rhizobium_phage_RHEph10]minor_tail_protein|13132..13488|118	0.155	112	94	0	1	112	4	115	2.258E-05	295
1_cl100_ro145c_DT	NC_042062.1|YP_009617880.1_51|[Salmonella_phage_SP069]hypothetical_protein|29434..29937|167	0.232	121	90	0	3	123	17	134	2.258E-05	295
1_cl100_ro145c_DT	NC_019541.1|YP_007010627.1_46|[Acinetobacter_phage_YMC/09/02/B1251]virion_structural_protein|33893..34291|132	0.156	126	104	0	1	124	1	126	2.388E-05	294
1_cl100_ro145c_DT	NC_031059.1|YP_009285933.1_48|[Rhodovulum_phage_vB_RhkS_P1]virion_structural_protein|27232..27588|118	0.166	118	93	0	1	112	1	118	3.532E-05	287
1_cl100_ro145c_DT	NC_009447.1|YP_001210237.1_17|[Burkholderia_phage_BcepGomr]virion_structural_protein|13816..14934|372	0.180	109	89	0	4	112	135	243	4.177E-05	284
1_cl100_ro145c_DT	NC_019933.2|YP_007238089.1_19|[Xanthomonas_phage_CP1]virion_structural_protein|14827..15189|120	0.209	120	89	0	1	113	1	120	5.525E-05	279
1_cl100_ro145c_DT	NC_070823.1|YP_010655298.1_72|[Pseudoalteromonas_phage_vB_PspS-H40/1]hypothetical_protein|44459..44860|133	0.176	112	91	0	3	113	9	120	5.842E-05	278
1_cl100_ro145c_DT	NC_049944.1|YP_009909330.1_65|[Stx2-converting_phage_Stx2a_WGPS8]minor_tail_protein|42010..42351|113	0.144	109	90	0	1	109	5	110	6.178E-05	277
1_cl100_ro145c_DT	NC_011356.1|YP_002274199.1_63|[Enterobacteria_phage_YYZ-2008]minor_tail_protein|41055..41396|113	0.144	109	90	0	1	109	5	110	6.178E-05	277
1_cl100_ro145c_DT	NC_049945.1|YP_009909408.1_65|[Stx2-converting_phage_Stx2a_WGPS6]minor_tail_protein|44910..45251|113	0.144	109	90	0	1	109	5	110	6.178E-05	277
1_cl100_ro145c_DT	NC_011357.1|YP_002274276.1_65|[Stx2-converting_phage_1717]minor_tail_protein|47498..47839|113	0.144	109	90	0	1	109	5	110	6.178E-05	277
1_cl100_ro145c_DT	NC_049943.1|YP_009909253.1_63|[Enterobacteria_phage_2851]minor_tail_protein|44185..44526|113	0.144	109	90	0	1	109	5	110	6.178E-05	277
1_cl100_ro145c_DT	NC_070971.1|YP_010671790.1_27|[Pseudomonas_virus_PBPA162]hypothetical_protein|complement(21915..22742)|275	0.123	155	124	0	2	156	130	271	6.178E-05	277
1_cl100_ro145c_DT	NC_049941.1|YP_009909100.1_55|[Stx2-converting_phage_Stx2a_WGPS2]minor_tail_protein|40553..40894|113	0.144	109	90	0	1	109	5	110	6.909E-05	275
1_cl100_ro145c_DT	NC_004813.1|YP_001449305.1_68|[Enterobacteria_phage_BP-4795]minor_tail_protein|41004..41345|113	0.144	109	90	0	1	109	5	110	6.909E-05	275
1_cl100_ro145c_DT	NC_070970.1|YP_010671701.1_28|[Pseudomonas_phage_Iggy]hypothetical_protein|20297..21124|275	0.136	155	122	0	2	156	130	271	6.909E-05	275
1_cl100_ro145c_DT	NC_049942.1|YP_009909178.1_67|[Escherichia_phage_JLK-2012]minor_tail_protein|43932..44273|113	0.144	109	90	0	1	109	5	110	7.307E-05	274
1_cl100_ro145c_DT	NC_007709.1|YP_453576.1_18|[Xanthomonas_phage_OP1]virion_structural_protein|13552..13905|117	0.176	117	91	0	1	112	1	117	9.138E-05	270
1_cl100_ro145c_DT	NC_047902.1|YP_009796566.1_15|[Pseudomonas_phage_PMBT3]minor_tail_protein|16638..16985|115	0.126	113	97	0	1	112	1	113	9.663E-05	269
1_cl100_ro145c_DT	NC_071011.1|YP_010676308.1_51|[Klebsiella_phage_vB_KpnS-Carvaje]virion_structural_protein|27754..28257|167	0.180	152	121	0	3	154	17	165	9.663E-05	269
1_cl100_ro145c_DT	NC_042091.1|YP_009620694.1_25|[Pseudomonas_phage_nickie]hypothetical_protein|21208..21573|121	0.155	118	92	0	2	111	4	121	1.022E-04	268
1_cl100_ro145c_DT	NC_070824.1|YP_010655303.1_4|[Pseudoalteromonas_phage_C7]hypothetical_protein|complement(4549..5016)|155	0.114	145	121	0	10	154	18	155	1.351E-04	263
1_cl100_ro145c_DT	NC_015463.1|YP_004421477.1_23|[Synechococcus_phage_S-CBS2]unknown_structural_protein|15824..16180|118	0.125	103	85	0	12	109	15	117	1.511E-04	261
1_cl100_ro145c_DT	NC_020846.1|YP_007674000.1_38|[Vibrio_phage_pYD21-A]virion_structural_protein|24843..25325|160	0.140	158	125	0	2	147	3	160	1.690E-04	259
1_cl100_ro145c_DT	NC_016165.1|YP_004934695.1_52|[Rhodobacter_phage_RcapMu]virion_structural_protein|31713..32135|140	0.159	138	91	0	1	109	1	138	1.787E-04	258
1_cl100_ro145c_DT	NC_070823.1|YP_010655299.1_73|[Pseudoalteromonas_phage_vB_PspS-H40/1]hypothetical_protein|44860..45306|148	0.135	147	106	0	8	154	25	148	1.999E-04	256
1_cl100_ro145c_DT	NC_021190.1|YP_007947941.1_16|[Enterobacteria_phage_phi80_(Lula)]minor_tail_protein|13636..13974|112	0.149	112	92	0	1	112	3	111	2.235E-04	254
1_cl100_ro145c_DT	NC_019706.1|YP_007111517.1_14|[Enterobacteria_phage_mEp043_c-1]minor_tail_protein|12702..13040|112	0.149	112	92	0	1	112	3	111	2.235E-04	254
1_cl100_ro145c_DT	NC_019720.1|YP_007112357.1_14|[Enterobacteria_phage_mEp213]minor_tail_protein|12702..13040|112	0.149	112	92	0	1	112	3	111	2.235E-04	254
1_cl100_ro145c_DT	NC_070772.1|YP_010649711.1_24|[Vibrio_phage_Seahorse]hypothetical_protein|20900..21397|165	0.188	150	118	0	1	150	18	163	2.364E-04	253
1_cl100_ro145c_DT	NC_009543.1|YP_001285688.1_16|[Xanthomonas_phage_Xop411]virion_structural_protein|12401..12757|118	0.172	118	93	0	1	113	1	118	2.796E-04	250
1_cl100_ro145c_DT	NC_016766.1|YP_005098334.1_35|[Synechococcus_phage_S-CBS4]minor_tail_protein|25163..25516|117	0.120	113	98	0	1	113	4	115	2.956E-04	249
1_cl100_ro145c_DT	NC_029033.1|YP_009220355.1_54|[Achromobacter_phage_phiAxp-1]virion_structural_protein|33078..34382|434	0.121	122	102	0	2	118	131	252	3.306E-04	247
1_cl100_ro145c_DT	NC_048166.1|YP_009820346.1_15|[Pseudomonas_phage_Lana]minor_tail_protein|16872..17201|109	0.130	112	92	0	1	112	1	107	3.496E-04	246
1_cl100_ro145c_DT	NC_004902.1|NP_858966.1_19|[Xanthomonas_phage_Xp10]virion_structural_protein|13362..13718|118	0.166	118	93	0	1	113	1	118	4.135E-04	243
1_cl100_ro145c_DT	NC_003288.1|NP_510944.1_50|[Staphylococcus_phage_phiETA]major_tail_protein|24435..24995|186	0.150	154	128	0	7	157	33	186	4.135E-04	243
1_cl100_ro145c_DT	NC_030652.1|YP_009268687.1_44|[Staphylococcus_phage_80]major_tail_protein|22600..23160|186	0.150	154	128	0	7	157	33	186	4.135E-04	243
1_cl100_ro145c_DT	NC_054980.1|YP_010079949.1_57|[Staphylococcus_phage_Henu2]major_tail_protein|35985..36545|186	0.150	154	128	0	7	157	33	186	4.135E-04	243
1_cl100_ro145c_DT	NC_007063.1|YP_240683.1_12|[Staphylococcus_phage_88]major_tail_protein|7585..8145|186	0.150	154	128	0	7	157	33	186	4.135E-04	243
1_cl100_ro145c_DT	NC_054981.1|YP_010080015.1_61|[Staphylococcus_phage_vB_SauS-SAP27]major_tail_protein|complement(40460..41020)|186	0.150	154	128	0	7	157	33	186	4.135E-04	243
1_cl100_ro145c_DT	NC_007061.1|YP_240543.1_12|[Staphylococcus_phage_29]major_tail_protein|7519..8079|186	0.150	154	128	0	7	157	33	186	4.135E-04	243
1_cl100_ro145c_DT	NC_007064.1|YP_240756.1_12|[Staphylococcus_phage_92]major_tail_protein|7582..8142|186	0.150	154	128	0	7	157	33	186	4.135E-04	243
1_cl100_ro145c_DT	NC_007062.1|YP_240618.1_13|[Staphylococcus_phage_52A]major_tail_protein|7596..8156|186	0.150	154	128	0	7	157	33	186	4.135E-04	243
1_cl100_ro145c_DT	NC_028915.1|YP_009209174.1_51|[Staphylococcus_phage_B236]major_tail_protein|24663..25223|186	0.150	154	128	0	7	157	33	186	4.135E-04	243
1_cl100_ro145c_DT	NC_010147.1|YP_001604141.1_51|[Staphylococcus_phage_phiMR11]major_tail_protein|24534..25094|186	0.150	154	128	0	7	157	33	186	4.135E-04	243
1_cl100_ro145c_DT	NC_021863.1|YP_008320246.1_46|[Staphylococcus_phage_SA13]major_tail_protein|24073..24633|186	0.150	154	128	0	7	157	33	186	4.135E-04	243
1_cl100_ro145c_DT	NC_023500.1|YP_009002867.1_46|[Staphylococcus_phage_StauST398-5]major_tail_protein|23319..23879|186	0.150	154	128	0	7	157	33	186	4.135E-04	243
1_cl100_ro145c_DT	NC_021326.1|YP_008058995.1_22|[Staphylococcus_phage_StauST398-1]major_tail_protein|complement(20802..21362)|186	0.150	154	128	0	7	157	33	186	4.135E-04	243
1_cl100_ro145c_DT	NC_007059.1|YP_240392.1_12|[Staphylococcus_phage_71]major_tail_protein|7416..7976|186	0.150	154	128	0	7	157	33	186	4.135E-04	243
1_cl100_ro145c_DT	NC_007060.1|YP_240466.1_15|[Staphylococcus_phage_55]major_tail_protein|7550..8110|186	0.150	154	128	0	7	157	33	186	4.135E-04	243
1_cl100_ro145c_DT	NC_007024.1|YP_239288.1_20|[Xanthomonas_phage_Xp15]virion_structural_protein|16353..16724|123	0.149	109	90	0	3	109	10	118	4.372E-04	242
1_cl100_ro145c_DT	NC_071020.1|YP_010677399.1_91|[Stenotrophomonas_phage_BUCT626]hypothetical_protein|complement(54409..54771)|120	0.141	119	94	0	1	111	1	119	4.624E-04	241
1_cl100_ro145c_DT	NC_071017.1|YP_010677054.1_50|[Stenotrophomonas_phage_Salva]hypothetical_protein|25137..25502|121	0.155	121	95	0	1	113	1	121	4.890E-04	240
1_cl100_ro145c_DT	NC_024217.1|YP_009037310.1_120|[Nitrincola_phage_1M3-16]hypothetical_protein|complement(64505..64858)|117	0.189	109	86	0	1	109	9	115	5.171E-04	239
1_cl100_ro145c_DT	NC_071018.1|YP_010677153.1_47|[Stenotrophomonas_phage_Siara]minor_tail_protein|24189..24554|121	0.163	121	94	0	1	113	1	121	5.171E-04	239
1_cl100_ro145c_DT	NC_021857.1|YP_008318495.1_17|[Shigella_phage_SfII]DNA_circularization|11934..13304|456	0.160	143	117	0	7	146	33	175	6.115E-04	236
1_cl100_ro145c_DT	NC_070841.1|YP_010656817.1_46|[Bacillus_phage_Basilisk]hypothetical_protein|29312..29677|121	0.112	109	93	0	1	109	15	120	6.838E-04	234
1_cl100_ro145c_DT	NC_070842.1|YP_010656952.1_43|[Bacillus_phage_v_B-Bak10]hypothetical_protein|29587..29952|121	0.112	109	93	0	1	109	15	120	6.838E-04	234
1_cl100_ro145c_DT	NC_027339.1|YP_009147463.1_16|[Enterobacteria_phage_SfI]DNA_circularization|11915..13258|447	0.160	143	117	0	7	146	24	166	7.232E-04	233
1_cl100_ro145c_DT	NC_018279.1|YP_006560828.1_22|[Salmonella_phage_vB_SosS_Oslo]minor_tail_protein|15584..15931|115	0.163	110	90	0	1	109	3	112	7.647E-04	232
1_cl100_ro145c_DT	NC_070844.1|YP_010657188.1_41|[Bacillus_phage_pW4]RNA_polymerase_binding_protein|29837..30202|121	0.137	109	91	0	1	109	15	120	8.087E-04	231
1_cl100_ro145c_DT	NC_070845.1|YP_010657325.1_72|[Bacillus_phage_BCPST]hypothetical_protein|complement(52544..52909)|121	0.137	109	91	0	1	109	15	120	8.087E-04	231
1_cl100_ro145c_DT	NC_022749.1|YP_008766878.1_14|[Shigella_phage_SfIV]DNA_circularization|11962..13338|458	0.157	127	105	0	9	134	36	162	8.087E-04	231
1_cl100_ro145c_DT	NC_003444.1|NP_599047.1_15|[Enterobacteria_phage_SfV]DNA_circularization|11655..12998|447	0.157	127	105	0	9	134	25	151	9.044E-04	229
1_cl100_ro145c_DT	NC_023502.1|YP_009003193.1_36|[Rhizobium_phage_vB_RleS_L338C]minor_tail_protein|27949..28305|118	0.119	107	92	0	7	113	14	118	9.564E-04	228
1_cl100_ro145c_DT	NC_070843.1|YP_010657042.1_18|[Bacillus_phage_PBC4]hypothetical_protein|17789..18154|121	0.137	109	91	0	1	109	15	120	9.564E-04	228
1_cl100_sw3-49_DT	NC_025466.1|YP_009103926.1_40|[Shewanella_sp._phage_3/49]hypothetical_protein|23325..23825|166	1.000	166	0	0	1	166	1	166	1.784E-23	1030
1_cl100_sw3-49_DT	NC_028695.2|YP_009191448.1_40|[Enterobacter_phage_phiEap-2]hypothetical_protein|21610..22104|164	0.536	164	75	0	1	164	1	162	1.065E-15	713
1_cl100_sw3-49_DT	NC_073213.1|YP_010748406.1_26|[Salmonella_phage_vB_SenS_SB3]hypothetical_protein|17765..18265|166	0.515	163	78	0	1	161	1	163	1.065E-15	713
1_cl100_sw3-49_DT	NC_073196.1|YP_010747352.1_5|[Salmonella_phage_NBSal006]hypothetical_protein|complement(3960..4460)|166	0.515	163	78	0	1	161	1	163	1.065E-15	713
1_cl100_sw3-49_DT	NC_041992.1|YP_009608663.1_42|[Salmonella_phage_wksl3]hypothetical_protein|complement(27064..27564)|166	0.521	163	77	0	1	161	1	163	1.192E-15	711
1_cl100_sw3-49_DT	NC_073199.1|YP_010747561.1_29|[Salmonella_phage_S102]hypothetical_protein|19783..20283|166	0.515	163	78	0	1	161	1	163	1.334E-15	709
1_cl100_sw3-49_DT	NC_073198.1|YP_010747531.1_59|[Salmonella_phage_vB_SenS_ER21]hypothetical_protein|complement(40052..40552)|166	0.515	163	78	0	1	161	1	163	1.334E-15	709
1_cl100_sw3-49_DT	NC_073197.1|YP_010747470.1_58|[Salmonella_phage_vB_SenS_ER23]hypothetical_protein|40103..40603|166	0.515	163	78	0	1	161	1	163	1.334E-15	709
1_cl100_sw3-49_DT	NC_073202.1|YP_010747772.1_47|[Salmonella_phage_celemicas]hypothetical_protein|25526..26026|166	0.515	163	78	0	1	161	1	163	1.412E-15	708
1_cl100_sw3-49_DT	NC_073209.1|YP_010748162.1_6|[Salmonella_phage_GRNsp50]hypothetical_protein|complement(5544..6044)|166	0.515	163	78	0	1	161	1	163	1.412E-15	708
1_cl100_sw3-49_DT	NC_073173.1|YP_010745993.1_42|[Salmonella_phage_blauehaus]hypothetical_protein|23963..24463|166	0.515	163	78	0	1	161	1	163	1.412E-15	708
1_cl100_sw3-49_DT	NC_073178.1|YP_010746288.1_31|[Salmonella_phage_vB_SenS_TUMS_E19]hypothetical_protein|20086..20586|166	0.515	163	78	0	1	161	1	163	1.412E-15	708
1_cl100_sw3-49_DT	NC_073200.1|YP_010747627.1_31|[Salmonella_phage_S100]hypothetical_protein|20810..21310|166	0.515	163	78	0	1	161	1	163	1.412E-15	708
1_cl100_sw3-49_DT	NC_073203.1|YP_010747823.1_31|[Salmonella_phage_MET_P1_001_43]hypothetical_protein|19249..19749|166	0.515	163	78	0	1	161	1	163	1.412E-15	708
1_cl100_sw3-49_DT	NC_073201.1|YP_010747703.1_41|[Salmonella_phage_dunkel]hypothetical_protein|25780..26280|166	0.515	163	78	0	1	161	1	163	1.412E-15	708
1_cl100_sw3-49_DT	NC_073186.1|YP_010746744.1_32|[Salmonella_phage_vB_SenS_PVP-SE2]hypothetical_protein|complement(23538..24038)|166	0.515	163	78	0	1	161	1	163	1.412E-15	708
1_cl100_sw3-49_DT	NC_073169.1|YP_010745715.1_18|[Salmonella_phage_SS5]hypothetical_protein|complement(15759..16259)|166	0.493	164	83	0	1	164	1	164	1.770E-15	704
1_cl100_sw3-49_DT	NC_073191.1|YP_010747048.1_26|[Salmonella_phage_vB_SenS-EnJE6]hypothetical_protein|complement(19818..20318)|166	0.506	164	81	0	1	164	1	164	1.873E-15	703
1_cl100_sw3-49_DT	NC_073184.1|YP_010746642.1_32|[Salmonella_phage_F12013]tail_protein|complement(23758..24258)|166	0.485	164	84	0	1	164	1	164	1.873E-15	703
1_cl100_sw3-49_DT	NC_073190.1|YP_010747004.1_50|[Salmonella_phage_vB_SenS_S528]hypothetical_protein|24404..24904|166	0.509	163	79	0	1	161	1	163	2.097E-15	701
1_cl100_sw3-49_DT	NC_073207.1|YP_010748064.1_18|[Salmonella_phage_SHWT1]hypothetical_protein|complement(17411..17911)|166	0.509	163	79	0	1	161	1	163	2.097E-15	701
1_cl100_sw3-49_DT	NC_073189.1|YP_010746947.1_55|[Salmonella_phage_JD01]hypothetical_protein|complement(38045..38545)|166	0.509	163	79	0	1	161	1	163	2.097E-15	701
1_cl100_sw3-49_DT	NC_073219.1|YP_010748806.1_39|[Salmonella_phage_sidste]hypothetical_protein|23863..24363|166	0.515	163	78	0	1	161	1	163	2.097E-15	701
1_cl100_sw3-49_DT	NC_073218.1|YP_010748749.1_38|[Salmonella_phage_demigod]hypothetical_protein|24667..25167|166	0.515	163	78	0	1	161	1	163	2.097E-15	701
1_cl100_sw3-49_DT	NC_073193.1|YP_010747216.1_59|[Salmonella_phage_vB_SalS-S10]hypothetical_protein|39171..39671|166	0.509	163	79	0	1	161	1	163	2.097E-15	701
1_cl100_sw3-49_DT	NC_073192.1|YP_010747095.1_6|[Salmonella_phage_F118P13]hypothetical_protein|complement(5673..6173)|166	0.509	163	79	0	1	161	1	163	2.097E-15	701
1_cl100_sw3-49_DT	NC_073188.1|YP_010746874.1_48|[Salmonella_phage_vB_SenS_S532]hypothetical_protein|24316..24816|166	0.509	163	79	0	1	161	1	163	2.097E-15	701
1_cl100_sw3-49_DT	NC_093712.1|YP_011217191.1_3|[Escherichia_phage_L_AB-2017]hypothetical_protein|complement(1052..1552)|166	0.491	165	83	0	1	165	1	164	2.347E-15	699
1_cl100_sw3-49_DT	NC_093713.1|YP_011217263.1_8|[Escherichia_phage_P_AB-2017]hypothetical_protein|complement(8713..9213)|166	0.497	165	82	0	1	165	1	164	2.347E-15	699
1_cl100_sw3-49_DT	NC_073316.1|YP_010749009.1_30|[Escherichia_phage_vB_EcoS_fFiEco02]hypothetical_protein|19687..20187|166	0.479	165	85	0	1	165	1	164	2.347E-15	699
1_cl100_sw3-49_DT	NC_073215.1|YP_010748512.1_4|[Salmonella_phage_SGPC]tail_protein|complement(1472..1972)|166	0.515	163	78	0	1	161	1	163	2.484E-15	698
1_cl100_sw3-49_DT	NC_006940.2|YP_308655.1_54|[Salmonella_phage_SS3e]hypothetical_protein|complement(36137..36637)|166	0.521	163	77	0	1	161	1	163	2.628E-15	697
1_cl100_sw3-49_DT	NC_073212.1|YP_010748343.1_28|[Salmonella_phage_ZCSE9]hypothetical_protein|19068..19568|166	0.521	163	77	0	1	161	1	163	2.628E-15	697
1_cl100_sw3-49_DT	NC_073183.1|YP_010746577.1_24|[Salmonella_phage_NBSal007]hypothetical_protein|complement(21183..21683)|166	0.491	164	83	0	1	164	1	164	2.781E-15	696
1_cl100_sw3-49_DT	NC_073172.1|YP_010745932.1_46|[Salmonella_phage_skrot]hypothetical_protein|24902..25402|166	0.485	164	84	0	1	164	1	164	3.113E-15	694
1_cl100_sw3-49_DT	NC_069147.1|YP_010582233.1_64|[Salmonella_phage_GRNsp27]hypothetical_protein|40507..41007|166	0.514	166	80	0	1	165	1	166	3.113E-15	694
1_cl100_sw3-49_DT	NC_073317.1|YP_010749084.1_28|[Escherichia_phage_vB_EcoS_fPoEco01]hypothetical_protein|18289..18789|166	0.473	165	86	0	1	165	1	164	3.113E-15	694
1_cl100_sw3-49_DT	NC_069150.1|YP_010582406.1_33|[Salmonella_phage_vB_STM-ZS]hypothetical_protein|complement(22605..23105)|166	0.539	163	74	0	1	161	1	163	3.294E-15	693
1_cl100_sw3-49_DT	NC_069153.1|YP_010582605.1_27|[Salmonella_virus_VSiP]hypothetical_protein|18017..18517|166	0.546	163	73	0	1	161	1	163	3.294E-15	693
1_cl100_sw3-49_DT	NC_069146.1|YP_010582164.1_57|[Salmonella_phage_St162]hypothetical_protein|36455..36955|166	0.539	163	74	0	1	161	1	163	3.294E-15	693
1_cl100_sw3-49_DT	NC_069148.1|YP_010582260.1_27|[Salmonella_phage_TS6]hypothetical_protein|complement(19322..19822)|166	0.539	163	74	0	1	161	1	163	3.294E-15	693
1_cl100_sw3-49_DT	NC_069149.1|YP_010582359.1_61|[Salmonella_phage_vB_SenTO17]hypothetical_protein|complement(31844..32344)|166	0.539	163	74	0	1	161	1	163	3.294E-15	693
1_cl100_sw3-49_DT	NC_069151.1|YP_010582466.1_34|[Salmonella_phage_vB_SenS_SE1]hypothetical_protein|complement(21758..22258)|166	0.539	163	74	0	1	161	1	163	3.294E-15	693
1_cl100_sw3-49_DT	NC_073208.1|YP_010748125.1_26|[Salmonella_phage_SLMP1]hypothetical_protein|complement(20699..21199)|166	0.509	163	79	0	1	161	1	163	3.486E-15	692
1_cl100_sw3-49_DT	NC_009232.2|YP_001110816.2_27|[Salmonella_phage_SETP3]hypothetical_protein|18460..18960|166	0.491	164	83	0	1	164	1	164	3.486E-15	692
1_cl100_sw3-49_DT	NC_073176.1|YP_010746159.1_28|[Salmonella_virus_VSe101]hypothetical_protein|19414..19914|166	0.509	163	79	0	1	161	1	163	3.486E-15	692
1_cl100_sw3-49_DT	NC_073211.1|YP_010748298.1_37|[Salmonella_phage_T102]hypothetical_protein|22571..23071|166	0.509	163	79	0	1	161	1	163	3.486E-15	692
1_cl100_sw3-49_DT	NC_073194.1|YP_010747222.1_3|[Salmonella_phage_vB_SalP_LDW16]hypothetical_protein|complement(1350..1850)|166	0.521	163	77	0	1	161	1	163	3.486E-15	692
1_cl100_sw3-49_DT	NC_073216.1|YP_010748575.1_5|[Salmonella_phage_STP03]hypothetical_protein|complement(5491..5991)|166	0.500	164	82	0	1	164	1	164	3.688E-15	691
1_cl100_sw3-49_DT	NC_073174.1|YP_010746054.1_42|[Salmonella_phage_wast]hypothetical_protein|23773..24273|166	0.491	164	83	0	1	164	1	164	3.903E-15	690
1_cl100_sw3-49_DT	NC_073187.1|YP_010746797.1_25|[Salmonella_phage_vB_SenS-EnJE1]hypothetical_protein|complement(22305..22805)|166	0.491	164	83	0	1	164	1	164	3.903E-15	690
1_cl100_sw3-49_DT	NC_022752.1|YP_008767027.1_28|[Salmonella_phage_SETP13]hypothetical_protein|18112..18612|166	0.491	164	83	0	1	164	1	164	3.903E-15	690
1_cl100_sw3-49_DT	NC_042084.1|YP_009620106.1_26|[Escherichia_phage_VB_EcoS-Golestan]hypothetical_protein|17370..18788|472	0.488	170	84	0	1	166	1	170	4.129E-15	689
1_cl100_sw3-49_DT	NC_069155.1|YP_010582758.1_50|[Serratia_phage_Tsm2]hypothetical_protein|30094..30588|164	0.554	164	72	0	1	162	1	164	4.369E-15	688
1_cl100_sw3-49_DT	NC_022754.1|YP_008767198.1_27|[Salmonella_phage_SETP7]hypothetical_protein|17572..18072|166	0.509	163	79	0	1	161	1	163	4.369E-15	688
1_cl100_sw3-49_DT	NC_021563.1|YP_008130357.1_64|[Serratia_phage_Eta]hypothetical_protein|36442..36936|164	0.542	164	74	0	1	163	1	164	4.623E-15	687
1_cl100_sw3-49_DT	NC_027994.1|YP_009168856.1_24|[Escherichia_phage_K1H]hypothetical_protein|16248..16748|166	0.479	165	85	0	1	165	1	164	5.795E-15	683
1_cl100_sw3-49_DT	NC_073314.1|YP_010748874.1_48|[Escherichia_virus_fEg-Eco19]hypothetical_protein|24956..25456|166	0.491	165	83	0	1	165	1	164	5.795E-15	683
1_cl100_sw3-49_DT	NC_073195.1|YP_010747307.1_28|[Salmonella_phage_Shelanagig]hypothetical_protein|18443..18943|166	0.491	164	83	0	1	164	1	164	5.795E-15	683
1_cl100_sw3-49_DT	NC_027993.1|YP_009168807.1_27|[Escherichia_phage_K1G]hypothetical_protein|17937..18437|166	0.479	165	85	0	1	165	1	164	5.795E-15	683
1_cl100_sw3-49_DT	NC_048181.1|YP_009821861.1_25|[Raoultella_phage_RP180]hypothetical_protein|19172..19666|164	0.557	164	72	0	1	163	1	164	6.488E-15	681
1_cl100_sw3-49_DT	NC_073182.1|YP_010746525.1_29|[Salmonella_virus_VSe103]hypothetical_protein|19773..20273|166	0.479	164	85	0	1	164	1	164	6.488E-15	681
1_cl100_sw3-49_DT	NC_041991.1|YP_009608582.1_27|[Salmonella_phage_vB_SenS_AG11]hypothetical_protein|17728..18228|166	0.487	164	84	0	1	164	1	164	6.488E-15	681
1_cl100_sw3-49_DT	NC_073181.1|YP_010746468.1_30|[Salmonella_phage_5sent1]minor_tail_protein|19967..20467|166	0.479	164	85	0	1	164	1	164	6.488E-15	681
1_cl100_sw3-49_DT	NC_073179.1|YP_010746349.1_30|[Salmonella_phage_vB_SenS_TUMS_E4]hypothetical_protein|20065..20565|166	0.479	164	85	0	1	164	1	164	6.488E-15	681
1_cl100_sw3-49_DT	NC_021775.1|YP_008239652.1_55|[Salmonella_phage_FSL_SP-031]hypothetical_protein|36428..36928|166	0.539	163	74	0	1	161	1	163	6.488E-15	681
1_cl100_sw3-49_DT	NC_019539.1|YP_007010481.1_28|[Salmonella_phage_vB_SenS-Ent1]hypothetical_protein|18977..19477|166	0.479	164	85	0	1	164	1	164	6.488E-15	681
1_cl100_sw3-49_DT	NC_073185.1|YP_010746711.1_42|[Salmonella_phage_PBSE191]hypothetical_protein|39461..39961|166	0.479	164	85	0	1	164	1	164	6.488E-15	681
1_cl100_sw3-49_DT	NC_041898.1|YP_009597357.1_26|[Escherichia_phage_K1ind2]hypothetical_protein|16992..18392|466	0.460	170	89	0	1	166	1	170	7.264E-15	679
1_cl100_sw3-49_DT	NC_073175.1|YP_010746101.1_29|[Salmonella_virus_VSt10]hypothetical_protein|19072..19572|166	0.515	163	78	0	1	161	1	163	7.686E-15	678
1_cl100_sw3-49_DT	NC_073214.1|YP_010748481.1_38|[Salmonella_phage_vB_SenS_ER1]hypothetical_protein|21670..22170|166	0.487	164	84	0	1	164	1	164	8.605E-15	676
1_cl100_sw3-49_DT	NC_073217.1|YP_010748688.1_48|[Salmonella_phage_pink]hypothetical_protein|25082..25582|166	0.487	164	84	0	1	164	1	164	8.605E-15	676
1_cl100_sw3-49_DT	NC_073321.1|YP_010749394.1_37|[Escherichia_phage_ZCEC5]hypothetical_protein|20117..20617|166	0.450	165	90	0	1	165	1	164	1.079E-14	672
1_cl100_sw3-49_DT	NC_069154.1|YP_010582691.1_40|[Klebsiella_phage_VLCpiS11a]virion_structural_protein|complement(25256..25750)|164	0.530	164	76	0	1	162	1	164	1.141E-14	671
1_cl100_sw3-49_DT	NC_069152.1|YP_010582522.1_27|[Salmonella_phage_Shemara]hypothetical_protein|18129..18629|166	0.524	166	78	0	1	164	1	166	1.208E-14	670
1_cl100_sw3-49_DT	NC_073323.1|YP_010749527.1_27|[Escherichia_phage_vB_EcoS-phiEc3]minor_tail_protein|17198..18616|472	0.506	148	72	0	1	146	1	148	1.278E-14	669
1_cl100_sw3-49_DT	NC_069156.1|YP_010582773.1_5|[Serratia_phage_vB_SmaM-Otaku]hypothetical_protein|complement(4881..5375)|164	0.554	164	72	0	1	164	1	162	1.514E-14	666
1_cl100_sw3-49_DT	NC_041897.1|YP_009597306.1_26|[Escherichia_phage_K1ind1]hypothetical_protein|16991..18391|466	0.448	163	87	0	1	163	1	159	1.897E-14	662
1_cl100_sw3-49_DT	NC_073325.1|YP_010749670.1_4|[Escherichia_phage_vB_EcoS_XY1]minor_tail_protein|complement(3811..5211)|466	0.517	145	69	0	1	143	1	145	2.124E-14	660
1_cl100_sw3-49_DT	NC_021777.1|YP_008239738.1_29|[Salmonella_phage_Jersey]hypothetical_protein|20172..20672|166	0.500	164	82	0	1	164	1	164	2.517E-14	657
1_cl100_sw3-49_DT	NC_073320.1|YP_010749347.1_61|[Escherichia_phage_26]hypothetical_protein|32941..33414|157	0.567	155	66	0	10	163	3	157	2.663E-14	656
1_cl100_sw3-49_DT	NC_028698.1|YP_009191569.1_16|[Salmonella_phage_f18SE]hypothetical_protein|complement(15923..16423)|166	0.485	164	84	0	1	164	1	164	2.818E-14	655
1_cl100_sw3-49_DT	NC_073324.1|YP_010749624.1_44|[Escherichia_phage_vB_EcoS-22664BS2]hypothetical_protein|22068..23465|465	0.496	142	70	0	1	140	1	142	6.574E-14	640
1_cl100_sw3-49_DT	NC_073322.1|YP_010749475.1_46|[Escherichia_phage_vB_EcoS-Ro145c2YLVW]hypothetical_protein|23553..24026|157	0.561	155	67	0	10	163	3	157	8.240E-14	636
1_cl100_sw3-49_DT	NC_073319.1|YP_010749258.1_53|[Escherichia_phage_SZH-1]hypothetical_protein|complement(25719..26192)|157	0.561	155	67	0	10	164	3	155	9.225E-14	634
1_cl100_sw3-49_DT	NC_073318.1|YP_010749194.1_61|[Escherichia_phage_NTEC3]hypothetical_protein|complement(34314..35714)|466	0.516	148	70	0	1	146	1	148	1.623E-13	624
1_cl100_sw3-49_DT	NC_073315.1|YP_010748930.1_28|[Escherichia_phage_vB_EcoS_fFiEco03]hypothetical_protein|17935..19305|456	0.618	131	50	0	10	140	3	133	4.239E-13	607
1_cl100_sw3-49_DT	NC_016763.1|YP_005098153.1_57|[Salmonella_phage_SE2]hypothetical_protein|37051..37494|147	0.483	144	74	0	21	164	2	145	3.673E-11	528
1_cl100_sw3-49_DT	NC_073170.1|YP_010745802.1_38|[Salmonella_phage_SE-W109]hypothetical_protein|complement(24001..24444)|147	0.483	144	74	0	21	164	2	145	3.673E-11	528
1_cl100_sw3-49_DT	NC_024204.1|YP_009035165.1_28|[Salmonella_phage_vB_SenS-Ent3]hypothetical_protein|19099..19542|147	0.469	144	76	0	21	164	2	145	7.234E-11	516
1_cl100_sw3-49_DT	NC_023608.1|YP_009009952.1_28|[Salmonella_phage_vB_SenS-Ent2]hypothetical_protein|19095..19538|147	0.469	144	76	0	21	164	2	145	7.234E-11	516
1_cl100_sw3-49_DT	NC_021317.1|YP_008058254.1_8|[Salmonella_phage_L13]hypothetical_protein|complement(7496..7939)|147	0.469	144	76	0	21	164	2	145	7.234E-11	516
1_cl100_sw3-49_DT	NC_031021.1|YP_009280168.1_40|[Salmonella_phage_MA12]hypothetical_protein|complement(28634..29077)|147	0.469	144	76	0	21	164	2	145	7.234E-11	516
1_cl100_sw3-49_DT	NC_073205.1|YP_010747958.1_31|[Salmonella_phage_LP31]hypothetical_protein|20982..21425|147	0.479	144	75	0	21	164	2	145	7.234E-11	516
1_cl100_sw3-49_DT	NC_073204.1|YP_010747918.1_50|[Salmonella_phage_LPSE1]hypothetical_protein|33185..33628|147	0.486	144	74	0	21	164	2	145	7.654E-11	515
1_cl100_sw3-49_DT	NC_031925.1|YP_009322856.1_49|[Salmonella_phage_BPS11Q3]hypothetical_protein|complement(33054..33497)|147	0.486	144	74	0	21	164	2	145	7.654E-11	515
1_cl100_sw3-49_DT	NC_073206.1|YP_010748033.1_49|[Salmonella_phage_CTH7]hypothetical_protein|complement(32715..33158)|147	0.479	144	75	0	21	164	2	145	9.068E-11	512
1_cl100_sw3-49_DT	NC_026017.1|YP_009113175.1_28|[Salmonella_phage_LSPA1]hypothetical_protein|19764..20207|147	0.486	144	74	0	21	164	2	145	1.890E-10	499
1_cl100_sw3-49_DT	NC_073210.1|YP_010748238.1_23|[Salmonella_phage_fmb-p1]hypothetical_protein|complement(23471..23914)|147	0.479	144	75	0	21	164	2	145	2.116E-10	497
1_cl100_sw3-49_DT	NC_042065.1|YP_009617944.1_25|[Salmonella_phage_FSL_SP-101]hypothetical_protein|17112..17555|147	0.486	144	74	0	21	164	2	145	3.142E-10	490
1_cl100_sw3-49_DT	NC_054651.1|YP_010054281.1_6|[Escherichia_phage_C1]hypothetical_protein|complement(6554..7027)|157	0.174	166	129	0	1	166	1	157	5.924E-09	438
1_cl100_sw3-49_DT	NC_028819.1|YP_009200200.1_14|[Pseudoalteromonas_phage_H103]virion_structural_protein|complement(10119..10595)|158	0.181	152	121	0	2	150	3	154	2.172E-08	415
1_cl100_sw3-49_DT	NC_025471.1|YP_009104265.1_28|[Idiomarinaceae_phage_Phi1M2-2]virion_structural_protein|16209..16694|161	0.183	164	131	0	2	165	1	161	2.722E-08	411
1_cl100_sw3-49_DT	NC_031924.1|YP_009322780.1_67|[Salmonella_phage_IME207]hypothetical_protein|28806..29282|158	0.180	166	128	0	1	166	1	157	3.225E-08	408
1_cl100_sw3-49_DT	NC_054648.1|YP_010054082.1_62|[Salmonella_phage_vB_Se_STGO-35-1]minor_tail_protein|29548..30021|157	0.174	166	129	0	1	166	1	157	3.820E-08	405
1_cl100_sw3-49_DT	NC_071157.1|YP_010686190.1_59|[Klebsiella_phage_VLCpiS13c]virion_structural_protein|complement(35238..35708)|156	0.181	165	127	0	2	166	1	156	6.002E-08	397
1_cl100_sw3-49_DT	NC_054638.1|YP_010053258.1_48|[Salmonella_phage_vB_SenS_SB28]hypothetical_protein|24344..24814|156	0.181	165	127	0	2	166	1	156	6.002E-08	397
1_cl100_sw3-49_DT	NC_054647.1|YP_010053951.1_16|[Salmonella_phage_Akira]hypothetical_protein|complement(13949..14422)|157	0.170	164	128	0	1	164	1	155	6.002E-08	397
1_cl100_sw3-49_DT	NC_054642.1|YP_010053565.1_32|[Salmonella_phage_Seszw_1]hypothetical_protein|17534..18007|157	0.192	164	124	0	1	164	1	155	6.720E-08	395
1_cl100_sw3-49_DT	NC_071152.1|YP_010685763.1_30|[Klebsiella_phage_VLCpiS13a]virion_structural_protein|17455..17925|156	0.173	165	128	0	2	166	1	156	7.111E-08	394
1_cl100_sw3-49_DT	NC_071146.1|YP_010685295.1_37|[Klebsiella_phage_vB_KpnS_MK54]minor_tail_protein|19423..19893|156	0.181	165	127	0	2	166	1	156	7.111E-08	394
1_cl100_sw3-49_DT	NC_054637.1|YP_010053153.1_29|[Escherichia_phage_vB_EcoS_Sa179lw]hypothetical_protein|15910..16383|157	0.190	166	126	0	1	166	1	157	8.424E-08	391
1_cl100_sw3-49_DT	NC_071144.1|YP_010685103.1_4|[Klebsiella_phage_VLCpiS13f]virion_structural_protein|complement(4718..5191)|157	0.187	166	127	0	1	166	1	157	8.913E-08	390
1_cl100_sw3-49_DT	NC_054640.1|YP_010053420.1_47|[Salmonella_phage_Segz_1]hypothetical_protein|23514..23987|157	0.175	166	129	0	1	166	1	157	8.913E-08	390
1_cl100_sw3-49_DT	NC_031918.1|YP_009322249.1_52|[Salmonella_phage_64795_sal3]hypothetical_protein|27290..27772|160	0.181	164	126	0	1	164	4	158	9.431E-08	389
1_cl100_sw3-49_DT	NC_054641.1|YP_010053509.1_61|[Salmonella_virus_KFS-SE2]hypothetical_protein|complement(34627..35097)|156	0.169	156	125	0	2	153	1	156	1.056E-07	387
1_cl100_sw3-49_DT	NC_071149.1|YP_010685562.1_68|[Klebsiella_phage_vB_Kpn_ZCKp20p]baseplate_wedge_protein|32709..33179|156	0.187	165	126	0	2	166	1	156	1.182E-07	385
1_cl100_sw3-49_DT	NC_071156.1|YP_010686107.1_56|[Klebsiella_phage_6991]hypothetical_protein|28567..29037|156	0.187	165	126	0	2	166	1	156	1.182E-07	385
1_cl100_sw3-49_DT	NC_071142.1|YP_010684975.1_52|[Klebsiella_phage_VLCpiS13d]virion_structural_protein|25572..26042|156	0.181	165	127	0	2	166	1	156	1.182E-07	385
1_cl100_sw3-49_DT	NC_071150.1|YP_010685647.1_69|[Klebsiella_phage_ZCKP8]minor_tail_protein|32402..32872|156	0.187	165	126	0	2	166	1	156	1.182E-07	385
1_cl100_sw3-49_DT	NC_071151.1|YP_010685719.1_57|[Klebsiella_phage_vB_Kpn_ZC2]minor_tail_protein|32717..33187|156	0.187	165	126	0	2	166	1	156	1.182E-07	385
1_cl100_sw3-49_DT	NC_073031.1|YP_010738739.1_12|[Janthinobacterium_phage_vB_JliS-Donnerlittchen]hypothetical_protein|6881..7357|158	0.182	158	123	0	4	161	2	152	1.251E-07	384
1_cl100_sw3-49_DT	NC_016762.1|YP_005098084.1_57|[Pseudomonas_phage_phi297]virion_structural_protein|37368..37835|155	0.155	158	127	0	4	161	2	152	1.324E-07	383
1_cl100_sw3-49_DT	NC_028834.1|YP_009201754.1_20|[Achromobacter_phage_83-24]hypothetical_protein|15509..16585|358	0.169	130	105	0	1	127	129	258	1.324E-07	383
1_cl100_sw3-49_DT	NC_042037.1|YP_009614658.1_62|[Aeromonas_phage_pIS4-A]hypothetical_protein|32456..32926|156	0.181	165	127	0	2	166	1	156	1.400E-07	382
1_cl100_sw3-49_DT	NC_021534.1|YP_008126232.1_68|[Vibrio_phage_pYD38-A]hypothetical_protein|complement(39512..39982)|156	0.181	165	127	0	2	166	1	156	1.400E-07	382
1_cl100_sw3-49_DT	NC_071143.1|YP_010685006.1_3|[Flyfo_siphovirus_Tbat1_6]hypothetical_protein|3131..3601|156	0.181	165	127	0	2	166	1	156	1.400E-07	382
1_cl100_sw3-49_DT	NC_054639.1|YP_010053346.1_63|[Salmonella_phage_Skate]hypothetical_protein|28397..28873|158	0.168	160	131	0	1	160	1	158	1.400E-07	382
1_cl100_sw3-49_DT	NC_054645.1|YP_010053778.1_13|[Salmonella_phage_LPST10]hypothetical_protein|complement(11731..12204)|157	0.186	166	127	0	1	166	1	157	1.659E-07	379
1_cl100_sw3-49_DT	NC_054646.1|YP_010053891.1_39|[Salmonella_phage_VB_StyS_BS5]hypothetical_protein|19802..20275|157	0.186	166	127	0	1	166	1	157	1.659E-07	379
1_cl100_sw3-49_DT	NC_054644.1|YP_010053740.1_57|[Salmonella_virus_VSt472]hypothetical_protein|28620..29093|157	0.186	166	127	0	1	166	1	157	1.659E-07	379
1_cl100_sw3-49_DT	NC_048198.1|YP_009824047.1_17|[Erwinia_phage_vB_EhrS_59]hypothetical_protein|14104..14601|165	0.160	165	138	0	2	166	1	165	1.659E-07	379
1_cl100_sw3-49_DT	NC_074664.1|YP_010773482.1_14|[Pseudomonas_phage_BUCT566]hypothetical_protein|10993..11460|155	0.161	158	126	0	4	161	2	152	1.755E-07	378
1_cl100_sw3-49_DT	NC_070846.1|YP_010657369.1_2|[Salmonella_phage_LPSTLL]hypothetical_protein|1594..2067|157	0.175	165	128	0	2	166	1	156	1.965E-07	376
1_cl100_sw3-49_DT	NC_054649.1|YP_010054112.1_4|[Escherichia_phage_vB_EcoS_swi2]hypothetical_protein|complement(5668..6141)|157	0.166	166	130	0	1	166	1	157	2.080E-07	375
1_cl100_sw3-49_DT	NC_054650.1|YP_010054212.1_16|[Shigella_phage_DS8]hypothetical_protein|8852..9325|157	0.179	166	128	0	1	166	1	157	2.200E-07	374
1_cl100_sw3-49_DT	NC_002484.2|NP_061517.1_20|[Pseudomonas_phage_D3]virion_structural_protein|13793..14272|159	0.148	159	132	0	3	161	1	156	2.328E-07	373
1_cl100_sw3-49_DT	NC_016765.1|YP_005098223.1_20|[Pseudomonas_phage_PMG1]virion_structural_protein|13837..14316|159	0.148	159	132	0	3	161	1	156	2.328E-07	373
1_cl100_sw3-49_DT	NC_071153.1|YP_010685868.1_57|[Klebsiella_phage_BUCT610]hypothetical_protein|27338..27808|156	0.181	165	127	0	2	166	1	156	2.463E-07	372
1_cl100_sw3-49_DT	NC_074663.1|YP_010773399.1_9|[Pseudomonas_phage_vB_Pae_LC3I3]hypothetical_protein|6635..7102|155	0.161	158	126	0	4	161	2	152	2.918E-07	369
1_cl100_sw3-49_DT	NC_030929.1|YP_009275521.1_34|[Pseudomonas_phage_JBD44]virion_structural_protein|21460..21927|155	0.161	158	126	0	4	161	2	152	2.918E-07	369
1_cl100_sw3-49_DT	NC_071003.1|YP_010675369.1_21|[Enterobacter_phage_vB_EclS_CobraSix]hypothetical_protein|14964..15461|165	0.180	166	127	0	1	166	1	156	3.088E-07	368
1_cl100_sw3-49_DT	NC_010495.1|YP_001742072.1_35|[Salmonella_phage_Vi_II-E1]hypothetical_protein|24365..24835|156	0.171	163	127	0	2	164	1	154	3.267E-07	367
1_cl100_sw3-49_DT	NC_071155.1|YP_010686024.1_52|[Klebsiella_phage_VLCpiS13b]virion_structural_protein|26421..26891|156	0.176	158	128	0	2	159	1	156	3.267E-07	367
1_cl100_sw3-49_DT	NC_054643.1|YP_010053681.1_76|[Salmonella_phage_SeSz-2]hypothetical_protein|39846..40316|156	0.188	163	124	0	2	164	1	154	3.871E-07	364
1_cl100_sw3-49_DT	NC_029066.1|YP_009222842.1_72|[Pseudomonas_phage_PS-1]virion_structural_protein|40548..41054|168	0.120	167	141	0	4	164	2	168	3.871E-07	364
1_cl100_sw3-49_DT	NC_071145.1|YP_010685197.1_17|[Klebsiella_phage_VLCpiS13e]virion_structural_protein|10270..10743|157	0.180	166	128	0	1	166	1	157	4.334E-07	362
1_cl100_sw3-49_DT	NC_019927.1|YP_007237618.1_44|[Cronobacter_phage_ENT47670]hypothetical_protein|46209..46706|165	0.171	166	136	0	1	166	1	165	4.334E-07	362
1_cl100_sw3-49_DT	NC_054636.1|YP_010053061.1_17|[Shigella_phage_Sf11_SMD-2017]hypothetical_protein|complement(13880..15253)|457	0.152	166	132	0	1	166	1	157	4.334E-07	362
1_cl100_sw3-49_DT	NC_011373.1|YP_002284353.1_19|[Pseudomonas_phage_PAJU2]virion_structural_protein|14682..15146|154	0.152	163	130	0	3	165	1	154	7.204E-07	353
1_cl100_sw3-49_DT	NC_070971.1|YP_010671790.1_27|[Pseudomonas_virus_PBPA162]hypothetical_protein|complement(21915..22742)|275	0.176	166	120	0	1	166	122	268	8.535E-07	350
1_cl100_sw3-49_DT	NC_070970.1|YP_010671701.1_28|[Pseudomonas_phage_Iggy]hypothetical_protein|20297..21124|275	0.176	166	120	0	1	166	122	268	8.535E-07	350
1_cl100_sw3-49_DT	NC_009447.1|YP_001210237.1_17|[Burkholderia_phage_BcepGomr]virion_structural_protein|13816..14934|372	0.157	126	104	0	1	126	126	249	1.132E-06	345
1_cl100_sw3-49_DT	NC_028768.1|YP_009196207.1_22|[Achromobacter_phage_JWX]virion_structural_protein|16122..17195|357	0.153	128	107	0	1	127	128	255	1.589E-06	339
1_cl100_sw3-49_DT	NC_019541.1|YP_007010627.1_46|[Acinetobacter_phage_YMC/09/02/B1251]virion_structural_protein|33893..34291|132	0.172	120	99	0	17	136	12	131	1.991E-06	335
1_cl100_sw3-49_DT	NC_054653.1|YP_010054428.1_13|[Klebsiella_virus_KpV2811]hypothetical_protein|complement(13683..14153)|156	0.192	165	125	0	2	166	1	156	1.991E-06	335
1_cl100_sw3-49_DT	NC_020839.1|YP_007673206.1_6|[Rhodobacter_phage_RC1]virion_structural_protein|complement(6559..6981)|140	0.157	139	98	0	1	117	1	139	2.229E-06	333
1_cl100_sw3-49_DT	NC_020866.1|YP_007676430.1_51|[Rhodovulum_phage_RS1]virion_structural_protein|32787..33209|140	0.157	139	98	0	1	117	1	139	2.229E-06	333
1_cl100_sw3-49_DT	NC_071154.1|YP_010685917.1_23|[Klebsiella_phage_BUCT541]hypothetical_protein|complement(17295..17765)|156	0.181	165	127	0	2	166	1	156	2.359E-06	332
1_cl100_sw3-49_DT	NC_054652.1|YP_010054356.1_5|[Klebsiella_phage_YX3973]hypothetical_protein|6251..6721|156	0.181	165	127	0	2	166	1	156	2.359E-06	332
1_cl100_sw3-49_DT	NC_054654.1|YP_010054542.1_49|[Klebsiella_phage_vB_KpnS_ZX4]hypothetical_protein|25749..26219|156	0.181	165	127	0	2	166	1	156	2.359E-06	332
1_cl100_sw3-49_DT	NC_047786.1|YP_009787821.1_47|[Salmonella_phage_vB_SenS_Sasha]virion_structural_protein|27788..28291|167	0.192	159	124	0	8	166	14	167	3.503E-06	325
1_cl100_sw3-49_DT	NC_034248.1|YP_009352271.1_14|[Rhizobium_phage_RHEph10]minor_tail_protein|13132..13488|118	0.181	119	93	0	1	119	1	115	3.922E-06	323
1_cl100_sw3-49_DT	NC_070824.1|YP_010655303.1_4|[Pseudoalteromonas_phage_C7]hypothetical_protein|complement(4549..5016)|155	0.138	140	115	0	17	156	18	151	5.504E-06	317
1_cl100_sw3-49_DT	NC_070822.1|YP_010655179.1_15|[Pseudoalteromonas_phage_TW1]hypothetical_protein|8086..8556|156	0.162	165	127	0	1	165	2	153	5.504E-06	317
1_cl100_sw3-49_DT	NC_042091.1|YP_009620694.1_25|[Pseudomonas_phage_nickie]hypothetical_protein|21208..21573|121	0.176	121	96	0	1	118	1	121	6.899E-06	313
1_cl100_sw3-49_DT	NC_029033.1|YP_009220355.1_54|[Achromobacter_phage_phiAxp-1]virion_structural_protein|33078..34382|434	0.130	166	142	0	3	166	129	294	7.724E-06	311
1_cl100_sw3-49_DT	NC_009543.1|YP_001285688.1_16|[Xanthomonas_phage_Xop411]virion_structural_protein|12401..12757|118	0.195	118	94	0	3	120	1	118	8.647E-06	309
1_cl100_sw3-49_DT	NC_007709.1|YP_453576.1_18|[Xanthomonas_phage_OP1]virion_structural_protein|13552..13905|117	0.183	117	95	0	3	119	1	117	9.150E-06	308
1_cl100_sw3-49_DT	NC_024217.1|YP_009037310.1_120|[Nitrincola_phage_1M3-16]hypothetical_protein|complement(64505..64858)|117	0.184	115	93	0	2	116	1	115	9.681E-06	307
1_cl100_sw3-49_DT	NC_020846.1|YP_007674000.1_38|[Vibrio_phage_pYD21-A]virion_structural_protein|24843..25325|160	0.127	158	133	0	1	153	1	158	9.681E-06	307
1_cl100_sw3-49_DT	NC_070823.1|YP_010655298.1_72|[Pseudoalteromonas_phage_vB_PspS-H40/1]hypothetical_protein|44459..44860|133	0.178	119	97	0	1	119	1	119	1.024E-05	306
1_cl100_sw3-49_DT	NC_031059.1|YP_009285933.1_48|[Rhodovulum_phage_vB_RhkS_P1]virion_structural_protein|27232..27588|118	0.166	118	97	0	3	119	1	118	1.521E-05	299
1_cl100_sw3-49_DT	NC_004902.1|NP_858966.1_19|[Xanthomonas_phage_Xp10]virion_structural_protein|13362..13718|118	0.181	118	96	0	3	120	1	118	2.135E-05	293
1_cl100_sw3-49_DT	NC_041925.1|YP_009600624.1_42|[Proteus_phage_VB_PmiS-Isfahan]hypothetical_protein|25971..26468|165	0.171	147	118	0	10	152	15	161	2.529E-05	290
1_cl100_sw3-49_DT	NC_019933.2|YP_007238089.1_19|[Xanthomonas_phage_CP1]virion_structural_protein|14827..15189|120	0.177	119	95	0	4	120	2	120	2.676E-05	289
1_cl100_sw3-49_DT	NC_025443.1|YP_009101221.1_51|[Salmonella_phage_9NA]virion_structural_protein|28178..28681|167	0.221	155	117	0	10	164	17	167	2.676E-05	289
1_cl100_sw3-49_DT	NC_007024.1|YP_239288.1_20|[Xanthomonas_phage_Xp15]virion_structural_protein|16353..16724|123	0.140	118	97	0	3	116	1	118	2.831E-05	288
1_cl100_sw3-49_DT	NC_023502.1|YP_009003193.1_36|[Rhizobium_phage_vB_RleS_L338C]minor_tail_protein|27949..28305|118	0.139	119	98	0	2	120	4	118	2.996E-05	287
1_cl100_sw3-49_DT	NC_016165.1|YP_004934695.1_52|[Rhodobacter_phage_RcapMu]virion_structural_protein|31713..32135|140	0.158	138	97	0	1	116	1	138	2.996E-05	287
1_cl100_sw3-49_DT	NC_049941.1|YP_009909100.1_55|[Stx2-converting_phage_Stx2a_WGPS2]minor_tail_protein|40553..40894|113	0.151	116	93	0	1	116	1	110	3.549E-05	284
1_cl100_sw3-49_DT	NC_004813.1|YP_001449305.1_68|[Enterobacteria_phage_BP-4795]minor_tail_protein|41004..41345|113	0.151	116	93	0	1	116	1	110	3.549E-05	284
1_cl100_sw3-49_DT	NC_049944.1|YP_009909330.1_65|[Stx2-converting_phage_Stx2a_WGPS8]minor_tail_protein|42010..42351|113	0.151	116	93	0	1	116	1	110	3.755E-05	283
1_cl100_sw3-49_DT	NC_011356.1|YP_002274199.1_63|[Enterobacteria_phage_YYZ-2008]minor_tail_protein|41055..41396|113	0.151	116	93	0	1	116	1	110	3.755E-05	283
1_cl100_sw3-49_DT	NC_049945.1|YP_009909408.1_65|[Stx2-converting_phage_Stx2a_WGPS6]minor_tail_protein|44910..45251|113	0.151	116	93	0	1	116	1	110	3.755E-05	283
1_cl100_sw3-49_DT	NC_011357.1|YP_002274276.1_65|[Stx2-converting_phage_1717]minor_tail_protein|47498..47839|113	0.151	116	93	0	1	116	1	110	3.755E-05	283
1_cl100_sw3-49_DT	NC_049943.1|YP_009909253.1_63|[Enterobacteria_phage_2851]minor_tail_protein|44185..44526|113	0.151	116	93	0	1	116	1	110	3.755E-05	283
1_cl100_sw3-49_DT	NC_049942.1|YP_009909178.1_67|[Escherichia_phage_JLK-2012]minor_tail_protein|43932..44273|113	0.151	116	93	0	1	116	1	110	3.973E-05	282
1_cl100_sw3-49_DT	NC_016766.1|YP_005098334.1_35|[Synechococcus_phage_S-CBS4]minor_tail_protein|25163..25516|117	0.138	120	98	0	1	120	1	115	4.448E-05	280
1_cl100_sw3-49_DT	NC_042062.1|YP_009617880.1_51|[Salmonella_phage_SP069]hypothetical_protein|29434..29937|167	0.245	101	75	0	17	116	23	123	4.448E-05	280
1_cl100_sw3-49_DT	NC_070823.1|YP_010655299.1_73|[Pseudoalteromonas_phage_vB_PspS-H40/1]hypothetical_protein|44860..45306|148	0.158	133	106	0	21	147	8	140	8.761E-05	268
1_cl100_sw3-49_DT	NC_070772.1|YP_010649711.1_24|[Vibrio_phage_Seahorse]hypothetical_protein|20900..21397|165	0.202	153	117	0	6	158	18	165	9.809E-05	266
1_cl100_sw3-49_DT	NC_071011.1|YP_010676308.1_51|[Klebsiella_phage_vB_KpnS-Carvaje]virion_structural_protein|27754..28257|167	0.154	157	127	0	10	166	17	167	9.809E-05	266
1_cl100_sw3-49_DT	NC_047902.1|YP_009796566.1_15|[Pseudomonas_phage_PMBT3]minor_tail_protein|16638..16985|115	0.109	115	98	0	5	119	3	113	2.562E-04	249
1_cl100_sw3-49_DT	NC_015463.1|YP_004421477.1_23|[Synechococcus_phage_S-CBS2]unknown_structural_protein|15824..16180|118	0.136	108	88	0	14	116	10	117	2.711E-04	248
1_cl100_sw3-49_DT	NC_073094.1|YP_010742925.1_45|[Xanthomonas_phage_Langgrundblatt2]hypothetical_protein|23950..24579|209	0.064	199	115	0	2	125	4	202	6.325E-04	233
1_cl100_sw3-49_DT	NC_012742.1|YP_002922631.1_17|[Xanthomonas_phage_phiL7]virion_structural_protein|13581..13940|119	0.161	116	95	0	6	119	4	119	6.693E-04	232
1_cl100_sw3-49_DT	NC_070843.1|YP_010657042.1_18|[Bacillus_phage_PBC4]hypothetical_protein|17789..18154|121	0.150	101	85	0	16	116	20	120	7.082E-04	231
1_cl100_sw3-49_DT	NC_018279.1|YP_006560828.1_22|[Salmonella_phage_vB_SosS_Oslo]minor_tail_protein|15584..15931|115	0.139	115	96	0	2	116	1	112	7.928E-04	229
1_cl100_sw3-49_DT	NC_070844.1|YP_010657188.1_41|[Bacillus_phage_pW4]RNA_polymerase_binding_protein|29837..30202|121	0.141	101	86	0	16	116	20	120	7.928E-04	229
1_cl100_sw3-49_DT	NC_070845.1|YP_010657325.1_72|[Bacillus_phage_BCPST]hypothetical_protein|complement(52544..52909)|121	0.141	101	86	0	16	116	20	120	7.928E-04	229
1_cl100_sw3-49_DT	NC_015465.1|YP_004421739.1_17|[Synechococcus_phage_S-CBS3]minor_tail_protein|17265..17633|122	0.094	104	89	0	17	115	13	116	8.389E-04	228
1_cl100_sw3-49_DT	NC_054983.1|YP_010080124.1_33|[Staphylococcus_phage_UPMK_2]major_tail_protein|14804..15364|186	0.155	150	124	0	14	161	33	182	8.389E-04	228
1_cl100_sw3-49_DT	NC_048166.1|YP_009820346.1_15|[Pseudomonas_phage_Lana]minor_tail_protein|16872..17201|109	0.062	109	98	0	11	119	3	107	8.877E-04	227
1_cl100_sw3-49_DT	NC_042002.1|YP_009610237.1_17|[Arthrobacter_phage_Abidatro]minor_tail_protein|12853..13671|272	0.160	109	83	0	19	118	35	143	8.877E-04	227
1_cl100_sw3-49_DT	NC_071020.1|YP_010677399.1_91|[Stenotrophomonas_phage_BUCT626]hypothetical_protein|complement(54409..54771)|120	0.123	119	101	0	3	118	1	119	9.392E-04	226
1_cl100_sw3-49_DT	NC_071017.1|YP_010677054.1_50|[Stenotrophomonas_phage_Salva]hypothetical_protein|25137..25502|121	0.130	121	102	0	3	120	1	121	9.392E-04	226
1_cl100_sw3-49_DT	NC_073095.1|YP_010742962.1_15|[Xanthomonas_phage_Pfeifenkraut]hypothetical_protein|complement(13239..13868)|209	0.077	164	106	0	1	116	3	166	9.392E-04	226
2_cl45_59	NC_048198.1|YP_009824047.1_17|[Erwinia_phage_vB_EhrS_59]hypothetical_protein|14104..14601|165	1.000	165	0	0	1	165	1	165	1.937E-24	1058
2_cl45_59	NC_019927.1|YP_007237618.1_44|[Cronobacter_phage_ENT47670]hypothetical_protein|46209..46706|165	0.656	165	56	0	1	165	2	165	8.216E-19	831
2_cl45_59	NC_071003.1|YP_010675369.1_21|[Enterobacter_phage_vB_EclS_CobraSix]hypothetical_protein|14964..15461|165	0.638	165	59	0	1	165	2	165	2.168E-18	814
2_cl45_59	NC_054638.1|YP_010053258.1_48|[Salmonella_phage_vB_SenS_SB28]hypothetical_protein|24344..24814|156	0.518	165	75	0	1	165	1	156	2.775E-16	729
2_cl45_59	NC_071153.1|YP_010685868.1_57|[Klebsiella_phage_BUCT610]hypothetical_protein|27338..27808|156	0.542	165	71	0	1	165	1	156	2.938E-16	728
2_cl45_59	NC_071157.1|YP_010686190.1_59|[Klebsiella_phage_VLCpiS13c]virion_structural_protein|complement(35238..35708)|156	0.542	165	71	0	1	165	1	156	2.938E-16	728
2_cl45_59	NC_054653.1|YP_010054428.1_13|[Klebsiella_virus_KpV2811]hypothetical_protein|complement(13683..14153)|156	0.542	165	71	0	1	165	1	156	4.139E-16	722
2_cl45_59	NC_071142.1|YP_010684975.1_52|[Klebsiella_phage_VLCpiS13d]virion_structural_protein|25572..26042|156	0.548	165	70	0	1	165	1	156	4.139E-16	722
2_cl45_59	NC_071149.1|YP_010685562.1_68|[Klebsiella_phage_vB_Kpn_ZCKp20p]baseplate_wedge_protein|32709..33179|156	0.542	165	71	0	1	165	1	156	4.639E-16	720
2_cl45_59	NC_071156.1|YP_010686107.1_56|[Klebsiella_phage_6991]hypothetical_protein|28567..29037|156	0.542	165	71	0	1	165	1	156	4.639E-16	720
2_cl45_59	NC_071150.1|YP_010685647.1_69|[Klebsiella_phage_ZCKP8]minor_tail_protein|32402..32872|156	0.542	165	71	0	1	165	1	156	4.639E-16	720
2_cl45_59	NC_071151.1|YP_010685719.1_57|[Klebsiella_phage_vB_Kpn_ZC2]minor_tail_protein|32717..33187|156	0.542	165	71	0	1	165	1	156	4.639E-16	720
2_cl45_59	NC_042037.1|YP_009614658.1_62|[Aeromonas_phage_pIS4-A]hypothetical_protein|32456..32926|156	0.548	165	70	0	1	165	1	156	5.829E-16	716
2_cl45_59	NC_021534.1|YP_008126232.1_68|[Vibrio_phage_pYD38-A]hypothetical_protein|complement(39512..39982)|156	0.548	165	70	0	1	165	1	156	5.829E-16	716
2_cl45_59	NC_071143.1|YP_010685006.1_3|[Flyfo_siphovirus_Tbat1_6]hypothetical_protein|3131..3601|156	0.548	165	70	0	1	165	1	156	5.829E-16	716
2_cl45_59	NC_071146.1|YP_010685295.1_37|[Klebsiella_phage_vB_KpnS_MK54]minor_tail_protein|19423..19893|156	0.542	165	71	0	1	165	1	156	6.172E-16	715
2_cl45_59	NC_071154.1|YP_010685917.1_23|[Klebsiella_phage_BUCT541]hypothetical_protein|complement(17295..17765)|156	0.542	165	71	0	1	165	1	156	6.918E-16	713
2_cl45_59	NC_054652.1|YP_010054356.1_5|[Klebsiella_phage_YX3973]hypothetical_protein|6251..6721|156	0.542	165	71	0	1	165	1	156	6.918E-16	713
2_cl45_59	NC_054654.1|YP_010054542.1_49|[Klebsiella_phage_vB_KpnS_ZX4]hypothetical_protein|25749..26219|156	0.542	165	71	0	1	165	1	156	6.918E-16	713
2_cl45_59	NC_054637.1|YP_010053153.1_29|[Escherichia_phage_vB_EcoS_Sa179lw]hypothetical_protein|15910..16383|157	0.518	165	75	0	1	165	2	157	7.324E-16	712
2_cl45_59	NC_071155.1|YP_010686024.1_52|[Klebsiella_phage_VLCpiS13b]virion_structural_protein|26421..26891|156	0.548	165	70	0	1	165	1	156	7.755E-16	711
2_cl45_59	NC_054642.1|YP_010053565.1_32|[Salmonella_phage_Seszw_1]hypothetical_protein|17534..18007|157	0.532	154	72	0	1	154	2	155	7.755E-16	711
2_cl45_59	NC_054648.1|YP_010054082.1_62|[Salmonella_phage_vB_Se_STGO-35-1]minor_tail_protein|29548..30021|157	0.530	165	73	0	1	165	2	157	7.755E-16	711
2_cl45_59	NC_031918.1|YP_009322249.1_52|[Salmonella_phage_64795_sal3]hypothetical_protein|27290..27772|160	0.532	154	72	0	1	154	5	158	7.755E-16	711
2_cl45_59	NC_071145.1|YP_010685197.1_17|[Klebsiella_phage_VLCpiS13e]virion_structural_protein|10270..10743|157	0.536	165	72	0	1	165	2	157	1.224E-15	703
2_cl45_59	NC_031924.1|YP_009322780.1_67|[Salmonella_phage_IME207]hypothetical_protein|28806..29282|158	0.551	146	65	0	1	146	2	146	1.224E-15	703
2_cl45_59	NC_054650.1|YP_010054212.1_16|[Shigella_phage_DS8]hypothetical_protein|8852..9325|157	0.524	165	74	0	1	165	2	157	1.453E-15	700
2_cl45_59	NC_071152.1|YP_010685763.1_30|[Klebsiella_phage_VLCpiS13a]virion_structural_protein|17455..17925|156	0.518	165	75	0	1	165	1	156	1.629E-15	698
2_cl45_59	NC_054651.1|YP_010054281.1_6|[Escherichia_phage_C1]hypothetical_protein|complement(6554..7027)|157	0.524	165	74	0	1	165	2	157	1.629E-15	698
2_cl45_59	NC_070846.1|YP_010657369.1_2|[Salmonella_phage_LPSTLL]hypothetical_protein|1594..2067|157	0.509	157	77	0	1	157	1	157	1.933E-15	695
2_cl45_59	NC_010495.1|YP_001742072.1_35|[Salmonella_phage_Vi_II-E1]hypothetical_protein|24365..24835|156	0.525	154	73	0	1	154	1	154	2.047E-15	694
2_cl45_59	NC_054643.1|YP_010053681.1_76|[Salmonella_phage_SeSz-2]hypothetical_protein|39846..40316|156	0.532	154	72	0	1	154	1	154	2.167E-15	693
2_cl45_59	NC_071144.1|YP_010685103.1_4|[Klebsiella_phage_VLCpiS13f]virion_structural_protein|complement(4718..5191)|157	0.530	165	73	0	1	165	2	157	4.818E-15	679
2_cl45_59	NC_054647.1|YP_010053951.1_16|[Salmonella_phage_Akira]hypothetical_protein|complement(13949..14422)|157	0.525	154	73	0	1	154	2	155	5.401E-15	677
2_cl45_59	NC_054649.1|YP_010054112.1_4|[Escherichia_phage_vB_EcoS_swi2]hypothetical_protein|complement(5668..6141)|157	0.512	165	76	0	1	165	2	157	7.185E-15	672
2_cl45_59	NC_054641.1|YP_010053509.1_61|[Salmonella_virus_KFS-SE2]hypothetical_protein|complement(34627..35097)|156	0.526	149	70	0	1	149	1	148	7.607E-15	671
2_cl45_59	NC_054639.1|YP_010053346.1_63|[Salmonella_phage_Skate]hypothetical_protein|28397..28873|158	0.544	146	66	0	1	146	2	146	2.007E-14	654
2_cl45_59	NC_054636.1|YP_010053061.1_17|[Shigella_phage_Sf11_SMD-2017]hypothetical_protein|complement(13880..15253)|457	0.550	148	66	0	2	149	3	149	4.726E-14	639
2_cl45_59	NC_054645.1|YP_010053778.1_13|[Salmonella_phage_LPST10]hypothetical_protein|complement(11731..12204)|157	0.500	165	78	0	1	165	2	157	7.048E-14	632
2_cl45_59	NC_054646.1|YP_010053891.1_39|[Salmonella_phage_VB_StyS_BS5]hypothetical_protein|19802..20275|157	0.500	165	78	0	1	165	2	157	7.048E-14	632
2_cl45_59	NC_054644.1|YP_010053740.1_57|[Salmonella_virus_VSt472]hypothetical_protein|28620..29093|157	0.500	165	78	0	1	165	2	157	7.048E-14	632
2_cl45_59	NC_054640.1|YP_010053420.1_47|[Salmonella_phage_Segz_1]hypothetical_protein|23514..23987|157	0.493	165	79	0	1	165	2	157	1.969E-13	614
2_cl45_59	NC_025471.1|YP_009104265.1_28|[Idiomarinaceae_phage_Phi1M2-2]virion_structural_protein|16209..16694|161	0.245	142	106	0	1	142	1	142	1.030E-09	464
2_cl45_59	NC_016762.1|YP_005098084.1_57|[Pseudomonas_phage_phi297]virion_structural_protein|37368..37835|155	0.237	137	99	0	2	138	1	131	2.291E-09	450
2_cl45_59	NC_028819.1|YP_009200200.1_14|[Pseudoalteromonas_phage_H103]virion_structural_protein|complement(10119..10595)|158	0.208	133	104	0	1	133	3	134	2.719E-09	447
2_cl45_59	NC_074664.1|YP_010773482.1_14|[Pseudomonas_phage_BUCT566]hypothetical_protein|10993..11460|155	0.237	137	99	0	2	138	1	131	3.048E-09	445
2_cl45_59	NC_074663.1|YP_010773399.1_9|[Pseudomonas_phage_vB_Pae_LC3I3]hypothetical_protein|6635..7102|155	0.237	137	99	0	2	138	1	131	4.054E-09	440
2_cl45_59	NC_030929.1|YP_009275521.1_34|[Pseudomonas_phage_JBD44]virion_structural_protein|21460..21927|155	0.237	137	99	0	2	138	1	131	4.054E-09	440
2_cl45_59	NC_029066.1|YP_009222842.1_72|[Pseudomonas_phage_PS-1]virion_structural_protein|40548..41054|168	0.200	148	110	0	2	140	1	148	4.812E-09	437
2_cl45_59	NC_009447.1|YP_001210237.1_17|[Burkholderia_phage_BcepGomr]virion_structural_protein|13816..14934|372	0.203	128	97	0	1	128	127	249	7.596E-09	429
2_cl45_59	NC_002484.2|NP_061517.1_20|[Pseudomonas_phage_D3]virion_structural_protein|13793..14272|159	0.225	138	104	0	1	138	1	135	1.070E-08	423
2_cl45_59	NC_016765.1|YP_005098223.1_20|[Pseudomonas_phage_PMG1]virion_structural_protein|13837..14316|159	0.225	138	104	0	1	138	1	135	1.070E-08	423
2_cl45_59	NC_041898.1|YP_009597357.1_26|[Escherichia_phage_K1ind2]hypothetical_protein|16992..18392|466	0.193	143	111	0	2	144	3	140	1.199E-08	421
2_cl45_59	NC_011373.1|YP_002284353.1_19|[Pseudomonas_phage_PAJU2]virion_structural_protein|14682..15146|154	0.216	153	110	0	2	154	1	141	1.270E-08	420
2_cl45_59	NC_073325.1|YP_010749670.1_4|[Escherichia_phage_vB_EcoS_XY1]minor_tail_protein|complement(3811..5211)|466	0.200	143	110	0	2	144	3	140	2.005E-08	412
2_cl45_59	NC_028834.1|YP_009201754.1_20|[Achromobacter_phage_83-24]hypothetical_protein|15509..16585|358	0.181	124	99	0	1	124	130	251	2.123E-08	411
2_cl45_59	NC_028695.2|YP_009191448.1_40|[Enterobacter_phage_phiEap-2]hypothetical_protein|21610..22104|164	0.192	134	103	0	2	135	3	131	2.667E-08	407
2_cl45_59	NC_029033.1|YP_009220355.1_54|[Achromobacter_phage_phiAxp-1]virion_structural_protein|33078..34382|434	0.210	127	96	0	2	128	129	251	2.667E-08	407
2_cl45_59	NC_073031.1|YP_010738739.1_12|[Janthinobacterium_phage_vB_JliS-Donnerlittchen]hypothetical_protein|6881..7357|158	0.151	137	112	0	2	138	1	133	3.165E-08	404
2_cl45_59	NC_041897.1|YP_009597306.1_26|[Escherichia_phage_K1ind1]hypothetical_protein|16991..18391|466	0.193	143	111	0	2	144	3	140	4.211E-08	399
2_cl45_59	NC_042084.1|YP_009620106.1_26|[Escherichia_phage_VB_EcoS-Golestan]hypothetical_protein|17370..18788|472	0.193	143	111	0	2	144	3	140	4.458E-08	398
2_cl45_59	NC_070971.1|YP_010671790.1_27|[Pseudomonas_virus_PBPA162]hypothetical_protein|complement(21915..22742)|275	0.162	161	126	0	1	161	123	273	4.720E-08	397
2_cl45_59	NC_028768.1|YP_009196207.1_22|[Achromobacter_phage_JWX]virion_structural_protein|16122..17195|357	0.132	125	106	0	1	125	129	251	4.720E-08	397
2_cl45_59	NC_073314.1|YP_010748874.1_48|[Escherichia_virus_fEg-Eco19]hypothetical_protein|24956..25456|166	0.178	163	130	0	2	164	3	161	5.291E-08	395
2_cl45_59	NC_073323.1|YP_010749527.1_27|[Escherichia_phage_vB_EcoS-phiEc3]minor_tail_protein|17198..18616|472	0.193	143	111	0	2	144	3	140	5.930E-08	393
2_cl45_59	NC_070823.1|YP_010655298.1_72|[Pseudoalteromonas_phage_vB_PspS-H40/1]hypothetical_protein|44459..44860|133	0.240	124	90	0	2	125	3	121	6.279E-08	392
2_cl45_59	NC_073213.1|YP_010748406.1_26|[Salmonella_phage_vB_SenS_SB3]hypothetical_protein|17765..18265|166	0.174	140	111	0	1	140	2	136	7.038E-08	390
2_cl45_59	NC_073196.1|YP_010747352.1_5|[Salmonella_phage_NBSal006]hypothetical_protein|complement(3960..4460)|166	0.174	140	111	0	1	140	2	136	7.038E-08	390
2_cl45_59	NC_070970.1|YP_010671701.1_28|[Pseudomonas_phage_Iggy]hypothetical_protein|20297..21124|275	0.156	161	127	0	1	161	123	273	7.452E-08	389
2_cl45_59	NC_093712.1|YP_011217191.1_3|[Escherichia_phage_L_AB-2017]hypothetical_protein|complement(1052..1552)|166	0.185	163	129	0	2	164	3	161	8.353E-08	387
2_cl45_59	NC_073199.1|YP_010747561.1_29|[Salmonella_phage_S102]hypothetical_protein|19783..20283|166	0.176	139	110	0	2	140	3	136	8.353E-08	387
2_cl45_59	NC_073198.1|YP_010747531.1_59|[Salmonella_phage_vB_SenS_ER21]hypothetical_protein|complement(40052..40552)|166	0.176	139	110	0	2	140	3	136	8.353E-08	387
2_cl45_59	NC_073197.1|YP_010747470.1_58|[Salmonella_phage_vB_SenS_ER23]hypothetical_protein|40103..40603|166	0.176	139	110	0	2	140	3	136	8.353E-08	387
2_cl45_59	NC_073184.1|YP_010746642.1_32|[Salmonella_phage_F12013]tail_protein|complement(23758..24258)|166	0.176	139	110	0	2	140	3	136	8.843E-08	386
2_cl45_59	NC_073190.1|YP_010747004.1_50|[Salmonella_phage_vB_SenS_S528]hypothetical_protein|24404..24904|166	0.176	139	110	0	2	140	3	136	1.111E-07	382
2_cl45_59	NC_073207.1|YP_010748064.1_18|[Salmonella_phage_SHWT1]hypothetical_protein|complement(17411..17911)|166	0.176	139	110	0	2	140	3	136	1.111E-07	382
2_cl45_59	NC_073189.1|YP_010746947.1_55|[Salmonella_phage_JD01]hypothetical_protein|complement(38045..38545)|166	0.176	139	110	0	2	140	3	136	1.111E-07	382
2_cl45_59	NC_073169.1|YP_010745715.1_18|[Salmonella_phage_SS5]hypothetical_protein|complement(15759..16259)|166	0.177	161	115	0	2	142	3	163	1.111E-07	382
2_cl45_59	NC_073193.1|YP_010747216.1_59|[Salmonella_phage_vB_SalS-S10]hypothetical_protein|39171..39671|166	0.176	139	110	0	2	140	3	136	1.111E-07	382
2_cl45_59	NC_073192.1|YP_010747095.1_6|[Salmonella_phage_F118P13]hypothetical_protein|complement(5673..6173)|166	0.176	139	110	0	2	140	3	136	1.111E-07	382
2_cl45_59	NC_073188.1|YP_010746874.1_48|[Salmonella_phage_vB_SenS_S532]hypothetical_protein|24316..24816|166	0.176	139	110	0	2	140	3	136	1.111E-07	382
2_cl45_59	NC_073202.1|YP_010747772.1_47|[Salmonella_phage_celemicas]hypothetical_protein|25526..26026|166	0.177	138	109	0	2	139	3	135	1.176E-07	381
2_cl45_59	NC_073209.1|YP_010748162.1_6|[Salmonella_phage_GRNsp50]hypothetical_protein|complement(5544..6044)|166	0.177	138	109	0	2	139	3	135	1.176E-07	381
2_cl45_59	NC_073173.1|YP_010745993.1_42|[Salmonella_phage_blauehaus]hypothetical_protein|23963..24463|166	0.177	138	109	0	2	139	3	135	1.176E-07	381
2_cl45_59	NC_073178.1|YP_010746288.1_31|[Salmonella_phage_vB_SenS_TUMS_E19]hypothetical_protein|20086..20586|166	0.177	138	109	0	2	139	3	135	1.176E-07	381
2_cl45_59	NC_073200.1|YP_010747627.1_31|[Salmonella_phage_S100]hypothetical_protein|20810..21310|166	0.177	138	109	0	2	139	3	135	1.176E-07	381
2_cl45_59	NC_073203.1|YP_010747823.1_31|[Salmonella_phage_MET_P1_001_43]hypothetical_protein|19249..19749|166	0.177	138	109	0	2	139	3	135	1.176E-07	381
2_cl45_59	NC_073201.1|YP_010747703.1_41|[Salmonella_phage_dunkel]hypothetical_protein|25780..26280|166	0.177	138	109	0	2	139	3	135	1.176E-07	381
2_cl45_59	NC_073186.1|YP_010746744.1_32|[Salmonella_phage_vB_SenS_PVP-SE2]hypothetical_protein|complement(23538..24038)|166	0.177	138	109	0	2	139	3	135	1.176E-07	381
2_cl45_59	NC_020846.1|YP_007674000.1_38|[Vibrio_phage_pYD21-A]virion_structural_protein|24843..25325|160	0.189	142	111	0	2	139	3	144	1.246E-07	380
2_cl45_59	NC_093713.1|YP_011217263.1_8|[Escherichia_phage_P_AB-2017]hypothetical_protein|complement(8713..9213)|166	0.179	163	130	0	2	164	3	161	1.246E-07	380
2_cl45_59	NC_073219.1|YP_010748806.1_39|[Salmonella_phage_sidste]hypothetical_protein|23863..24363|166	0.184	122	95	0	2	123	3	119	1.319E-07	379
2_cl45_59	NC_073218.1|YP_010748749.1_38|[Salmonella_phage_demigod]hypothetical_protein|24667..25167|166	0.184	122	95	0	2	123	3	119	1.319E-07	379
2_cl45_59	NC_073324.1|YP_010749624.1_44|[Escherichia_phage_vB_EcoS-22664BS2]hypothetical_protein|22068..23465|465	0.205	138	105	0	2	139	3	135	1.319E-07	379
2_cl45_59	NC_020839.1|YP_007673206.1_6|[Rhodobacter_phage_RC1]virion_structural_protein|complement(6559..6981)|140	0.148	139	103	0	1	122	2	140	1.396E-07	378
2_cl45_59	NC_020866.1|YP_007676430.1_51|[Rhodovulum_phage_RS1]virion_structural_protein|32787..33209|140	0.148	139	103	0	1	122	2	140	1.396E-07	378
2_cl45_59	NC_073321.1|YP_010749394.1_37|[Escherichia_phage_ZCEC5]hypothetical_protein|20117..20617|166	0.177	139	109	0	2	140	3	136	1.478E-07	377
2_cl45_59	NC_027994.1|YP_009168856.1_24|[Escherichia_phage_K1H]hypothetical_protein|16248..16748|166	0.178	163	130	0	2	164	3	161	1.657E-07	375
2_cl45_59	NC_027993.1|YP_009168807.1_27|[Escherichia_phage_K1G]hypothetical_protein|17937..18437|166	0.178	163	130	0	2	164	3	161	1.657E-07	375
2_cl45_59	NC_073316.1|YP_010749009.1_30|[Escherichia_phage_vB_EcoS_fFiEco02]hypothetical_protein|19687..20187|166	0.188	137	106	0	2	138	3	134	1.657E-07	375
2_cl45_59	NC_073317.1|YP_010749084.1_28|[Escherichia_phage_vB_EcoS_fPoEco01]hypothetical_protein|18289..18789|166	0.182	146	115	0	2	147	3	143	1.657E-07	375
2_cl45_59	NC_041992.1|YP_009608663.1_42|[Salmonella_phage_wksl3]hypothetical_protein|complement(27064..27564)|166	0.169	138	110	0	2	139	3	135	2.082E-07	371
2_cl45_59	NC_073172.1|YP_010745932.1_46|[Salmonella_phage_skrot]hypothetical_protein|24902..25402|166	0.160	139	112	0	2	140	3	136	2.334E-07	369
2_cl45_59	NC_069154.1|YP_010582691.1_40|[Klebsiella_phage_VLCpiS11a]virion_structural_protein|complement(25256..25750)|164	0.200	139	103	0	2	140	3	132	2.471E-07	368
2_cl45_59	NC_073182.1|YP_010746525.1_29|[Salmonella_virus_VSe103]hypothetical_protein|19773..20273|166	0.160	139	112	0	2	140	3	136	2.616E-07	367
2_cl45_59	NC_073181.1|YP_010746468.1_30|[Salmonella_phage_5sent1]minor_tail_protein|19967..20467|166	0.160	139	112	0	2	140	3	136	2.616E-07	367
2_cl45_59	NC_073179.1|YP_010746349.1_30|[Salmonella_phage_vB_SenS_TUMS_E4]hypothetical_protein|20065..20565|166	0.160	139	112	0	2	140	3	136	2.616E-07	367
2_cl45_59	NC_019539.1|YP_007010481.1_28|[Salmonella_phage_vB_SenS-Ent1]hypothetical_protein|18977..19477|166	0.160	139	112	0	2	140	3	136	2.616E-07	367
2_cl45_59	NC_073185.1|YP_010746711.1_42|[Salmonella_phage_PBSE191]hypothetical_protein|39461..39961|166	0.160	139	112	0	2	140	3	136	2.616E-07	367
2_cl45_59	NC_073208.1|YP_010748125.1_26|[Salmonella_phage_SLMP1]hypothetical_protein|complement(20699..21199)|166	0.170	138	110	0	2	139	3	135	2.932E-07	365
2_cl45_59	NC_073176.1|YP_010746159.1_28|[Salmonella_virus_VSe101]hypothetical_protein|19414..19914|166	0.170	138	110	0	2	139	3	135	2.932E-07	365
2_cl45_59	NC_073211.1|YP_010748298.1_37|[Salmonella_phage_T102]hypothetical_protein|22571..23071|166	0.170	138	110	0	2	139	3	135	2.932E-07	365
2_cl45_59	NC_073183.1|YP_010746577.1_24|[Salmonella_phage_NBSal007]hypothetical_protein|complement(21183..21683)|166	0.167	139	111	0	2	140	3	136	3.287E-07	363
2_cl45_59	NC_022754.1|YP_008767198.1_27|[Salmonella_phage_SETP7]hypothetical_protein|17572..18072|166	0.153	139	113	0	2	140	3	136	4.373E-07	358
2_cl45_59	NC_073191.1|YP_010747048.1_26|[Salmonella_phage_vB_SenS-EnJE6]hypothetical_protein|complement(19818..20318)|166	0.167	139	111	0	2	140	3	136	4.373E-07	358
2_cl45_59	NC_041991.1|YP_009608582.1_27|[Salmonella_phage_vB_SenS_AG11]hypothetical_protein|17728..18228|166	0.158	140	114	0	1	140	1	136	4.630E-07	357
2_cl45_59	NC_073214.1|YP_010748481.1_38|[Salmonella_phage_vB_SenS_ER1]hypothetical_protein|21670..22170|166	0.152	140	114	0	1	140	2	136	5.495E-07	354
2_cl45_59	NC_073217.1|YP_010748688.1_48|[Salmonella_phage_pink]hypothetical_protein|25082..25582|166	0.152	140	114	0	1	140	2	136	5.495E-07	354
2_cl45_59	NC_016165.1|YP_004934695.1_52|[Rhodobacter_phage_RcapMu]virion_structural_protein|31713..32135|140	0.134	139	105	0	1	122	2	140	5.817E-07	353
2_cl45_59	NC_073215.1|YP_010748512.1_4|[Salmonella_phage_SGPC]tail_protein|complement(1472..1972)|166	0.160	139	112	0	2	140	3	136	6.159E-07	352
2_cl45_59	NC_073318.1|YP_010749194.1_61|[Escherichia_phage_NTEC3]hypothetical_protein|complement(34314..35714)|466	0.201	137	105	0	2	138	3	134	6.159E-07	352
2_cl45_59	NC_006940.2|YP_308655.1_54|[Salmonella_phage_SS3e]hypothetical_protein|complement(36137..36637)|166	0.167	139	111	0	2	140	3	136	6.521E-07	351
2_cl45_59	NC_073212.1|YP_010748343.1_28|[Salmonella_phage_ZCSE9]hypothetical_protein|19068..19568|166	0.167	139	111	0	2	140	3	136	6.521E-07	351
2_cl45_59	NC_070822.1|YP_010655179.1_15|[Pseudoalteromonas_phage_TW1]hypothetical_protein|8086..8556|156	0.216	133	103	0	1	133	1	133	7.739E-07	348
2_cl45_59	NC_073194.1|YP_010747222.1_3|[Salmonella_phage_vB_SalP_LDW16]hypothetical_protein|complement(1350..1850)|166	0.169	138	110	0	2	139	3	135	8.193E-07	347
2_cl45_59	NC_073174.1|YP_010746054.1_42|[Salmonella_phage_wast]hypothetical_protein|23773..24273|166	0.160	139	112	0	2	140	3	136	8.675E-07	346
2_cl45_59	NC_073187.1|YP_010746797.1_25|[Salmonella_phage_vB_SenS-EnJE1]hypothetical_protein|complement(22305..22805)|166	0.160	139	112	0	2	140	3	136	8.675E-07	346
2_cl45_59	NC_022752.1|YP_008767027.1_28|[Salmonella_phage_SETP13]hypothetical_protein|18112..18612|166	0.160	139	112	0	2	140	3	136	8.675E-07	346
2_cl45_59	NC_073216.1|YP_010748575.1_5|[Salmonella_phage_STP03]hypothetical_protein|complement(5491..5991)|166	0.161	138	111	0	2	139	3	135	9.724E-07	344
2_cl45_59	NC_009232.2|YP_001110816.2_27|[Salmonella_phage_SETP3]hypothetical_protein|18460..18960|166	0.146	139	114	0	2	140	3	136	9.724E-07	344
2_cl45_59	NC_048181.1|YP_009821861.1_25|[Raoultella_phage_RP180]hypothetical_protein|19172..19666|164	0.147	159	119	0	2	142	3	161	1.222E-06	340
2_cl45_59	NC_073195.1|YP_010747307.1_28|[Salmonella_phage_Shelanagig]hypothetical_protein|18443..18943|166	0.153	139	113	0	2	140	3	136	1.222E-06	340
2_cl45_59	NC_069153.1|YP_010582605.1_27|[Salmonella_virus_VSiP]hypothetical_protein|18017..18517|166	0.142	159	122	0	2	144	3	161	1.450E-06	337
2_cl45_59	NC_025466.1|YP_009103926.1_40|[Shewanella_sp._phage_3/49]hypothetical_protein|23325..23825|166	0.189	134	105	0	2	135	3	132	1.929E-06	332
2_cl45_59	NC_021777.1|YP_008239738.1_29|[Salmonella_phage_Jersey]hypothetical_protein|20172..20672|166	0.172	140	112	0	1	140	1	136	1.929E-06	332
2_cl45_59	NC_073175.1|YP_010746101.1_29|[Salmonella_virus_VSt10]hypothetical_protein|19072..19572|166	0.160	139	112	0	2	140	3	136	1.929E-06	332
2_cl45_59	NC_070824.1|YP_010655303.1_4|[Pseudoalteromonas_phage_C7]hypothetical_protein|complement(4549..5016)|155	0.180	135	110	0	1	135	1	135	2.566E-06	327
2_cl45_59	NC_007024.1|YP_239288.1_20|[Xanthomonas_phage_Xp15]virion_structural_protein|16353..16724|123	0.136	126	105	0	1	126	1	122	3.046E-06	324
2_cl45_59	NC_069147.1|YP_010582233.1_64|[Salmonella_phage_GRNsp27]hypothetical_protein|40507..41007|166	0.169	126	100	0	2	127	3	123	3.614E-06	321
2_cl45_59	NC_069150.1|YP_010582406.1_33|[Salmonella_phage_vB_STM-ZS]hypothetical_protein|complement(22605..23105)|166	0.167	145	116	0	2	146	3	142	4.289E-06	318
2_cl45_59	NC_069146.1|YP_010582164.1_57|[Salmonella_phage_St162]hypothetical_protein|36455..36955|166	0.167	145	116	0	2	146	3	142	4.289E-06	318
2_cl45_59	NC_069148.1|YP_010582260.1_27|[Salmonella_phage_TS6]hypothetical_protein|complement(19322..19822)|166	0.167	145	116	0	2	146	3	142	4.289E-06	318
2_cl45_59	NC_069149.1|YP_010582359.1_61|[Salmonella_phage_vB_SenTO17]hypothetical_protein|complement(31844..32344)|166	0.167	145	116	0	2	146	3	142	4.289E-06	318
2_cl45_59	NC_069151.1|YP_010582466.1_34|[Salmonella_phage_vB_SenS_SE1]hypothetical_protein|complement(21758..22258)|166	0.167	145	116	0	2	146	3	142	4.289E-06	318
2_cl45_59	NC_031059.1|YP_009285933.1_48|[Rhodovulum_phage_vB_RhkS_P1]virion_structural_protein|27232..27588|118	0.111	123	104	0	1	123	1	118	5.091E-06	315
2_cl45_59	NC_021775.1|YP_008239652.1_55|[Salmonella_phage_FSL_SP-031]hypothetical_protein|36428..36928|166	0.167	145	116	0	2	146	3	142	5.091E-06	315
2_cl45_59	NC_019541.1|YP_007010627.1_46|[Acinetobacter_phage_YMC/09/02/B1251]virion_structural_protein|33893..34291|132	0.114	127	110	0	9	135	4	128	6.397E-06	311
2_cl45_59	NC_028698.1|YP_009191569.1_16|[Salmonella_phage_f18SE]hypothetical_protein|complement(15923..16423)|166	0.160	139	112	0	2	140	3	136	6.397E-06	311
2_cl45_59	NC_073315.1|YP_010748930.1_28|[Escherichia_phage_vB_EcoS_fFiEco03]hypothetical_protein|17935..19305|456	0.195	119	90	0	10	128	5	117	9.009E-06	305
2_cl45_59	NC_019933.2|YP_007238089.1_19|[Xanthomonas_phage_CP1]virion_structural_protein|14827..15189|120	0.129	124	104	0	1	124	1	120	1.269E-05	299
2_cl45_59	NC_021563.1|YP_008130357.1_64|[Serratia_phage_Eta]hypothetical_protein|36442..36936|164	0.149	159	119	0	2	142	3	161	1.343E-05	298
2_cl45_59	NC_073320.1|YP_010749347.1_61|[Escherichia_phage_26]hypothetical_protein|32941..33414|157	0.135	153	116	0	9	143	3	155	1.422E-05	297
2_cl45_59	NC_073322.1|YP_010749475.1_46|[Escherichia_phage_vB_EcoS-Ro145c2YLVW]hypothetical_protein|23553..24026|157	0.164	152	111	0	9	142	3	154	1.422E-05	297
2_cl45_59	NC_069152.1|YP_010582522.1_27|[Salmonella_phage_Shemara]hypothetical_protein|18129..18629|166	0.161	126	101	0	2	127	3	123	1.787E-05	293
2_cl45_59	NC_047786.1|YP_009787821.1_47|[Salmonella_phage_vB_SenS_Sasha]virion_structural_protein|27788..28291|167	0.112	158	139	0	3	159	10	167	1.787E-05	293
2_cl45_59	NC_015465.1|YP_004421739.1_17|[Synechococcus_phage_S-CBS3]minor_tail_protein|17265..17633|122	0.114	141	106	0	1	141	1	121	2.003E-05	291
2_cl45_59	NC_009543.1|YP_001285688.1_16|[Xanthomonas_phage_Xop411]virion_structural_protein|12401..12757|118	0.085	124	107	0	1	124	1	118	2.246E-05	289
2_cl45_59	NC_069155.1|YP_010582758.1_50|[Serratia_phage_Tsm2]hypothetical_protein|30094..30588|164	0.162	159	117	0	2	142	3	161	2.378E-05	288
2_cl45_59	NC_073319.1|YP_010749258.1_53|[Escherichia_phage_SZH-1]hypothetical_protein|complement(25719..26192)|157	0.164	152	111	0	9	142	3	154	2.665E-05	286
2_cl45_59	NC_004902.1|NP_858966.1_19|[Xanthomonas_phage_Xp10]virion_structural_protein|13362..13718|118	0.093	124	106	0	1	124	1	118	2.987E-05	284
2_cl45_59	NC_007709.1|YP_453576.1_18|[Xanthomonas_phage_OP1]virion_structural_protein|13552..13905|117	0.094	123	105	0	1	123	1	117	3.545E-05	281
2_cl45_59	NC_069156.1|YP_010582773.1_5|[Serratia_phage_vB_SmaM-Otaku]hypothetical_protein|complement(4881..5375)|164	0.178	127	99	0	2	128	3	124	3.754E-05	280
2_cl45_59	NC_071017.1|YP_010677054.1_50|[Stenotrophomonas_phage_Salva]hypothetical_protein|25137..25502|121	0.167	124	100	0	1	124	1	121	3.974E-05	279
2_cl45_59	NC_071018.1|YP_010677153.1_47|[Stenotrophomonas_phage_Siara]minor_tail_protein|24189..24554|121	0.167	124	100	0	1	124	1	121	4.208E-05	278
2_cl45_59	NC_012742.1|YP_002922631.1_17|[Xanthomonas_phage_phiL7]virion_structural_protein|13581..13940|119	0.110	119	102	0	5	123	4	119	7.033E-05	269
2_cl45_59	NC_030934.1|YP_009275994.1_60|[Pseudomonas_phage_vB_PsyM_KIL1]virion_structural_protein|32937..33470|177	0.131	139	114	0	9	147	22	153	1.110E-04	261
2_cl45_59	NC_048721.1|YP_009839499.1_61|[Streptomyces_phage_StarPlatinum]minor_tail_protein|40597..40992|131	0.132	115	96	0	9	120	16	130	1.245E-04	259
2_cl45_59	NC_048723.1|YP_009839985.1_60|[Streptomyces_phage_LukeCage]minor_tail_protein|39957..40352|131	0.144	115	95	0	9	120	16	130	1.318E-04	258
2_cl45_59	NC_042054.1|YP_009616746.1_60|[Pseudomonas_phage_vB_PsyM_KIL4]virion_structural_protein|32693..33226|177	0.125	139	115	0	9	147	22	153	1.318E-04	258
2_cl45_59	NC_025443.1|YP_009101221.1_51|[Salmonella_phage_9NA]virion_structural_protein|28178..28681|167	0.114	150	131	0	3	152	10	158	1.753E-04	253
2_cl45_59	NC_048724.1|YP_009840233.1_60|[Streptomyces_phage_Karimac]minor_tail_protein|40198..40593|131	0.128	115	97	0	9	120	16	130	1.856E-04	252
2_cl45_59	NC_042062.1|YP_009617880.1_51|[Salmonella_phage_SP069]hypothetical_protein|29434..29937|167	0.118	142	121	0	3	144	10	147	1.856E-04	252
2_cl45_59	NC_071020.1|YP_010677399.1_91|[Stenotrophomonas_phage_BUCT626]hypothetical_protein|complement(54409..54771)|120	0.138	122	102	0	1	122	1	119	1.965E-04	251
2_cl45_59	NC_015463.1|YP_004421477.1_23|[Synechococcus_phage_S-CBS2]unknown_structural_protein|15824..16180|118	0.084	103	93	0	18	120	15	117	2.081E-04	250
2_cl45_59	NC_048719.1|YP_009839003.1_34|[Streptomyces_phage_Annadreamy]minor_tail_protein|28783..29169|128	0.107	116	102	0	9	123	13	128	2.614E-04	246
2_cl45_59	NC_048720.1|YP_009839234.1_36|[Streptomyces_phage_Blueeyedbeauty]minor_tail_protein|29256..29657|133	0.145	120	99	0	7	123	14	133	2.614E-04	246
2_cl45_59	NC_096909.1|YP_011413842.1_65|[Microbacterium_phage_ValentiniPuff]major_tail_protein|32412..32846|144	0.150	113	94	0	15	126	28	140	2.768E-04	245
2_cl45_59	NC_048730.1|YP_009841198.1_61|[Streptomyces_phage_Yaboi]minor_tail_protein|40036..40431|131	0.109	115	99	0	9	120	16	130	2.930E-04	244
2_cl45_59	NC_130755.1|YP_013522080.1_24|[Pasteurella_phage_vB_PmuM_CFP3]hypothetical_protein|complement(15177..15746)|189	0.088	139	123	0	5	143	17	152	2.930E-04	244
2_cl45_59	NC_054725.1|YP_010059432.1_182|[Gordonia_phage_Skog]hypothetical_protein|105122..105937|271	0.109	153	131	0	12	159	76	228	3.103E-04	243
2_cl45_59	NC_048722.1|YP_009839749.1_60|[Streptomyces_phage_Wofford]minor_tail_protein|41126..41521|131	0.111	115	99	0	9	120	16	130	3.682E-04	240
2_cl45_59	NC_029098.1|YP_009225790.1_64|[Streptomyces_phage_Jay2Jay]hypothetical_protein|41626..42027|133	0.124	115	97	0	9	120	18	132	3.682E-04	240
2_cl45_59	NC_055809.1|YP_010103437.1_59|[Streptomyces_phage_Evy]hypothetical_protein|40773..41174|133	0.124	115	97	0	9	120	18	132	3.682E-04	240
2_cl45_59	NC_073677.1|YP_010766072.1_46|[Pseudomonas_phage_PHB09]hypothetical_protein|30825..31358|177	0.140	134	108	0	9	135	22	155	3.682E-04	240
2_cl45_59	NC_054724.1|YP_010059073.1_51|[Rhodococcus_phage_Finch]hypothetical_protein|40795..41328|177	0.135	160	127	0	12	159	16	175	3.682E-04	240
2_cl45_59	NC_048742.1|YP_009842504.1_37|[Streptomyces_phage_Gilson]minor_tail_protein|29616..30017|133	0.153	116	97	0	9	123	18	133	3.898E-04	239
2_cl45_59	NC_042105.1|YP_009622613.1_32|[Streptomyces_phage_BillNye]minor_tail_protein|32157..32558|133	0.119	115	98	0	9	120	18	132	4.370E-04	237
2_cl45_59	NC_021802.1|YP_008242003.1_84|[Cellulophaga_phage_phi10:1]major_tail_protein|36073..36528|151	0.160	117	95	0	10	123	28	144	4.370E-04	237
2_cl45_59	NC_070785.1|YP_010652119.1_33|[Streptomyces_phage_Wakanda]minor_tail_protein|30519..30920|133	0.130	119	98	0	7	120	14	132	4.898E-04	235
2_cl45_59	NC_070786.1|YP_010652347.1_33|[Streptomyces_phage_Muntaha]minor_tail_protein|30581..30982|133	0.130	119	98	0	7	120	14	132	4.898E-04	235
2_cl45_59	NC_042010.1|YP_009611052.1_55|[Streptomyces_phage_Paradiddles]minor_tail_protein|39331..39732|133	0.128	115	97	0	9	120	18	132	4.898E-04	235
2_cl45_59	NC_042009.1|YP_009610831.1_55|[Streptomyces_phage_NootNoot]minor_tail_protein|39070..39471|133	0.128	115	97	0	9	120	18	132	4.898E-04	235
2_cl45_59	NC_055813.1|YP_010103951.1_58|[Streptomyces_phage_Braelyn]hypothetical_protein|40174..40575|133	0.128	115	97	0	9	120	18	132	4.898E-04	235
2_cl45_59	NC_026587.1|YP_009124466.1_70|[Pseudomonas_phage_vB_PaeM_PAO1_Ab03]virion_structural_protein|37157..37594|145	0.115	133	106	0	15	147	4	124	4.898E-04	235
2_cl45_59	NC_041925.1|YP_009600624.1_42|[Proteus_phage_VB_PmiS-Isfahan]hypothetical_protein|25971..26468|165	0.088	136	121	0	5	138	10	145	4.898E-04	235
2_cl45_59	NC_071019.1|YP_010677215.1_9|[Stenotrophomonas_phage_vB_SmaS_BUCT548]hypothetical_protein|7128..7490|120	0.140	120	100	0	1	120	1	117	5.491E-04	233
2_cl45_59	NC_071021.1|YP_010677479.1_73|[Stenotrophomonas_phage_BUCT627]hypothetical_protein|complement(42907..43269)|120	0.140	120	100	0	1	120	1	117	5.491E-04	233
2_cl45_59	NC_055822.1|YP_010104824.1_60|[Streptomyces_phage_Daubenski]hypothetical_protein|40505..40906|133	0.125	115	95	0	11	120	18	132	5.813E-04	232
2_cl45_59	NC_055791.1|YP_010101481.1_59|[Streptomyces_phage_EGole]hypothetical_protein|41734..42135|133	0.125	115	97	0	9	120	18	132	5.813E-04	232
2_cl45_59	NC_070784.1|YP_010651888.1_36|[Streptomyces_phage_TunaTartare]minor_tail_protein|31055..31456|133	0.117	115	98	0	9	120	18	132	5.813E-04	232
2_cl45_59	NC_072498.1|YP_010719484.1_20|[Pseudomonas_phage_JG054]structural_protein|17878..18999|373	0.105	190	126	0	2	143	180	369	5.813E-04	232
2_cl45_59	NC_070781.1|YP_010651191.1_63|[Streptomyces_phage_Tomas]hypothetical_protein|42399..42800|133	0.118	115	98	0	9	120	18	132	6.516E-04	230
2_cl45_59	NC_049392.1|YP_009877447.1_2|[Escherichia_phage_ESSI2_ev239]FIG00640809:_hypothetical_protein|complement(2010..2555)|181	0.127	152	130	0	12	161	14	165	6.516E-04	230
2_cl45_59	NC_048728.1|YP_009840833.1_37|[Streptomyces_phage_Comrade]minor_tail_protein|30898..31299|133	0.134	120	100	0	7	123	14	133	6.899E-04	229
2_cl45_59	NC_042011.1|YP_009611271.1_58|[Streptomyces_phage_Peebs]minor_tail_protein|40522..40923|133	0.128	119	99	0	7	120	14	132	7.305E-04	228
2_cl45_59	NC_048080.1|YP_009813893.1_39|[Acinetobacter_phage_vB_AbaM_B09_Aci05]virion_structural_protein|30908..31477|189	0.121	130	109	0	9	133	20	149	7.305E-04	228
2_cl45_59	NC_048074.1|YP_009813099.1_40|[Acinetobacter_phage_vB_AbaM_B09_Aci01-1]virion_structural_protein|30459..31028|189	0.121	130	109	0	9	133	20	149	7.305E-04	228
2_cl45_59	NC_048075.1|YP_009813263.1_41|[Acinetobacter_phage_vB_AbaM_B09_Aci02-2]virion_structural_protein|30445..31014|189	0.121	130	109	0	9	133	20	149	7.305E-04	228
2_cl45_59	NC_055842.1|YP_010107458.1_57|[Streptomyces_phage_Bmoc]hypothetical_protein|39424..39825|133	0.134	115	96	0	9	120	18	132	7.734E-04	227
2_cl45_59	NC_049460.1|YP_009883356.1_23|[Salmonella_phage_SI7]hypothetical_protein|18039..18581|180	0.105	114	101	0	11	124	15	128	7.734E-04	227
2_cl45_59	NC_071031.1|YP_010678134.1_17|[Arthrobacter_phage_KeAlii]minor_tail_protein|13071..13943|290	0.144	114	94	0	9	122	31	141	7.734E-04	227
2_cl45_59	NC_042012.1|YP_009611498.1_59|[Streptomyces_phage_Samisti12]minor_tail_protein|41958..42359|133	0.128	119	99	0	7	120	14	132	8.188E-04	226
2_cl45_59	NC_073680.1|YP_010766621.1_69|[Pseudomonas_phage_M5.1]putative_tail_protein|39408..39941|177	0.104	139	117	0	9	147	22	153	8.188E-04	226
2_cl45_59	NC_021802.1|YP_008242007.1_88|[Cellulophaga_phage_phi10:1]phage_tail_protein|40973..41488|171	0.076	120	110	0	9	128	25	144	8.669E-04	225
2_cl45_59	NC_030920.1|YP_009274784.1_77|[Bacillus_phage_Eldridge]virion_structural_protein|63138..63911|257	0.125	143	114	0	13	143	27	169	8.669E-04	225
2_cl45_59	NC_070783.1|YP_010651650.1_37|[Streptomyces_phage_Faust]minor_tail_protein|30251..30652|133	0.144	112	94	0	13	123	22	133	9.178E-04	224
2_cl45_59	NC_049393.1|YP_009877484.1_2|[Escherichia_phage_ESSI2_ev040]hypothetical_protein|complement(1718..2263)|181	0.122	154	133	0	12	165	14	166	9.178E-04	224
2_cl45_59	NC_027332.1|YP_009146783.1_52|[Acinetobacter_phage_YMC13/03/R2096]hypothetical_protein|32180..32785|201	0.103	114	96	0	9	122	94	201	9.717E-04	223
1_cl100_fFiEco03_cr1-150	NC_073320.1|YP_010749347.1_61|[Escherichia_phage_26]hypothetical_protein|32941..33414|157	0.933	150	10	0	1	150	1	150	1.258E-19	870
1_cl100_fFiEco03_cr1-150	NC_073322.1|YP_010749475.1_46|[Escherichia_phage_vB_EcoS-Ro145c2YLVW]hypothetical_protein|23553..24026|157	0.940	150	9	0	1	150	1	150	6.890E-19	840
1_cl100_fFiEco03_cr1-150	NC_073315.1|YP_010748930.1_28|[Escherichia_phage_vB_EcoS_fFiEco03]hypothetical_protein|17935..19305|456	1.000	134	0	0	1	134	1	134	1.147E-18	831
1_cl100_fFiEco03_cr1-150	NC_048181.1|YP_009821861.1_25|[Raoultella_phage_RP180]hypothetical_protein|19172..19666|164	0.926	150	11	0	1	150	8	157	1.360E-18	828
1_cl100_fFiEco03_cr1-150	NC_073319.1|YP_010749258.1_53|[Escherichia_phage_SZH-1]hypothetical_protein|complement(25719..26192)|157	0.913	150	13	0	1	150	1	150	1.523E-18	826
1_cl100_fFiEco03_cr1-150	NC_021563.1|YP_008130357.1_64|[Serratia_phage_Eta]hypothetical_protein|36442..36936|164	0.783	148	32	0	3	150	10	157	2.648E-16	735
1_cl100_fFiEco03_cr1-150	NC_069155.1|YP_010582758.1_50|[Serratia_phage_Tsm2]hypothetical_protein|30094..30588|164	0.770	148	34	0	3	150	10	157	3.139E-16	732
1_cl100_fFiEco03_cr1-150	NC_041992.1|YP_009608663.1_42|[Salmonella_phage_wksl3]hypothetical_protein|complement(27064..27564)|166	0.688	151	46	0	2	150	9	159	3.938E-16	728
1_cl100_fFiEco03_cr1-150	NC_073182.1|YP_010746525.1_29|[Salmonella_virus_VSe103]hypothetical_protein|19773..20273|166	0.688	151	46	0	2	150	9	159	4.940E-16	724
1_cl100_fFiEco03_cr1-150	NC_073181.1|YP_010746468.1_30|[Salmonella_phage_5sent1]minor_tail_protein|19967..20467|166	0.688	151	46	0	2	150	9	159	4.940E-16	724
1_cl100_fFiEco03_cr1-150	NC_073179.1|YP_010746349.1_30|[Salmonella_phage_vB_SenS_TUMS_E4]hypothetical_protein|20065..20565|166	0.688	151	46	0	2	150	9	159	4.940E-16	724
1_cl100_fFiEco03_cr1-150	NC_019539.1|YP_007010481.1_28|[Salmonella_phage_vB_SenS-Ent1]hypothetical_protein|18977..19477|166	0.688	151	46	0	2	150	9	159	4.940E-16	724
1_cl100_fFiEco03_cr1-150	NC_073185.1|YP_010746711.1_42|[Salmonella_phage_PBSE191]hypothetical_protein|39461..39961|166	0.688	151	46	0	2	150	9	159	4.940E-16	724
1_cl100_fFiEco03_cr1-150	NC_073191.1|YP_010747048.1_26|[Salmonella_phage_vB_SenS-EnJE6]hypothetical_protein|complement(19818..20318)|166	0.686	150	46	0	3	150	10	159	8.708E-16	714
1_cl100_fFiEco03_cr1-150	NC_073199.1|YP_010747561.1_29|[Salmonella_phage_S102]hypothetical_protein|19783..20283|166	0.695	151	45	0	2	150	9	159	9.216E-16	713
1_cl100_fFiEco03_cr1-150	NC_073198.1|YP_010747531.1_59|[Salmonella_phage_vB_SenS_ER21]hypothetical_protein|complement(40052..40552)|166	0.695	151	45	0	2	150	9	159	9.216E-16	713
1_cl100_fFiEco03_cr1-150	NC_073197.1|YP_010747470.1_58|[Salmonella_phage_vB_SenS_ER23]hypothetical_protein|40103..40603|166	0.695	151	45	0	2	150	9	159	9.216E-16	713
1_cl100_fFiEco03_cr1-150	NC_073172.1|YP_010745932.1_46|[Salmonella_phage_skrot]hypothetical_protein|24902..25402|166	0.675	151	48	0	2	150	9	159	9.754E-16	712
1_cl100_fFiEco03_cr1-150	NC_073202.1|YP_010747772.1_47|[Salmonella_phage_celemicas]hypothetical_protein|25526..26026|166	0.695	151	45	0	2	150	9	159	1.092E-15	710
1_cl100_fFiEco03_cr1-150	NC_073214.1|YP_010748481.1_38|[Salmonella_phage_vB_SenS_ER1]hypothetical_protein|21670..22170|166	0.673	150	48	0	3	150	10	159	1.092E-15	710
1_cl100_fFiEco03_cr1-150	NC_073209.1|YP_010748162.1_6|[Salmonella_phage_GRNsp50]hypothetical_protein|complement(5544..6044)|166	0.695	151	45	0	2	150	9	159	1.092E-15	710
1_cl100_fFiEco03_cr1-150	NC_073173.1|YP_010745993.1_42|[Salmonella_phage_blauehaus]hypothetical_protein|23963..24463|166	0.695	151	45	0	2	150	9	159	1.092E-15	710
1_cl100_fFiEco03_cr1-150	NC_073178.1|YP_010746288.1_31|[Salmonella_phage_vB_SenS_TUMS_E19]hypothetical_protein|20086..20586|166	0.695	151	45	0	2	150	9	159	1.092E-15	710
1_cl100_fFiEco03_cr1-150	NC_073200.1|YP_010747627.1_31|[Salmonella_phage_S100]hypothetical_protein|20810..21310|166	0.695	151	45	0	2	150	9	159	1.092E-15	710
1_cl100_fFiEco03_cr1-150	NC_073203.1|YP_010747823.1_31|[Salmonella_phage_MET_P1_001_43]hypothetical_protein|19249..19749|166	0.695	151	45	0	2	150	9	159	1.092E-15	710
1_cl100_fFiEco03_cr1-150	NC_073217.1|YP_010748688.1_48|[Salmonella_phage_pink]hypothetical_protein|25082..25582|166	0.673	150	48	0	3	150	10	159	1.092E-15	710
1_cl100_fFiEco03_cr1-150	NC_073213.1|YP_010748406.1_26|[Salmonella_phage_vB_SenS_SB3]hypothetical_protein|17765..18265|166	0.695	151	45	0	2	150	9	159	1.092E-15	710
1_cl100_fFiEco03_cr1-150	NC_073201.1|YP_010747703.1_41|[Salmonella_phage_dunkel]hypothetical_protein|25780..26280|166	0.695	151	45	0	2	150	9	159	1.092E-15	710
1_cl100_fFiEco03_cr1-150	NC_073186.1|YP_010746744.1_32|[Salmonella_phage_vB_SenS_PVP-SE2]hypothetical_protein|complement(23538..24038)|166	0.695	151	45	0	2	150	9	159	1.092E-15	710
1_cl100_fFiEco03_cr1-150	NC_073196.1|YP_010747352.1_5|[Salmonella_phage_NBSal006]hypothetical_protein|complement(3960..4460)|166	0.695	151	45	0	2	150	9	159	1.092E-15	710
1_cl100_fFiEco03_cr1-150	NC_028695.2|YP_009191448.1_40|[Enterobacter_phage_phiEap-2]hypothetical_protein|21610..22104|164	0.716	148	42	0	3	150	10	157	1.156E-15	709
1_cl100_fFiEco03_cr1-150	NC_073215.1|YP_010748512.1_4|[Salmonella_phage_SGPC]tail_protein|complement(1472..1972)|166	0.680	150	47	0	3	150	10	159	1.224E-15	708
1_cl100_fFiEco03_cr1-150	NC_073183.1|YP_010746577.1_24|[Salmonella_phage_NBSal007]hypothetical_protein|complement(21183..21683)|166	0.680	150	47	0	3	150	10	159	1.224E-15	708
1_cl100_fFiEco03_cr1-150	NC_006940.2|YP_308655.1_54|[Salmonella_phage_SS3e]hypothetical_protein|complement(36137..36637)|166	0.686	150	46	0	3	150	10	159	1.295E-15	707
1_cl100_fFiEco03_cr1-150	NC_073212.1|YP_010748343.1_28|[Salmonella_phage_ZCSE9]hypothetical_protein|19068..19568|166	0.686	150	46	0	3	150	10	159	1.295E-15	707
1_cl100_fFiEco03_cr1-150	NC_069154.1|YP_010582691.1_40|[Klebsiella_phage_VLCpiS11a]virion_structural_protein|complement(25256..25750)|164	0.704	149	44	0	2	150	9	157	1.535E-15	704
1_cl100_fFiEco03_cr1-150	NC_009232.2|YP_001110816.2_27|[Salmonella_phage_SETP3]hypothetical_protein|18460..18960|166	0.675	151	48	0	2	150	9	159	1.535E-15	704
1_cl100_fFiEco03_cr1-150	NC_073184.1|YP_010746642.1_32|[Salmonella_phage_F12013]tail_protein|complement(23758..24258)|166	0.695	151	45	0	2	150	9	159	1.535E-15	704
1_cl100_fFiEco03_cr1-150	NC_073208.1|YP_010748125.1_26|[Salmonella_phage_SLMP1]hypothetical_protein|complement(20699..21199)|166	0.688	151	46	0	2	150	9	159	1.625E-15	703
1_cl100_fFiEco03_cr1-150	NC_073169.1|YP_010745715.1_18|[Salmonella_phage_SS5]hypothetical_protein|complement(15759..16259)|166	0.695	151	45	0	2	150	9	159	1.625E-15	703
1_cl100_fFiEco03_cr1-150	NC_073176.1|YP_010746159.1_28|[Salmonella_virus_VSe101]hypothetical_protein|19414..19914|166	0.688	151	46	0	2	150	9	159	1.625E-15	703
1_cl100_fFiEco03_cr1-150	NC_073211.1|YP_010748298.1_37|[Salmonella_phage_T102]hypothetical_protein|22571..23071|166	0.688	151	46	0	2	150	9	159	1.625E-15	703
1_cl100_fFiEco03_cr1-150	NC_073194.1|YP_010747222.1_3|[Salmonella_phage_vB_SalP_LDW16]hypothetical_protein|complement(1350..1850)|166	0.688	151	46	0	2	150	9	159	1.625E-15	703
1_cl100_fFiEco03_cr1-150	NC_022754.1|YP_008767198.1_27|[Salmonella_phage_SETP7]hypothetical_protein|17572..18072|166	0.675	151	48	0	2	150	9	159	1.719E-15	702
1_cl100_fFiEco03_cr1-150	NC_073216.1|YP_010748575.1_5|[Salmonella_phage_STP03]hypothetical_protein|complement(5491..5991)|166	0.673	150	48	0	3	150	10	159	1.719E-15	702
1_cl100_fFiEco03_cr1-150	NC_041991.1|YP_009608582.1_27|[Salmonella_phage_vB_SenS_AG11]hypothetical_protein|17728..18228|166	0.673	150	48	0	3	150	10	159	1.719E-15	702
1_cl100_fFiEco03_cr1-150	NC_069156.1|YP_010582773.1_5|[Serratia_phage_vB_SmaM-Otaku]hypothetical_protein|complement(4881..5375)|164	0.777	148	33	0	3	150	10	157	1.926E-15	700
1_cl100_fFiEco03_cr1-150	NC_073174.1|YP_010746054.1_42|[Salmonella_phage_wast]hypothetical_protein|23773..24273|166	0.680	150	47	0	3	150	10	159	1.926E-15	700
1_cl100_fFiEco03_cr1-150	NC_073195.1|YP_010747307.1_28|[Salmonella_phage_Shelanagig]hypothetical_protein|18443..18943|166	0.682	151	47	0	2	150	9	159	1.926E-15	700
1_cl100_fFiEco03_cr1-150	NC_073187.1|YP_010746797.1_25|[Salmonella_phage_vB_SenS-EnJE1]hypothetical_protein|complement(22305..22805)|166	0.680	150	47	0	3	150	10	159	1.926E-15	700
1_cl100_fFiEco03_cr1-150	NC_022752.1|YP_008767027.1_28|[Salmonella_phage_SETP13]hypothetical_protein|18112..18612|166	0.680	150	47	0	3	150	10	159	1.926E-15	700
1_cl100_fFiEco03_cr1-150	NC_073190.1|YP_010747004.1_50|[Salmonella_phage_vB_SenS_S528]hypothetical_protein|24404..24904|166	0.695	151	45	0	2	150	9	159	2.038E-15	699
1_cl100_fFiEco03_cr1-150	NC_073207.1|YP_010748064.1_18|[Salmonella_phage_SHWT1]hypothetical_protein|complement(17411..17911)|166	0.695	151	45	0	2	150	9	159	2.038E-15	699
1_cl100_fFiEco03_cr1-150	NC_073189.1|YP_010746947.1_55|[Salmonella_phage_JD01]hypothetical_protein|complement(38045..38545)|166	0.695	151	45	0	2	150	9	159	2.038E-15	699
1_cl100_fFiEco03_cr1-150	NC_073193.1|YP_010747216.1_59|[Salmonella_phage_vB_SalS-S10]hypothetical_protein|39171..39671|166	0.695	151	45	0	2	150	9	159	2.038E-15	699
1_cl100_fFiEco03_cr1-150	NC_073192.1|YP_010747095.1_6|[Salmonella_phage_F118P13]hypothetical_protein|complement(5673..6173)|166	0.695	151	45	0	2	150	9	159	2.038E-15	699
1_cl100_fFiEco03_cr1-150	NC_073188.1|YP_010746874.1_48|[Salmonella_phage_vB_SenS_S532]hypothetical_protein|24316..24816|166	0.695	151	45	0	2	150	9	159	2.038E-15	699
1_cl100_fFiEco03_cr1-150	NC_069150.1|YP_010582406.1_33|[Salmonella_phage_vB_STM-ZS]hypothetical_protein|complement(22605..23105)|166	0.680	150	47	0	3	150	10	159	3.030E-15	692
1_cl100_fFiEco03_cr1-150	NC_069146.1|YP_010582164.1_57|[Salmonella_phage_St162]hypothetical_protein|36455..36955|166	0.680	150	47	0	3	150	10	159	3.030E-15	692
1_cl100_fFiEco03_cr1-150	NC_069148.1|YP_010582260.1_27|[Salmonella_phage_TS6]hypothetical_protein|complement(19322..19822)|166	0.680	150	47	0	3	150	10	159	3.030E-15	692
1_cl100_fFiEco03_cr1-150	NC_069149.1|YP_010582359.1_61|[Salmonella_phage_vB_SenTO17]hypothetical_protein|complement(31844..32344)|166	0.680	150	47	0	3	150	10	159	3.030E-15	692
1_cl100_fFiEco03_cr1-150	NC_069151.1|YP_010582466.1_34|[Salmonella_phage_vB_SenS_SE1]hypothetical_protein|complement(21758..22258)|166	0.680	150	47	0	3	150	10	159	3.030E-15	692
1_cl100_fFiEco03_cr1-150	NC_073219.1|YP_010748806.1_39|[Salmonella_phage_sidste]hypothetical_protein|23863..24363|166	0.688	151	46	0	2	150	9	159	3.207E-15	691
1_cl100_fFiEco03_cr1-150	NC_073218.1|YP_010748749.1_38|[Salmonella_phage_demigod]hypothetical_protein|24667..25167|166	0.688	151	46	0	2	150	9	159	3.207E-15	691
1_cl100_fFiEco03_cr1-150	NC_069147.1|YP_010582233.1_64|[Salmonella_phage_GRNsp27]hypothetical_protein|40507..41007|166	0.673	150	48	0	3	150	10	159	3.802E-15	688
1_cl100_fFiEco03_cr1-150	NC_069153.1|YP_010582605.1_27|[Salmonella_virus_VSiP]hypothetical_protein|18017..18517|166	0.673	150	48	0	3	150	10	159	4.023E-15	687
1_cl100_fFiEco03_cr1-150	NC_073316.1|YP_010749009.1_30|[Escherichia_phage_vB_EcoS_fFiEco02]hypothetical_protein|19687..20187|166	0.620	150	56	0	3	150	10	159	4.258E-15	686
1_cl100_fFiEco03_cr1-150	NC_073175.1|YP_010746101.1_29|[Salmonella_virus_VSt10]hypothetical_protein|19072..19572|166	0.680	150	47	0	3	150	10	159	4.506E-15	685
1_cl100_fFiEco03_cr1-150	NC_027994.1|YP_009168856.1_24|[Escherichia_phage_K1H]hypothetical_protein|16248..16748|166	0.620	150	56	0	3	150	10	159	5.047E-15	683
1_cl100_fFiEco03_cr1-150	NC_027993.1|YP_009168807.1_27|[Escherichia_phage_K1G]hypothetical_protein|17937..18437|166	0.620	150	56	0	3	150	10	159	5.047E-15	683
1_cl100_fFiEco03_cr1-150	NC_073321.1|YP_010749394.1_37|[Escherichia_phage_ZCEC5]hypothetical_protein|20117..20617|166	0.633	150	54	0	3	150	10	159	5.342E-15	682
1_cl100_fFiEco03_cr1-150	NC_073314.1|YP_010748874.1_48|[Escherichia_virus_fEg-Eco19]hypothetical_protein|24956..25456|166	0.620	150	56	0	3	150	10	159	6.332E-15	679
1_cl100_fFiEco03_cr1-150	NC_021777.1|YP_008239738.1_29|[Salmonella_phage_Jersey]hypothetical_protein|20172..20672|166	0.693	150	45	0	3	150	10	159	6.701E-15	678
1_cl100_fFiEco03_cr1-150	NC_093713.1|YP_011217263.1_8|[Escherichia_phage_P_AB-2017]hypothetical_protein|complement(8713..9213)|166	0.626	150	55	0	3	150	10	159	6.701E-15	678
1_cl100_fFiEco03_cr1-150	NC_025466.1|YP_009103926.1_40|[Shewanella_sp._phage_3/49]hypothetical_protein|23325..23825|166	0.598	147	59	0	3	149	10	156	7.506E-15	676
1_cl100_fFiEco03_cr1-150	NC_093712.1|YP_011217191.1_3|[Escherichia_phage_L_AB-2017]hypothetical_protein|complement(1052..1552)|166	0.620	150	56	0	3	150	10	159	7.943E-15	675
1_cl100_fFiEco03_cr1-150	NC_021775.1|YP_008239652.1_55|[Salmonella_phage_FSL_SP-031]hypothetical_protein|36428..36928|166	0.680	150	47	0	3	150	10	159	8.407E-15	674
1_cl100_fFiEco03_cr1-150	NC_073317.1|YP_010749084.1_28|[Escherichia_phage_vB_EcoS_fPoEco01]hypothetical_protein|18289..18789|166	0.613	150	57	0	3	150	10	159	9.416E-15	672
1_cl100_fFiEco03_cr1-150	NC_042084.1|YP_009620106.1_26|[Escherichia_phage_VB_EcoS-Golestan]hypothetical_protein|17370..18788|472	0.660	150	50	0	3	150	10	159	9.416E-15	672
1_cl100_fFiEco03_cr1-150	NC_028698.1|YP_009191569.1_16|[Salmonella_phage_f18SE]hypothetical_protein|complement(15923..16423)|166	0.680	150	47	0	3	150	10	159	1.250E-14	667
1_cl100_fFiEco03_cr1-150	NC_069152.1|YP_010582522.1_27|[Salmonella_phage_Shemara]hypothetical_protein|18129..18629|166	0.653	150	51	0	3	150	10	159	1.660E-14	662
1_cl100_fFiEco03_cr1-150	NC_073325.1|YP_010749670.1_4|[Escherichia_phage_vB_EcoS_XY1]minor_tail_protein|complement(3811..5211)|466	0.642	137	48	0	3	137	10	146	3.277E-14	650
1_cl100_fFiEco03_cr1-150	NC_073323.1|YP_010749527.1_27|[Escherichia_phage_vB_EcoS-phiEc3]minor_tail_protein|17198..18616|472	0.633	139	50	0	3	139	10	148	3.468E-14	649
1_cl100_fFiEco03_cr1-150	NC_041898.1|YP_009597357.1_26|[Escherichia_phage_K1ind2]hypothetical_protein|16992..18392|466	0.630	138	50	0	3	138	10	147	4.872E-14	643
1_cl100_fFiEco03_cr1-150	NC_041897.1|YP_009597306.1_26|[Escherichia_phage_K1ind1]hypothetical_protein|16991..18391|466	0.635	137	49	0	3	137	10	146	6.846E-14	637
1_cl100_fFiEco03_cr1-150	NC_073324.1|YP_010749624.1_44|[Escherichia_phage_vB_EcoS-22664BS2]hypothetical_protein|22068..23465|465	0.614	134	51	0	3	134	10	143	1.277E-13	626
1_cl100_fFiEco03_cr1-150	NC_073318.1|YP_010749194.1_61|[Escherichia_phage_NTEC3]hypothetical_protein|complement(34314..35714)|466	0.595	139	55	0	3	139	10	148	2.010E-13	618
1_cl100_fFiEco03_cr1-150	NC_073205.1|YP_010747958.1_31|[Salmonella_phage_LP31]hypothetical_protein|20982..21425|147	0.676	139	44	0	14	150	2	140	2.251E-13	616
1_cl100_fFiEco03_cr1-150	NC_073206.1|YP_010748033.1_49|[Salmonella_phage_CTH7]hypothetical_protein|complement(32715..33158)|147	0.676	139	44	0	14	150	2	140	3.749E-13	607
1_cl100_fFiEco03_cr1-150	NC_016763.1|YP_005098153.1_57|[Salmonella_phage_SE2]hypothetical_protein|37051..37494|147	0.661	139	46	0	14	150	2	140	4.704E-13	603
1_cl100_fFiEco03_cr1-150	NC_073170.1|YP_010745802.1_38|[Salmonella_phage_SE-W109]hypothetical_protein|complement(24001..24444)|147	0.661	139	46	0	14	150	2	140	4.704E-13	603
1_cl100_fFiEco03_cr1-150	NC_024204.1|YP_009035165.1_28|[Salmonella_phage_vB_SenS-Ent3]hypothetical_protein|19099..19542|147	0.669	139	45	0	14	150	2	140	4.978E-13	602
1_cl100_fFiEco03_cr1-150	NC_023608.1|YP_009009952.1_28|[Salmonella_phage_vB_SenS-Ent2]hypothetical_protein|19095..19538|147	0.669	139	45	0	14	150	2	140	4.978E-13	602
1_cl100_fFiEco03_cr1-150	NC_021317.1|YP_008058254.1_8|[Salmonella_phage_L13]hypothetical_protein|complement(7496..7939)|147	0.669	139	45	0	14	150	2	140	4.978E-13	602
1_cl100_fFiEco03_cr1-150	NC_031021.1|YP_009280168.1_40|[Salmonella_phage_MA12]hypothetical_protein|complement(28634..29077)|147	0.669	139	45	0	14	150	2	140	4.978E-13	602
1_cl100_fFiEco03_cr1-150	NC_073210.1|YP_010748238.1_23|[Salmonella_phage_fmb-p1]hypothetical_protein|complement(23471..23914)|147	0.669	139	45	0	14	150	2	140	5.901E-13	599
1_cl100_fFiEco03_cr1-150	NC_073204.1|YP_010747918.1_50|[Salmonella_phage_LPSE1]hypothetical_protein|33185..33628|147	0.661	139	46	0	14	150	2	140	8.291E-13	593
1_cl100_fFiEco03_cr1-150	NC_031925.1|YP_009322856.1_49|[Salmonella_phage_BPS11Q3]hypothetical_protein|complement(33054..33497)|147	0.661	139	46	0	14	150	2	140	8.291E-13	593
1_cl100_fFiEco03_cr1-150	NC_026017.1|YP_009113175.1_28|[Salmonella_phage_LSPA1]hypothetical_protein|19764..20207|147	0.654	139	47	0	14	150	2	140	1.547E-12	582
1_cl100_fFiEco03_cr1-150	NC_042065.1|YP_009617944.1_25|[Salmonella_phage_FSL_SP-101]hypothetical_protein|17112..17555|147	0.647	139	48	0	14	150	2	140	1.732E-12	580
1_cl100_fFiEco03_cr1-150	NC_028834.1|YP_009201754.1_20|[Achromobacter_phage_83-24]hypothetical_protein|15509..16585|358	0.201	114	88	0	2	112	137	250	2.560E-07	370
1_cl100_fFiEco03_cr1-150	NC_071146.1|YP_010685295.1_37|[Klebsiella_phage_vB_KpnS_MK54]minor_tail_protein|19423..19893|156	0.185	150	120	0	1	150	6	153	4.263E-07	361
1_cl100_fFiEco03_cr1-150	NC_071145.1|YP_010685197.1_17|[Klebsiella_phage_VLCpiS13e]virion_structural_protein|10270..10743|157	0.172	154	123	0	1	150	1	154	4.263E-07	361
1_cl100_fFiEco03_cr1-150	NC_071153.1|YP_010685868.1_57|[Klebsiella_phage_BUCT610]hypothetical_protein|27338..27808|156	0.185	150	120	0	1	150	6	153	6.709E-07	353
1_cl100_fFiEco03_cr1-150	NC_071152.1|YP_010685763.1_30|[Klebsiella_phage_VLCpiS13a]virion_structural_protein|17455..17925|156	0.173	150	122	0	1	150	6	153	7.953E-07	350
1_cl100_fFiEco03_cr1-150	NC_071157.1|YP_010686190.1_59|[Klebsiella_phage_VLCpiS13c]virion_structural_protein|complement(35238..35708)|156	0.185	150	120	0	1	150	6	153	8.908E-07	348
1_cl100_fFiEco03_cr1-150	NC_071144.1|YP_010685103.1_4|[Klebsiella_phage_VLCpiS13f]virion_structural_protein|complement(4718..5191)|157	0.180	154	122	0	1	150	1	154	9.977E-07	346
1_cl100_fFiEco03_cr1-150	NC_054651.1|YP_010054281.1_6|[Escherichia_phage_C1]hypothetical_protein|complement(6554..7027)|157	0.195	141	110	0	10	150	17	154	9.977E-07	346
1_cl100_fFiEco03_cr1-150	NC_071155.1|YP_010686024.1_52|[Klebsiella_phage_VLCpiS13b]virion_structural_protein|26421..26891|156	0.185	150	120	0	1	150	6	153	1.056E-06	345
1_cl100_fFiEco03_cr1-150	NC_071142.1|YP_010684975.1_52|[Klebsiella_phage_VLCpiS13d]virion_structural_protein|25572..26042|156	0.185	150	120	0	1	150	6	153	1.056E-06	345
1_cl100_fFiEco03_cr1-150	NC_029066.1|YP_009222842.1_72|[Pseudomonas_phage_PS-1]virion_structural_protein|40548..41054|168	0.173	154	122	0	1	148	1	154	1.056E-06	345
1_cl100_fFiEco03_cr1-150	NC_042037.1|YP_009614658.1_62|[Aeromonas_phage_pIS4-A]hypothetical_protein|32456..32926|156	0.185	150	120	0	1	150	6	153	1.325E-06	341
1_cl100_fFiEco03_cr1-150	NC_021534.1|YP_008126232.1_68|[Vibrio_phage_pYD38-A]hypothetical_protein|complement(39512..39982)|156	0.185	150	120	0	1	150	6	153	1.325E-06	341
1_cl100_fFiEco03_cr1-150	NC_071143.1|YP_010685006.1_3|[Flyfo_siphovirus_Tbat1_6]hypothetical_protein|3131..3601|156	0.185	150	120	0	1	150	6	153	1.325E-06	341
1_cl100_fFiEco03_cr1-150	NC_073031.1|YP_010738739.1_12|[Janthinobacterium_phage_vB_JliS-Donnerlittchen]hypothetical_protein|6881..7357|158	0.196	126	98	0	4	129	9	131	1.402E-06	340
1_cl100_fFiEco03_cr1-150	NC_071149.1|YP_010685562.1_68|[Klebsiella_phage_vB_Kpn_ZCKp20p]baseplate_wedge_protein|32709..33179|156	0.179	150	121	0	1	150	6	153	1.484E-06	339
1_cl100_fFiEco03_cr1-150	NC_071156.1|YP_010686107.1_56|[Klebsiella_phage_6991]hypothetical_protein|28567..29037|156	0.179	150	121	0	1	150	6	153	1.484E-06	339
1_cl100_fFiEco03_cr1-150	NC_071150.1|YP_010685647.1_69|[Klebsiella_phage_ZCKP8]minor_tail_protein|32402..32872|156	0.179	150	121	0	1	150	6	153	1.484E-06	339
1_cl100_fFiEco03_cr1-150	NC_071151.1|YP_010685719.1_57|[Klebsiella_phage_vB_Kpn_ZC2]minor_tail_protein|32717..33187|156	0.179	150	121	0	1	150	6	153	1.484E-06	339
1_cl100_fFiEco03_cr1-150	NC_071003.1|YP_010675369.1_21|[Enterobacter_phage_vB_EclS_CobraSix]hypothetical_protein|14964..15461|165	0.214	120	90	0	5	119	11	130	1.570E-06	338
1_cl100_fFiEco03_cr1-150	NC_031924.1|YP_009322780.1_67|[Salmonella_phage_IME207]hypothetical_protein|28806..29282|158	0.209	141	108	0	10	150	17	154	1.861E-06	335
1_cl100_fFiEco03_cr1-150	NC_054641.1|YP_010053509.1_61|[Salmonella_virus_KFS-SE2]hypothetical_protein|complement(34627..35097)|156	0.193	141	110	0	10	146	16	156	1.970E-06	334
1_cl100_fFiEco03_cr1-150	NC_011373.1|YP_002284353.1_19|[Pseudomonas_phage_PAJU2]virion_structural_protein|14682..15146|154	0.229	144	102	0	1	133	5	148	2.206E-06	332
1_cl100_fFiEco03_cr1-150	NC_028819.1|YP_009200200.1_14|[Pseudoalteromonas_phage_H103]virion_structural_protein|complement(10119..10595)|158	0.218	127	99	0	4	130	14	140	2.206E-06	332
1_cl100_fFiEco03_cr1-150	NC_054647.1|YP_010053951.1_16|[Salmonella_phage_Akira]hypothetical_protein|complement(13949..14422)|157	0.190	135	108	0	10	144	17	150	2.471E-06	330
1_cl100_fFiEco03_cr1-150	NC_002484.2|NP_061517.1_20|[Pseudomonas_phage_D3]virion_structural_protein|13793..14272|159	0.225	149	111	0	1	144	1	149	2.471E-06	330
1_cl100_fFiEco03_cr1-150	NC_016765.1|YP_005098223.1_20|[Pseudomonas_phage_PMG1]virion_structural_protein|13837..14316|159	0.225	149	111	0	1	144	1	149	2.471E-06	330
1_cl100_fFiEco03_cr1-150	NC_025471.1|YP_009104265.1_28|[Idiomarinaceae_phage_Phi1M2-2]virion_structural_protein|16209..16694|161	0.179	126	101	0	4	127	10	135	2.471E-06	330
1_cl100_fFiEco03_cr1-150	NC_054638.1|YP_010053258.1_48|[Salmonella_phage_vB_SenS_SB28]hypothetical_protein|24344..24814|156	0.185	148	117	0	3	150	9	153	2.615E-06	329
1_cl100_fFiEco03_cr1-150	NC_010495.1|YP_001742072.1_35|[Salmonella_phage_Vi_II-E1]hypothetical_protein|24365..24835|156	0.190	146	116	0	5	150	10	153	2.929E-06	327
1_cl100_fFiEco03_cr1-150	NC_054637.1|YP_010053153.1_29|[Escherichia_phage_vB_EcoS_Sa179lw]hypothetical_protein|15910..16383|157	0.194	141	110	0	10	150	17	154	2.929E-06	327
1_cl100_fFiEco03_cr1-150	NC_019927.1|YP_007237618.1_44|[Cronobacter_phage_ENT47670]hypothetical_protein|46209..46706|165	0.210	113	85	0	5	112	11	123	3.100E-06	326
1_cl100_fFiEco03_cr1-150	NC_070846.1|YP_010657369.1_2|[Salmonella_phage_LPSTLL]hypothetical_protein|1594..2067|157	0.191	141	111	0	10	150	16	153	3.472E-06	324
1_cl100_fFiEco03_cr1-150	NC_054640.1|YP_010053420.1_47|[Salmonella_phage_Segz_1]hypothetical_protein|23514..23987|157	0.196	154	120	0	1	150	1	154	3.674E-06	323
1_cl100_fFiEco03_cr1-150	NC_071154.1|YP_010685917.1_23|[Klebsiella_phage_BUCT541]hypothetical_protein|complement(17295..17765)|156	0.193	123	94	0	1	118	6	128	4.116E-06	321
1_cl100_fFiEco03_cr1-150	NC_054652.1|YP_010054356.1_5|[Klebsiella_phage_YX3973]hypothetical_protein|6251..6721|156	0.193	123	94	0	1	118	6	128	4.116E-06	321
1_cl100_fFiEco03_cr1-150	NC_054654.1|YP_010054542.1_49|[Klebsiella_phage_vB_KpnS_ZX4]hypothetical_protein|25749..26219|156	0.193	123	94	0	1	118	6	128	4.116E-06	321
1_cl100_fFiEco03_cr1-150	NC_054653.1|YP_010054428.1_13|[Klebsiella_virus_KpV2811]hypothetical_protein|complement(13683..14153)|156	0.193	123	94	0	1	118	6	128	4.356E-06	320
1_cl100_fFiEco03_cr1-150	NC_054648.1|YP_010054082.1_62|[Salmonella_phage_vB_Se_STGO-35-1]minor_tail_protein|29548..30021|157	0.182	141	112	0	10	150	17	154	4.356E-06	320
1_cl100_fFiEco03_cr1-150	NC_048198.1|YP_009824047.1_17|[Erwinia_phage_vB_EhrS_59]hypothetical_protein|14104..14601|165	0.179	145	105	0	5	133	10	154	4.356E-06	320
1_cl100_fFiEco03_cr1-150	NC_074664.1|YP_010773482.1_14|[Pseudomonas_phage_BUCT566]hypothetical_protein|10993..11460|155	0.184	138	109	0	7	144	12	145	4.878E-06	318
1_cl100_fFiEco03_cr1-150	NC_054642.1|YP_010053565.1_32|[Salmonella_phage_Seszw_1]hypothetical_protein|17534..18007|157	0.195	135	107	0	10	144	17	150	4.878E-06	318
1_cl100_fFiEco03_cr1-150	NC_031918.1|YP_009322249.1_52|[Salmonella_phage_64795_sal3]hypothetical_protein|27290..27772|160	0.188	135	108	0	10	144	20	153	4.878E-06	318
1_cl100_fFiEco03_cr1-150	NC_019541.1|YP_007010627.1_46|[Acinetobacter_phage_YMC/09/02/B1251]virion_structural_protein|33893..34291|132	0.174	124	101	0	1	124	4	126	5.163E-06	317
1_cl100_fFiEco03_cr1-150	NC_054636.1|YP_010053061.1_17|[Shigella_phage_Sf11_SMD-2017]hypothetical_protein|complement(13880..15253)|457	0.194	110	87	0	10	118	17	126	5.163E-06	317
1_cl100_fFiEco03_cr1-150	NC_054639.1|YP_010053346.1_63|[Salmonella_phage_Skate]hypothetical_protein|28397..28873|158	0.200	135	106	0	10	144	17	150	5.464E-06	316
1_cl100_fFiEco03_cr1-150	NC_074663.1|YP_010773399.1_9|[Pseudomonas_phage_vB_Pae_LC3I3]hypothetical_protein|6635..7102|155	0.184	138	109	0	7	144	12	145	6.477E-06	313
1_cl100_fFiEco03_cr1-150	NC_030929.1|YP_009275521.1_34|[Pseudomonas_phage_JBD44]virion_structural_protein|21460..21927|155	0.184	138	109	0	7	144	12	145	6.477E-06	313
1_cl100_fFiEco03_cr1-150	NC_016762.1|YP_005098084.1_57|[Pseudomonas_phage_phi297]virion_structural_protein|37368..37835|155	0.170	134	105	0	7	133	12	145	7.254E-06	311
1_cl100_fFiEco03_cr1-150	NC_054643.1|YP_010053681.1_76|[Salmonella_phage_SeSz-2]hypothetical_protein|39846..40316|156	0.195	135	107	0	10	144	16	149	7.677E-06	310
1_cl100_fFiEco03_cr1-150	NC_054645.1|YP_010053778.1_13|[Salmonella_phage_LPST10]hypothetical_protein|complement(11731..12204)|157	0.183	154	122	0	1	150	1	154	7.677E-06	310
1_cl100_fFiEco03_cr1-150	NC_054646.1|YP_010053891.1_39|[Salmonella_phage_VB_StyS_BS5]hypothetical_protein|19802..20275|157	0.183	154	122	0	1	150	1	154	7.677E-06	310
1_cl100_fFiEco03_cr1-150	NC_054650.1|YP_010054212.1_16|[Shigella_phage_DS8]hypothetical_protein|8852..9325|157	0.178	141	113	0	10	150	17	154	7.677E-06	310
1_cl100_fFiEco03_cr1-150	NC_054644.1|YP_010053740.1_57|[Salmonella_virus_VSt472]hypothetical_protein|28620..29093|157	0.183	154	122	0	1	150	1	154	7.677E-06	310
1_cl100_fFiEco03_cr1-150	NC_042062.1|YP_009617880.1_51|[Salmonella_phage_SP069]hypothetical_protein|29434..29937|167	0.205	115	89	0	10	124	23	135	1.079E-05	304
1_cl100_fFiEco03_cr1-150	NC_028768.1|YP_009196207.1_22|[Achromobacter_phage_JWX]virion_structural_protein|16122..17195|357	0.169	111	90	0	4	112	139	249	1.142E-05	303
1_cl100_fFiEco03_cr1-150	NC_041925.1|YP_009600624.1_42|[Proteus_phage_VB_PmiS-Isfahan]hypothetical_protein|25971..26468|165	0.204	143	109	0	7	144	18	160	1.353E-05	300
1_cl100_fFiEco03_cr1-150	NC_047786.1|YP_009787821.1_47|[Salmonella_phage_vB_SenS_Sasha]virion_structural_protein|27788..28291|167	0.230	147	111	0	4	150	15	159	1.353E-05	300
1_cl100_fFiEco03_cr1-150	NC_054649.1|YP_010054112.1_4|[Escherichia_phage_vB_EcoS_swi2]hypothetical_protein|complement(5668..6141)|157	0.179	154	122	0	1	150	1	154	1.432E-05	299
1_cl100_fFiEco03_cr1-150	NC_034248.1|YP_009352271.1_14|[Rhizobium_phage_RHEph10]minor_tail_protein|13132..13488|118	0.166	115	93	0	1	112	1	115	1.698E-05	296
1_cl100_fFiEco03_cr1-150	NC_070822.1|YP_010655179.1_15|[Pseudoalteromonas_phage_TW1]hypothetical_protein|8086..8556|156	0.180	131	105	0	4	132	12	142	2.254E-05	291
1_cl100_fFiEco03_cr1-150	NC_019933.2|YP_007238089.1_19|[Xanthomonas_phage_CP1]virion_structural_protein|14827..15189|120	0.209	120	89	0	1	113	1	120	2.385E-05	290
1_cl100_fFiEco03_cr1-150	NC_009447.1|YP_001210237.1_17|[Burkholderia_phage_BcepGomr]virion_structural_protein|13816..14934|372	0.154	109	91	0	10	118	142	250	2.992E-05	286
1_cl100_fFiEco03_cr1-150	NC_070823.1|YP_010655298.1_72|[Pseudoalteromonas_phage_vB_PspS-H40/1]hypothetical_protein|44459..44860|133	0.178	111	90	0	4	113	10	120	3.352E-05	284
1_cl100_fFiEco03_cr1-150	NC_020839.1|YP_007673206.1_6|[Rhodobacter_phage_RC1]virion_structural_protein|complement(6559..6981)|140	0.170	128	88	0	4	110	12	139	4.205E-05	280
1_cl100_fFiEco03_cr1-150	NC_020866.1|YP_007676430.1_51|[Rhodovulum_phage_RS1]virion_structural_protein|32787..33209|140	0.170	128	88	0	4	110	12	139	4.205E-05	280
1_cl100_fFiEco03_cr1-150	NC_025443.1|YP_009101221.1_51|[Salmonella_phage_9NA]virion_structural_protein|28178..28681|167	0.192	139	99	0	3	126	17	155	4.205E-05	280
1_cl100_fFiEco03_cr1-150	NC_031059.1|YP_009285933.1_48|[Rhodovulum_phage_vB_RhkS_P1]virion_structural_protein|27232..27588|118	0.172	114	92	0	1	112	5	118	5.582E-05	275
1_cl100_fFiEco03_cr1-150	NC_049944.1|YP_009909330.1_65|[Stx2-converting_phage_Stx2a_WGPS8]minor_tail_protein|42010..42351|113	0.153	109	87	0	1	109	7	110	7.003E-05	271
1_cl100_fFiEco03_cr1-150	NC_011356.1|YP_002274199.1_63|[Enterobacteria_phage_YYZ-2008]minor_tail_protein|41055..41396|113	0.153	109	87	0	1	109	7	110	7.003E-05	271
1_cl100_fFiEco03_cr1-150	NC_049945.1|YP_009909408.1_65|[Stx2-converting_phage_Stx2a_WGPS6]minor_tail_protein|44910..45251|113	0.153	109	87	0	1	109	7	110	7.003E-05	271
1_cl100_fFiEco03_cr1-150	NC_011357.1|YP_002274276.1_65|[Stx2-converting_phage_1717]minor_tail_protein|47498..47839|113	0.153	109	87	0	1	109	7	110	7.003E-05	271
1_cl100_fFiEco03_cr1-150	NC_049943.1|YP_009909253.1_63|[Enterobacteria_phage_2851]minor_tail_protein|44185..44526|113	0.153	109	87	0	1	109	7	110	7.003E-05	271
1_cl100_fFiEco03_cr1-150	NC_070971.1|YP_010671790.1_27|[Pseudomonas_virus_PBPA162]hypothetical_protein|complement(21915..22742)|275	0.132	133	109	0	1	126	122	254	7.003E-05	271
1_cl100_fFiEco03_cr1-150	NC_047902.1|YP_009796566.1_15|[Pseudomonas_phage_PMBT3]minor_tail_protein|16638..16985|115	0.127	113	97	0	1	112	1	113	7.411E-05	270
1_cl100_fFiEco03_cr1-150	NC_049941.1|YP_009909100.1_55|[Stx2-converting_phage_Stx2a_WGPS2]minor_tail_protein|40553..40894|113	0.153	109	87	0	1	109	7	110	7.844E-05	269
1_cl100_fFiEco03_cr1-150	NC_004813.1|YP_001449305.1_68|[Enterobacteria_phage_BP-4795]minor_tail_protein|41004..41345|113	0.153	109	87	0	1	109	7	110	7.844E-05	269
1_cl100_fFiEco03_cr1-150	NC_071011.1|YP_010676308.1_51|[Klebsiella_phage_vB_KpnS-Carvaje]virion_structural_protein|27754..28257|167	0.191	140	100	0	3	127	17	156	7.844E-05	269
1_cl100_fFiEco03_cr1-150	NC_049942.1|YP_009909178.1_67|[Escherichia_phage_JLK-2012]minor_tail_protein|43932..44273|113	0.153	109	87	0	1	109	7	110	8.301E-05	268
1_cl100_fFiEco03_cr1-150	NC_070823.1|YP_010655299.1_73|[Pseudoalteromonas_phage_vB_PspS-H40/1]hypothetical_protein|44860..45306|148	0.169	129	99	0	1	129	10	129	9.298E-05	266
1_cl100_fFiEco03_cr1-150	NC_007709.1|YP_453576.1_18|[Xanthomonas_phage_OP1]virion_structural_protein|13552..13905|117	0.176	117	91	0	1	112	1	117	9.840E-05	265
1_cl100_fFiEco03_cr1-150	NC_016165.1|YP_004934695.1_52|[Rhodobacter_phage_RcapMu]virion_structural_protein|31713..32135|140	0.137	138	93	0	1	109	1	138	1.041E-04	264
1_cl100_fFiEco03_cr1-150	NC_024217.1|YP_009037310.1_120|[Nitrincola_phage_1M3-16]hypothetical_protein|complement(64505..64858)|117	0.189	109	86	0	1	109	9	115	1.102E-04	263
1_cl100_fFiEco03_cr1-150	NC_070970.1|YP_010671701.1_28|[Pseudomonas_phage_Iggy]hypothetical_protein|20297..21124|275	0.133	117	101	0	10	126	138	254	1.102E-04	263
1_cl100_fFiEco03_cr1-150	NC_048166.1|YP_009820346.1_15|[Pseudomonas_phage_Lana]minor_tail_protein|16872..17201|109	0.129	105	89	0	8	112	5	107	1.306E-04	260
1_cl100_fFiEco03_cr1-150	NC_015463.1|YP_004421477.1_23|[Synechococcus_phage_S-CBS2]unknown_structural_protein|15824..16180|118	0.125	103	85	0	12	109	15	117	1.383E-04	259
1_cl100_fFiEco03_cr1-150	NC_007024.1|YP_239288.1_20|[Xanthomonas_phage_Xp15]virion_structural_protein|16353..16724|123	0.159	111	87	0	5	109	8	118	1.836E-04	254
1_cl100_fFiEco03_cr1-150	NC_070824.1|YP_010655303.1_4|[Pseudoalteromonas_phage_C7]hypothetical_protein|complement(4549..5016)|155	0.148	132	111	0	10	140	18	149	1.943E-04	253
1_cl100_fFiEco03_cr1-150	NC_070844.1|YP_010657188.1_41|[Bacillus_phage_pW4]RNA_polymerase_binding_protein|29837..30202|121	0.132	106	91	0	4	109	15	120	2.056E-04	252
1_cl100_fFiEco03_cr1-150	NC_070845.1|YP_010657325.1_72|[Bacillus_phage_BCPST]hypothetical_protein|complement(52544..52909)|121	0.132	106	91	0	4	109	15	120	2.056E-04	252
1_cl100_fFiEco03_cr1-150	NC_070841.1|YP_010656817.1_46|[Bacillus_phage_Basilisk]hypothetical_protein|29312..29677|121	0.115	106	93	0	4	109	15	120	2.176E-04	251
1_cl100_fFiEco03_cr1-150	NC_070842.1|YP_010656952.1_43|[Bacillus_phage_v_B-Bak10]hypothetical_protein|29587..29952|121	0.115	106	93	0	4	109	15	120	2.176E-04	251
1_cl100_fFiEco03_cr1-150	NC_029033.1|YP_009220355.1_54|[Achromobacter_phage_phiAxp-1]virion_structural_protein|33078..34382|434	0.127	117	100	0	3	118	136	252	2.176E-04	251
1_cl100_fFiEco03_cr1-150	NC_009543.1|YP_001285688.1_16|[Xanthomonas_phage_Xop411]virion_structural_protein|12401..12757|118	0.172	118	93	0	1	113	1	118	2.437E-04	249
1_cl100_fFiEco03_cr1-150	NC_016766.1|YP_005098334.1_35|[Synechococcus_phage_S-CBS4]minor_tail_protein|25163..25516|117	0.130	113	97	0	1	113	4	115	2.889E-04	246
1_cl100_fFiEco03_cr1-150	NC_070843.1|YP_010657042.1_18|[Bacillus_phage_PBC4]hypothetical_protein|17789..18154|121	0.132	106	91	0	4	109	15	120	3.424E-04	243
1_cl100_fFiEco03_cr1-150	NC_004902.1|NP_858966.1_19|[Xanthomonas_phage_Xp10]virion_structural_protein|13362..13718|118	0.155	114	95	0	1	113	5	118	3.624E-04	242
1_cl100_fFiEco03_cr1-150	NC_071018.1|YP_010677153.1_47|[Stenotrophomonas_phage_Siara]minor_tail_protein|24189..24554|121	0.172	121	93	0	1	113	1	121	3.624E-04	242
1_cl100_fFiEco03_cr1-150	NC_042091.1|YP_009620694.1_25|[Pseudomonas_phage_nickie]hypothetical_protein|21208..21573|121	0.166	110	89	0	4	111	12	121	4.296E-04	239
1_cl100_fFiEco03_cr1-150	NC_071017.1|YP_010677054.1_50|[Stenotrophomonas_phage_Salva]hypothetical_protein|25137..25502|121	0.163	121	94	0	1	113	1	121	4.546E-04	238
1_cl100_fFiEco03_cr1-150	NC_012742.1|YP_002922631.1_17|[Xanthomonas_phage_phiL7]virion_structural_protein|13581..13940|119	0.183	119	91	0	1	112	1	119	4.811E-04	237
1_cl100_fFiEco03_cr1-150	NC_021857.1|YP_008318495.1_17|[Shigella_phage_SfII]DNA_circularization|11934..13304|456	0.148	127	107	0	9	134	34	160	5.092E-04	236
1_cl100_fFiEco03_cr1-150	NC_020846.1|YP_007674000.1_38|[Vibrio_phage_pYD21-A]virion_structural_protein|24843..25325|160	0.117	151	125	0	2	144	9	159	5.389E-04	235
1_cl100_fFiEco03_cr1-150	NC_070772.1|YP_010649711.1_24|[Vibrio_phage_Seahorse]hypothetical_protein|20900..21397|165	0.182	150	119	0	1	150	18	163	5.703E-04	234
1_cl100_fFiEco03_cr1-150	NC_003288.1|NP_510944.1_50|[Staphylococcus_phage_phiETA]major_tail_protein|24435..24995|186	0.161	144	118	0	7	148	33	176	5.703E-04	234
1_cl100_fFiEco03_cr1-150	NC_030652.1|YP_009268687.1_44|[Staphylococcus_phage_80]major_tail_protein|22600..23160|186	0.161	144	118	0	7	148	33	176	5.703E-04	234
1_cl100_fFiEco03_cr1-150	NC_054980.1|YP_010079949.1_57|[Staphylococcus_phage_Henu2]major_tail_protein|35985..36545|186	0.161	144	118	0	7	148	33	176	5.703E-04	234
1_cl100_fFiEco03_cr1-150	NC_007063.1|YP_240683.1_12|[Staphylococcus_phage_88]major_tail_protein|7585..8145|186	0.161	144	118	0	7	148	33	176	5.703E-04	234
1_cl100_fFiEco03_cr1-150	NC_054981.1|YP_010080015.1_61|[Staphylococcus_phage_vB_SauS-SAP27]major_tail_protein|complement(40460..41020)|186	0.161	144	118	0	7	148	33	176	5.703E-04	234
1_cl100_fFiEco03_cr1-150	NC_007061.1|YP_240543.1_12|[Staphylococcus_phage_29]major_tail_protein|7519..8079|186	0.161	144	118	0	7	148	33	176	5.703E-04	234
1_cl100_fFiEco03_cr1-150	NC_007064.1|YP_240756.1_12|[Staphylococcus_phage_92]major_tail_protein|7582..8142|186	0.161	144	118	0	7	148	33	176	5.703E-04	234
1_cl100_fFiEco03_cr1-150	NC_007062.1|YP_240618.1_13|[Staphylococcus_phage_52A]major_tail_protein|7596..8156|186	0.161	144	118	0	7	148	33	176	5.703E-04	234
1_cl100_fFiEco03_cr1-150	NC_028915.1|YP_009209174.1_51|[Staphylococcus_phage_B236]major_tail_protein|24663..25223|186	0.161	144	118	0	7	148	33	176	5.703E-04	234
1_cl100_fFiEco03_cr1-150	NC_010147.1|YP_001604141.1_51|[Staphylococcus_phage_phiMR11]major_tail_protein|24534..25094|186	0.161	144	118	0	7	148	33	176	5.703E-04	234
1_cl100_fFiEco03_cr1-150	NC_021863.1|YP_008320246.1_46|[Staphylococcus_phage_SA13]major_tail_protein|24073..24633|186	0.161	144	118	0	7	148	33	176	5.703E-04	234
1_cl100_fFiEco03_cr1-150	NC_023500.1|YP_009002867.1_46|[Staphylococcus_phage_StauST398-5]major_tail_protein|23319..23879|186	0.161	144	118	0	7	148	33	176	5.703E-04	234
1_cl100_fFiEco03_cr1-150	NC_021326.1|YP_008058995.1_22|[Staphylococcus_phage_StauST398-1]major_tail_protein|complement(20802..21362)|186	0.161	144	118	0	7	148	33	176	5.703E-04	234
1_cl100_fFiEco03_cr1-150	NC_007059.1|YP_240392.1_12|[Staphylococcus_phage_71]major_tail_protein|7416..7976|186	0.161	144	118	0	7	148	33	176	5.703E-04	234
1_cl100_fFiEco03_cr1-150	NC_007060.1|YP_240466.1_15|[Staphylococcus_phage_55]major_tail_protein|7550..8110|186	0.161	144	118	0	7	148	33	176	5.703E-04	234
1_cl100_fFiEco03_cr1-150	NC_027332.1|YP_009146783.1_52|[Acinetobacter_phage_YMC13/03/R2096]hypothetical_protein|32180..32785|201	0.163	108	89	0	1	107	92	199	5.703E-04	234
1_cl100_fFiEco03_cr1-150	NC_027339.1|YP_009147463.1_16|[Enterobacteria_phage_SfI]DNA_circularization|11915..13258|447	0.148	127	107	0	9	134	25	151	6.036E-04	233
1_cl100_fFiEco03_cr1-150	NC_018279.1|YP_006560828.1_22|[Salmonella_phage_vB_SosS_Oslo]minor_tail_protein|15584..15931|115	0.170	109	89	0	1	109	5	112	7.155E-04	230
1_cl100_fFiEco03_cr1-150	NC_023502.1|YP_009003193.1_36|[Rhizobium_phage_vB_RleS_L338C]minor_tail_protein|27949..28305|118	0.122	118	98	0	1	113	1	118	7.155E-04	230
1_cl100_fFiEco03_cr1-150	NC_003444.1|NP_599047.1_15|[Enterobacteria_phage_SfV]DNA_circularization|11655..12998|447	0.148	127	107	0	9	134	25	151	7.155E-04	230
1_cl100_fFiEco03_cr1-150	NC_015465.1|YP_004421739.1_17|[Synechococcus_phage_S-CBS3]minor_tail_protein|17265..17633|122	0.130	112	93	0	1	108	5	116	7.572E-04	229
1_cl100_fFiEco03_cr1-150	NC_021558.1|YP_008129880.1_14|[Paenibacillus_phage_PG1]hypothetical_protein|7972..8331|119	0.137	110	94	0	1	110	10	119	8.013E-04	228
1_cl100_fFiEco03_cr1-150	NC_022749.1|YP_008766878.1_14|[Shigella_phage_SfIV]DNA_circularization|11962..13338|458	0.148	127	107	0	9	134	36	162	8.481E-04	227
1_cl100_fFiEco03_cr1-150	NC_016164.1|YP_004934618.1_18|[Synechococcus_phage_S-CBS1]minor_tail_protein|16762..17130|122	0.152	112	91	0	1	108	5	116	8.975E-04	226
2_cl45_CobraSix	NC_071003.1|YP_010675369.1_21|[Enterobacter_phage_vB_EclS_CobraSix]hypothetical_protein|14964..15461|165	1.000	165	0	0	1	165	1	165	8.078E-24	1039
2_cl45_CobraSix	NC_019927.1|YP_007237618.1_44|[Cronobacter_phage_ENT47670]hypothetical_protein|46209..46706|165	0.896	165	17	0	1	165	1	165	2.575E-22	978
2_cl45_CobraSix	NC_048198.1|YP_009824047.1_17|[Erwinia_phage_vB_EhrS_59]hypothetical_protein|14104..14601|165	0.638	165	59	0	2	165	1	165	8.343E-18	795
2_cl45_CobraSix	NC_054648.1|YP_010054082.1_62|[Salmonella_phage_vB_Se_STGO-35-1]minor_tail_protein|29548..30021|157	0.648	165	55	0	1	165	1	157	1.745E-17	782
2_cl45_CobraSix	NC_054642.1|YP_010053565.1_32|[Salmonella_phage_Seszw_1]hypothetical_protein|17534..18007|157	0.648	162	54	0	1	162	1	154	1.955E-17	780
2_cl45_CobraSix	NC_054637.1|YP_010053153.1_29|[Escherichia_phage_vB_EcoS_Sa179lw]hypothetical_protein|15910..16383|157	0.636	165	57	0	1	165	1	157	2.069E-17	779
2_cl45_CobraSix	NC_031924.1|YP_009322780.1_67|[Salmonella_phage_IME207]hypothetical_protein|28806..29282|158	0.670	158	51	0	1	157	1	158	2.317E-17	777
2_cl45_CobraSix	NC_054638.1|YP_010053258.1_48|[Salmonella_phage_vB_SenS_SB28]hypothetical_protein|24344..24814|156	0.615	164	60	0	2	165	1	156	3.258E-17	771
2_cl45_CobraSix	NC_054650.1|YP_010054212.1_16|[Shigella_phage_DS8]hypothetical_protein|8852..9325|157	0.654	165	54	0	1	165	1	157	4.326E-17	766
2_cl45_CobraSix	NC_054651.1|YP_010054281.1_6|[Escherichia_phage_C1]hypothetical_protein|complement(6554..7027)|157	0.654	165	54	0	1	165	1	157	6.437E-17	759
2_cl45_CobraSix	NC_031918.1|YP_009322249.1_52|[Salmonella_phage_64795_sal3]hypothetical_protein|27290..27772|160	0.664	155	51	0	1	154	4	158	6.437E-17	759
2_cl45_CobraSix	NC_071153.1|YP_010685868.1_57|[Klebsiella_phage_BUCT610]hypothetical_protein|27338..27808|156	0.621	164	59	0	2	165	1	156	8.077E-17	755
2_cl45_CobraSix	NC_054649.1|YP_010054112.1_4|[Escherichia_phage_vB_EcoS_swi2]hypothetical_protein|complement(5668..6141)|157	0.636	165	57	0	1	165	1	157	8.549E-17	754
2_cl45_CobraSix	NC_070846.1|YP_010657369.1_2|[Salmonella_phage_LPSTLL]hypothetical_protein|1594..2067|157	0.649	157	54	0	2	157	1	157	8.549E-17	754
2_cl45_CobraSix	NC_071145.1|YP_010685197.1_17|[Klebsiella_phage_VLCpiS13e]virion_structural_protein|10270..10743|157	0.612	165	61	0	1	165	1	157	1.014E-16	751
2_cl45_CobraSix	NC_071149.1|YP_010685562.1_68|[Klebsiella_phage_vB_Kpn_ZCKp20p]baseplate_wedge_protein|32709..33179|156	0.621	164	59	0	2	165	1	156	1.135E-16	749
2_cl45_CobraSix	NC_054643.1|YP_010053681.1_76|[Salmonella_phage_SeSz-2]hypothetical_protein|39846..40316|156	0.639	161	55	0	2	162	1	153	1.135E-16	749
2_cl45_CobraSix	NC_071156.1|YP_010686107.1_56|[Klebsiella_phage_6991]hypothetical_protein|28567..29037|156	0.621	164	59	0	2	165	1	156	1.135E-16	749
2_cl45_CobraSix	NC_010495.1|YP_001742072.1_35|[Salmonella_phage_Vi_II-E1]hypothetical_protein|24365..24835|156	0.633	161	56	0	2	162	1	153	1.135E-16	749
2_cl45_CobraSix	NC_071157.1|YP_010686190.1_59|[Klebsiella_phage_VLCpiS13c]virion_structural_protein|complement(35238..35708)|156	0.621	164	59	0	2	165	1	156	1.135E-16	749
2_cl45_CobraSix	NC_071150.1|YP_010685647.1_69|[Klebsiella_phage_ZCKP8]minor_tail_protein|32402..32872|156	0.621	164	59	0	2	165	1	156	1.135E-16	749
2_cl45_CobraSix	NC_071151.1|YP_010685719.1_57|[Klebsiella_phage_vB_Kpn_ZC2]minor_tail_protein|32717..33187|156	0.621	164	59	0	2	165	1	156	1.135E-16	749
2_cl45_CobraSix	NC_071142.1|YP_010684975.1_52|[Klebsiella_phage_VLCpiS13d]virion_structural_protein|25572..26042|156	0.628	164	58	0	2	165	1	156	1.272E-16	747
2_cl45_CobraSix	NC_042037.1|YP_009614658.1_62|[Aeromonas_phage_pIS4-A]hypothetical_protein|32456..32926|156	0.628	164	58	0	2	165	1	156	1.425E-16	745
2_cl45_CobraSix	NC_021534.1|YP_008126232.1_68|[Vibrio_phage_pYD38-A]hypothetical_protein|complement(39512..39982)|156	0.628	164	58	0	2	165	1	156	1.425E-16	745
2_cl45_CobraSix	NC_071143.1|YP_010685006.1_3|[Flyfo_siphovirus_Tbat1_6]hypothetical_protein|3131..3601|156	0.628	164	58	0	2	165	1	156	1.425E-16	745
2_cl45_CobraSix	NC_054653.1|YP_010054428.1_13|[Klebsiella_virus_KpV2811]hypothetical_protein|complement(13683..14153)|156	0.621	161	59	0	2	162	1	156	1.508E-16	744
2_cl45_CobraSix	NC_071146.1|YP_010685295.1_37|[Klebsiella_phage_vB_KpnS_MK54]minor_tail_protein|19423..19893|156	0.621	164	59	0	2	165	1	156	1.689E-16	742
2_cl45_CobraSix	NC_054647.1|YP_010053951.1_16|[Salmonella_phage_Akira]hypothetical_protein|complement(13949..14422)|157	0.683	155	49	0	1	154	1	155	1.788E-16	741
2_cl45_CobraSix	NC_071155.1|YP_010686024.1_52|[Klebsiella_phage_VLCpiS13b]virion_structural_protein|26421..26891|156	0.621	164	59	0	2	165	1	156	1.892E-16	740
2_cl45_CobraSix	NC_071154.1|YP_010685917.1_23|[Klebsiella_phage_BUCT541]hypothetical_protein|complement(17295..17765)|156	0.621	161	59	0	2	162	1	156	2.374E-16	736
2_cl45_CobraSix	NC_054652.1|YP_010054356.1_5|[Klebsiella_phage_YX3973]hypothetical_protein|6251..6721|156	0.621	161	59	0	2	162	1	156	2.374E-16	736
2_cl45_CobraSix	NC_054654.1|YP_010054542.1_49|[Klebsiella_phage_vB_KpnS_ZX4]hypothetical_protein|25749..26219|156	0.621	161	59	0	2	162	1	156	2.374E-16	736
2_cl45_CobraSix	NC_071144.1|YP_010685103.1_4|[Klebsiella_phage_VLCpiS13f]virion_structural_protein|complement(4718..5191)|157	0.612	165	61	0	1	165	1	157	2.815E-16	733
2_cl45_CobraSix	NC_071152.1|YP_010685763.1_30|[Klebsiella_phage_VLCpiS13a]virion_structural_protein|17455..17925|156	0.593	165	63	0	1	165	1	156	3.739E-16	728
2_cl45_CobraSix	NC_054641.1|YP_010053509.1_61|[Salmonella_virus_KFS-SE2]hypothetical_protein|complement(34627..35097)|156	0.684	149	47	0	2	150	1	149	3.957E-16	727
2_cl45_CobraSix	NC_054639.1|YP_010053346.1_63|[Salmonella_phage_Skate]hypothetical_protein|28397..28873|158	0.656	160	54	0	1	160	1	157	6.231E-16	719
2_cl45_CobraSix	NC_054636.1|YP_010053061.1_17|[Shigella_phage_Sf11_SMD-2017]hypothetical_protein|complement(13880..15253)|457	0.654	165	54	0	1	165	1	157	1.460E-15	704
2_cl45_CobraSix	NC_054645.1|YP_010053778.1_13|[Salmonella_phage_LPST10]hypothetical_protein|complement(11731..12204)|157	0.618	165	60	0	1	165	1	157	1.939E-15	699
2_cl45_CobraSix	NC_054646.1|YP_010053891.1_39|[Salmonella_phage_VB_StyS_BS5]hypothetical_protein|19802..20275|157	0.618	165	60	0	1	165	1	157	1.939E-15	699
2_cl45_CobraSix	NC_054644.1|YP_010053740.1_57|[Salmonella_virus_VSt472]hypothetical_protein|28620..29093|157	0.618	165	60	0	1	165	1	157	1.939E-15	699
2_cl45_CobraSix	NC_054640.1|YP_010053420.1_47|[Salmonella_phage_Segz_1]hypothetical_protein|23514..23987|157	0.630	165	58	0	1	165	1	157	3.420E-15	689
2_cl45_CobraSix	NC_025471.1|YP_009104265.1_28|[Idiomarinaceae_phage_Phi1M2-2]virion_structural_protein|16209..16694|161	0.235	162	122	0	3	164	1	161	7.210E-10	473
2_cl45_CobraSix	NC_074664.1|YP_010773482.1_14|[Pseudomonas_phage_BUCT566]hypothetical_protein|10993..11460|155	0.179	159	126	0	3	161	1	155	3.337E-09	446
2_cl45_CobraSix	NC_016762.1|YP_005098084.1_57|[Pseudomonas_phage_phi297]virion_structural_protein|37368..37835|155	0.185	155	119	0	3	157	1	147	3.957E-09	443
2_cl45_CobraSix	NC_028819.1|YP_009200200.1_14|[Pseudoalteromonas_phage_H103]virion_structural_protein|complement(10119..10595)|158	0.222	152	116	0	1	150	1	152	6.594E-09	434
2_cl45_CobraSix	NC_002484.2|NP_061517.1_20|[Pseudomonas_phage_D3]virion_structural_protein|13793..14272|159	0.175	159	130	0	3	161	1	159	6.594E-09	434
2_cl45_CobraSix	NC_016765.1|YP_005098223.1_20|[Pseudomonas_phage_PMG1]virion_structural_protein|13837..14316|159	0.175	159	130	0	3	161	1	159	6.594E-09	434
2_cl45_CobraSix	NC_074663.1|YP_010773399.1_9|[Pseudomonas_phage_vB_Pae_LC3I3]hypothetical_protein|6635..7102|155	0.179	159	126	0	3	161	1	155	6.979E-09	433
2_cl45_CobraSix	NC_030929.1|YP_009275521.1_34|[Pseudomonas_phage_JBD44]virion_structural_protein|21460..21927|155	0.179	159	126	0	3	161	1	155	6.979E-09	433
2_cl45_CobraSix	NC_011373.1|YP_002284353.1_19|[Pseudomonas_phage_PAJU2]virion_structural_protein|14682..15146|154	0.190	162	124	0	3	164	1	154	1.303E-08	422
2_cl45_CobraSix	NC_029066.1|YP_009222842.1_72|[Pseudomonas_phage_PS-1]virion_structural_protein|40548..41054|168	0.184	165	126	0	3	157	1	165	1.303E-08	422
2_cl45_CobraSix	NC_028834.1|YP_009201754.1_20|[Achromobacter_phage_83-24]hypothetical_protein|15509..16585|358	0.190	124	99	0	1	124	129	251	1.731E-08	417
2_cl45_CobraSix	NC_041898.1|YP_009597357.1_26|[Escherichia_phage_K1ind2]hypothetical_protein|16992..18392|466	0.230	142	105	0	1	142	1	138	1.731E-08	417
2_cl45_CobraSix	NC_009447.1|YP_001210237.1_17|[Burkholderia_phage_BcepGomr]virion_structural_protein|13816..14934|372	0.224	125	93	0	1	125	126	246	2.433E-08	411
2_cl45_CobraSix	NC_028768.1|YP_009196207.1_22|[Achromobacter_phage_JWX]virion_structural_protein|16122..17195|357	0.141	125	106	0	1	125	128	251	4.054E-08	402
2_cl45_CobraSix	NC_020846.1|YP_007674000.1_38|[Vibrio_phage_pYD21-A]virion_structural_protein|24843..25325|160	0.215	144	108	0	1	139	1	144	5.087E-08	398
2_cl45_CobraSix	NC_028695.2|YP_009191448.1_40|[Enterobacter_phage_phiEap-2]hypothetical_protein|21610..22104|164	0.175	164	130	0	1	164	1	159	7.151E-08	392
2_cl45_CobraSix	NC_093712.1|YP_011217191.1_3|[Escherichia_phage_L_AB-2017]hypothetical_protein|complement(1052..1552)|166	0.208	164	127	0	1	164	1	161	7.151E-08	392
2_cl45_CobraSix	NC_073325.1|YP_010749670.1_4|[Escherichia_phage_vB_EcoS_XY1]minor_tail_protein|complement(3811..5211)|466	0.230	142	105	0	1	142	1	138	7.151E-08	392
2_cl45_CobraSix	NC_073213.1|YP_010748406.1_26|[Salmonella_phage_vB_SenS_SB3]hypothetical_protein|17765..18265|166	0.180	164	131	0	1	164	1	161	7.569E-08	391
2_cl45_CobraSix	NC_073196.1|YP_010747352.1_5|[Salmonella_phage_NBSal006]hypothetical_protein|complement(3960..4460)|166	0.180	164	131	0	1	164	1	161	7.569E-08	391
2_cl45_CobraSix	NC_070823.1|YP_010655298.1_72|[Pseudoalteromonas_phage_vB_PspS-H40/1]hypothetical_protein|44459..44860|133	0.263	125	88	0	1	125	1	121	8.011E-08	390
2_cl45_CobraSix	NC_073199.1|YP_010747561.1_29|[Salmonella_phage_S102]hypothetical_protein|19783..20283|166	0.186	164	130	0	1	164	1	161	8.011E-08	390
2_cl45_CobraSix	NC_073198.1|YP_010747531.1_59|[Salmonella_phage_vB_SenS_ER21]hypothetical_protein|complement(40052..40552)|166	0.186	164	130	0	1	164	1	161	8.011E-08	390
2_cl45_CobraSix	NC_073197.1|YP_010747470.1_58|[Salmonella_phage_vB_SenS_ER23]hypothetical_protein|40103..40603|166	0.186	164	130	0	1	164	1	161	8.011E-08	390
2_cl45_CobraSix	NC_073314.1|YP_010748874.1_48|[Escherichia_virus_fEg-Eco19]hypothetical_protein|24956..25456|166	0.208	164	127	0	1	164	1	161	8.478E-08	389
2_cl45_CobraSix	NC_042084.1|YP_009620106.1_26|[Escherichia_phage_VB_EcoS-Golestan]hypothetical_protein|17370..18788|472	0.237	138	101	0	1	138	1	134	8.974E-08	388
2_cl45_CobraSix	NC_041897.1|YP_009597306.1_26|[Escherichia_phage_K1ind1]hypothetical_protein|16991..18391|466	0.230	142	105	0	1	142	1	138	9.498E-08	387
2_cl45_CobraSix	NC_073184.1|YP_010746642.1_32|[Salmonella_phage_F12013]tail_protein|complement(23758..24258)|166	0.186	164	130	0	1	164	1	161	1.005E-07	386
2_cl45_CobraSix	NC_093713.1|YP_011217263.1_8|[Escherichia_phage_P_AB-2017]hypothetical_protein|complement(8713..9213)|166	0.202	164	128	0	1	164	1	161	1.064E-07	385
2_cl45_CobraSix	NC_073321.1|YP_010749394.1_37|[Escherichia_phage_ZCEC5]hypothetical_protein|20117..20617|166	0.214	164	126	0	1	164	1	161	1.126E-07	384
2_cl45_CobraSix	NC_073031.1|YP_010738739.1_12|[Janthinobacterium_phage_vB_JliS-Donnerlittchen]hypothetical_protein|6881..7357|158	0.163	162	131	0	3	164	1	158	1.192E-07	383
2_cl45_CobraSix	NC_027994.1|YP_009168856.1_24|[Escherichia_phage_K1H]hypothetical_protein|16248..16748|166	0.214	164	126	0	1	164	1	161	1.192E-07	383
2_cl45_CobraSix	NC_027993.1|YP_009168807.1_27|[Escherichia_phage_K1G]hypothetical_protein|17937..18437|166	0.214	164	126	0	1	164	1	161	1.192E-07	383
2_cl45_CobraSix	NC_073316.1|YP_010749009.1_30|[Escherichia_phage_vB_EcoS_fFiEco02]hypothetical_protein|19687..20187|166	0.189	164	130	0	1	164	1	161	1.335E-07	381
2_cl45_CobraSix	NC_073190.1|YP_010747004.1_50|[Salmonella_phage_vB_SenS_S528]hypothetical_protein|24404..24904|166	0.180	164	131	0	1	164	1	161	1.413E-07	380
2_cl45_CobraSix	NC_073207.1|YP_010748064.1_18|[Salmonella_phage_SHWT1]hypothetical_protein|complement(17411..17911)|166	0.180	164	131	0	1	164	1	161	1.413E-07	380
2_cl45_CobraSix	NC_073189.1|YP_010746947.1_55|[Salmonella_phage_JD01]hypothetical_protein|complement(38045..38545)|166	0.180	164	131	0	1	164	1	161	1.413E-07	380
2_cl45_CobraSix	NC_073193.1|YP_010747216.1_59|[Salmonella_phage_vB_SalS-S10]hypothetical_protein|39171..39671|166	0.180	164	131	0	1	164	1	161	1.413E-07	380
2_cl45_CobraSix	NC_073192.1|YP_010747095.1_6|[Salmonella_phage_F118P13]hypothetical_protein|complement(5673..6173)|166	0.180	164	131	0	1	164	1	161	1.413E-07	380
2_cl45_CobraSix	NC_073188.1|YP_010746874.1_48|[Salmonella_phage_vB_SenS_S532]hypothetical_protein|24316..24816|166	0.180	164	131	0	1	164	1	161	1.413E-07	380
2_cl45_CobraSix	NC_073169.1|YP_010745715.1_18|[Salmonella_phage_SS5]hypothetical_protein|complement(15759..16259)|166	0.174	164	132	0	1	164	1	161	1.496E-07	379
2_cl45_CobraSix	NC_073202.1|YP_010747772.1_47|[Salmonella_phage_celemicas]hypothetical_protein|25526..26026|166	0.174	164	132	0	1	164	1	161	1.583E-07	378
2_cl45_CobraSix	NC_073209.1|YP_010748162.1_6|[Salmonella_phage_GRNsp50]hypothetical_protein|complement(5544..6044)|166	0.174	164	132	0	1	164	1	161	1.583E-07	378
2_cl45_CobraSix	NC_073173.1|YP_010745993.1_42|[Salmonella_phage_blauehaus]hypothetical_protein|23963..24463|166	0.174	164	132	0	1	164	1	161	1.583E-07	378
2_cl45_CobraSix	NC_073178.1|YP_010746288.1_31|[Salmonella_phage_vB_SenS_TUMS_E19]hypothetical_protein|20086..20586|166	0.174	164	132	0	1	164	1	161	1.583E-07	378
2_cl45_CobraSix	NC_073200.1|YP_010747627.1_31|[Salmonella_phage_S100]hypothetical_protein|20810..21310|166	0.174	164	132	0	1	164	1	161	1.583E-07	378
2_cl45_CobraSix	NC_073203.1|YP_010747823.1_31|[Salmonella_phage_MET_P1_001_43]hypothetical_protein|19249..19749|166	0.174	164	132	0	1	164	1	161	1.583E-07	378
2_cl45_CobraSix	NC_073201.1|YP_010747703.1_41|[Salmonella_phage_dunkel]hypothetical_protein|25780..26280|166	0.174	164	132	0	1	164	1	161	1.583E-07	378
2_cl45_CobraSix	NC_073186.1|YP_010746744.1_32|[Salmonella_phage_vB_SenS_PVP-SE2]hypothetical_protein|complement(23538..24038)|166	0.174	164	132	0	1	164	1	161	1.583E-07	378
2_cl45_CobraSix	NC_073323.1|YP_010749527.1_27|[Escherichia_phage_vB_EcoS-phiEc3]minor_tail_protein|17198..18616|472	0.237	138	101	0	1	138	1	134	1.675E-07	377
2_cl45_CobraSix	NC_073219.1|YP_010748806.1_39|[Salmonella_phage_sidste]hypothetical_protein|23863..24363|166	0.169	161	119	0	1	144	1	161	1.986E-07	374
2_cl45_CobraSix	NC_073172.1|YP_010745932.1_46|[Salmonella_phage_skrot]hypothetical_protein|24902..25402|166	0.150	164	136	0	1	164	1	161	1.986E-07	374
2_cl45_CobraSix	NC_073218.1|YP_010748749.1_38|[Salmonella_phage_demigod]hypothetical_protein|24667..25167|166	0.169	161	119	0	1	144	1	161	1.986E-07	374
2_cl45_CobraSix	NC_020839.1|YP_007673206.1_6|[Rhodobacter_phage_RC1]virion_structural_protein|complement(6559..6981)|140	0.140	140	104	0	1	122	1	140	2.225E-07	372
2_cl45_CobraSix	NC_020866.1|YP_007676430.1_51|[Rhodovulum_phage_RS1]virion_structural_protein|32787..33209|140	0.140	140	104	0	1	122	1	140	2.225E-07	372
2_cl45_CobraSix	NC_073324.1|YP_010749624.1_44|[Escherichia_phage_vB_EcoS-22664BS2]hypothetical_protein|22068..23465|465	0.241	139	102	0	1	139	1	135	2.355E-07	371
2_cl45_CobraSix	NC_073183.1|YP_010746577.1_24|[Salmonella_phage_NBSal007]hypothetical_protein|complement(21183..21683)|166	0.156	164	135	0	1	164	1	161	2.955E-07	367
2_cl45_CobraSix	NC_041992.1|YP_009608663.1_42|[Salmonella_phage_wksl3]hypothetical_protein|complement(27064..27564)|166	0.178	126	101	0	1	126	1	124	3.128E-07	366
2_cl45_CobraSix	NC_073317.1|YP_010749084.1_28|[Escherichia_phage_vB_EcoS_fPoEco01]hypothetical_protein|18289..18789|166	0.214	164	126	0	1	164	1	161	3.128E-07	366
2_cl45_CobraSix	NC_073191.1|YP_010747048.1_26|[Salmonella_phage_vB_SenS-EnJE6]hypothetical_protein|complement(19818..20318)|166	0.156	164	135	0	1	164	1	161	3.310E-07	365
2_cl45_CobraSix	NC_073182.1|YP_010746525.1_29|[Salmonella_virus_VSe103]hypothetical_protein|19773..20273|166	0.162	164	134	0	1	164	1	161	3.504E-07	364
2_cl45_CobraSix	NC_073214.1|YP_010748481.1_38|[Salmonella_phage_vB_SenS_ER1]hypothetical_protein|21670..22170|166	0.150	164	136	0	1	164	1	161	3.504E-07	364
2_cl45_CobraSix	NC_073181.1|YP_010746468.1_30|[Salmonella_phage_5sent1]minor_tail_protein|19967..20467|166	0.162	164	134	0	1	164	1	161	3.504E-07	364
2_cl45_CobraSix	NC_073179.1|YP_010746349.1_30|[Salmonella_phage_vB_SenS_TUMS_E4]hypothetical_protein|20065..20565|166	0.162	164	134	0	1	164	1	161	3.504E-07	364
2_cl45_CobraSix	NC_019539.1|YP_007010481.1_28|[Salmonella_phage_vB_SenS-Ent1]hypothetical_protein|18977..19477|166	0.162	164	134	0	1	164	1	161	3.504E-07	364
2_cl45_CobraSix	NC_073217.1|YP_010748688.1_48|[Salmonella_phage_pink]hypothetical_protein|25082..25582|166	0.150	164	136	0	1	164	1	161	3.504E-07	364
2_cl45_CobraSix	NC_073185.1|YP_010746711.1_42|[Salmonella_phage_PBSE191]hypothetical_protein|39461..39961|166	0.162	164	134	0	1	164	1	161	3.504E-07	364
2_cl45_CobraSix	NC_073208.1|YP_010748125.1_26|[Salmonella_phage_SLMP1]hypothetical_protein|complement(20699..21199)|166	0.174	164	132	0	1	164	1	161	3.708E-07	363
2_cl45_CobraSix	NC_073176.1|YP_010746159.1_28|[Salmonella_virus_VSe101]hypothetical_protein|19414..19914|166	0.174	164	132	0	1	164	1	161	3.708E-07	363
2_cl45_CobraSix	NC_073211.1|YP_010748298.1_37|[Salmonella_phage_T102]hypothetical_protein|22571..23071|166	0.174	164	132	0	1	164	1	161	3.708E-07	363
2_cl45_CobraSix	NC_022754.1|YP_008767198.1_27|[Salmonella_phage_SETP7]hypothetical_protein|17572..18072|166	0.167	164	133	0	1	164	1	161	3.925E-07	362
2_cl45_CobraSix	NC_070971.1|YP_010671790.1_27|[Pseudomonas_virus_PBPA162]hypothetical_protein|complement(21915..22742)|275	0.154	159	126	0	1	159	122	271	4.396E-07	360
2_cl45_CobraSix	NC_070970.1|YP_010671701.1_28|[Pseudomonas_phage_Iggy]hypothetical_protein|20297..21124|275	0.154	159	126	0	1	159	122	271	4.925E-07	358
2_cl45_CobraSix	NC_069154.1|YP_010582691.1_40|[Klebsiella_phage_VLCpiS11a]virion_structural_protein|complement(25256..25750)|164	0.182	162	128	0	1	158	1	162	5.212E-07	357
2_cl45_CobraSix	NC_041991.1|YP_009608582.1_27|[Salmonella_phage_vB_SenS_AG11]hypothetical_protein|17728..18228|166	0.167	164	133	0	1	164	1	161	5.517E-07	356
2_cl45_CobraSix	NC_073215.1|YP_010748512.1_4|[Salmonella_phage_SGPC]tail_protein|complement(1472..1972)|166	0.173	164	132	0	1	164	1	161	5.517E-07	356
2_cl45_CobraSix	NC_009232.2|YP_001110816.2_27|[Salmonella_phage_SETP3]hypothetical_protein|18460..18960|166	0.162	164	134	0	1	164	1	161	5.839E-07	355
2_cl45_CobraSix	NC_006940.2|YP_308655.1_54|[Salmonella_phage_SS3e]hypothetical_protein|complement(36137..36637)|166	0.173	164	132	0	1	164	1	161	6.180E-07	354
2_cl45_CobraSix	NC_073212.1|YP_010748343.1_28|[Salmonella_phage_ZCSE9]hypothetical_protein|19068..19568|166	0.173	164	132	0	1	164	1	161	6.180E-07	354
2_cl45_CobraSix	NC_073174.1|YP_010746054.1_42|[Salmonella_phage_wast]hypothetical_protein|23773..24273|166	0.156	164	135	0	1	164	1	161	7.327E-07	351
2_cl45_CobraSix	NC_069153.1|YP_010582605.1_27|[Salmonella_virus_VSiP]hypothetical_protein|18017..18517|166	0.162	161	120	0	1	144	1	161	7.327E-07	351
2_cl45_CobraSix	NC_073187.1|YP_010746797.1_25|[Salmonella_phage_vB_SenS-EnJE1]hypothetical_protein|complement(22305..22805)|166	0.156	164	135	0	1	164	1	161	7.327E-07	351
2_cl45_CobraSix	NC_022752.1|YP_008767027.1_28|[Salmonella_phage_SETP13]hypothetical_protein|18112..18612|166	0.156	164	135	0	1	164	1	161	7.327E-07	351
2_cl45_CobraSix	NC_029033.1|YP_009220355.1_54|[Achromobacter_phage_phiAxp-1]virion_structural_protein|33078..34382|434	0.174	125	100	0	3	127	129	250	8.208E-07	349
2_cl45_CobraSix	NC_073318.1|YP_010749194.1_61|[Escherichia_phage_NTEC3]hypothetical_protein|complement(34314..35714)|466	0.219	138	104	0	1	138	1	134	8.208E-07	349
2_cl45_CobraSix	NC_016165.1|YP_004934695.1_52|[Rhodobacter_phage_RcapMu]virion_structural_protein|31713..32135|140	0.134	138	103	0	1	120	1	138	8.687E-07	348
2_cl45_CobraSix	NC_073216.1|YP_010748575.1_5|[Salmonella_phage_STP03]hypothetical_protein|complement(5491..5991)|166	0.156	164	135	0	1	164	1	161	9.194E-07	347
2_cl45_CobraSix	NC_073195.1|YP_010747307.1_28|[Salmonella_phage_Shelanagig]hypothetical_protein|18443..18943|166	0.156	164	135	0	1	164	1	161	9.194E-07	347
2_cl45_CobraSix	NC_070824.1|YP_010655303.1_4|[Pseudoalteromonas_phage_C7]hypothetical_protein|complement(4549..5016)|155	0.169	149	121	0	4	150	1	149	9.731E-07	346
2_cl45_CobraSix	NC_021777.1|YP_008239738.1_29|[Salmonella_phage_Jersey]hypothetical_protein|20172..20672|166	0.159	162	135	0	1	161	1	162	1.090E-06	344
2_cl45_CobraSix	NC_073194.1|YP_010747222.1_3|[Salmonella_phage_vB_SalP_LDW16]hypothetical_protein|complement(1350..1850)|166	0.162	164	134	0	1	164	1	161	1.090E-06	344
2_cl45_CobraSix	NC_073175.1|YP_010746101.1_29|[Salmonella_virus_VSt10]hypothetical_protein|19072..19572|166	0.173	164	132	0	1	164	1	161	1.532E-06	338
2_cl45_CobraSix	NC_069147.1|YP_010582233.1_64|[Salmonella_phage_GRNsp27]hypothetical_protein|40507..41007|166	0.162	165	137	0	1	165	1	164	1.923E-06	334
2_cl45_CobraSix	NC_069150.1|YP_010582406.1_33|[Salmonella_phage_vB_STM-ZS]hypothetical_protein|complement(22605..23105)|166	0.158	162	135	0	1	161	1	162	2.703E-06	328
2_cl45_CobraSix	NC_069146.1|YP_010582164.1_57|[Salmonella_phage_St162]hypothetical_protein|36455..36955|166	0.158	162	135	0	1	161	1	162	2.703E-06	328
2_cl45_CobraSix	NC_069148.1|YP_010582260.1_27|[Salmonella_phage_TS6]hypothetical_protein|complement(19322..19822)|166	0.158	162	135	0	1	161	1	162	2.703E-06	328
2_cl45_CobraSix	NC_069149.1|YP_010582359.1_61|[Salmonella_phage_vB_SenTO17]hypothetical_protein|complement(31844..32344)|166	0.158	162	135	0	1	161	1	162	2.703E-06	328
2_cl45_CobraSix	NC_069151.1|YP_010582466.1_34|[Salmonella_phage_vB_SenS_SE1]hypothetical_protein|complement(21758..22258)|166	0.158	162	135	0	1	161	1	162	2.703E-06	328
2_cl45_CobraSix	NC_025466.1|YP_009103926.1_40|[Shewanella_sp._phage_3/49]hypothetical_protein|23325..23825|166	0.171	165	134	0	1	165	1	163	3.028E-06	326
2_cl45_CobraSix	NC_021775.1|YP_008239652.1_55|[Salmonella_phage_FSL_SP-031]hypothetical_protein|36428..36928|166	0.153	162	136	0	1	161	1	162	3.205E-06	325
2_cl45_CobraSix	NC_031059.1|YP_009285933.1_48|[Rhodovulum_phage_vB_RhkS_P1]virion_structural_protein|27232..27588|118	0.166	118	95	0	6	123	4	118	3.392E-06	324
2_cl45_CobraSix	NC_019541.1|YP_007010627.1_46|[Acinetobacter_phage_YMC/09/02/B1251]virion_structural_protein|33893..34291|132	0.122	135	115	0	3	137	1	132	3.590E-06	323
2_cl45_CobraSix	NC_007024.1|YP_239288.1_20|[Xanthomonas_phage_Xp15]virion_structural_protein|16353..16724|123	0.136	118	101	0	3	120	1	118	4.505E-06	319
2_cl45_CobraSix	NC_028698.1|YP_009191569.1_16|[Salmonella_phage_f18SE]hypothetical_protein|complement(15923..16423)|166	0.155	164	135	0	1	164	1	161	7.093E-06	311
2_cl45_CobraSix	NC_069152.1|YP_010582522.1_27|[Salmonella_phage_Shemara]hypothetical_protein|18129..18629|166	0.156	161	121	0	1	144	1	161	7.507E-06	310
2_cl45_CobraSix	NC_048181.1|YP_009821861.1_25|[Raoultella_phage_RP180]hypothetical_protein|19172..19666|164	0.162	162	132	0	1	158	1	162	8.901E-06	307
2_cl45_CobraSix	NC_070822.1|YP_010655179.1_15|[Pseudoalteromonas_phage_TW1]hypothetical_protein|8086..8556|156	0.163	138	114	0	1	137	1	138	1.402E-05	299
2_cl45_CobraSix	NC_019933.2|YP_007238089.1_19|[Xanthomonas_phage_CP1]virion_structural_protein|14827..15189|120	0.140	120	102	0	3	122	1	120	1.861E-05	294
2_cl45_CobraSix	NC_004902.1|NP_858966.1_19|[Xanthomonas_phage_Xp10]virion_structural_protein|13362..13718|118	0.134	122	101	0	3	124	1	118	2.769E-05	287
2_cl45_CobraSix	NC_012742.1|YP_002922631.1_17|[Xanthomonas_phage_phiL7]virion_structural_protein|13581..13940|119	0.154	118	97	0	6	123	4	119	2.769E-05	287
2_cl45_CobraSix	NC_047786.1|YP_009787821.1_47|[Salmonella_phage_vB_SenS_Sasha]virion_structural_protein|27788..28291|167	0.108	158	138	0	4	159	10	167	2.931E-05	286
2_cl45_CobraSix	NC_009543.1|YP_001285688.1_16|[Xanthomonas_phage_Xop411]virion_structural_protein|12401..12757|118	0.128	122	102	0	3	124	1	118	3.475E-05	283
2_cl45_CobraSix	NC_007709.1|YP_453576.1_18|[Xanthomonas_phage_OP1]virion_structural_protein|13552..13905|117	0.129	121	101	0	3	123	1	117	3.893E-05	281
2_cl45_CobraSix	NC_021563.1|YP_008130357.1_64|[Serratia_phage_Eta]hypothetical_protein|36442..36936|164	0.182	164	129	0	1	164	1	159	4.615E-05	278
2_cl45_CobraSix	NC_030909.1|YP_009273704.1_22|[Pseudomonas_phage_YMC11/07/P54_PAE_BP]virion_structural_protein|complement(17708..18106)|132	0.181	135	106	0	27	161	2	132	5.472E-05	275
2_cl45_CobraSix	NC_073315.1|YP_010748930.1_28|[Escherichia_phage_vB_EcoS_fFiEco03]hypothetical_protein|17935..19305|456	0.203	125	96	0	11	131	5	129	7.268E-05	270
2_cl45_CobraSix	NC_073322.1|YP_010749475.1_46|[Escherichia_phage_vB_EcoS-Ro145c2YLVW]hypothetical_protein|23553..24026|157	0.150	151	111	0	10	141	3	153	7.692E-05	269
2_cl45_CobraSix	NC_069155.1|YP_010582758.1_50|[Serratia_phage_Tsm2]hypothetical_protein|30094..30588|164	0.182	162	128	0	1	158	1	162	8.141E-05	268
2_cl45_CobraSix	NC_069156.1|YP_010582773.1_5|[Serratia_phage_vB_SmaM-Otaku]hypothetical_protein|complement(4881..5375)|164	0.183	164	129	0	1	164	1	159	9.120E-05	266
2_cl45_CobraSix	NC_073320.1|YP_010749347.1_61|[Escherichia_phage_26]hypothetical_protein|32941..33414|157	0.139	129	106	0	10	133	3	131	9.652E-05	265
2_cl45_CobraSix	NC_071017.1|YP_010677054.1_50|[Stenotrophomonas_phage_Salva]hypothetical_protein|25137..25502|121	0.112	119	104	0	6	124	4	121	1.081E-04	263
2_cl45_CobraSix	NC_023566.1|YP_009005959.1_33|[Rhizobium_phage_vB_RglS_P106B]minor_tail_protein|21784..22149|121	0.121	124	105	0	1	124	1	121	1.211E-04	261
2_cl45_CobraSix	NC_073319.1|YP_010749258.1_53|[Escherichia_phage_SZH-1]hypothetical_protein|complement(25719..26192)|157	0.148	151	124	0	14	164	7	152	1.282E-04	260
2_cl45_CobraSix	NC_042054.1|YP_009616746.1_60|[Pseudomonas_phage_vB_PsyM_KIL4]virion_structural_protein|32693..33226|177	0.118	139	111	0	10	136	22	160	1.436E-04	258
2_cl45_CobraSix	NC_071018.1|YP_010677153.1_47|[Stenotrophomonas_phage_Siara]minor_tail_protein|24189..24554|121	0.112	119	104	0	6	124	4	121	1.520E-04	257
2_cl45_CobraSix	NC_030934.1|YP_009275994.1_60|[Pseudomonas_phage_vB_PsyM_KIL1]virion_structural_protein|32937..33470|177	0.118	139	111	0	10	136	22	160	1.703E-04	255
2_cl45_CobraSix	NC_015465.1|YP_004421739.1_17|[Synechococcus_phage_S-CBS3]minor_tail_protein|17265..17633|122	0.128	117	99	0	10	124	4	120	2.019E-04	252
2_cl45_CobraSix	NC_015463.1|YP_004421477.1_23|[Synechococcus_phage_S-CBS2]unknown_structural_protein|15824..16180|118	0.106	103	90	0	19	120	15	117	2.261E-04	250
2_cl45_CobraSix	NC_071020.1|YP_010677399.1_91|[Stenotrophomonas_phage_BUCT626]hypothetical_protein|complement(54409..54771)|120	0.115	115	100	0	6	120	4	117	2.533E-04	248
2_cl45_CobraSix	NC_016164.1|YP_004934619.1_19|[Synechococcus_phage_S-CBS1]minor_tail_protein|17127..17651|174	0.131	125	106	0	3	125	1	125	3.179E-04	244
2_cl45_CobraSix	NC_048721.1|YP_009839499.1_61|[Streptomyces_phage_StarPlatinum]minor_tail_protein|40597..40992|131	0.103	115	99	0	10	120	16	130	3.561E-04	242
2_cl45_CobraSix	NC_073680.1|YP_010766621.1_69|[Pseudomonas_phage_M5.1]putative_tail_protein|39408..39941|177	0.104	139	113	0	10	136	22	160	3.769E-04	241
2_cl45_CobraSix	NC_071019.1|YP_010677215.1_9|[Stenotrophomonas_phage_vB_SmaS_BUCT548]hypothetical_protein|7128..7490|120	0.120	118	102	0	3	120	1	117	3.989E-04	240
2_cl45_CobraSix	NC_071021.1|YP_010677479.1_73|[Stenotrophomonas_phage_BUCT627]hypothetical_protein|complement(42907..43269)|120	0.120	118	102	0	3	120	1	117	3.989E-04	240
2_cl45_CobraSix	NC_041925.1|YP_009600624.1_42|[Proteus_phage_VB_PmiS-Isfahan]hypothetical_protein|25971..26468|165	0.118	136	116	0	6	138	10	145	3.989E-04	240
2_cl45_CobraSix	NC_025443.1|YP_009101221.1_51|[Salmonella_phage_9NA]virion_structural_protein|28178..28681|167	0.126	159	136	0	4	162	10	166	3.989E-04	240
2_cl45_CobraSix	NC_073677.1|YP_010766072.1_46|[Pseudomonas_phage_PHB09]hypothetical_protein|30825..31358|177	0.125	139	110	0	10	136	22	160	3.989E-04	240
2_cl45_CobraSix	NC_053012.1|YP_010000077.1_60|[Serratia_phage_JS26]tail_assembly_protein|complement(37013..38698)|561	0.096	189	112	0	1	125	153	341	4.222E-04	239
2_cl45_CobraSix	NC_042120.1|YP_009624333.1_19|[Pantoea_phage_vB_PagS_Vid5]distal_tail_protein|16580..17170|196	0.122	162	105	0	1	121	1	162	5.005E-04	236
2_cl45_CobraSix	NC_048772.1|YP_009846895.1_96|[Aeromonas_phage_4L372XY]virion_structural_protein|complement(53584..54057)|157	0.147	132	107	0	12	138	26	157	5.297E-04	235
2_cl45_CobraSix	NC_048770.1|YP_009846427.1_90|[Aeromonas_phage_2L372X]virion_structural_protein|complement(52445..52918)|157	0.147	132	107	0	12	138	26	157	5.297E-04	235
2_cl45_CobraSix	NC_048769.1|YP_009846211.1_91|[Aeromonas_phage_2L372D]virion_structural_protein|complement(56498..56971)|157	0.147	132	107	0	12	138	26	157	5.297E-04	235
2_cl45_CobraSix	NC_048771.1|YP_009846664.1_116|[Aeromonas_phage_4L372D]virion_structural_protein|complement(66638..67111)|157	0.147	132	107	0	12	138	26	157	5.297E-04	235
2_cl45_CobraSix	NC_048730.1|YP_009841198.1_61|[Streptomyces_phage_Yaboi]minor_tail_protein|40036..40431|131	0.095	115	100	0	10	120	16	130	5.607E-04	234
2_cl45_CobraSix	NC_026587.1|YP_009124466.1_70|[Pseudomonas_phage_vB_PaeM_PAO1_Ab03]virion_structural_protein|37157..37594|145	0.126	137	105	0	16	136	4	140	5.934E-04	233
2_cl45_CobraSix	NC_021347.1|YP_008061159.1_121|[Rhodococcus_phage_E3]hypothetical_protein|71320..71931|203	0.155	157	126	0	16	165	20	176	6.648E-04	231
2_cl45_CobraSix	NC_048722.1|YP_009839749.1_60|[Streptomyces_phage_Wofford]minor_tail_protein|41126..41521|131	0.103	115	99	0	10	120	16	130	7.036E-04	230
2_cl45_CobraSix	NC_048187.1|YP_009822704.1_113|[Rheinheimera_phage_Barba5S]virion_structural_protein|59598..60059|153	0.129	133	113	0	11	141	20	152	7.036E-04	230
2_cl45_CobraSix	NC_048191.1|YP_009823264.1_108|[Rheinheimera_phage_Barba21A]virion_structural_protein|57594..58055|153	0.129	133	113	0	11	141	20	152	7.036E-04	230
2_cl45_CobraSix	NC_042062.1|YP_009617880.1_51|[Salmonella_phage_SP069]hypothetical_protein|29434..29937|167	0.121	158	136	0	4	159	10	167	7.036E-04	230
2_cl45_CobraSix	NC_031080.1|YP_009288006.1_142|[Mycobacterium_phage_Tonenili]hypothetical_protein|77069..77746|225	0.140	150	123	0	16	165	39	182	7.036E-04	230
2_cl45_CobraSix	NC_073681.1|YP_010766803.1_77|[Pseudomonas_phage_psageK4]putative_structural_protein|43017..43553|178	0.103	140	113	0	10	136	22	161	7.447E-04	229
2_cl45_CobraSix	NC_004687.1|NP_818203.1_127|[Mycobacterium_phage_Bxz1]gp130|75785..76468|227	0.114	150	123	0	16	165	40	179	7.881E-04	228
2_cl45_CobraSix	NC_021348.1|YP_008061388.1_130|[Mycobacterium_phage_ArcherS7]hypothetical_protein|73402..74085|227	0.114	150	123	0	16	165	40	179	7.881E-04	228
2_cl45_CobraSix	NC_073688.1|YP_010768031.1_74|[Pseudomonas_phage_phiPsa315]hypothetical_protein|43747..44283|178	0.107	136	107	0	16	136	26	161	8.342E-04	227
2_cl45_CobraSix	NC_073690.1|YP_010768383.1_75|[Pseudomonas_phage_PN09]hypothetical_protein|43647..44183|178	0.110	140	112	0	10	136	22	161	8.829E-04	226
2_cl45_CobraSix	NC_073689.1|YP_010768206.1_77|[Pseudomonas_phage_PE09]hypothetical_protein|43947..44483|178	0.110	140	112	0	10	136	22	161	8.829E-04	226
2_cl45_CobraSix	NC_027332.1|YP_009146783.1_52|[Acinetobacter_phage_YMC13/03/R2096]hypothetical_protein|32180..32785|201	0.136	107	89	0	16	122	98	201	8.829E-04	226
2_cl45_CobraSix	NC_041901.1|YP_009597722.1_119|[Mycobacterium_phage_Lukilu]hypothetical_protein|74808..75491|227	0.121	150	122	0	16	165	40	179	8.829E-04	226
2_cl45_CobraSix	NC_023733.1|YP_009017464.1_128|[Mycobacterium_phage_MoMoMixon]hypothetical_protein|74045..74728|227	0.121	150	122	0	16	165	40	179	8.829E-04	226
2_cl45_CobraSix	NC_023696.1|YP_009012912.1_134|[Mycobacterium_phage_Dandelion]hypothetical_protein|76747..77430|227	0.121	150	122	0	16	165	40	179	8.829E-04	226
2_cl45_CobraSix	NC_011272.1|YP_002224821.1_123|[Mycobacterium_phage_Rizal]gp128|72589..73272|227	0.121	150	122	0	16	165	40	179	8.829E-04	226
2_cl45_CobraSix	NC_054719.1|YP_010058005.1_131|[Mycobacterium_phage_NoodleTree]minor_tail_protein|74639..75322|227	0.121	150	122	0	16	165	40	179	8.829E-04	226
2_cl45_CobraSix	NC_054721.1|YP_010058455.1_131|[Mycobacterium_phage_Quasimodo]hypothetical_protein|74980..75663|227	0.121	150	122	0	16	165	40	179	8.829E-04	226
2_cl45_CobraSix	NC_054715.1|YP_010057080.1_132|[Mycobacterium_phage_Bigswole]hypothetical_protein|75798..76481|227	0.121	150	122	0	16	165	40	179	8.829E-04	226
2_cl45_CobraSix	NC_011271.1|YP_002224601.1_125|[Mycobacterium_phage_Cali]gp128|74584..75267|227	0.121	150	122	0	16	165	40	179	8.829E-04	226
2_cl45_CobraSix	NC_054716.1|YP_010057306.1_121|[Mycobacterium_phage_Cane17]hypothetical_protein|75446..76129|227	0.121	150	122	0	16	165	40	179	8.829E-04	226
2_cl45_CobraSix	NC_021346.1|YP_008060932.1_135|[Mycobacterium_phage_Gizmo]hypothetical_protein|76185..76868|227	0.121	150	122	0	16	165	40	179	8.829E-04	226
2_cl45_CobraSix	NC_041993.1|YP_009608813.1_128|[Mycobacterium_phage_Sebata]hypothetical_protein|74965..75648|227	0.121	150	122	0	16	165	40	179	8.829E-04	226
2_cl45_CobraSix	NC_011269.2|YP_002224157.1_124|[Mycobacterium_phage_ScottMcG]hypothetical_protein|73502..74185|227	0.121	150	122	0	16	165	40	179	8.829E-04	226
2_cl45_CobraSix	NC_011270.1|YP_002224381.1_127|[Mycobacterium_phage_Spud]gp132|74626..75309|227	0.121	150	122	0	16	165	40	179	8.829E-04	226
2_cl45_CobraSix	NC_067270.1|YP_010510541.1_133|[Mycobacterium_phage_I3]minor_tail_protein|75041..75724|227	0.121	150	122	0	16	165	40	179	8.829E-04	226
2_cl45_CobraSix	NC_054717.1|YP_010057535.1_127|[Mycobacterium_phage_CharlieB]hypothetical_protein|73467..74150|227	0.121	150	122	0	16	165	40	179	8.829E-04	226
2_cl45_CobraSix	NC_054722.1|YP_010058687.1_128|[Mycobacterium_phage_Sauce]hypothetical_protein|73496..74179|227	0.121	150	122	0	16	165	40	179	8.829E-04	226
2_cl45_CobraSix	NC_023714.1|YP_009014720.1_126|[Mycobacterium_phage_LinStu]hypothetical_protein|74407..75090|227	0.121	150	122	0	16	165	40	179	8.829E-04	226
2_cl45_CobraSix	NC_029044.1|YP_009221258.1_128|[Mycobacterium_phage_Breeniome]hypothetical_protein|72431..73114|227	0.121	150	122	0	16	165	40	179	8.829E-04	226
2_cl45_CobraSix	NC_028986.1|YP_009216386.1_122|[Mycobacterium_phage_Alice]hypothetical_protein|73543..74226|227	0.121	150	122	0	16	165	40	179	8.829E-04	226
2_cl45_CobraSix	NC_013650.1|YP_003347800.1_118|[Mycobacterium_phage_ET08]hypothetical_protein|73228..73911|227	0.121	150	122	0	16	165	40	179	8.829E-04	226
2_cl45_CobraSix	NC_023737.1|YP_009017905.1_131|[Mycobacterium_phage_Pleione]hypothetical_protein|74719..75402|227	0.121	150	122	0	16	165	40	179	8.829E-04	226
2_cl45_CobraSix	NC_028869.1|YP_009204686.1_121|[Mycobacterium_phage_HyRo]hypothetical_protein|73506..74189|227	0.121	150	122	0	16	165	40	179	8.829E-04	226
2_cl45_CobraSix	NC_054718.1|YP_010057769.1_129|[Mycobacterium_phage_Mangeria]minor_tail_protein|74609..75292|227	0.121	150	122	0	16	165	40	179	8.829E-04	226
2_cl45_CobraSix	NC_023725.1|YP_009016593.1_131|[Mycobacterium_phage_Nappy]hypothetical_protein|75479..76162|227	0.121	150	122	0	16	165	40	179	8.829E-04	226
2_cl45_CobraSix	NC_021349.1|YP_008061621.1_126|[Mycobacterium_phage_Astraea]hypothetical_protein|72843..73526|227	0.121	150	122	0	16	165	40	179	8.829E-04	226
2_cl45_CobraSix	NC_054720.1|YP_010058222.1_123|[Mycobacterium_phage_QBert]minor_tail_protein|73556..74239|227	0.121	150	122	0	16	165	40	179	8.829E-04	226
2_cl45_CobraSix	NC_054724.1|YP_010059073.1_51|[Rhodococcus_phage_Finch]hypothetical_protein|40795..41328|177	0.116	159	134	0	13	165	16	174	9.890E-04	224
2_cl45_CobraSix	NC_073685.1|YP_010767509.1_73|[Pseudomonas_phage_phiPsa347]hypothetical_protein|43749..44285|178	0.100	136	108	0	16	136	26	161	9.890E-04	224
2_cl45_CobraSix	NC_023601.2|YP_009009369.1_70|[Pseudomonas_phage_phiPsa374]virion_structural_protein|43214..43750|178	0.100	136	108	0	16	136	26	161	9.890E-04	224
2_cl45_CobraSix	NC_073683.1|YP_010767164.1_74|[Pseudomonas_phage_phiPsa397]hypothetical_protein|43679..44215|178	0.100	136	108	0	16	136	26	161	9.890E-04	224
2_cl45_CobraSix	NC_073686.1|YP_010767685.1_75|[Pseudomonas_phage_phiPsa267]hypothetical_protein|43854..44390|178	0.100	136	108	0	16	136	26	161	9.890E-04	224
2_cl45_CobraSix	NC_073684.1|YP_010767334.1_71|[Pseudomonas_phage_phiPsa381]hypothetical_protein|42627..43163|178	0.100	136	108	0	16	136	26	161	9.890E-04	224
2_cl45_CobraSix	NC_073682.1|YP_010766992.1_87|[Pseudomonas_phage_psageK4e]hypothetical_protein|43384..43920|178	0.100	136	108	0	16	136	26	161	9.890E-04	224
2_cl45_CobraSix	NC_073687.1|YP_010767859.1_73|[Pseudomonas_phage_phiPsa300]hypothetical_protein|43824..44360|178	0.100	136	108	0	16	136	26	161	9.890E-04	224
2_cl45_CobraSix	NC_048080.1|YP_009813893.1_39|[Acinetobacter_phage_vB_AbaM_B09_Aci05]virion_structural_protein|30908..31477|189	0.128	133	110	0	10	136	20	152	9.890E-04	224
2_cl45_CobraSix	NC_048074.1|YP_009813099.1_40|[Acinetobacter_phage_vB_AbaM_B09_Aci01-1]virion_structural_protein|30459..31028|189	0.128	133	110	0	10	136	20	152	9.890E-04	224
2_cl45_CobraSix	NC_048075.1|YP_009813263.1_41|[Acinetobacter_phage_vB_AbaM_B09_Aci02-2]virion_structural_protein|30445..31014|189	0.128	133	110	0	10	136	20	152	9.890E-04	224
2_cl45_Sf11_cr1-165	NC_031924.1|YP_009322780.1_67|[Salmonella_phage_IME207]hypothetical_protein|28806..29282|158	0.941	155	9	0	1	155	1	155	2.700E-22	945
2_cl45_Sf11_cr1-165	NC_054642.1|YP_010053565.1_32|[Salmonella_phage_Seszw_1]hypothetical_protein|17534..18007|157	0.923	156	12	0	1	156	1	156	3.415E-22	941
2_cl45_Sf11_cr1-165	NC_054648.1|YP_010054082.1_62|[Salmonella_phage_vB_Se_STGO-35-1]minor_tail_protein|29548..30021|157	0.954	154	7	0	1	154	1	154	3.621E-22	940
2_cl45_Sf11_cr1-165	NC_054637.1|YP_010053153.1_29|[Escherichia_phage_vB_EcoS_Sa179lw]hypothetical_protein|15910..16383|157	0.922	154	12	0	1	154	1	154	3.840E-22	939
2_cl45_Sf11_cr1-165	NC_054638.1|YP_010053258.1_48|[Salmonella_phage_vB_SenS_SB28]hypothetical_protein|24344..24814|156	0.921	153	12	0	2	154	1	153	5.150E-22	934
2_cl45_Sf11_cr1-165	NC_054651.1|YP_010054281.1_6|[Escherichia_phage_C1]hypothetical_protein|complement(6554..7027)|157	0.967	154	5	0	1	154	1	154	5.791E-22	932
2_cl45_Sf11_cr1-165	NC_054650.1|YP_010054212.1_16|[Shigella_phage_DS8]hypothetical_protein|8852..9325|157	0.954	154	7	0	1	154	1	154	6.141E-22	931
2_cl45_Sf11_cr1-165	NC_054647.1|YP_010053951.1_16|[Salmonella_phage_Akira]hypothetical_protein|complement(13949..14422)|157	0.948	156	8	0	1	156	1	156	6.906E-22	929
2_cl45_Sf11_cr1-165	NC_070846.1|YP_010657369.1_2|[Salmonella_phage_LPSTLL]hypothetical_protein|1594..2067|157	0.916	156	13	0	2	157	1	156	8.733E-22	925
2_cl45_Sf11_cr1-165	NC_031918.1|YP_009322249.1_52|[Salmonella_phage_64795_sal3]hypothetical_protein|27290..27772|160	0.884	156	18	0	1	156	4	159	9.261E-22	924
2_cl45_Sf11_cr1-165	NC_010495.1|YP_001742072.1_35|[Salmonella_phage_Vi_II-E1]hypothetical_protein|24365..24835|156	0.916	155	13	0	2	156	1	155	1.570E-21	915
2_cl45_Sf11_cr1-165	NC_054641.1|YP_010053509.1_61|[Salmonella_virus_KFS-SE2]hypothetical_protein|complement(34627..35097)|156	0.909	155	14	0	2	156	1	155	1.570E-21	915
2_cl45_Sf11_cr1-165	NC_054636.1|YP_010053061.1_17|[Shigella_phage_Sf11_SMD-2017]hypothetical_protein|complement(13880..15253)|457	1.000	165	0	0	1	165	1	165	2.368E-21	908
2_cl45_Sf11_cr1-165	NC_054643.1|YP_010053681.1_76|[Salmonella_phage_SeSz-2]hypothetical_protein|39846..40316|156	0.909	155	14	0	2	156	1	155	2.511E-21	907
2_cl45_Sf11_cr1-165	NC_054639.1|YP_010053346.1_63|[Salmonella_phage_Skate]hypothetical_protein|28397..28873|158	0.942	157	9	0	1	157	1	157	2.824E-21	905
2_cl45_Sf11_cr1-165	NC_054649.1|YP_010054112.1_4|[Escherichia_phage_vB_EcoS_swi2]hypothetical_protein|complement(5668..6141)|157	0.889	154	17	0	1	154	1	154	3.571E-21	901
2_cl45_Sf11_cr1-165	NC_071153.1|YP_010685868.1_57|[Klebsiella_phage_BUCT610]hypothetical_protein|27338..27808|156	0.823	153	27	0	2	154	1	153	1.299E-20	879
2_cl45_Sf11_cr1-165	NC_071157.1|YP_010686190.1_59|[Klebsiella_phage_VLCpiS13c]virion_structural_protein|complement(35238..35708)|156	0.823	153	27	0	2	154	1	153	1.642E-20	875
2_cl45_Sf11_cr1-165	NC_071149.1|YP_010685562.1_68|[Klebsiella_phage_vB_Kpn_ZCKp20p]baseplate_wedge_protein|32709..33179|156	0.830	153	26	0	2	154	1	153	2.626E-20	867
2_cl45_Sf11_cr1-165	NC_071156.1|YP_010686107.1_56|[Klebsiella_phage_6991]hypothetical_protein|28567..29037|156	0.830	153	26	0	2	154	1	153	2.626E-20	867
2_cl45_Sf11_cr1-165	NC_071150.1|YP_010685647.1_69|[Klebsiella_phage_ZCKP8]minor_tail_protein|32402..32872|156	0.830	153	26	0	2	154	1	153	2.626E-20	867
2_cl45_Sf11_cr1-165	NC_071151.1|YP_010685719.1_57|[Klebsiella_phage_vB_Kpn_ZC2]minor_tail_protein|32717..33187|156	0.830	153	26	0	2	154	1	153	2.626E-20	867
2_cl45_Sf11_cr1-165	NC_071142.1|YP_010684975.1_52|[Klebsiella_phage_VLCpiS13d]virion_structural_protein|25572..26042|156	0.823	153	27	0	2	154	1	153	3.132E-20	864
2_cl45_Sf11_cr1-165	NC_071146.1|YP_010685295.1_37|[Klebsiella_phage_vB_KpnS_MK54]minor_tail_protein|19423..19893|156	0.836	153	25	0	2	154	1	153	3.522E-20	862
2_cl45_Sf11_cr1-165	NC_054645.1|YP_010053778.1_13|[Salmonella_phage_LPST10]hypothetical_protein|complement(11731..12204)|157	0.922	154	12	0	1	154	1	154	3.522E-20	862
2_cl45_Sf11_cr1-165	NC_054646.1|YP_010053891.1_39|[Salmonella_phage_VB_StyS_BS5]hypothetical_protein|19802..20275|157	0.922	154	12	0	1	154	1	154	3.522E-20	862
2_cl45_Sf11_cr1-165	NC_054644.1|YP_010053740.1_57|[Salmonella_virus_VSt472]hypothetical_protein|28620..29093|157	0.922	154	12	0	1	154	1	154	3.522E-20	862
2_cl45_Sf11_cr1-165	NC_042037.1|YP_009614658.1_62|[Aeromonas_phage_pIS4-A]hypothetical_protein|32456..32926|156	0.830	153	26	0	2	154	1	153	3.961E-20	860
2_cl45_Sf11_cr1-165	NC_021534.1|YP_008126232.1_68|[Vibrio_phage_pYD38-A]hypothetical_protein|complement(39512..39982)|156	0.830	153	26	0	2	154	1	153	3.961E-20	860
2_cl45_Sf11_cr1-165	NC_071143.1|YP_010685006.1_3|[Flyfo_siphovirus_Tbat1_6]hypothetical_protein|3131..3601|156	0.830	153	26	0	2	154	1	153	3.961E-20	860
2_cl45_Sf11_cr1-165	NC_071152.1|YP_010685763.1_30|[Klebsiella_phage_VLCpiS13a]virion_structural_protein|17455..17925|156	0.823	153	27	0	2	154	1	153	4.200E-20	859
2_cl45_Sf11_cr1-165	NC_071145.1|YP_010685197.1_17|[Klebsiella_phage_VLCpiS13e]virion_structural_protein|10270..10743|157	0.805	154	30	0	1	154	1	154	4.723E-20	857
2_cl45_Sf11_cr1-165	NC_071155.1|YP_010686024.1_52|[Klebsiella_phage_VLCpiS13b]virion_structural_protein|26421..26891|156	0.816	153	28	0	2	154	1	153	5.973E-20	853
2_cl45_Sf11_cr1-165	NC_054640.1|YP_010053420.1_47|[Salmonella_phage_Segz_1]hypothetical_protein|23514..23987|157	0.909	154	14	0	1	154	1	154	1.013E-19	844
2_cl45_Sf11_cr1-165	NC_071144.1|YP_010685103.1_4|[Klebsiella_phage_VLCpiS13f]virion_structural_protein|complement(4718..5191)|157	0.811	154	29	0	1	154	1	154	1.620E-19	836
2_cl45_Sf11_cr1-165	NC_054653.1|YP_010054428.1_13|[Klebsiella_virus_KpV2811]hypothetical_protein|complement(13683..14153)|156	0.745	153	39	0	2	154	1	153	1.597E-18	797
2_cl45_Sf11_cr1-165	NC_071154.1|YP_010685917.1_23|[Klebsiella_phage_BUCT541]hypothetical_protein|complement(17295..17765)|156	0.745	153	39	0	2	154	1	153	2.554E-18	789
2_cl45_Sf11_cr1-165	NC_054652.1|YP_010054356.1_5|[Klebsiella_phage_YX3973]hypothetical_protein|6251..6721|156	0.745	153	39	0	2	154	1	153	2.554E-18	789
2_cl45_Sf11_cr1-165	NC_054654.1|YP_010054542.1_49|[Klebsiella_phage_vB_KpnS_ZX4]hypothetical_protein|25749..26219|156	0.745	153	39	0	2	154	1	153	2.554E-18	789
2_cl45_Sf11_cr1-165	NC_019927.1|YP_007237618.1_44|[Cronobacter_phage_ENT47670]hypothetical_protein|46209..46706|165	0.671	149	49	0	1	149	1	149	5.729E-17	736
2_cl45_Sf11_cr1-165	NC_071003.1|YP_010675369.1_21|[Enterobacter_phage_vB_EclS_CobraSix]hypothetical_protein|14964..15461|165	0.702	141	42	0	1	141	1	141	1.092E-16	725
2_cl45_Sf11_cr1-165	NC_048198.1|YP_009824047.1_17|[Erwinia_phage_vB_EhrS_59]hypothetical_protein|14104..14601|165	0.540	149	68	0	2	149	1	149	1.077E-15	686
2_cl45_Sf11_cr1-165	NC_016762.1|YP_005098084.1_57|[Pseudomonas_phage_phi297]virion_structural_protein|37368..37835|155	0.172	149	119	0	3	151	1	145	1.681E-09	443
2_cl45_Sf11_cr1-165	NC_025471.1|YP_009104265.1_28|[Idiomarinaceae_phage_Phi1M2-2]virion_structural_protein|16209..16694|161	0.254	155	110	0	3	150	1	155	1.782E-09	442
2_cl45_Sf11_cr1-165	NC_074663.1|YP_010773399.1_9|[Pseudomonas_phage_vB_Pae_LC3I3]hypothetical_protein|6635..7102|155	0.194	152	119	0	3	154	1	149	1.890E-09	441
2_cl45_Sf11_cr1-165	NC_030929.1|YP_009275521.1_34|[Pseudomonas_phage_JBD44]virion_structural_protein|21460..21927|155	0.194	152	119	0	3	154	1	149	1.890E-09	441
2_cl45_Sf11_cr1-165	NC_074664.1|YP_010773482.1_14|[Pseudomonas_phage_BUCT566]hypothetical_protein|10993..11460|155	0.194	152	119	0	3	154	1	149	1.890E-09	441
2_cl45_Sf11_cr1-165	NC_029066.1|YP_009222842.1_72|[Pseudomonas_phage_PS-1]virion_structural_protein|40548..41054|168	0.191	159	127	0	3	161	1	158	2.125E-09	439
2_cl45_Sf11_cr1-165	NC_002484.2|NP_061517.1_20|[Pseudomonas_phage_D3]virion_structural_protein|13793..14272|159	0.216	153	118	0	3	154	1	153	3.399E-09	431
2_cl45_Sf11_cr1-165	NC_016765.1|YP_005098223.1_20|[Pseudomonas_phage_PMG1]virion_structural_protein|13837..14316|159	0.216	153	118	0	3	154	1	153	3.399E-09	431
2_cl45_Sf11_cr1-165	NC_028819.1|YP_009200200.1_14|[Pseudoalteromonas_phage_H103]virion_structural_protein|complement(10119..10595)|158	0.212	152	118	0	2	152	3	154	7.729E-09	417
2_cl45_Sf11_cr1-165	NC_011373.1|YP_002284353.1_19|[Pseudomonas_phage_PAJU2]virion_structural_protein|14682..15146|154	0.192	148	107	0	3	135	1	148	1.099E-08	411
2_cl45_Sf11_cr1-165	NC_041898.1|YP_009597357.1_26|[Escherichia_phage_K1ind2]hypothetical_protein|16992..18392|466	0.208	143	109	0	1	143	1	138	1.166E-08	410
2_cl45_Sf11_cr1-165	NC_020839.1|YP_007673206.1_6|[Rhodobacter_phage_RC1]virion_structural_protein|complement(6559..6981)|140	0.169	140	101	0	1	122	1	140	4.495E-08	387
2_cl45_Sf11_cr1-165	NC_020866.1|YP_007676430.1_51|[Rhodovulum_phage_RS1]virion_structural_protein|32787..33209|140	0.169	140	101	0	1	122	1	140	4.495E-08	387
2_cl45_Sf11_cr1-165	NC_028695.2|YP_009191448.1_40|[Enterobacter_phage_phiEap-2]hypothetical_protein|21610..22104|164	0.181	143	113	0	1	143	1	139	4.495E-08	387
2_cl45_Sf11_cr1-165	NC_028768.1|YP_009196207.1_22|[Achromobacter_phage_JWX]virion_structural_protein|16122..17195|357	0.133	125	107	0	1	125	128	251	4.495E-08	387
2_cl45_Sf11_cr1-165	NC_073213.1|YP_010748406.1_26|[Salmonella_phage_vB_SenS_SB3]hypothetical_protein|17765..18265|166	0.184	158	123	0	1	158	1	152	4.767E-08	386
2_cl45_Sf11_cr1-165	NC_073196.1|YP_010747352.1_5|[Salmonella_phage_NBSal006]hypothetical_protein|complement(3960..4460)|166	0.184	158	123	0	1	158	1	152	4.767E-08	386
2_cl45_Sf11_cr1-165	NC_073199.1|YP_010747561.1_29|[Salmonella_phage_S102]hypothetical_protein|19783..20283|166	0.190	158	122	0	1	158	1	152	5.055E-08	385
2_cl45_Sf11_cr1-165	NC_073198.1|YP_010747531.1_59|[Salmonella_phage_vB_SenS_ER21]hypothetical_protein|complement(40052..40552)|166	0.190	158	122	0	1	158	1	152	5.055E-08	385
2_cl45_Sf11_cr1-165	NC_073197.1|YP_010747470.1_58|[Salmonella_phage_vB_SenS_ER23]hypothetical_protein|40103..40603|166	0.190	158	122	0	1	158	1	152	5.055E-08	385
2_cl45_Sf11_cr1-165	NC_073184.1|YP_010746642.1_32|[Salmonella_phage_F12013]tail_protein|complement(23758..24258)|166	0.190	158	122	0	1	158	1	152	5.684E-08	383
2_cl45_Sf11_cr1-165	NC_009447.1|YP_001210237.1_17|[Burkholderia_phage_BcepGomr]virion_structural_protein|13816..14934|372	0.201	139	101	0	1	139	126	252	6.028E-08	382
2_cl45_Sf11_cr1-165	NC_073321.1|YP_010749394.1_37|[Escherichia_phage_ZCEC5]hypothetical_protein|20117..20617|166	0.192	165	128	0	1	165	1	159	6.392E-08	381
2_cl45_Sf11_cr1-165	NC_028834.1|YP_009201754.1_20|[Achromobacter_phage_83-24]hypothetical_protein|15509..16585|358	0.158	124	103	0	1	124	129	251	6.779E-08	380
2_cl45_Sf11_cr1-165	NC_042084.1|YP_009620106.1_26|[Escherichia_phage_VB_EcoS-Golestan]hypothetical_protein|17370..18788|472	0.206	143	109	0	1	143	1	138	6.779E-08	380
2_cl45_Sf11_cr1-165	NC_073325.1|YP_010749670.1_4|[Escherichia_phage_vB_EcoS_XY1]minor_tail_protein|complement(3811..5211)|466	0.208	138	105	0	1	138	1	134	7.188E-08	379
2_cl45_Sf11_cr1-165	NC_041897.1|YP_009597306.1_26|[Escherichia_phage_K1ind1]hypothetical_protein|16991..18391|466	0.201	138	106	0	1	138	1	134	7.623E-08	378
2_cl45_Sf11_cr1-165	NC_069154.1|YP_010582691.1_40|[Klebsiella_phage_VLCpiS11a]virion_structural_protein|complement(25256..25750)|164	0.222	165	121	0	1	165	1	157	8.083E-08	377
2_cl45_Sf11_cr1-165	NC_073324.1|YP_010749624.1_44|[Escherichia_phage_vB_EcoS-22664BS2]hypothetical_protein|22068..23465|465	0.206	143	109	0	1	143	1	138	9.090E-08	375
2_cl45_Sf11_cr1-165	NC_073202.1|YP_010747772.1_47|[Salmonella_phage_celemicas]hypothetical_protein|25526..26026|166	0.177	158	124	0	1	158	1	152	1.084E-07	372
2_cl45_Sf11_cr1-165	NC_073209.1|YP_010748162.1_6|[Salmonella_phage_GRNsp50]hypothetical_protein|complement(5544..6044)|166	0.177	158	124	0	1	158	1	152	1.084E-07	372
2_cl45_Sf11_cr1-165	NC_073173.1|YP_010745993.1_42|[Salmonella_phage_blauehaus]hypothetical_protein|23963..24463|166	0.177	158	124	0	1	158	1	152	1.084E-07	372
2_cl45_Sf11_cr1-165	NC_073178.1|YP_010746288.1_31|[Salmonella_phage_vB_SenS_TUMS_E19]hypothetical_protein|20086..20586|166	0.177	158	124	0	1	158	1	152	1.084E-07	372
2_cl45_Sf11_cr1-165	NC_073200.1|YP_010747627.1_31|[Salmonella_phage_S100]hypothetical_protein|20810..21310|166	0.177	158	124	0	1	158	1	152	1.084E-07	372
2_cl45_Sf11_cr1-165	NC_073203.1|YP_010747823.1_31|[Salmonella_phage_MET_P1_001_43]hypothetical_protein|19249..19749|166	0.177	158	124	0	1	158	1	152	1.084E-07	372
2_cl45_Sf11_cr1-165	NC_073201.1|YP_010747703.1_41|[Salmonella_phage_dunkel]hypothetical_protein|25780..26280|166	0.177	158	124	0	1	158	1	152	1.084E-07	372
2_cl45_Sf11_cr1-165	NC_073186.1|YP_010746744.1_32|[Salmonella_phage_vB_SenS_PVP-SE2]hypothetical_protein|complement(23538..24038)|166	0.177	158	124	0	1	158	1	152	1.084E-07	372
2_cl45_Sf11_cr1-165	NC_073169.1|YP_010745715.1_18|[Salmonella_phage_SS5]hypothetical_protein|complement(15759..16259)|166	0.203	152	113	0	1	143	1	152	1.150E-07	371
2_cl45_Sf11_cr1-165	NC_073190.1|YP_010747004.1_50|[Salmonella_phage_vB_SenS_S528]hypothetical_protein|24404..24904|166	0.177	158	124	0	1	158	1	152	1.219E-07	370
2_cl45_Sf11_cr1-165	NC_073207.1|YP_010748064.1_18|[Salmonella_phage_SHWT1]hypothetical_protein|complement(17411..17911)|166	0.177	158	124	0	1	158	1	152	1.219E-07	370
2_cl45_Sf11_cr1-165	NC_073189.1|YP_010746947.1_55|[Salmonella_phage_JD01]hypothetical_protein|complement(38045..38545)|166	0.177	158	124	0	1	158	1	152	1.219E-07	370
2_cl45_Sf11_cr1-165	NC_073193.1|YP_010747216.1_59|[Salmonella_phage_vB_SalS-S10]hypothetical_protein|39171..39671|166	0.177	158	124	0	1	158	1	152	1.219E-07	370
2_cl45_Sf11_cr1-165	NC_073192.1|YP_010747095.1_6|[Salmonella_phage_F118P13]hypothetical_protein|complement(5673..6173)|166	0.177	158	124	0	1	158	1	152	1.219E-07	370
2_cl45_Sf11_cr1-165	NC_073188.1|YP_010746874.1_48|[Salmonella_phage_vB_SenS_S532]hypothetical_protein|24316..24816|166	0.177	158	124	0	1	158	1	152	1.219E-07	370
2_cl45_Sf11_cr1-165	NC_070823.1|YP_010655298.1_72|[Pseudoalteromonas_phage_vB_PspS-H40/1]hypothetical_protein|44459..44860|133	0.240	125	91	0	1	125	1	121	1.293E-07	369
2_cl45_Sf11_cr1-165	NC_020846.1|YP_007674000.1_38|[Vibrio_phage_pYD21-A]virion_structural_protein|24843..25325|160	0.204	160	119	0	1	151	1	160	1.293E-07	369
2_cl45_Sf11_cr1-165	NC_073172.1|YP_010745932.1_46|[Salmonella_phage_skrot]hypothetical_protein|24902..25402|166	0.167	158	126	0	1	158	1	152	1.293E-07	369
2_cl45_Sf11_cr1-165	NC_073323.1|YP_010749527.1_27|[Escherichia_phage_vB_EcoS-phiEc3]minor_tail_protein|17198..18616|472	0.197	143	110	0	1	143	1	138	1.293E-07	369
2_cl45_Sf11_cr1-165	NC_073182.1|YP_010746525.1_29|[Salmonella_virus_VSe103]hypothetical_protein|19773..20273|166	0.189	158	122	0	1	158	1	152	1.454E-07	367
2_cl45_Sf11_cr1-165	NC_073181.1|YP_010746468.1_30|[Salmonella_phage_5sent1]minor_tail_protein|19967..20467|166	0.189	158	122	0	1	158	1	152	1.454E-07	367
2_cl45_Sf11_cr1-165	NC_073219.1|YP_010748806.1_39|[Salmonella_phage_sidste]hypothetical_protein|23863..24363|166	0.195	123	95	0	1	123	1	119	1.454E-07	367
2_cl45_Sf11_cr1-165	NC_073179.1|YP_010746349.1_30|[Salmonella_phage_vB_SenS_TUMS_E4]hypothetical_protein|20065..20565|166	0.189	158	122	0	1	158	1	152	1.454E-07	367
2_cl45_Sf11_cr1-165	NC_073218.1|YP_010748749.1_38|[Salmonella_phage_demigod]hypothetical_protein|24667..25167|166	0.195	123	95	0	1	123	1	119	1.454E-07	367
2_cl45_Sf11_cr1-165	NC_019539.1|YP_007010481.1_28|[Salmonella_phage_vB_SenS-Ent1]hypothetical_protein|18977..19477|166	0.189	158	122	0	1	158	1	152	1.454E-07	367
2_cl45_Sf11_cr1-165	NC_073185.1|YP_010746711.1_42|[Salmonella_phage_PBSE191]hypothetical_protein|39461..39961|166	0.189	158	122	0	1	158	1	152	1.454E-07	367
2_cl45_Sf11_cr1-165	NC_093713.1|YP_011217263.1_8|[Escherichia_phage_P_AB-2017]hypothetical_protein|complement(8713..9213)|166	0.201	143	109	0	1	143	1	138	1.541E-07	366
2_cl45_Sf11_cr1-165	NC_027994.1|YP_009168856.1_24|[Escherichia_phage_K1H]hypothetical_protein|16248..16748|166	0.201	143	109	0	1	143	1	138	1.635E-07	365
2_cl45_Sf11_cr1-165	NC_093712.1|YP_011217191.1_3|[Escherichia_phage_L_AB-2017]hypothetical_protein|complement(1052..1552)|166	0.201	143	109	0	1	143	1	138	1.635E-07	365
2_cl45_Sf11_cr1-165	NC_073314.1|YP_010748874.1_48|[Escherichia_virus_fEg-Eco19]hypothetical_protein|24956..25456|166	0.208	143	109	0	1	143	1	138	1.635E-07	365
2_cl45_Sf11_cr1-165	NC_027993.1|YP_009168807.1_27|[Escherichia_phage_K1G]hypothetical_protein|17937..18437|166	0.201	143	109	0	1	143	1	138	1.635E-07	365
2_cl45_Sf11_cr1-165	NC_070970.1|YP_010671701.1_28|[Pseudomonas_phage_Iggy]hypothetical_protein|20297..21124|275	0.173	143	117	0	1	142	122	264	1.635E-07	365
2_cl45_Sf11_cr1-165	NC_073031.1|YP_010738739.1_12|[Janthinobacterium_phage_vB_JliS-Donnerlittchen]hypothetical_protein|6881..7357|158	0.147	136	112	0	3	138	1	132	1.838E-07	363
2_cl45_Sf11_cr1-165	NC_073316.1|YP_010749009.1_30|[Escherichia_phage_vB_EcoS_fFiEco02]hypothetical_protein|19687..20187|166	0.208	143	109	0	1	143	1	138	1.838E-07	363
2_cl45_Sf11_cr1-165	NC_073317.1|YP_010749084.1_28|[Escherichia_phage_vB_EcoS_fPoEco01]hypothetical_protein|18289..18789|166	0.196	165	127	0	1	165	1	159	1.838E-07	363
2_cl45_Sf11_cr1-165	NC_022754.1|YP_008767198.1_27|[Salmonella_phage_SETP7]hypothetical_protein|17572..18072|166	0.182	158	124	0	1	158	1	152	1.949E-07	362
2_cl45_Sf11_cr1-165	NC_073183.1|YP_010746577.1_24|[Salmonella_phage_NBSal007]hypothetical_protein|complement(21183..21683)|166	0.173	158	125	0	1	158	1	152	1.949E-07	362
2_cl45_Sf11_cr1-165	NC_070971.1|YP_010671790.1_27|[Pseudomonas_virus_PBPA162]hypothetical_protein|complement(21915..22742)|275	0.173	143	117	0	1	142	122	264	1.949E-07	362
2_cl45_Sf11_cr1-165	NC_073214.1|YP_010748481.1_38|[Salmonella_phage_vB_SenS_ER1]hypothetical_protein|21670..22170|166	0.170	158	125	0	1	158	1	152	2.325E-07	359
2_cl45_Sf11_cr1-165	NC_073191.1|YP_010747048.1_26|[Salmonella_phage_vB_SenS-EnJE6]hypothetical_protein|complement(19818..20318)|166	0.183	152	116	0	1	143	1	152	2.325E-07	359
2_cl45_Sf11_cr1-165	NC_073217.1|YP_010748688.1_48|[Salmonella_phage_pink]hypothetical_protein|25082..25582|166	0.170	158	125	0	1	158	1	152	2.325E-07	359
2_cl45_Sf11_cr1-165	NC_016165.1|YP_004934695.1_52|[Rhodobacter_phage_RcapMu]virion_structural_protein|31713..32135|140	0.160	140	102	0	1	122	1	140	2.465E-07	358
2_cl45_Sf11_cr1-165	NC_073208.1|YP_010748125.1_26|[Salmonella_phage_SLMP1]hypothetical_protein|complement(20699..21199)|166	0.177	158	124	0	1	158	1	152	2.614E-07	357
2_cl45_Sf11_cr1-165	NC_073176.1|YP_010746159.1_28|[Salmonella_virus_VSe101]hypothetical_protein|19414..19914|166	0.177	158	124	0	1	158	1	152	2.614E-07	357
2_cl45_Sf11_cr1-165	NC_073211.1|YP_010748298.1_37|[Salmonella_phage_T102]hypothetical_protein|22571..23071|166	0.177	158	124	0	1	158	1	152	2.614E-07	357
2_cl45_Sf11_cr1-165	NC_041992.1|YP_009608663.1_42|[Salmonella_phage_wksl3]hypothetical_protein|complement(27064..27564)|166	0.164	158	126	0	1	158	1	152	2.614E-07	357
2_cl45_Sf11_cr1-165	NC_041991.1|YP_009608582.1_27|[Salmonella_phage_vB_SenS_AG11]hypothetical_protein|17728..18228|166	0.176	158	124	0	1	158	1	152	2.772E-07	356
2_cl45_Sf11_cr1-165	NC_073215.1|YP_010748512.1_4|[Salmonella_phage_SGPC]tail_protein|complement(1472..1972)|166	0.182	158	124	0	1	158	1	152	3.306E-07	353
2_cl45_Sf11_cr1-165	NC_009232.2|YP_001110816.2_27|[Salmonella_phage_SETP3]hypothetical_protein|18460..18960|166	0.180	158	124	0	1	158	1	152	3.505E-07	352
2_cl45_Sf11_cr1-165	NC_006940.2|YP_308655.1_54|[Salmonella_phage_SS3e]hypothetical_protein|complement(36137..36637)|166	0.182	158	124	0	1	158	1	152	3.717E-07	351
2_cl45_Sf11_cr1-165	NC_073212.1|YP_010748343.1_28|[Salmonella_phage_ZCSE9]hypothetical_protein|19068..19568|166	0.182	158	124	0	1	158	1	152	3.717E-07	351
2_cl45_Sf11_cr1-165	NC_073318.1|YP_010749194.1_61|[Escherichia_phage_NTEC3]hypothetical_protein|complement(34314..35714)|466	0.200	135	103	0	1	135	1	130	3.717E-07	351
2_cl45_Sf11_cr1-165	NC_073174.1|YP_010746054.1_42|[Salmonella_phage_wast]hypothetical_protein|23773..24273|166	0.173	158	125	0	1	158	1	152	4.985E-07	346
2_cl45_Sf11_cr1-165	NC_073187.1|YP_010746797.1_25|[Salmonella_phage_vB_SenS-EnJE1]hypothetical_protein|complement(22305..22805)|166	0.173	158	125	0	1	158	1	152	4.985E-07	346
2_cl45_Sf11_cr1-165	NC_022752.1|YP_008767027.1_28|[Salmonella_phage_SETP13]hypothetical_protein|18112..18612|166	0.173	158	125	0	1	158	1	152	4.985E-07	346
2_cl45_Sf11_cr1-165	NC_073216.1|YP_010748575.1_5|[Salmonella_phage_STP03]hypothetical_protein|complement(5491..5991)|166	0.167	158	126	0	1	158	1	152	5.286E-07	345
2_cl45_Sf11_cr1-165	NC_069153.1|YP_010582605.1_27|[Salmonella_virus_VSiP]hypothetical_protein|18017..18517|166	0.193	123	95	0	1	123	1	119	5.286E-07	345
2_cl45_Sf11_cr1-165	NC_073195.1|YP_010747307.1_28|[Salmonella_phage_Shelanagig]hypothetical_protein|18443..18943|166	0.173	158	125	0	1	158	1	152	5.606E-07	344
2_cl45_Sf11_cr1-165	NC_029033.1|YP_009220355.1_54|[Achromobacter_phage_phiAxp-1]virion_structural_protein|33078..34382|434	0.154	122	100	0	3	124	129	247	5.606E-07	344
2_cl45_Sf11_cr1-165	NC_021777.1|YP_008239738.1_29|[Salmonella_phage_Jersey]hypothetical_protein|20172..20672|166	0.182	158	124	0	1	158	1	152	7.089E-07	340
2_cl45_Sf11_cr1-165	NC_073194.1|YP_010747222.1_3|[Salmonella_phage_vB_SalP_LDW16]hypothetical_protein|complement(1350..1850)|166	0.170	158	125	0	1	158	1	152	7.089E-07	340
2_cl45_Sf11_cr1-165	NC_073175.1|YP_010746101.1_29|[Salmonella_virus_VSt10]hypothetical_protein|19072..19572|166	0.182	158	124	0	1	158	1	152	1.069E-06	333
2_cl45_Sf11_cr1-165	NC_069147.1|YP_010582233.1_64|[Salmonella_phage_GRNsp27]hypothetical_protein|40507..41007|166	0.185	123	96	0	1	123	1	119	1.352E-06	329
2_cl45_Sf11_cr1-165	NC_069150.1|YP_010582406.1_33|[Salmonella_phage_vB_STM-ZS]hypothetical_protein|complement(22605..23105)|166	0.192	123	95	0	1	123	1	119	1.520E-06	327
2_cl45_Sf11_cr1-165	NC_069146.1|YP_010582164.1_57|[Salmonella_phage_St162]hypothetical_protein|36455..36955|166	0.192	123	95	0	1	123	1	119	1.520E-06	327
2_cl45_Sf11_cr1-165	NC_069148.1|YP_010582260.1_27|[Salmonella_phage_TS6]hypothetical_protein|complement(19322..19822)|166	0.192	123	95	0	1	123	1	119	1.520E-06	327
2_cl45_Sf11_cr1-165	NC_069149.1|YP_010582359.1_61|[Salmonella_phage_vB_SenTO17]hypothetical_protein|complement(31844..32344)|166	0.192	123	95	0	1	123	1	119	1.520E-06	327
2_cl45_Sf11_cr1-165	NC_069151.1|YP_010582466.1_34|[Salmonella_phage_vB_SenS_SE1]hypothetical_protein|complement(21758..22258)|166	0.192	123	95	0	1	123	1	119	1.520E-06	327
2_cl45_Sf11_cr1-165	NC_031059.1|YP_009285933.1_48|[Rhodovulum_phage_vB_RhkS_P1]virion_structural_protein|27232..27588|118	0.181	123	96	0	1	123	1	118	2.039E-06	322
2_cl45_Sf11_cr1-165	NC_048181.1|YP_009821861.1_25|[Raoultella_phage_RP180]hypothetical_protein|19172..19666|164	0.176	165	129	0	1	165	1	157	2.162E-06	321
2_cl45_Sf11_cr1-165	NC_021775.1|YP_008239652.1_55|[Salmonella_phage_FSL_SP-031]hypothetical_protein|36428..36928|166	0.185	123	96	0	1	123	1	119	2.162E-06	321
2_cl45_Sf11_cr1-165	NC_025466.1|YP_009103926.1_40|[Shewanella_sp._phage_3/49]hypothetical_protein|23325..23825|166	0.170	159	127	0	1	159	1	154	2.899E-06	316
2_cl45_Sf11_cr1-165	NC_007024.1|YP_239288.1_20|[Xanthomonas_phage_Xp15]virion_structural_protein|16353..16724|123	0.138	123	105	0	3	125	1	123	3.074E-06	315
2_cl45_Sf11_cr1-165	NC_070824.1|YP_010655303.1_4|[Pseudoalteromonas_phage_C7]hypothetical_protein|complement(4549..5016)|155	0.160	150	123	0	4	151	1	150	3.260E-06	314
2_cl45_Sf11_cr1-165	NC_019541.1|YP_007010627.1_46|[Acinetobacter_phage_YMC/09/02/B1251]virion_structural_protein|33893..34291|132	0.117	134	112	0	3	136	1	128	4.123E-06	310
2_cl45_Sf11_cr1-165	NC_028698.1|YP_009191569.1_16|[Salmonella_phage_f18SE]hypothetical_protein|complement(15923..16423)|166	0.181	158	124	0	1	158	1	152	4.123E-06	310
2_cl45_Sf11_cr1-165	NC_069152.1|YP_010582522.1_27|[Salmonella_phage_Shemara]hypothetical_protein|18129..18629|166	0.185	123	96	0	1	123	1	119	4.636E-06	308
2_cl45_Sf11_cr1-165	NC_070822.1|YP_010655179.1_15|[Pseudoalteromonas_phage_TW1]hypothetical_protein|8086..8556|156	0.158	140	117	0	1	140	1	140	7.414E-06	300
2_cl45_Sf11_cr1-165	NC_047786.1|YP_009787821.1_47|[Salmonella_phage_vB_SenS_Sasha]virion_structural_protein|27788..28291|167	0.108	149	131	0	4	152	10	157	7.862E-06	299
2_cl45_Sf11_cr1-165	NC_023566.1|YP_009005959.1_33|[Rhizobium_phage_vB_RglS_P106B]minor_tail_protein|21784..22149|121	0.090	125	108	0	1	125	1	120	2.859E-05	277
2_cl45_Sf11_cr1-165	NC_030909.1|YP_009273704.1_22|[Pseudomonas_phage_YMC11/07/P54_PAE_BP]virion_structural_protein|complement(17708..18106)|132	0.176	128	102	0	27	154	2	126	2.859E-05	277
2_cl45_Sf11_cr1-165	NC_019933.2|YP_007238089.1_19|[Xanthomonas_phage_CP1]virion_structural_protein|14827..15189|120	0.103	120	106	0	4	122	1	120	3.834E-05	272
2_cl45_Sf11_cr1-165	NC_073320.1|YP_010749347.1_61|[Escherichia_phage_26]hypothetical_protein|32941..33414|157	0.141	152	123	0	14	165	7	150	3.834E-05	272
2_cl45_Sf11_cr1-165	NC_073322.1|YP_010749475.1_46|[Escherichia_phage_vB_EcoS-Ro145c2YLVW]hypothetical_protein|23553..24026|157	0.168	152	119	0	14	165	7	150	4.066E-05	271
2_cl45_Sf11_cr1-165	NC_021563.1|YP_008130357.1_64|[Serratia_phage_Eta]hypothetical_protein|36442..36936|164	0.198	124	95	0	1	124	1	120	4.311E-05	270
2_cl45_Sf11_cr1-165	NC_007709.1|YP_453576.1_18|[Xanthomonas_phage_OP1]virion_structural_protein|13552..13905|117	0.129	121	101	0	3	123	1	117	5.141E-05	267
2_cl45_Sf11_cr1-165	NC_012742.1|YP_002922631.1_17|[Xanthomonas_phage_phiL7]virion_structural_protein|13581..13940|119	0.137	118	99	0	6	123	4	119	5.452E-05	266
2_cl45_Sf11_cr1-165	NC_015465.1|YP_004421739.1_17|[Synechococcus_phage_S-CBS3]minor_tail_protein|17265..17633|122	0.134	113	95	0	10	120	4	116	5.452E-05	266
2_cl45_Sf11_cr1-165	NC_069155.1|YP_010582758.1_50|[Serratia_phage_Tsm2]hypothetical_protein|30094..30588|164	0.181	159	126	0	1	159	1	155	5.452E-05	266
2_cl45_Sf11_cr1-165	NC_004902.1|NP_858966.1_19|[Xanthomonas_phage_Xp10]virion_structural_protein|13362..13718|118	0.134	122	101	0	3	124	1	118	6.131E-05	264
2_cl45_Sf11_cr1-165	NC_009543.1|YP_001285688.1_16|[Xanthomonas_phage_Xop411]virion_structural_protein|12401..12757|118	0.128	122	102	0	3	124	1	118	6.895E-05	262
2_cl45_Sf11_cr1-165	NC_069156.1|YP_010582773.1_5|[Serratia_phage_vB_SmaM-Otaku]hypothetical_protein|complement(4881..5375)|164	0.174	124	98	0	1	124	1	120	9.246E-05	257
2_cl45_Sf11_cr1-165	NC_073315.1|YP_010748930.1_28|[Escherichia_phage_vB_EcoS_fFiEco03]hypothetical_protein|17935..19305|456	0.187	125	98	0	11	131	5	129	9.246E-05	257
2_cl45_Sf11_cr1-165	NC_042062.1|YP_009617880.1_51|[Salmonella_phage_SP069]hypothetical_protein|29434..29937|167	0.152	134	110	0	6	139	12	142	1.169E-04	253
2_cl45_Sf11_cr1-165	NC_048721.1|YP_009839499.1_61|[Streptomyces_phage_StarPlatinum]minor_tail_protein|40597..40992|131	0.111	115	98	0	10	120	16	130	1.315E-04	251
2_cl45_Sf11_cr1-165	NC_073319.1|YP_010749258.1_53|[Escherichia_phage_SZH-1]hypothetical_protein|complement(25719..26192)|157	0.153	123	99	0	14	131	7	129	1.394E-04	250
2_cl45_Sf11_cr1-165	NC_071017.1|YP_010677054.1_50|[Stenotrophomonas_phage_Salva]hypothetical_protein|25137..25502|121	0.111	121	107	0	4	124	1	121	1.479E-04	249
2_cl45_Sf11_cr1-165	NC_071018.1|YP_010677153.1_47|[Stenotrophomonas_phage_Siara]minor_tail_protein|24189..24554|121	0.111	121	107	0	4	124	1	121	1.568E-04	248
2_cl45_Sf11_cr1-165	NC_070784.1|YP_010651888.1_36|[Streptomyces_phage_TunaTartare]minor_tail_protein|31055..31456|133	0.132	116	98	0	10	123	18	133	1.568E-04	248
2_cl45_Sf11_cr1-165	NC_048730.1|YP_009841198.1_61|[Streptomyces_phage_Yaboi]minor_tail_protein|40036..40431|131	0.119	115	97	0	10	120	16	130	1.663E-04	247
2_cl45_Sf11_cr1-165	NC_048723.1|YP_009839985.1_60|[Streptomyces_phage_LukeCage]minor_tail_protein|39957..40352|131	0.103	115	99	0	10	120	16	130	1.663E-04	247
2_cl45_Sf11_cr1-165	NC_048724.1|YP_009840233.1_60|[Streptomyces_phage_Karimac]minor_tail_protein|40198..40593|131	0.103	115	99	0	10	120	16	130	1.663E-04	247
2_cl45_Sf11_cr1-165	NC_048719.1|YP_009839003.1_34|[Streptomyces_phage_Annadreamy]minor_tail_protein|28783..29169|128	0.148	116	96	0	10	123	13	128	1.983E-04	244
2_cl45_Sf11_cr1-165	NC_048722.1|YP_009839749.1_60|[Streptomyces_phage_Wofford]minor_tail_protein|41126..41521|131	0.119	115	97	0	10	120	16	130	2.103E-04	243
2_cl45_Sf11_cr1-165	NC_048720.1|YP_009839234.1_36|[Streptomyces_phage_Blueeyedbeauty]minor_tail_protein|29256..29657|133	0.148	115	94	0	10	120	18	132	2.507E-04	240
2_cl45_Sf11_cr1-165	NC_042054.1|YP_009616746.1_60|[Pseudomonas_phage_vB_PsyM_KIL4]virion_structural_protein|32693..33226|177	0.129	152	119	0	16	153	26	177	2.507E-04	240
2_cl45_Sf11_cr1-165	NC_015463.1|YP_004421477.1_23|[Synechococcus_phage_S-CBS2]unknown_structural_protein|15824..16180|118	0.097	103	91	0	19	120	15	117	2.990E-04	237
2_cl45_Sf11_cr1-165	NC_041925.1|YP_009600624.1_42|[Proteus_phage_VB_PmiS-Isfahan]hypothetical_protein|25971..26468|165	0.112	120	103	0	6	125	10	126	2.990E-04	237
2_cl45_Sf11_cr1-165	NC_030934.1|YP_009275994.1_60|[Pseudomonas_phage_vB_PsyM_KIL1]virion_structural_protein|32937..33470|177	0.130	152	124	0	16	159	26	177	2.990E-04	237
2_cl45_Sf11_cr1-165	NC_073680.1|YP_010766621.1_69|[Pseudomonas_phage_M5.1]putative_tail_protein|39408..39941|177	0.127	152	125	0	16	159	26	177	3.171E-04	236
2_cl45_Sf11_cr1-165	NC_026587.1|YP_009124466.1_70|[Pseudomonas_phage_vB_PaeM_PAO1_Ab03]virion_structural_protein|37157..37594|145	0.129	142	122	0	16	156	4	145	3.362E-04	235
2_cl45_Sf11_cr1-165	NC_071020.1|YP_010677399.1_91|[Stenotrophomonas_phage_BUCT626]hypothetical_protein|complement(54409..54771)|120	0.088	119	108	0	4	122	1	119	3.565E-04	234
2_cl45_Sf11_cr1-165	NC_070785.1|YP_010652119.1_33|[Streptomyces_phage_Wakanda]minor_tail_protein|30519..30920|133	0.132	116	98	0	10	123	18	133	4.010E-04	232
2_cl45_Sf11_cr1-165	NC_070786.1|YP_010652347.1_33|[Streptomyces_phage_Muntaha]minor_tail_protein|30581..30982|133	0.132	116	98	0	10	123	18	133	4.010E-04	232
2_cl45_Sf11_cr1-165	NC_013021.1|YP_003084222.1_78|[Cyanophage_PSS2]tail_tape_measure_protein|59795..60211|138	0.096	112	94	0	16	120	26	137	4.010E-04	232
2_cl45_Sf11_cr1-165	NC_054725.1|YP_010059432.1_182|[Gordonia_phage_Skog]hypothetical_protein|105122..105937|271	0.113	134	112	0	16	142	79	212	4.252E-04	231
2_cl45_Sf11_cr1-165	NC_042010.1|YP_009611052.1_55|[Streptomyces_phage_Paradiddles]minor_tail_protein|39331..39732|133	0.112	115	98	0	10	120	18	132	4.509E-04	230
2_cl45_Sf11_cr1-165	NC_070783.1|YP_010651650.1_37|[Streptomyces_phage_Faust]minor_tail_protein|30251..30652|133	0.145	112	93	0	14	123	22	133	4.509E-04	230
2_cl45_Sf11_cr1-165	NC_042009.1|YP_009610831.1_55|[Streptomyces_phage_NootNoot]minor_tail_protein|39070..39471|133	0.112	115	98	0	10	120	18	132	4.509E-04	230
2_cl45_Sf11_cr1-165	NC_055813.1|YP_010103951.1_58|[Streptomyces_phage_Braelyn]hypothetical_protein|40174..40575|133	0.112	115	98	0	10	120	18	132	4.509E-04	230
2_cl45_Sf11_cr1-165	NC_029098.1|YP_009225790.1_64|[Streptomyces_phage_Jay2Jay]hypothetical_protein|41626..42027|133	0.111	115	98	0	10	120	18	132	4.781E-04	229
2_cl45_Sf11_cr1-165	NC_055809.1|YP_010103437.1_59|[Streptomyces_phage_Evy]hypothetical_protein|40773..41174|133	0.111	115	98	0	10	120	18	132	4.781E-04	229
2_cl45_Sf11_cr1-165	NC_048742.1|YP_009842504.1_37|[Streptomyces_phage_Gilson]minor_tail_protein|29616..30017|133	0.153	112	92	0	14	123	22	133	4.781E-04	229
2_cl45_Sf11_cr1-165	NC_020854.1|YP_007675033.1_60|[Cyanophage_KBS-S-2A]minor_tail_protein|37121..37642|173	0.076	165	103	0	11	123	9	173	5.070E-04	228
2_cl45_Sf11_cr1-165	NC_096909.1|YP_011413842.1_65|[Microbacterium_phage_ValentiniPuff]major_tail_protein|32412..32846|144	0.133	113	95	0	16	126	28	140	5.702E-04	226
2_cl45_Sf11_cr1-165	NC_073685.1|YP_010767509.1_73|[Pseudomonas_phage_phiPsa347]hypothetical_protein|43749..44285|178	0.122	151	126	0	16	159	26	176	5.702E-04	226
2_cl45_Sf11_cr1-165	NC_023601.2|YP_009009369.1_70|[Pseudomonas_phage_phiPsa374]virion_structural_protein|43214..43750|178	0.122	151	126	0	16	159	26	176	5.702E-04	226
2_cl45_Sf11_cr1-165	NC_073683.1|YP_010767164.1_74|[Pseudomonas_phage_phiPsa397]hypothetical_protein|43679..44215|178	0.122	151	126	0	16	159	26	176	5.702E-04	226
2_cl45_Sf11_cr1-165	NC_073686.1|YP_010767685.1_75|[Pseudomonas_phage_phiPsa267]hypothetical_protein|43854..44390|178	0.122	151	126	0	16	159	26	176	5.702E-04	226
2_cl45_Sf11_cr1-165	NC_073684.1|YP_010767334.1_71|[Pseudomonas_phage_phiPsa381]hypothetical_protein|42627..43163|178	0.122	151	126	0	16	159	26	176	5.702E-04	226
2_cl45_Sf11_cr1-165	NC_073682.1|YP_010766992.1_87|[Pseudomonas_phage_psageK4e]hypothetical_protein|43384..43920|178	0.122	151	126	0	16	159	26	176	5.702E-04	226
2_cl45_Sf11_cr1-165	NC_073687.1|YP_010767859.1_73|[Pseudomonas_phage_phiPsa300]hypothetical_protein|43824..44360|178	0.122	151	126	0	16	159	26	176	5.702E-04	226
2_cl45_Sf11_cr1-165	NC_042011.1|YP_009611271.1_58|[Streptomyces_phage_Peebs]minor_tail_protein|40522..40923|133	0.119	115	97	0	10	120	18	132	6.046E-04	225
2_cl45_Sf11_cr1-165	NC_042012.1|YP_009611498.1_59|[Streptomyces_phage_Samisti12]minor_tail_protein|41958..42359|133	0.119	115	97	0	10	120	18	132	6.412E-04	224
2_cl45_Sf11_cr1-165	NC_042105.1|YP_009622613.1_32|[Streptomyces_phage_BillNye]minor_tail_protein|32157..32558|133	0.119	115	97	0	10	120	18	132	6.412E-04	224
2_cl45_Sf11_cr1-165	NC_055791.1|YP_010101481.1_59|[Streptomyces_phage_EGole]hypothetical_protein|41734..42135|133	0.119	115	97	0	10	120	18	132	6.412E-04	224
2_cl45_Sf11_cr1-165	NC_071031.1|YP_010678134.1_17|[Arthrobacter_phage_KeAlii]minor_tail_protein|13071..13943|290	0.108	117	95	0	6	122	34	141	6.412E-04	224
2_cl45_Sf11_cr1-165	NC_073688.1|YP_010768031.1_74|[Pseudomonas_phage_phiPsa315]hypothetical_protein|43747..44283|178	0.128	151	125	0	16	159	26	176	6.799E-04	223
2_cl45_Sf11_cr1-165	NC_071019.1|YP_010677215.1_9|[Stenotrophomonas_phage_vB_SmaS_BUCT548]hypothetical_protein|7128..7490|120	0.097	117	105	0	4	120	1	117	7.210E-04	222
2_cl45_Sf11_cr1-165	NC_071021.1|YP_010677479.1_73|[Stenotrophomonas_phage_BUCT627]hypothetical_protein|complement(42907..43269)|120	0.097	117	105	0	4	120	1	117	7.210E-04	222
2_cl45_Sf11_cr1-165	NC_070782.1|YP_010651427.1_62|[Streptomyces_phage_Coruscant]minor_tail_protein|42295..42696|133	0.102	115	97	0	12	120	18	132	7.646E-04	221
2_cl45_Sf11_cr1-165	NC_053012.1|YP_010000077.1_60|[Serratia_phage_JS26]tail_assembly_protein|complement(37013..38698)|561	0.076	189	115	0	1	125	153	341	7.646E-04	221
2_cl45_Sf11_cr1-165	NC_025443.1|YP_009101221.1_51|[Salmonella_phage_9NA]virion_structural_protein|28178..28681|167	0.129	149	128	0	4	152	10	157	8.108E-04	220
2_cl45_Sf11_cr1-165	NC_073677.1|YP_010766072.1_46|[Pseudomonas_phage_PHB09]hypothetical_protein|30825..31358|177	0.135	150	124	0	16	159	26	175	8.598E-04	219
2_cl45_Sf11_cr1-165	NC_073679.1|YP_010766445.1_66|[Pseudomonas_phage_Kremar]hypothetical_protein|38432..38965|177	0.132	152	124	0	16	159	26	177	8.598E-04	219
2_cl45_Sf11_cr1-165	NC_048728.1|YP_009840833.1_37|[Streptomyces_phage_Comrade]minor_tail_protein|30898..31299|133	0.157	116	95	0	10	123	18	133	9.118E-04	218
2_cl45_Sf11_cr1-165	NC_071032.1|YP_010678200.1_17|[Arthrobacter_phage_Reedo]minor_tail_protein|13087..13962|291	0.128	119	95	0	13	122	24	142	9.669E-04	217
1_cl100_K1ind1_cr1-159	NC_042084.1|YP_009620106.1_26|[Escherichia_phage_VB_EcoS-Golestan]hypothetical_protein|17370..18788|472	0.993	159	1	0	1	159	1	159	1.307E-21	982
1_cl100_K1ind1_cr1-159	NC_093713.1|YP_011217263.1_8|[Escherichia_phage_P_AB-2017]hypothetical_protein|complement(8713..9213)|166	0.930	159	11	0	1	159	1	159	2.027E-21	974
1_cl100_K1ind1_cr1-159	NC_093712.1|YP_011217191.1_3|[Escherichia_phage_L_AB-2017]hypothetical_protein|complement(1052..1552)|166	0.930	159	11	0	1	159	1	159	2.390E-21	971
1_cl100_K1ind1_cr1-159	NC_027994.1|YP_009168856.1_24|[Escherichia_phage_K1H]hypothetical_protein|16248..16748|166	0.918	159	13	0	1	159	1	159	3.509E-21	964
1_cl100_K1ind1_cr1-159	NC_027993.1|YP_009168807.1_27|[Escherichia_phage_K1G]hypothetical_protein|17937..18437|166	0.918	159	13	0	1	159	1	159	3.509E-21	964
1_cl100_K1ind1_cr1-159	NC_073316.1|YP_010749009.1_30|[Escherichia_phage_vB_EcoS_fFiEco02]hypothetical_protein|19687..20187|166	0.905	159	15	0	1	159	1	159	3.707E-21	963
1_cl100_K1ind1_cr1-159	NC_041898.1|YP_009597357.1_26|[Escherichia_phage_K1ind2]hypothetical_protein|16992..18392|466	0.993	159	1	0	1	159	1	159	3.916E-21	962
1_cl100_K1ind1_cr1-159	NC_041897.1|YP_009597306.1_26|[Escherichia_phage_K1ind1]hypothetical_protein|16991..18391|466	1.000	159	0	0	1	159	1	159	5.152E-21	957
1_cl100_K1ind1_cr1-159	NC_073317.1|YP_010749084.1_28|[Escherichia_phage_vB_EcoS_fPoEco01]hypothetical_protein|18289..18789|166	0.918	159	13	0	1	159	1	159	5.750E-21	955
1_cl100_K1ind1_cr1-159	NC_073321.1|YP_010749394.1_37|[Escherichia_phage_ZCEC5]hypothetical_protein|20117..20617|166	0.924	159	12	0	1	159	1	159	6.779E-21	952
1_cl100_K1ind1_cr1-159	NC_073314.1|YP_010748874.1_48|[Escherichia_virus_fEg-Eco19]hypothetical_protein|24956..25456|166	0.911	159	14	0	1	159	1	159	7.565E-21	950
1_cl100_K1ind1_cr1-159	NC_073323.1|YP_010749527.1_27|[Escherichia_phage_vB_EcoS-phiEc3]minor_tail_protein|17198..18616|472	0.993	148	1	0	1	148	1	148	2.031E-20	932
1_cl100_K1ind1_cr1-159	NC_073325.1|YP_010749670.1_4|[Escherichia_phage_vB_EcoS_XY1]minor_tail_protein|complement(3811..5211)|466	0.958	146	6	0	1	146	1	146	3.924E-20	920
1_cl100_K1ind1_cr1-159	NC_073324.1|YP_010749624.1_44|[Escherichia_phage_vB_EcoS-22664BS2]hypothetical_protein|22068..23465|465	0.979	143	3	0	1	143	1	143	8.460E-20	906
1_cl100_K1ind1_cr1-159	NC_073199.1|YP_010747561.1_29|[Salmonella_phage_S102]hypothetical_protein|19783..20283|166	0.792	159	33	0	1	159	1	159	2.150E-19	889
1_cl100_K1ind1_cr1-159	NC_073198.1|YP_010747531.1_59|[Salmonella_phage_vB_SenS_ER21]hypothetical_protein|complement(40052..40552)|166	0.792	159	33	0	1	159	1	159	2.150E-19	889
1_cl100_K1ind1_cr1-159	NC_073197.1|YP_010747470.1_58|[Salmonella_phage_vB_SenS_ER23]hypothetical_protein|40103..40603|166	0.792	159	33	0	1	159	1	159	2.150E-19	889
1_cl100_K1ind1_cr1-159	NC_073202.1|YP_010747772.1_47|[Salmonella_phage_celemicas]hypothetical_protein|25526..26026|166	0.786	159	34	0	1	159	1	159	2.271E-19	888
1_cl100_K1ind1_cr1-159	NC_073209.1|YP_010748162.1_6|[Salmonella_phage_GRNsp50]hypothetical_protein|complement(5544..6044)|166	0.786	159	34	0	1	159	1	159	2.271E-19	888
1_cl100_K1ind1_cr1-159	NC_073173.1|YP_010745993.1_42|[Salmonella_phage_blauehaus]hypothetical_protein|23963..24463|166	0.786	159	34	0	1	159	1	159	2.271E-19	888
1_cl100_K1ind1_cr1-159	NC_073178.1|YP_010746288.1_31|[Salmonella_phage_vB_SenS_TUMS_E19]hypothetical_protein|20086..20586|166	0.786	159	34	0	1	159	1	159	2.271E-19	888
1_cl100_K1ind1_cr1-159	NC_073200.1|YP_010747627.1_31|[Salmonella_phage_S100]hypothetical_protein|20810..21310|166	0.786	159	34	0	1	159	1	159	2.271E-19	888
1_cl100_K1ind1_cr1-159	NC_073203.1|YP_010747823.1_31|[Salmonella_phage_MET_P1_001_43]hypothetical_protein|19249..19749|166	0.786	159	34	0	1	159	1	159	2.271E-19	888
1_cl100_K1ind1_cr1-159	NC_073201.1|YP_010747703.1_41|[Salmonella_phage_dunkel]hypothetical_protein|25780..26280|166	0.786	159	34	0	1	159	1	159	2.271E-19	888
1_cl100_K1ind1_cr1-159	NC_073186.1|YP_010746744.1_32|[Salmonella_phage_vB_SenS_PVP-SE2]hypothetical_protein|complement(23538..24038)|166	0.786	159	34	0	1	159	1	159	2.271E-19	888
1_cl100_K1ind1_cr1-159	NC_073184.1|YP_010746642.1_32|[Salmonella_phage_F12013]tail_protein|complement(23758..24258)|166	0.792	159	33	0	1	159	1	159	2.678E-19	885
1_cl100_K1ind1_cr1-159	NC_073169.1|YP_010745715.1_18|[Salmonella_phage_SS5]hypothetical_protein|complement(15759..16259)|166	0.786	159	34	0	1	159	1	159	2.829E-19	884
1_cl100_K1ind1_cr1-159	NC_073190.1|YP_010747004.1_50|[Salmonella_phage_vB_SenS_S528]hypothetical_protein|24404..24904|166	0.779	159	35	0	1	159	1	159	3.157E-19	882
1_cl100_K1ind1_cr1-159	NC_073207.1|YP_010748064.1_18|[Salmonella_phage_SHWT1]hypothetical_protein|complement(17411..17911)|166	0.779	159	35	0	1	159	1	159	3.157E-19	882
1_cl100_K1ind1_cr1-159	NC_073189.1|YP_010746947.1_55|[Salmonella_phage_JD01]hypothetical_protein|complement(38045..38545)|166	0.779	159	35	0	1	159	1	159	3.157E-19	882
1_cl100_K1ind1_cr1-159	NC_073193.1|YP_010747216.1_59|[Salmonella_phage_vB_SalS-S10]hypothetical_protein|39171..39671|166	0.779	159	35	0	1	159	1	159	3.157E-19	882
1_cl100_K1ind1_cr1-159	NC_073192.1|YP_010747095.1_6|[Salmonella_phage_F118P13]hypothetical_protein|complement(5673..6173)|166	0.779	159	35	0	1	159	1	159	3.157E-19	882
1_cl100_K1ind1_cr1-159	NC_073188.1|YP_010746874.1_48|[Salmonella_phage_vB_SenS_S532]hypothetical_protein|24316..24816|166	0.779	159	35	0	1	159	1	159	3.157E-19	882
1_cl100_K1ind1_cr1-159	NC_073219.1|YP_010748806.1_39|[Salmonella_phage_sidste]hypothetical_protein|23863..24363|166	0.779	159	35	0	1	159	1	159	3.722E-19	879
1_cl100_K1ind1_cr1-159	NC_073218.1|YP_010748749.1_38|[Salmonella_phage_demigod]hypothetical_protein|24667..25167|166	0.779	159	35	0	1	159	1	159	3.722E-19	879
1_cl100_K1ind1_cr1-159	NC_073213.1|YP_010748406.1_26|[Salmonella_phage_vB_SenS_SB3]hypothetical_protein|17765..18265|166	0.786	159	34	0	1	159	1	159	3.722E-19	879
1_cl100_K1ind1_cr1-159	NC_073196.1|YP_010747352.1_5|[Salmonella_phage_NBSal006]hypothetical_protein|complement(3960..4460)|166	0.786	159	34	0	1	159	1	159	3.722E-19	879
1_cl100_K1ind1_cr1-159	NC_073208.1|YP_010748125.1_26|[Salmonella_phage_SLMP1]hypothetical_protein|complement(20699..21199)|166	0.779	159	35	0	1	159	1	159	7.190E-19	867
1_cl100_K1ind1_cr1-159	NC_073176.1|YP_010746159.1_28|[Salmonella_virus_VSe101]hypothetical_protein|19414..19914|166	0.779	159	35	0	1	159	1	159	7.190E-19	867
1_cl100_K1ind1_cr1-159	NC_073211.1|YP_010748298.1_37|[Salmonella_phage_T102]hypothetical_protein|22571..23071|166	0.779	159	35	0	1	159	1	159	7.190E-19	867
1_cl100_K1ind1_cr1-159	NC_073318.1|YP_010749194.1_61|[Escherichia_phage_NTEC3]hypothetical_protein|complement(34314..35714)|466	0.959	148	6	0	1	148	1	148	8.024E-19	865
1_cl100_K1ind1_cr1-159	NC_073191.1|YP_010747048.1_26|[Salmonella_phage_vB_SenS-EnJE6]hypothetical_protein|complement(19818..20318)|166	0.786	159	34	0	1	159	1	159	8.955E-19	863
1_cl100_K1ind1_cr1-159	NC_041992.1|YP_009608663.1_42|[Salmonella_phage_wksl3]hypothetical_protein|complement(27064..27564)|166	0.773	159	36	0	1	159	1	159	1.115E-18	859
1_cl100_K1ind1_cr1-159	NC_073182.1|YP_010746525.1_29|[Salmonella_virus_VSe103]hypothetical_protein|19773..20273|166	0.786	159	34	0	1	159	1	159	1.245E-18	857
1_cl100_K1ind1_cr1-159	NC_073181.1|YP_010746468.1_30|[Salmonella_phage_5sent1]minor_tail_protein|19967..20467|166	0.786	159	34	0	1	159	1	159	1.245E-18	857
1_cl100_K1ind1_cr1-159	NC_073179.1|YP_010746349.1_30|[Salmonella_phage_vB_SenS_TUMS_E4]hypothetical_protein|20065..20565|166	0.786	159	34	0	1	159	1	159	1.245E-18	857
1_cl100_K1ind1_cr1-159	NC_019539.1|YP_007010481.1_28|[Salmonella_phage_vB_SenS-Ent1]hypothetical_protein|18977..19477|166	0.786	159	34	0	1	159	1	159	1.245E-18	857
1_cl100_K1ind1_cr1-159	NC_073183.1|YP_010746577.1_24|[Salmonella_phage_NBSal007]hypothetical_protein|complement(21183..21683)|166	0.779	159	35	0	1	159	1	159	1.245E-18	857
1_cl100_K1ind1_cr1-159	NC_073185.1|YP_010746711.1_42|[Salmonella_phage_PBSE191]hypothetical_protein|39461..39961|166	0.786	159	34	0	1	159	1	159	1.245E-18	857
1_cl100_K1ind1_cr1-159	NC_073214.1|YP_010748481.1_38|[Salmonella_phage_vB_SenS_ER1]hypothetical_protein|21670..22170|166	0.773	159	36	0	1	159	1	159	1.315E-18	856
1_cl100_K1ind1_cr1-159	NC_073217.1|YP_010748688.1_48|[Salmonella_phage_pink]hypothetical_protein|25082..25582|166	0.773	159	36	0	1	159	1	159	1.315E-18	856
1_cl100_K1ind1_cr1-159	NC_073194.1|YP_010747222.1_3|[Salmonella_phage_vB_SalP_LDW16]hypothetical_protein|complement(1350..1850)|166	0.779	159	35	0	1	159	1	159	1.389E-18	855
1_cl100_K1ind1_cr1-159	NC_041991.1|YP_009608582.1_27|[Salmonella_phage_vB_SenS_AG11]hypothetical_protein|17728..18228|166	0.773	159	36	0	1	159	1	159	1.467E-18	854
1_cl100_K1ind1_cr1-159	NC_073215.1|YP_010748512.1_4|[Salmonella_phage_SGPC]tail_protein|complement(1472..1972)|166	0.779	159	35	0	1	159	1	159	1.638E-18	852
1_cl100_K1ind1_cr1-159	NC_006940.2|YP_308655.1_54|[Salmonella_phage_SS3e]hypothetical_protein|complement(36137..36637)|166	0.786	159	34	0	1	159	1	159	1.730E-18	851
1_cl100_K1ind1_cr1-159	NC_073212.1|YP_010748343.1_28|[Salmonella_phage_ZCSE9]hypothetical_protein|19068..19568|166	0.786	159	34	0	1	159	1	159	1.730E-18	851
1_cl100_K1ind1_cr1-159	NC_069150.1|YP_010582406.1_33|[Salmonella_phage_vB_STM-ZS]hypothetical_protein|complement(22605..23105)|166	0.798	159	32	0	1	159	1	159	1.931E-18	849
1_cl100_K1ind1_cr1-159	NC_069146.1|YP_010582164.1_57|[Salmonella_phage_St162]hypothetical_protein|36455..36955|166	0.798	159	32	0	1	159	1	159	1.931E-18	849
1_cl100_K1ind1_cr1-159	NC_069148.1|YP_010582260.1_27|[Salmonella_phage_TS6]hypothetical_protein|complement(19322..19822)|166	0.798	159	32	0	1	159	1	159	1.931E-18	849
1_cl100_K1ind1_cr1-159	NC_069149.1|YP_010582359.1_61|[Salmonella_phage_vB_SenTO17]hypothetical_protein|complement(31844..32344)|166	0.798	159	32	0	1	159	1	159	1.931E-18	849
1_cl100_K1ind1_cr1-159	NC_069151.1|YP_010582466.1_34|[Salmonella_phage_vB_SenS_SE1]hypothetical_protein|complement(21758..22258)|166	0.798	159	32	0	1	159	1	159	1.931E-18	849
1_cl100_K1ind1_cr1-159	NC_069153.1|YP_010582605.1_27|[Salmonella_virus_VSiP]hypothetical_protein|18017..18517|166	0.773	159	36	0	1	159	1	159	2.404E-18	845
1_cl100_K1ind1_cr1-159	NC_073174.1|YP_010746054.1_42|[Salmonella_phage_wast]hypothetical_protein|23773..24273|166	0.779	159	35	0	1	159	1	159	2.683E-18	843
1_cl100_K1ind1_cr1-159	NC_009232.2|YP_001110816.2_27|[Salmonella_phage_SETP3]hypothetical_protein|18460..18960|166	0.767	159	37	0	1	159	1	159	2.683E-18	843
1_cl100_K1ind1_cr1-159	NC_073187.1|YP_010746797.1_25|[Salmonella_phage_vB_SenS-EnJE1]hypothetical_protein|complement(22305..22805)|166	0.779	159	35	0	1	159	1	159	2.683E-18	843
1_cl100_K1ind1_cr1-159	NC_022752.1|YP_008767027.1_28|[Salmonella_phage_SETP13]hypothetical_protein|18112..18612|166	0.779	159	35	0	1	159	1	159	2.683E-18	843
1_cl100_K1ind1_cr1-159	NC_073216.1|YP_010748575.1_5|[Salmonella_phage_STP03]hypothetical_protein|complement(5491..5991)|166	0.773	159	36	0	1	159	1	159	2.835E-18	842
1_cl100_K1ind1_cr1-159	NC_073172.1|YP_010745932.1_46|[Salmonella_phage_skrot]hypothetical_protein|24902..25402|166	0.773	159	36	0	1	159	1	159	2.835E-18	842
1_cl100_K1ind1_cr1-159	NC_022754.1|YP_008767198.1_27|[Salmonella_phage_SETP7]hypothetical_protein|17572..18072|166	0.773	159	36	0	1	159	1	159	3.729E-18	837
1_cl100_K1ind1_cr1-159	NC_073175.1|YP_010746101.1_29|[Salmonella_virus_VSt10]hypothetical_protein|19072..19572|166	0.779	159	35	0	1	159	1	159	3.940E-18	836
1_cl100_K1ind1_cr1-159	NC_021777.1|YP_008239738.1_29|[Salmonella_phage_Jersey]hypothetical_protein|20172..20672|166	0.779	159	35	0	1	159	1	159	4.397E-18	834
1_cl100_K1ind1_cr1-159	NC_073195.1|YP_010747307.1_28|[Salmonella_phage_Shelanagig]hypothetical_protein|18443..18943|166	0.773	159	36	0	1	159	1	159	4.397E-18	834
1_cl100_K1ind1_cr1-159	NC_021775.1|YP_008239652.1_55|[Salmonella_phage_FSL_SP-031]hypothetical_protein|36428..36928|166	0.779	159	35	0	1	159	1	159	4.645E-18	833
1_cl100_K1ind1_cr1-159	NC_069147.1|YP_010582233.1_64|[Salmonella_phage_GRNsp27]hypothetical_protein|40507..41007|166	0.786	159	34	0	1	159	1	159	6.820E-18	826
1_cl100_K1ind1_cr1-159	NC_069152.1|YP_010582522.1_27|[Salmonella_phage_Shemara]hypothetical_protein|18129..18629|166	0.773	159	36	0	1	159	1	159	9.479E-18	820
1_cl100_K1ind1_cr1-159	NC_028698.1|YP_009191569.1_16|[Salmonella_phage_f18SE]hypothetical_protein|complement(15923..16423)|166	0.779	159	35	0	1	159	1	159	2.159E-17	805
1_cl100_K1ind1_cr1-159	NC_028695.2|YP_009191448.1_40|[Enterobacter_phage_phiEap-2]hypothetical_protein|21610..22104|164	0.572	159	67	0	1	159	1	157	4.937E-15	706
1_cl100_K1ind1_cr1-159	NC_048181.1|YP_009821861.1_25|[Raoultella_phage_RP180]hypothetical_protein|19172..19666|164	0.631	159	58	0	1	159	1	157	9.027E-15	695
1_cl100_K1ind1_cr1-159	NC_073205.1|YP_010747958.1_31|[Salmonella_phage_LP31]hypothetical_protein|20982..21425|147	0.776	139	31	0	21	159	2	140	1.124E-14	691
1_cl100_K1ind1_cr1-159	NC_024204.1|YP_009035165.1_28|[Salmonella_phage_vB_SenS-Ent3]hypothetical_protein|19099..19542|147	0.784	139	30	0	21	159	2	140	1.479E-14	686
1_cl100_K1ind1_cr1-159	NC_073206.1|YP_010748033.1_49|[Salmonella_phage_CTH7]hypothetical_protein|complement(32715..33158)|147	0.776	139	31	0	21	159	2	140	1.479E-14	686
1_cl100_K1ind1_cr1-159	NC_023608.1|YP_009009952.1_28|[Salmonella_phage_vB_SenS-Ent2]hypothetical_protein|19095..19538|147	0.784	139	30	0	21	159	2	140	1.479E-14	686
1_cl100_K1ind1_cr1-159	NC_021317.1|YP_008058254.1_8|[Salmonella_phage_L13]hypothetical_protein|complement(7496..7939)|147	0.784	139	30	0	21	159	2	140	1.479E-14	686
1_cl100_K1ind1_cr1-159	NC_031021.1|YP_009280168.1_40|[Salmonella_phage_MA12]hypothetical_protein|complement(28634..29077)|147	0.784	139	30	0	21	159	2	140	1.479E-14	686
1_cl100_K1ind1_cr1-159	NC_016763.1|YP_005098153.1_57|[Salmonella_phage_SE2]hypothetical_protein|37051..37494|147	0.776	139	31	0	21	159	2	140	1.651E-14	684
1_cl100_K1ind1_cr1-159	NC_073170.1|YP_010745802.1_38|[Salmonella_phage_SE-W109]hypothetical_protein|complement(24001..24444)|147	0.776	139	31	0	21	159	2	140	1.651E-14	684
1_cl100_K1ind1_cr1-159	NC_073210.1|YP_010748238.1_23|[Salmonella_phage_fmb-p1]hypothetical_protein|complement(23471..23914)|147	0.776	139	31	0	21	159	2	140	3.760E-14	669
1_cl100_K1ind1_cr1-159	NC_073204.1|YP_010747918.1_50|[Salmonella_phage_LPSE1]hypothetical_protein|33185..33628|147	0.762	139	33	0	21	159	2	140	4.196E-14	667
1_cl100_K1ind1_cr1-159	NC_031925.1|YP_009322856.1_49|[Salmonella_phage_BPS11Q3]hypothetical_protein|complement(33054..33497)|147	0.762	139	33	0	21	159	2	140	4.196E-14	667
1_cl100_K1ind1_cr1-159	NC_026017.1|YP_009113175.1_28|[Salmonella_phage_LSPA1]hypothetical_protein|19764..20207|147	0.769	139	32	0	21	159	2	140	5.832E-14	661
1_cl100_K1ind1_cr1-159	NC_073322.1|YP_010749475.1_46|[Escherichia_phage_vB_EcoS-Ro145c2YLVW]hypothetical_protein|23553..24026|157	0.620	150	56	0	10	159	3	150	9.556E-14	652
1_cl100_K1ind1_cr1-159	NC_069154.1|YP_010582691.1_40|[Klebsiella_phage_VLCpiS11a]virion_structural_protein|complement(25256..25750)|164	0.566	159	68	0	1	159	1	157	1.066E-13	650
1_cl100_K1ind1_cr1-159	NC_073320.1|YP_010749347.1_61|[Escherichia_phage_26]hypothetical_protein|32941..33414|157	0.620	150	56	0	10	159	3	150	1.190E-13	648
1_cl100_K1ind1_cr1-159	NC_025466.1|YP_009103926.1_40|[Shewanella_sp._phage_3/49]hypothetical_protein|23325..23825|166	0.522	157	74	0	1	157	1	155	1.257E-13	647
1_cl100_K1ind1_cr1-159	NC_042065.1|YP_009617944.1_25|[Salmonella_phage_FSL_SP-101]hypothetical_protein|17112..17555|147	0.755	139	34	0	21	159	2	140	1.566E-13	643
1_cl100_K1ind1_cr1-159	NC_073319.1|YP_010749258.1_53|[Escherichia_phage_SZH-1]hypothetical_protein|complement(25719..26192)|157	0.633	150	54	0	10	159	3	150	3.767E-13	627
1_cl100_K1ind1_cr1-159	NC_021563.1|YP_008130357.1_64|[Serratia_phage_Eta]hypothetical_protein|36442..36936|164	0.540	159	72	0	1	159	1	157	4.204E-13	625
1_cl100_K1ind1_cr1-159	NC_069155.1|YP_010582758.1_50|[Serratia_phage_Tsm2]hypothetical_protein|30094..30588|164	0.547	159	71	0	1	159	1	157	5.531E-13	620
1_cl100_K1ind1_cr1-159	NC_069156.1|YP_010582773.1_5|[Serratia_phage_vB_SmaM-Otaku]hypothetical_protein|complement(4881..5375)|164	0.553	159	70	0	1	159	1	157	8.122E-13	613
1_cl100_K1ind1_cr1-159	NC_073315.1|YP_010748930.1_28|[Escherichia_phage_vB_EcoS_fFiEco03]hypothetical_protein|17935..19305|456	0.629	135	49	0	9	143	2	134	1.331E-12	604
1_cl100_K1ind1_cr1-159	NC_054651.1|YP_010054281.1_6|[Escherichia_phage_C1]hypothetical_protein|complement(6554..7027)|157	0.192	159	126	0	1	159	1	157	2.322E-08	426
1_cl100_K1ind1_cr1-159	NC_071146.1|YP_010685295.1_37|[Klebsiella_phage_vB_KpnS_MK54]minor_tail_protein|19423..19893|156	0.187	158	126	0	2	159	1	156	3.228E-08	420
1_cl100_K1ind1_cr1-159	NC_071152.1|YP_010685763.1_30|[Klebsiella_phage_VLCpiS13a]virion_structural_protein|17455..17925|156	0.179	158	127	0	2	159	1	156	8.204E-08	403
1_cl100_K1ind1_cr1-159	NC_071145.1|YP_010685197.1_17|[Klebsiella_phage_VLCpiS13e]virion_structural_protein|10270..10743|157	0.191	159	126	0	1	159	1	157	9.156E-08	401
1_cl100_K1ind1_cr1-159	NC_028834.1|YP_009201754.1_20|[Achromobacter_phage_83-24]hypothetical_protein|15509..16585|358	0.201	123	95	0	1	120	129	251	9.156E-08	401
1_cl100_K1ind1_cr1-159	NC_071153.1|YP_010685868.1_57|[Klebsiella_phage_BUCT610]hypothetical_protein|27338..27808|156	0.197	158	124	0	2	159	1	156	1.022E-07	399
1_cl100_K1ind1_cr1-159	NC_054640.1|YP_010053420.1_47|[Salmonella_phage_Segz_1]hypothetical_protein|23514..23987|157	0.200	159	125	0	1	159	1	157	1.140E-07	397
1_cl100_K1ind1_cr1-159	NC_054647.1|YP_010053951.1_16|[Salmonella_phage_Akira]hypothetical_protein|complement(13949..14422)|157	0.194	153	120	0	1	153	1	150	1.205E-07	396
1_cl100_K1ind1_cr1-159	NC_071149.1|YP_010685562.1_68|[Klebsiella_phage_vB_Kpn_ZCKp20p]baseplate_wedge_protein|32709..33179|156	0.197	158	124	0	2	159	1	156	1.273E-07	395
1_cl100_K1ind1_cr1-159	NC_071156.1|YP_010686107.1_56|[Klebsiella_phage_6991]hypothetical_protein|28567..29037|156	0.197	158	124	0	2	159	1	156	1.273E-07	395
1_cl100_K1ind1_cr1-159	NC_071150.1|YP_010685647.1_69|[Klebsiella_phage_ZCKP8]minor_tail_protein|32402..32872|156	0.197	158	124	0	2	159	1	156	1.273E-07	395
1_cl100_K1ind1_cr1-159	NC_054638.1|YP_010053258.1_48|[Salmonella_phage_vB_SenS_SB28]hypothetical_protein|24344..24814|156	0.175	158	128	0	2	159	1	156	1.273E-07	395
1_cl100_K1ind1_cr1-159	NC_071151.1|YP_010685719.1_57|[Klebsiella_phage_vB_Kpn_ZC2]minor_tail_protein|32717..33187|156	0.197	158	124	0	2	159	1	156	1.273E-07	395
1_cl100_K1ind1_cr1-159	NC_071157.1|YP_010686190.1_59|[Klebsiella_phage_VLCpiS13c]virion_structural_protein|complement(35238..35708)|156	0.187	158	126	0	2	159	1	156	1.344E-07	394
1_cl100_K1ind1_cr1-159	NC_028819.1|YP_009200200.1_14|[Pseudoalteromonas_phage_H103]virion_structural_protein|complement(10119..10595)|158	0.196	158	125	0	2	159	3	158	1.344E-07	394
1_cl100_K1ind1_cr1-159	NC_042037.1|YP_009614658.1_62|[Aeromonas_phage_pIS4-A]hypothetical_protein|32456..32926|156	0.197	158	124	0	2	159	1	156	1.420E-07	393
1_cl100_K1ind1_cr1-159	NC_021534.1|YP_008126232.1_68|[Vibrio_phage_pYD38-A]hypothetical_protein|complement(39512..39982)|156	0.197	158	124	0	2	159	1	156	1.420E-07	393
1_cl100_K1ind1_cr1-159	NC_071143.1|YP_010685006.1_3|[Flyfo_siphovirus_Tbat1_6]hypothetical_protein|3131..3601|156	0.197	158	124	0	2	159	1	156	1.420E-07	393
1_cl100_K1ind1_cr1-159	NC_054642.1|YP_010053565.1_32|[Salmonella_phage_Seszw_1]hypothetical_protein|17534..18007|157	0.196	157	121	0	1	152	1	157	1.420E-07	393
1_cl100_K1ind1_cr1-159	NC_071144.1|YP_010685103.1_4|[Klebsiella_phage_VLCpiS13f]virion_structural_protein|complement(4718..5191)|157	0.189	159	127	0	1	159	1	157	1.420E-07	393
1_cl100_K1ind1_cr1-159	NC_019927.1|YP_007237618.1_44|[Cronobacter_phage_ENT47670]hypothetical_protein|46209..46706|165	0.206	126	94	0	1	120	1	126	1.500E-07	392
1_cl100_K1ind1_cr1-159	NC_073031.1|YP_010738739.1_12|[Janthinobacterium_phage_vB_JliS-Donnerlittchen]hypothetical_protein|6881..7357|158	0.178	128	104	0	4	131	2	128	1.585E-07	391
1_cl100_K1ind1_cr1-159	NC_071155.1|YP_010686024.1_52|[Klebsiella_phage_VLCpiS13b]virion_structural_protein|26421..26891|156	0.187	158	126	0	2	159	1	156	1.674E-07	390
1_cl100_K1ind1_cr1-159	NC_054641.1|YP_010053509.1_61|[Salmonella_virus_KFS-SE2]hypothetical_protein|complement(34627..35097)|156	0.178	156	123	0	2	152	1	156	1.674E-07	390
1_cl100_K1ind1_cr1-159	NC_031924.1|YP_009322780.1_67|[Salmonella_phage_IME207]hypothetical_protein|28806..29282|158	0.202	157	122	0	1	157	1	154	1.769E-07	389
1_cl100_K1ind1_cr1-159	NC_054637.1|YP_010053153.1_29|[Escherichia_phage_vB_EcoS_Sa179lw]hypothetical_protein|15910..16383|157	0.203	159	124	0	1	159	1	157	1.974E-07	387
1_cl100_K1ind1_cr1-159	NC_054648.1|YP_010054082.1_62|[Salmonella_phage_vB_Se_STGO-35-1]minor_tail_protein|29548..30021|157	0.198	159	125	0	1	159	1	157	2.203E-07	385
1_cl100_K1ind1_cr1-159	NC_071142.1|YP_010684975.1_52|[Klebsiella_phage_VLCpiS13d]virion_structural_protein|25572..26042|156	0.192	158	125	0	2	159	1	156	2.327E-07	384
1_cl100_K1ind1_cr1-159	NC_071003.1|YP_010675369.1_21|[Enterobacter_phage_vB_EclS_CobraSix]hypothetical_protein|14964..15461|165	0.209	123	93	0	1	119	1	123	2.458E-07	383
1_cl100_K1ind1_cr1-159	NC_054636.1|YP_010053061.1_17|[Shigella_phage_Sf11_SMD-2017]hypothetical_protein|complement(13880..15253)|457	0.203	123	94	0	1	119	1	123	2.458E-07	383
1_cl100_K1ind1_cr1-159	NC_054643.1|YP_010053681.1_76|[Salmonella_phage_SeSz-2]hypothetical_protein|39846..40316|156	0.191	156	121	0	2	152	1	156	3.062E-07	379
1_cl100_K1ind1_cr1-159	NC_054639.1|YP_010053346.1_63|[Salmonella_phage_Skate]hypothetical_protein|28397..28873|158	0.200	159	122	0	1	159	1	154	3.062E-07	379
1_cl100_K1ind1_cr1-159	NC_010495.1|YP_001742072.1_35|[Salmonella_phage_Vi_II-E1]hypothetical_protein|24365..24835|156	0.188	156	122	0	2	152	1	156	3.234E-07	378
1_cl100_K1ind1_cr1-159	NC_070846.1|YP_010657369.1_2|[Salmonella_phage_LPSTLL]hypothetical_protein|1594..2067|157	0.191	156	123	0	2	157	1	153	3.813E-07	375
1_cl100_K1ind1_cr1-159	NC_054653.1|YP_010054428.1_13|[Klebsiella_virus_KpV2811]hypothetical_protein|complement(13683..14153)|156	0.192	150	105	0	2	132	1	150	4.028E-07	374
1_cl100_K1ind1_cr1-159	NC_048198.1|YP_009824047.1_17|[Erwinia_phage_vB_EhrS_59]hypothetical_protein|14104..14601|165	0.183	130	100	0	2	124	1	130	4.028E-07	374
1_cl100_K1ind1_cr1-159	NC_071154.1|YP_010685917.1_23|[Klebsiella_phage_BUCT541]hypothetical_protein|complement(17295..17765)|156	0.195	122	94	0	2	119	1	122	4.255E-07	373
1_cl100_K1ind1_cr1-159	NC_054652.1|YP_010054356.1_5|[Klebsiella_phage_YX3973]hypothetical_protein|6251..6721|156	0.195	122	94	0	2	119	1	122	4.255E-07	373
1_cl100_K1ind1_cr1-159	NC_054654.1|YP_010054542.1_49|[Klebsiella_phage_vB_KpnS_ZX4]hypothetical_protein|25749..26219|156	0.195	122	94	0	2	119	1	122	4.255E-07	373
1_cl100_K1ind1_cr1-159	NC_031918.1|YP_009322249.1_52|[Salmonella_phage_64795_sal3]hypothetical_protein|27290..27772|160	0.177	157	124	0	1	152	4	160	5.017E-07	370
1_cl100_K1ind1_cr1-159	NC_054650.1|YP_010054212.1_16|[Shigella_phage_DS8]hypothetical_protein|8852..9325|157	0.181	159	128	0	1	159	1	157	5.599E-07	368
1_cl100_K1ind1_cr1-159	NC_025471.1|YP_009104265.1_28|[Idiomarinaceae_phage_Phi1M2-2]virion_structural_protein|16209..16694|161	0.212	158	122	0	4	159	2	159	6.248E-07	366
1_cl100_K1ind1_cr1-159	NC_054649.1|YP_010054112.1_4|[Escherichia_phage_vB_EcoS_swi2]hypothetical_protein|complement(5668..6141)|157	0.175	159	129	0	1	159	1	157	6.973E-07	364
1_cl100_K1ind1_cr1-159	NC_009447.1|YP_001210237.1_17|[Burkholderia_phage_BcepGomr]virion_structural_protein|13816..14934|372	0.173	120	98	0	1	120	126	245	8.684E-07	360
1_cl100_K1ind1_cr1-159	NC_054645.1|YP_010053778.1_13|[Salmonella_phage_LPST10]hypothetical_protein|complement(11731..12204)|157	0.180	159	128	0	1	159	1	157	9.692E-07	358
1_cl100_K1ind1_cr1-159	NC_054646.1|YP_010053891.1_39|[Salmonella_phage_VB_StyS_BS5]hypothetical_protein|19802..20275|157	0.180	159	128	0	1	159	1	157	9.692E-07	358
1_cl100_K1ind1_cr1-159	NC_054644.1|YP_010053740.1_57|[Salmonella_virus_VSt472]hypothetical_protein|28620..29093|157	0.180	159	128	0	1	159	1	157	9.692E-07	358
1_cl100_K1ind1_cr1-159	NC_020839.1|YP_007673206.1_6|[Rhodobacter_phage_RC1]virion_structural_protein|complement(6559..6981)|140	0.150	139	99	0	1	117	1	139	1.082E-06	356
1_cl100_K1ind1_cr1-159	NC_020866.1|YP_007676430.1_51|[Rhodovulum_phage_RS1]virion_structural_protein|32787..33209|140	0.150	139	99	0	1	117	1	139	1.082E-06	356
1_cl100_K1ind1_cr1-159	NC_016165.1|YP_004934695.1_52|[Rhodobacter_phage_RcapMu]virion_structural_protein|31713..32135|140	0.195	138	93	0	1	116	1	138	1.347E-06	352
1_cl100_K1ind1_cr1-159	NC_002484.2|NP_061517.1_20|[Pseudomonas_phage_D3]virion_structural_protein|13793..14272|159	0.179	155	125	0	4	158	2	154	1.423E-06	351
1_cl100_K1ind1_cr1-159	NC_016765.1|YP_005098223.1_20|[Pseudomonas_phage_PMG1]virion_structural_protein|13837..14316|159	0.179	155	125	0	4	158	2	154	1.423E-06	351
1_cl100_K1ind1_cr1-159	NC_029066.1|YP_009222842.1_72|[Pseudomonas_phage_PS-1]virion_structural_protein|40548..41054|168	0.142	166	133	0	4	159	2	167	1.588E-06	349
1_cl100_K1ind1_cr1-159	NC_074663.1|YP_010773399.1_9|[Pseudomonas_phage_vB_Pae_LC3I3]hypothetical_protein|6635..7102|155	0.169	155	123	0	4	158	2	150	2.207E-06	343
1_cl100_K1ind1_cr1-159	NC_030929.1|YP_009275521.1_34|[Pseudomonas_phage_JBD44]virion_structural_protein|21460..21927|155	0.169	155	123	0	4	158	2	150	2.207E-06	343
1_cl100_K1ind1_cr1-159	NC_011373.1|YP_002284353.1_19|[Pseudomonas_phage_PAJU2]virion_structural_protein|14682..15146|154	0.171	127	99	0	4	124	2	128	2.749E-06	339
1_cl100_K1ind1_cr1-159	NC_019541.1|YP_007010627.1_46|[Acinetobacter_phage_YMC/09/02/B1251]virion_structural_protein|33893..34291|132	0.176	134	107	0	1	134	1	131	2.904E-06	338
1_cl100_K1ind1_cr1-159	NC_074664.1|YP_010773482.1_14|[Pseudomonas_phage_BUCT566]hypothetical_protein|10993..11460|155	0.169	155	123	0	4	158	2	150	2.904E-06	338
1_cl100_K1ind1_cr1-159	NC_016762.1|YP_005098084.1_57|[Pseudomonas_phage_phi297]virion_structural_protein|37368..37835|155	0.160	141	111	0	4	136	2	142	5.027E-06	328
1_cl100_K1ind1_cr1-159	NC_034248.1|YP_009352271.1_14|[Rhizobium_phage_RHEph10]minor_tail_protein|13132..13488|118	0.144	116	95	0	1	116	1	112	5.311E-06	327
1_cl100_K1ind1_cr1-159	NC_028768.1|YP_009196207.1_22|[Achromobacter_phage_JWX]virion_structural_protein|16122..17195|357	0.121	123	105	0	1	120	128	250	6.614E-06	323
1_cl100_K1ind1_cr1-159	NC_070822.1|YP_010655179.1_15|[Pseudoalteromonas_phage_TW1]hypothetical_protein|8086..8556|156	0.185	119	95	0	1	119	2	119	7.381E-06	321
1_cl100_K1ind1_cr1-159	NC_042091.1|YP_009620694.1_25|[Pseudomonas_phage_nickie]hypothetical_protein|21208..21573|121	0.185	121	95	0	1	117	1	121	8.237E-06	319
1_cl100_K1ind1_cr1-159	NC_020846.1|YP_007674000.1_38|[Vibrio_phage_pYD21-A]virion_structural_protein|24843..25325|160	0.157	160	129	0	1	154	1	160	9.711E-06	316
1_cl100_K1ind1_cr1-159	NC_031059.1|YP_009285933.1_48|[Rhodovulum_phage_vB_RhkS_P1]virion_structural_protein|27232..27588|118	0.157	118	99	0	2	119	1	118	1.084E-05	314
1_cl100_K1ind1_cr1-159	NC_070971.1|YP_010671790.1_27|[Pseudomonas_virus_PBPA162]hypothetical_protein|complement(21915..22742)|275	0.190	129	102	0	1	127	122	250	1.084E-05	314
1_cl100_K1ind1_cr1-159	NC_016766.1|YP_005098334.1_35|[Synechococcus_phage_S-CBS4]minor_tail_protein|25163..25516|117	0.146	120	97	0	1	120	1	115	1.350E-05	310
1_cl100_K1ind1_cr1-159	NC_070823.1|YP_010655298.1_72|[Pseudoalteromonas_phage_vB_PspS-H40/1]hypothetical_protein|44459..44860|133	0.161	119	99	0	1	119	1	119	1.426E-05	309
1_cl100_K1ind1_cr1-159	NC_070970.1|YP_010671701.1_28|[Pseudomonas_phage_Iggy]hypothetical_protein|20297..21124|275	0.190	129	102	0	1	127	122	250	1.776E-05	305
1_cl100_K1ind1_cr1-159	NC_049944.1|YP_009909330.1_65|[Stx2-converting_phage_Stx2a_WGPS8]minor_tail_protein|42010..42351|113	0.127	116	95	0	1	116	1	110	1.876E-05	304
1_cl100_K1ind1_cr1-159	NC_011356.1|YP_002274199.1_63|[Enterobacteria_phage_YYZ-2008]minor_tail_protein|41055..41396|113	0.127	116	95	0	1	116	1	110	1.876E-05	304
1_cl100_K1ind1_cr1-159	NC_049945.1|YP_009909408.1_65|[Stx2-converting_phage_Stx2a_WGPS6]minor_tail_protein|44910..45251|113	0.127	116	95	0	1	116	1	110	1.876E-05	304
1_cl100_K1ind1_cr1-159	NC_011357.1|YP_002274276.1_65|[Stx2-converting_phage_1717]minor_tail_protein|47498..47839|113	0.127	116	95	0	1	116	1	110	1.876E-05	304
1_cl100_K1ind1_cr1-159	NC_049943.1|YP_009909253.1_63|[Enterobacteria_phage_2851]minor_tail_protein|44185..44526|113	0.127	116	95	0	1	116	1	110	1.876E-05	304
1_cl100_K1ind1_cr1-159	NC_029033.1|YP_009220355.1_54|[Achromobacter_phage_phiAxp-1]virion_structural_protein|33078..34382|434	0.137	123	104	0	3	124	129	251	2.094E-05	302
1_cl100_K1ind1_cr1-159	NC_049941.1|YP_009909100.1_55|[Stx2-converting_phage_Stx2a_WGPS2]minor_tail_protein|40553..40894|113	0.127	116	95	0	1	116	1	110	2.212E-05	301
1_cl100_K1ind1_cr1-159	NC_004813.1|YP_001449305.1_68|[Enterobacteria_phage_BP-4795]minor_tail_protein|41004..41345|113	0.127	116	95	0	1	116	1	110	2.212E-05	301
1_cl100_K1ind1_cr1-159	NC_049942.1|YP_009909178.1_67|[Escherichia_phage_JLK-2012]minor_tail_protein|43932..44273|113	0.127	116	95	0	1	116	1	110	2.468E-05	299
1_cl100_K1ind1_cr1-159	NC_024217.1|YP_009037310.1_120|[Nitrincola_phage_1M3-16]hypothetical_protein|complement(64505..64858)|117	0.193	115	92	0	2	116	1	115	5.321E-05	285
1_cl100_K1ind1_cr1-159	NC_070824.1|YP_010655303.1_4|[Pseudoalteromonas_phage_C7]hypothetical_protein|complement(4549..5016)|155	0.141	137	114	0	2	135	3	139	5.321E-05	285
1_cl100_K1ind1_cr1-159	NC_047902.1|YP_009796566.1_15|[Pseudomonas_phage_PMBT3]minor_tail_protein|16638..16985|115	0.170	115	91	0	6	120	4	114	5.621E-05	284
1_cl100_K1ind1_cr1-159	NC_019933.2|YP_007238089.1_19|[Xanthomonas_phage_CP1]virion_structural_protein|14827..15189|120	0.106	118	103	0	4	119	2	119	5.621E-05	284
1_cl100_K1ind1_cr1-159	NC_048166.1|YP_009820346.1_15|[Pseudomonas_phage_Lana]minor_tail_protein|16872..17201|109	0.160	110	88	0	11	120	3	108	6.627E-05	281
1_cl100_K1ind1_cr1-159	NC_023502.1|YP_009003193.1_36|[Rhizobium_phage_vB_RleS_L338C]minor_tail_protein|27949..28305|118	0.125	118	99	0	2	119	4	117	6.627E-05	281
1_cl100_K1ind1_cr1-159	NC_009543.1|YP_001285688.1_16|[Xanthomonas_phage_Xop411]virion_structural_protein|12401..12757|118	0.132	116	100	0	4	119	2	117	7.001E-05	280
1_cl100_K1ind1_cr1-159	NC_007709.1|YP_453576.1_18|[Xanthomonas_phage_OP1]virion_structural_protein|13552..13905|117	0.134	116	100	0	4	119	2	117	7.813E-05	278
1_cl100_K1ind1_cr1-159	NC_007024.1|YP_239288.1_20|[Xanthomonas_phage_Xp15]virion_structural_protein|16353..16724|123	0.111	119	103	0	4	120	2	120	9.211E-05	275
1_cl100_K1ind1_cr1-159	NC_004902.1|NP_858966.1_19|[Xanthomonas_phage_Xp10]virion_structural_protein|13362..13718|118	0.134	116	100	0	4	119	2	117	1.147E-04	271
1_cl100_K1ind1_cr1-159	NC_070772.1|YP_010649711.1_24|[Vibrio_phage_Seahorse]hypothetical_protein|20900..21397|165	0.168	143	110	0	6	138	18	160	1.352E-04	268
1_cl100_K1ind1_cr1-159	NC_019545.1|YP_007011001.1_31|[Salmonella_phage_SPN3UB]minor_tail_protein|18861..19208|115	0.190	119	92	0	2	120	1	114	1.595E-04	265
1_cl100_K1ind1_cr1-159	NC_018279.1|YP_006560828.1_22|[Salmonella_phage_vB_SosS_Oslo]minor_tail_protein|15584..15931|115	0.195	119	91	0	2	120	1	114	1.684E-04	264
1_cl100_K1ind1_cr1-159	NC_071020.1|YP_010677399.1_91|[Stenotrophomonas_phage_BUCT626]hypothetical_protein|complement(54409..54771)|120	0.140	119	99	0	4	119	2	120	3.080E-04	253
1_cl100_K1ind1_cr1-159	NC_070823.1|YP_010655299.1_73|[Pseudoalteromonas_phage_vB_PspS-H40/1]hypothetical_protein|44860..45306|148	0.150	119	85	0	1	119	13	113	3.254E-04	252
1_cl100_K1ind1_cr1-159	NC_015463.1|YP_004421477.1_23|[Synechococcus_phage_S-CBS2]unknown_structural_protein|15824..16180|118	0.101	108	92	0	14	116	10	117	3.631E-04	250
1_cl100_K1ind1_cr1-159	NC_071017.1|YP_010677054.1_50|[Stenotrophomonas_phage_Salva]hypothetical_protein|25137..25502|121	0.132	119	100	0	4	119	2	120	4.053E-04	248
1_cl100_K1ind1_cr1-159	NC_071019.1|YP_010677215.1_9|[Stenotrophomonas_phage_vB_SmaS_BUCT548]hypothetical_protein|7128..7490|120	0.148	119	97	0	4	118	2	120	4.281E-04	247
1_cl100_K1ind1_cr1-159	NC_071021.1|YP_010677479.1_73|[Stenotrophomonas_phage_BUCT627]hypothetical_protein|complement(42907..43269)|120	0.148	119	97	0	4	118	2	120	4.281E-04	247
1_cl100_K1ind1_cr1-159	NC_042062.1|YP_009617880.1_51|[Salmonella_phage_SP069]hypothetical_protein|29434..29937|167	0.211	119	92	0	10	128	17	133	4.778E-04	245
1_cl100_K1ind1_cr1-159	NC_015465.1|YP_004421739.1_17|[Synechococcus_phage_S-CBS3]minor_tail_protein|17265..17633|122	0.152	118	98	0	4	120	2	119	5.047E-04	244
1_cl100_K1ind1_cr1-159	NC_015721.1|YP_004678852.1_25|[Bdellovibrio_phage_phi1402]hypothetical_protein|14273..14857|194	0.198	120	93	0	4	120	56	175	5.332E-04	243
1_cl100_K1ind1_cr1-159	NC_073084.1|YP_010742293.1_58|[Escherichia_phage_vb_EcoS_bov22_1]hypothetical_protein|39046..39645|199	0.105	125	105	0	2	119	72	196	5.332E-04	243
1_cl100_K1ind1_cr1-159	NC_071018.1|YP_010677153.1_47|[Stenotrophomonas_phage_Siara]minor_tail_protein|24189..24554|121	0.140	119	99	0	4	119	2	120	7.411E-04	237
1_cl100_K1ind1_cr1-159	NC_047786.1|YP_009787821.1_47|[Salmonella_phage_vB_SenS_Sasha]virion_structural_protein|27788..28291|167	0.208	161	124	0	3	159	6	166	7.411E-04	237
1_cl100_K1ind1_cr1-159	NC_041925.1|YP_009600624.1_42|[Proteus_phage_VB_PmiS-Isfahan]hypothetical_protein|25971..26468|165	0.171	107	88	0	10	116	15	121	8.271E-04	235
1_cl100_K1ind1_cr1-159	NC_048878.1|YP_009859586.1_37|[Alteromonas_phage_vB_AcoS-R7M]glycoside_hydrolase|26139..26753|204	0.106	203	105	0	1	119	2	204	8.271E-04	235
1_cl100_K1ind1_cr1-159	NC_012742.1|YP_002922631.1_17|[Xanthomonas_phage_phiL7]virion_structural_protein|13581..13940|119	0.118	117	101	0	5	119	3	119	9.230E-04	233
